t,x,y,z,qw,qx,qy,qz
-7.6501e-05,-0.218001,0.0312786,-0.0191444,0.706255,-0.707465,0.0262407,0.00304917
0.000938493,-0.218001,0.0312786,-0.0191444,0.706255,-0.707465,0.0262407,0.00304917
0.00191995,-0.218001,0.0312786,-0.0191444,0.706255,-0.707465,0.0262407,0.00304917
0.00292018,-0.218001,0.0312786,-0.0191444,0.706255,-0.707465,0.0262407,0.00304917
0.00391771,-0.218001,0.0312786,-0.0191444,0.706255,-0.707465,0.0262407,0.00304917
0.00492441,-0.218001,0.0312786,-0.0191444,0.706255,-0.707465,0.0262407,0.00304917
0.00594817,-0.218001,0.0312786,-0.0191444,0.706255,-0.707465,0.0262407,0.00304917
0.00692972,-0.218001,0.0312786,-0.0191444,0.706013,-0.707693,0.0266301,0.00266656
0.00793607,-0.218001,0.0312786,-0.0191444,0.706013,-0.707693,0.0266301,0.00266656
0.00894662,-0.218001,0.0312786,-0.0191444,0.706013,-0.707693,0.0266301,0.00266656
0.00992042,-0.218001,0.0312786,-0.0191444,0.706013,-0.707693,0.0266301,0.00266656
0.01095,-0.218001,0.0312786,-0.0191444,0.706013,-0.707693,0.0266301,0.00266656
0.0119512,-0.218001,0.0312786,-0.0191444,0.706013,-0.707693,0.0266301,0.00266656
0.0129277,-0.218001,0.0312786,-0.0191444,0.706013,-0.707693,0.0266301,0.00266656
0.0139504,-0.218001,0.0312786,-0.0191444,0.706013,-0.707693,0.0266301,0.00266656
0.0149193,-0.218001,0.0312786,-0.0191444,0.706013,-0.707693,0.0266301,0.00266656
0.0159229,-0.218001,0.0312786,-0.0191444,0.706013,-0.707693,0.0266301,0.00266656
0.0169423,-0.218001,0.0312786,-0.0191444,0.705771,-0.707921,0.0270195,0.00228394
0.017915,-0.218001,0.0312786,-0.0191444,0.705771,-0.707921,0.0270195,0.00228394
0.0189151,-0.218001,0.0312786,-0.0191444,0.705771,-0.707921,0.0270195,0.00228394
0.0199122,-0.218001,0.0312786,-0.0191444,0.705771,-0.707921,0.0270195,0.00228394
0.0209099,-0.218001,0.0312786,-0.0191444,0.705771,-0.707921,0.0270195,0.00228394
0.0219257,-0.218001,0.0312786,-0.0191444,0.705771,-0.707921,0.0270195,0.00228394
0.0229233,-0.218001,0.0312786,-0.0191444,0.705771,-0.707921,0.0270195,0.00228394
0.0239266,-0.218001,0.0312786,-0.0191444,0.705771,-0.707921,0.0270195,0.00228394
0.0249442,-0.218001,0.0312786,-0.0191444,0.705771,-0.707921,0.0270195,0.00228394
0.0259273,-0.218001,0.0312786,-0.0191444,0.705771,-0.707921,0.0270195,0.00228394
0.0269215,-0.217984,0.0312891,-0.019195,0.705847,-0.707849,0.0268972,0.0024086
0.0279226,-0.217984,0.0312891,-0.019195,0.705847,-0.707849,0.0268972,0.0024086
0.0289251,-0.217984,0.0312891,-0.019195,0.705847,-0.707849,0.0268972,0.0024086
0.0299439,-0.217984,0.0312891,-0.019195,0.705847,-0.707849,0.0268972,0.0024086
0.0309615,-0.217984,0.0312891,-0.019195,0.705847,-0.707849,0.0268972,0.0024086
0.0319247,-0.217984,0.0312891,-0.019195,0.705847,-0.707849,0.0268972,0.0024086
0.0329456,-0.217984,0.0312891,-0.019195,0.705605,-0.708077,0.0272865,0.00202599
0.0339203,-0.217984,0.0312891,-0.019195,0.705605,-0.708077,0.0272865,0.00202599
0.0349272,-0.217984,0.0312891,-0.019195,0.705605,-0.708077,0.0272865,0.00202599
0.0359216,-0.217984,0.0312891,-0.019195,0.705605,-0.708077,0.0272865,0.00202599
0.0369274,-0.217984,0.0312891,-0.019195,0.705605,-0.708077,0.0272865,0.00202599
0.0379741,-0.217984,0.0312891,-0.019195,0.705605,-0.708077,0.0272865,0.00202599
0.0389536,-0.217984,0.0312891,-0.019195,0.705605,-0.708077,0.0272865,0.00202599
0.0399341,-0.217984,0.0312891,-0.019195,0.705605,-0.708077,0.0272865,0.00202599
0.0409417,-0.217984,0.0312891,-0.019195,0.705956,-0.707712,0.0276736,0.00198018
0.0419242,-0.217984,0.0312891,-0.019195,0.705956,-0.707712,0.0276736,0.00198018
0.0429486,-0.217984,0.0312891,-0.019195,0.705605,-0.708077,0.0272865,0.00202599
0.0439336,-0.217984,0.0312891,-0.019195,0.705605,-0.708077,0.0272865,0.00202599
0.044935,-0.217984,0.0312891,-0.019195,0.705714,-0.707939,0.0280631,0.00159789
0.0459478,-0.217984,0.0312891,-0.019195,0.705714,-0.707939,0.0280631,0.00159789
0.0469294,-0.217984,0.0312891,-0.019195,0.705714,-0.707939,0.0280631,0.00159789
0.0479338,-0.217984,0.0312891,-0.019195,0.705714,-0.707939,0.0280631,0.00159789
0.0489515,-0.217984,0.0312891,-0.019195,0.705714,-0.707939,0.0280631,0.00159789
0.0499387,-0.217984,0.0312891,-0.019195,0.705714,-0.707939,0.0280631,0.00159789
0.0509341,-0.217984,0.0312891,-0.019195,0.705363,-0.708304,0.0276759,0.00164337
0.0519301,-0.217984,0.0312891,-0.019195,0.705363,-0.708304,0.0276759,0.00164337
0.0529369,-0.217984,0.0312891,-0.019195,0.705714,-0.707939,0.0280631,0.00159789
0.0539753,-0.217984,0.0312891,-0.019195,0.705714,-0.707939,0.0280631,0.00159789
0.0549408,-0.217984,0.0312891,-0.019195,0.705714,-0.707939,0.0280631,0.00159789
0.0559852,-0.217984,0.0312891,-0.019195,0.705714,-0.707939,0.0280631,0.00159789
0.0569496,-0.217984,0.0312891,-0.019195,0.705714,-0.707939,0.0280631,0.00159789
0.0579554,-0.217984,0.0312891,-0.019195,0.705714,-0.707939,0.0280631,0.00159789
0.0589267,-0.217984,0.0312891,-0.019195,0.705714,-0.707939,0.0280631,0.00159789
0.0599381,-0.217984,0.0312891,-0.019195,0.705714,-0.707939,0.0280631,0.00159789
0.0609482,-0.217984,0.0312891,-0.019195,0.705471,-0.708167,0.0284527,0.00121559
0.0619378,-0.217984,0.0312891,-0.019195,0.705471,-0.708167,0.0284527,0.00121559
0.0629288,-0.217984,0.0312891,-0.019195,0.705471,-0.708167,0.0284527,0.00121559
0.0639261,-0.217984,0.0312891,-0.019195,0.705471,-0.708167,0.0284527,0.00121559
0.0649418,-0.217984,0.0312891,-0.019195,0.705471,-0.708167,0.0284527,0.00121559
0.0659219,-0.217984,0.0312891,-0.019195,0.705471,-0.708167,0.0284527,0.00121559
0.0669303,-0.217984,0.0312891,-0.019195,0.705471,-0.708167,0.0284527,0.00121559
0.067923,-0.217984,0.0312891,-0.019195,0.705471,-0.708167,0.0284527,0.00121559
0.0689268,-0.217984,0.0312891,-0.019195,0.705822,-0.707801,0.0288402,0.00117044
0.0699431,-0.217984,0.0312891,-0.019195,0.705822,-0.707801,0.0288402,0.00117044
0.07093,-0.217984,0.0312891,-0.019195,0.705578,-0.708028,0.0292299,0.000788469
0.0719371,-0.217984,0.0312891,-0.019195,0.705578,-0.708028,0.0292299,0.000788469
0.0729444,-0.217984,0.0312891,-0.019195,0.705578,-0.708028,0.0292299,0.000788469
0.0739453,-0.217984,0.0312891,-0.019195,0.705578,-0.708028,0.0292299,0.000788469
0.0749399,-0.217927,0.0311995,-0.019195,0.705572,-0.708028,0.029375,0.00093404
0.0759282,-0.217927,0.0311995,-0.019195,0.705572,-0.708028,0.029375,0.00093404
0.076924,-0.217927,0.0311995,-0.019195,0.705572,-0.708028,0.029375,0.00093404
0.077942,-0.217927,0.0311995,-0.019195,0.705572,-0.708028,0.029375,0.00093404
0.0789268,-0.217927,0.0311995,-0.019195,0.705923,-0.707663,0.0297627,0.000889131
0.0799276,-0.217927,0.0311995,-0.019195,0.705923,-0.707663,0.0297627,0.000889131
0.0809416,-0.217927,0.0311995,-0.019195,0.705923,-0.707663,0.0297627,0.000889131
0.0819239,-0.217927,0.0311995,-0.019195,0.705923,-0.707663,0.0297627,0.000889131
0.0829357,-0.217927,0.0311995,-0.019195,0.705923,-0.707663,0.0297627,0.000889131
0.0839278,-0.217927,0.0311995,-0.019195,0.705923,-0.707663,0.0297627,0.000889131
0.0849256,-0.217927,0.0311995,-0.019195,0.705679,-0.70789,0.0301526,0.000507539
0.085946,-0.217927,0.0311995,-0.019195,0.705679,-0.70789,0.0301526,0.000507539
0.0869273,-0.217927,0.0311995,-0.019195,0.705679,-0.70789,0.0301526,0.000507539
0.0879261,-0.217927,0.0311995,-0.019195,0.705679,-0.70789,0.0301526,0.000507539
0.0889426,-0.217927,0.0311995,-0.019195,0.705679,-0.70789,0.0301526,0.000507539
0.0899464,-0.217927,0.0311995,-0.019195,0.705679,-0.70789,0.0301526,0.000507539
0.0909668,-0.217927,0.0311995,-0.019195,0.705679,-0.70789,0.0301526,0.000507539
0.0919273,-0.217927,0.0311995,-0.019195,0.705679,-0.70789,0.0301526,0.000507539
0.0929253,-0.217927,0.0311995,-0.019195,0.706029,-0.707524,0.0305405,0.000462956
0.0939474,-0.217927,0.0311995,-0.019195,0.706029,-0.707524,0.0305405,0.000462956
0.0949241,-0.217927,0.0311995,-0.019195,0.706029,-0.707524,0.0305405,0.000462956
0.0959269,-0.217927,0.0311995,-0.019195,0.706029,-0.707524,0.0305405,0.000462956
0.0969442,-0.217927,0.0311995,-0.019195,0.706029,-0.707524,0.0305405,0.000462956
0.0979255,-0.217927,0.0311995,-0.019195,0.706029,-0.707524,0.0305405,0.000462956
0.0989241,-0.217927,0.0311995,-0.019195,0.706029,-0.707524,0.0305405,0.000462956
0.0999206,-0.217927,0.0311995,-0.019195,0.706029,-0.707524,0.0305405,0.000462956
0.100923,-0.217927,0.0311995,-0.019195,0.706029,-0.707524,0.0305405,0.000462956
0.101969,-0.217927,0.0311995,-0.019195,0.706029,-0.707524,0.0305405,0.000462956
0.102926,-0.217927,0.0311995,-0.019195,0.706029,-0.707524,0.0305405,0.000462956
0.103925,-0.217927,0.0311995,-0.019195,0.706029,-0.707524,0.0305405,0.000462956
0.104944,-0.217927,0.0311995,-0.019195,0.706029,-0.707524,0.0305405,0.000462956
0.105932,-0.217927,0.0311995,-0.019195,0.706029,-0.707524,0.0305405,0.000462956
0.106943,-0.217927,0.0311995,-0.019195,0.706378,-0.707158,0.0309284,0.000418373
0.107929,-0.217927,0.0311995,-0.019195,0.706378,-0.707158,0.0309284,0.000418373
0.108923,-0.217927,0.0311995,-0.019195,0.706029,-0.707524,0.0305405,0.000462956
0.109941,-0.217927,0.0311995,-0.019195,0.706029,-0.707524,0.0305405,0.000462956
0.110924,-0.217911,0.03121,-0.0192456,0.706105,-0.707453,0.0304185,0.000588015
0.111924,-0.217911,0.03121,-0.0192456,0.706105,-0.707453,0.0304185,0.000588015
0.112994,-0.217911,0.03121,-0.0192456,0.706349,-0.707226,0.0300284,0.000969281
0.113924,-0.217911,0.03121,-0.0192456,0.706349,-0.707226,0.0300284,0.000969281
0.11495,-0.217911,0.03121,-0.0192456,0.706349,-0.707226,0.0300284,0.000969281
0.115924,-0.217911,0.03121,-0.0192456,0.706349,-0.707226,0.0300284,0.000969281
0.116934,-0.217911,0.03121,-0.0192456,0.706942,-0.706632,0.0300258,0.00130541
0.11794,-0.217911,0.03121,-0.0192456,0.706942,-0.706632,0.0300258,0.00130541
0.118926,-0.217911,0.03121,-0.0192456,0.706942,-0.706632,0.0300258,0.00130541
0.119924,-0.217911,0.03121,-0.0192456,0.706942,-0.706632,0.0300258,0.00130541
0.120958,-0.217911,0.03121,-0.0192456,0.706836,-0.706771,0.0292481,0.00173181
0.121924,-0.217911,0.03121,-0.0192456,0.706836,-0.706771,0.0292481,0.00173181
0.122945,-0.217911,0.03121,-0.0192456,0.706835,-0.706752,0.0296999,0.00218361
0.123926,-0.217911,0.03121,-0.0192456,0.706835,-0.706752,0.0296999,0.00218361
0.124923,-0.217911,0.03121,-0.0192456,0.706835,-0.706752,0.0296999,0.00218361
0.125979,-0.217911,0.03121,-0.0192456,0.706835,-0.706752,0.0296999,0.00218361
0.126925,-0.217911,0.03121,-0.0192456,0.707077,-0.706524,0.0293096,0.00256503
0.127927,-0.217911,0.03121,-0.0192456,0.707077,-0.706524,0.0293096,0.00256503
0.128939,-0.217911,0.03121,-0.0192456,0.707077,-0.706524,0.0293096,0.00256503
0.129923,-0.217911,0.03121,-0.0192456,0.707077,-0.706524,0.0293096,0.00256503
0.13093,-0.217911,0.03121,-0.0192456,0.70732,-0.706296,0.0289193,0.00294645
0.13196,-0.217911,0.03121,-0.0192456,0.70732,-0.706296,0.0289193,0.00294645
0.132933,-0.217911,0.03121,-0.0192456,0.70732,-0.706296,0.0289193,0.00294645
0.133942,-0.217911,0.03121,-0.0192456,0.70732,-0.706296,0.0289193,0.00294645
0.134926,-0.217911,0.03121,-0.0192456,0.70732,-0.706296,0.0289193,0.00294645
0.135932,-0.217911,0.03121,-0.0192456,0.70732,-0.706296,0.0289193,0.00294645
0.136943,-0.217911,0.03121,-0.0192456,0.707211,-0.706434,0.0281425,0.00337408
0.137924,-0.217911,0.03121,-0.0192456,0.707211,-0.706434,0.0281425,0.00337408
0.138946,-0.217911,0.03121,-0.0192456,0.707453,-0.706205,0.0277524,0.00375582
0.139924,-0.217911,0.03121,-0.0192456,0.707453,-0.706205,0.0277524,0.00375582
0.140927,-0.217911,0.03121,-0.0192456,0.707453,-0.706205,0.0277524,0.00375582
0.141964,-0.217911,0.03121,-0.0192456,0.707453,-0.706205,0.0277524,0.00375582
0.142925,-0.217911,0.03121,-0.0192456,0.707694,-0.705977,0.0273622,0.00413756
0.143927,-0.217911,0.03121,-0.0192456,0.707694,-0.705977,0.0273622,0.00413756
0.144938,-0.217911,0.03121,-0.0192456,0.707694,-0.705977,0.0273622,0.00413756
0.145923,-0.217911,0.03121,-0.0192456,0.707694,-0.705977,0.0273622,0.00413756
0.146932,-0.217911,0.03121,-0.0192456,0.707694,-0.705977,0.0273622,0.00413756
0.147964,-0.217911,0.03121,-0.0192456,0.707694,-0.705977,0.0273622,0.00413756
0.148926,-0.217911,0.03121,-0.0192456,0.707584,-0.706114,0.0265862,0.00456649
0.149937,-0.217911,0.03121,-0.0192456,0.707584,-0.706114,0.0265862,0.00456649
0.150924,-0.217911,0.03121,-0.0192456,0.707584,-0.706114,0.0265862,0.00456649
0.151927,-0.217911,0.03121,-0.0192456,0.707584,-0.706114,0.0265862,0.00456649
0.152941,-0.217911,0.03121,-0.0192456,0.707825,-0.705885,0.0261963,0.00494856
0.153932,-0.217911,0.03121,-0.0192456,0.707825,-0.705885,0.0261963,0.00494856
0.154949,-0.217911,0.03121,-0.0192456,0.708065,-0.705655,0.0258063,0.00533062
0.155924,-0.217911,0.03121,-0.0192456,0.708065,-0.705655,0.0258063,0.00533062
0.156926,-0.217911,0.03121,-0.0192456,0.707717,-0.706037,0.0249695,0.0049261
0.15794,-0.217911,0.03121,-0.0192456,0.707717,-0.706037,0.0249695,0.0049261
0.158932,-0.217911,0.03121,-0.0192456,0.707714,-0.706021,0.0254208,0.00537846
0.159943,-0.217911,0.03121,-0.0192456,0.707714,-0.706021,0.0254208,0.00537846
0.160941,-0.217911,0.03121,-0.0192456,0.707954,-0.705791,0.0250311,0.00576085
0.161952,-0.217911,0.03121,-0.0192456,0.707954,-0.705791,0.0250311,0.00576085
0.162924,-0.217911,0.03121,-0.0192456,0.707954,-0.705791,0.0250311,0.00576085
0.16392,-0.217911,0.03121,-0.0192456,0.707954,-0.705791,0.0250311,0.00576085
0.164922,-0.217854,0.0311204,-0.0192456,0.707837,-0.705926,0.0244018,0.00633686
0.165937,-0.217854,0.0311204,-0.0192456,0.707837,-0.705926,0.0244018,0.00633686
0.166924,-0.217854,0.0311204,-0.0192456,0.707837,-0.705926,0.0244018,0.00633686
0.167926,-0.217854,0.0311204,-0.0192456,0.707837,-0.705926,0.0244018,0.00633686
0.168942,-0.217854,0.0311204,-0.0192456,0.708076,-0.705696,0.0240123,0.00671952
0.169924,-0.217854,0.0311204,-0.0192456,0.708076,-0.705696,0.0240123,0.00671952
0.17094,-0.217854,0.0311204,-0.0192456,0.708076,-0.705696,0.0240123,0.00671952
0.171923,-0.217854,0.0311204,-0.0192456,0.708076,-0.705696,0.0240123,0.00671952
0.17294,-0.217854,0.0311204,-0.0192456,0.708315,-0.705465,0.0236228,0.00710217
0.173943,-0.217854,0.0311204,-0.0192456,0.708315,-0.705465,0.0236228,0.00710217
0.174954,-0.217854,0.0311204,-0.0192456,0.707963,-0.705831,0.023238,0.00715139
0.17593,-0.217854,0.0311204,-0.0192456,0.707963,-0.705831,0.023238,0.00715139
0.176943,-0.217854,0.0311204,-0.0192456,0.708202,-0.7056,0.0228487,0.00753437
0.177925,-0.217854,0.0311204,-0.0192456,0.708202,-0.7056,0.0228487,0.00753437
0.178928,-0.217854,0.0311204,-0.0192456,0.708202,-0.7056,0.0228487,0.00753437
0.179932,-0.217854,0.0311204,-0.0192456,0.708202,-0.7056,0.0228487,0.00753437
0.180925,-0.217854,0.0311204,-0.0192456,0.708206,-0.705615,0.0223977,0.0070817
0.181938,-0.217854,0.0311204,-0.0192456,0.708206,-0.705615,0.0223977,0.0070817
0.182925,-0.217854,0.0311204,-0.0192456,0.70844,-0.705369,0.0224594,0.00791734
0.183926,-0.217854,0.0311204,-0.0192456,0.70844,-0.705369,0.0224594,0.00791734
0.184946,-0.217854,0.0311204,-0.0192456,0.70844,-0.705369,0.0224594,0.00791734
0.185922,-0.217854,0.0311204,-0.0192456,0.70844,-0.705369,0.0224594,0.00791734
0.186943,-0.217854,0.0311204,-0.0192456,0.708678,-0.705137,0.02207,0.00830032
0.187952,-0.217854,0.0311204,-0.0192456,0.708678,-0.705137,0.02207,0.00830032
0.188925,-0.217854,0.0311204,-0.0192456,0.708325,-0.705503,0.0216859,0.00835051
0.189944,-0.217854,0.0311204,-0.0192456,0.708325,-0.705503,0.0216859,0.00835051
0.190929,-0.217854,0.0311204,-0.0192456,0.708325,-0.705503,0.0216859,0.00835051
0.191929,-0.217854,0.0311204,-0.0192456,0.708325,-0.705503,0.0216859,0.00835051
0.192943,-0.217854,0.0311204,-0.0192456,0.708563,-0.705272,0.0212968,0.0087338
0.193925,-0.217854,0.0311204,-0.0192456,0.708563,-0.705272,0.0212968,0.0087338
0.194926,-0.217854,0.0311204,-0.0192456,0.708563,-0.705272,0.0212968,0.0087338
0.195922,-0.217854,0.0311204,-0.0192456,0.708563,-0.705272,0.0212968,0.0087338
0.19696,-0.217854,0.0311204,-0.0192456,0.708801,-0.70504,0.0209076,0.00911709
0.197943,-0.217854,0.0311204,-0.0192456,0.708801,-0.70504,0.0209076,0.00911709
0.198924,-0.217854,0.0311204,-0.0192456,0.708807,-0.705053,0.020457,0.00866404
0.199922,-0.217854,0.0311204,-0.0192456,0.708807,-0.705053,0.020457,0.00866404
0.200925,-0.217798,0.0310308,-0.0192456,0.708797,-0.705038,0.0210534,0.00926205
0.201921,-0.217798,0.0310308,-0.0192456,0.708797,-0.705038,0.0210534,0.00926205
0.202941,-0.217798,0.0310308,-0.0192456,0.708797,-0.705038,0.0210534,0.00926205
0.203923,-0.217798,0.0310308,-0.0192456,0.708797,-0.705038,0.0210534,0.00926205
0.204927,-0.217798,0.0310308,-0.0192456,0.709034,-0.704806,0.0206643,0.00964529
0.205945,-0.217798,0.0310308,-0.0192456,0.709034,-0.704806,0.0206643,0.00964529
0.206947,-0.217798,0.0310308,-0.0192456,0.709034,-0.704806,0.0206643,0.00964529
0.207925,-0.217798,0.0310308,-0.0192456,0.709034,-0.704806,0.0206643,0.00964529
0.208923,-0.217798,0.0310308,-0.0192456,0.709034,-0.704806,0.0206643,0.00964529
0.209924,-0.217798,0.0310308,-0.0192456,0.709034,-0.704806,0.0206643,0.00964529
0.210944,-0.217815,0.0310203,-0.019195,0.709196,-0.704647,0.0203977,0.00990408
0.211964,-0.217815,0.0310203,-0.019195,0.709196,-0.704647,0.0203977,0.00990408
0.212923,-0.217815,0.0310203,-0.019195,0.709196,-0.704647,0.0203977,0.00990408
0.213942,-0.217815,0.0310203,-0.019195,0.709196,-0.704647,0.0203977,0.00990408
0.214926,-0.217815,0.0310203,-0.019195,0.709196,-0.704647,0.0203977,0.00990408
0.215925,-0.217815,0.0310203,-0.019195,0.709196,-0.704647,0.0203977,0.00990408
0.216927,-0.217815,0.0310203,-0.019195,0.709196,-0.704647,0.0203977,0.00990408
0.217921,-0.217815,0.0310203,-0.019195,0.709196,-0.704647,0.0203977,0.00990408
0.218946,-0.217815,0.0310203,-0.019195,0.709433,-0.704414,0.0200086,0.0102873
0.219924,-0.217815,0.0310203,-0.019195,0.709433,-0.704414,0.0200086,0.0102873
0.220925,-0.217815,0.0310203,-0.019195,0.709433,-0.704414,0.0200086,0.0102873
0.221945,-0.217815,0.0310203,-0.019195,0.709433,-0.704414,0.0200086,0.0102873
0.222925,-0.217815,0.0310203,-0.019195,0.709433,-0.704414,0.0200086,0.0102873
0.223954,-0.217815,0.0310203,-0.019195,0.709433,-0.704414,0.0200086,0.0102873
0.22492,-0.217815,0.0310203,-0.019195,0.709786,-0.704047,0.0203916,0.0102353
0.225923,-0.217815,0.0310203,-0.019195,0.709786,-0.704047,0.0203916,0.0102353
0.226943,-0.217815,0.0310203,-0.019195,0.710023,-0.703814,0.0200023,0.0106182
0.227922,-0.217815,0.0310203,-0.019195,0.710023,-0.703814,0.0200023,0.0106182
0.228924,-0.217815,0.0310203,-0.019195,0.710023,-0.703814,0.0200023,0.0106182
0.22994,-0.217815,0.0310203,-0.019195,0.710023,-0.703814,0.0200023,0.0106182
0.230924,-0.217815,0.0310203,-0.019195,0.710023,-0.703814,0.0200023,0.0106182
0.231927,-0.217815,0.0310203,-0.019195,0.710023,-0.703814,0.0200023,0.0106182
0.232923,-0.217815,0.0310203,-0.019195,0.710023,-0.703814,0.0200023,0.0106182
0.233922,-0.217815,0.0310203,-0.019195,0.710023,-0.703814,0.0200023,0.0106182
0.234938,-0.217815,0.0310203,-0.019195,0.710023,-0.703814,0.0200023,0.0106182
0.235923,-0.217815,0.0310203,-0.019195,0.710023,-0.703814,0.0200023,0.0106182
0.236926,-0.217815,0.0310203,-0.019195,0.710376,-0.703448,0.0203851,0.0105659
0.237944,-0.217815,0.0310203,-0.019195,0.710376,-0.703448,0.0203851,0.0105659
0.238949,-0.217815,0.0310203,-0.019195,0.710376,-0.703448,0.0203851,0.0105659
0.239924,-0.217815,0.0310203,-0.019195,0.710376,-0.703448,0.0203851,0.0105659
0.240925,-0.217758,0.0309308,-0.019195,0.710608,-0.703212,0.0201417,0.011093
0.241922,-0.217758,0.0309308,-0.019195,0.710608,-0.703212,0.0201417,0.011093
0.242945,-0.217758,0.0309308,-0.019195,0.710608,-0.703212,0.0201417,0.011093
0.243929,-0.217758,0.0309308,-0.019195,0.710608,-0.703212,0.0201417,0.011093
0.244922,-0.217758,0.0309308,-0.019195,0.710968,-0.702858,0.0200751,0.0105859
0.24594,-0.217758,0.0309308,-0.019195,0.710968,-0.702858,0.0200751,0.0105859
0.246925,-0.217758,0.0309308,-0.019195,0.710608,-0.703212,0.0201417,0.011093
0.247922,-0.217758,0.0309308,-0.019195,0.710608,-0.703212,0.0201417,0.011093
0.248925,-0.217758,0.0309308,-0.019195,0.710608,-0.703212,0.0201417,0.011093
0.249921,-0.217758,0.0309308,-0.019195,0.710608,-0.703212,0.0201417,0.011093
0.250938,-0.217758,0.0309308,-0.019195,0.711198,-0.702611,0.0201346,0.0114225
0.251923,-0.217758,0.0309308,-0.019195,0.711198,-0.702611,0.0201346,0.0114225
0.252927,-0.217758,0.0309308,-0.019195,0.711198,-0.702611,0.0201346,0.0114225
0.253941,-0.217758,0.0309308,-0.019195,0.711198,-0.702611,0.0201346,0.0114225
0.254925,-0.217758,0.0309308,-0.019195,0.711198,-0.702611,0.0201346,0.0114225
0.255924,-0.217758,0.0309308,-0.019195,0.711198,-0.702611,0.0201346,0.0114225
0.256919,-0.217758,0.0309308,-0.019195,0.711198,-0.702611,0.0201346,0.0114225
0.257922,-0.217758,0.0309308,-0.019195,0.711198,-0.702611,0.0201346,0.0114225
0.258946,-0.217758,0.0309308,-0.019195,0.711198,-0.702611,0.0201346,0.0114225
0.259925,-0.217758,0.0309308,-0.019195,0.711198,-0.702611,0.0201346,0.0114225
0.263687,-0.217758,0.0309308,-0.019195,0.711551,-0.702243,0.0205171,0.0113695
0.264003,-0.217758,0.0309308,-0.019195,0.711551,-0.702243,0.0205171,0.0113695
0.264947,-0.217758,0.0309308,-0.019195,0.711551,-0.702243,0.0205171,0.0113695
0.265963,-0.217702,0.0308412,-0.019195,0.711782,-0.702007,0.0202735,0.0118957
0.266944,-0.217702,0.0308412,-0.019195,0.711782,-0.702007,0.0202735,0.0118957
0.267931,-0.217702,0.0308412,-0.019195,0.711782,-0.702007,0.0202735,0.0118957
0.268943,-0.217702,0.0308412,-0.019195,0.711782,-0.702007,0.0202735,0.0118957
0.269938,-0.217702,0.0308412,-0.019195,0.711782,-0.702007,0.0202735,0.0118957
0.270965,-0.217702,0.0308412,-0.019195,0.711782,-0.702007,0.0202735,0.0118957
0.271966,-0.217702,0.0308412,-0.019195,0.711782,-0.702007,0.0202735,0.0118957
0.27293,-0.217702,0.0308412,-0.019195,0.711782,-0.702007,0.0202735,0.0118957
0.273948,-0.217702,0.0308412,-0.019195,0.712018,-0.701772,0.0198836,0.0122775
0.274932,-0.217702,0.0308412,-0.019195,0.712018,-0.701772,0.0198836,0.0122775
0.275925,-0.217645,0.0307517,-0.019195,0.712014,-0.701769,0.02003,0.0124217
0.276925,-0.217645,0.0307517,-0.019195,0.712014,-0.701769,0.02003,0.0124217
0.277922,-0.217645,0.0307517,-0.019195,0.712014,-0.701769,0.02003,0.0124217
0.278927,-0.217645,0.0307517,-0.019195,0.712014,-0.701769,0.02003,0.0124217
0.279965,-0.217645,0.0307517,-0.019195,0.712014,-0.701769,0.02003,0.0124217
0.280935,-0.217645,0.0307517,-0.019195,0.712014,-0.701769,0.02003,0.0124217
0.281935,-0.217645,0.0307517,-0.019195,0.712367,-0.701401,0.0204122,0.0123679
0.282923,-0.217645,0.0307517,-0.019195,0.712367,-0.701401,0.0204122,0.0123679
0.283929,-0.217588,0.0306623,-0.019195,0.712598,-0.701164,0.0201686,0.0128935
0.284949,-0.217588,0.0306623,-0.019195,0.712598,-0.701164,0.0201686,0.0128935
0.285924,-0.217588,0.0306623,-0.019195,0.712598,-0.701164,0.0201686,0.0128935
0.286926,-0.217588,0.0306623,-0.019195,0.712598,-0.701164,0.0201686,0.0128935
0.287957,-0.217588,0.0306623,-0.019195,0.712246,-0.701532,0.0197866,0.0129477
0.288924,-0.217588,0.0306623,-0.019195,0.712246,-0.701532,0.0197866,0.0129477
0.289923,-0.217532,0.0305728,-0.019195,0.71225,-0.701541,0.0194846,0.0126367
0.290931,-0.217532,0.0305728,-0.019195,0.71225,-0.701541,0.0194846,0.0126367
0.291929,-0.217532,0.0305728,-0.019195,0.712594,-0.701161,0.0203151,0.0130376
0.292926,-0.217532,0.0305728,-0.019195,0.712594,-0.701161,0.0203151,0.0130376
0.293923,-0.217532,0.0305728,-0.019195,0.71283,-0.700925,0.0199251,0.013419
0.294924,-0.217532,0.0305728,-0.019195,0.71283,-0.700925,0.0199251,0.013419
0.295962,-0.217532,0.0305728,-0.019195,0.71283,-0.700925,0.0199251,0.013419
0.296929,-0.217532,0.0305728,-0.019195,0.71283,-0.700925,0.0199251,0.013419
0.297925,-0.217475,0.0304834,-0.019195,0.712826,-0.700923,0.0200717,0.0135631
0.298988,-0.217475,0.0304834,-0.019195,0.712826,-0.700923,0.0200717,0.0135631
0.299923,-0.217475,0.0304834,-0.019195,0.712826,-0.700923,0.0200717,0.0135631
0.300944,-0.217475,0.0304834,-0.019195,0.712826,-0.700923,0.0200717,0.0135631
0.301928,-0.217418,0.0303939,-0.019195,0.712822,-0.70092,0.0202182,0.0137072
0.302963,-0.217418,0.0303939,-0.019195,0.712822,-0.70092,0.0202182,0.0137072
0.303938,-0.217418,0.0303939,-0.019195,0.713057,-0.700684,0.0198283,0.0140884
0.304923,-0.217418,0.0303939,-0.019195,0.713057,-0.700684,0.0198283,0.0140884
0.305923,-0.217418,0.0303939,-0.019195,0.713057,-0.700684,0.0198283,0.0140884
0.306948,-0.217418,0.0303939,-0.019195,0.713057,-0.700684,0.0198283,0.0140884
0.307923,-0.217362,0.0303045,-0.019195,0.713053,-0.700681,0.0199749,0.0142325
0.308929,-0.217362,0.0303045,-0.019195,0.713053,-0.700681,0.0199749,0.0142325
0.309919,-0.217362,0.0303045,-0.019195,0.713289,-0.700444,0.0195851,0.0146136
0.310925,-0.217362,0.0303045,-0.019195,0.713289,-0.700444,0.0195851,0.0146136
0.311947,-0.217362,0.0303045,-0.019195,0.712936,-0.700813,0.0192034,0.0146692
0.312959,-0.217362,0.0303045,-0.019195,0.712936,-0.700813,0.0192034,0.0146692
0.313925,-0.217305,0.0302152,-0.019195,0.713284,-0.700441,0.0197317,0.0147576
0.314923,-0.217305,0.0302152,-0.019195,0.713284,-0.700441,0.0197317,0.0147576
0.315927,-0.217305,0.0302152,-0.019195,0.712932,-0.70081,0.0193499,0.0148133
0.316981,-0.217305,0.0302152,-0.019195,0.712932,-0.70081,0.0193499,0.0148133
0.317927,-0.217248,0.0301258,-0.019195,0.712928,-0.700806,0.0194965,0.0149574
0.318923,-0.217248,0.0301258,-0.019195,0.712928,-0.700806,0.0194965,0.0149574
0.319932,-0.217248,0.0301258,-0.019195,0.713163,-0.70057,0.019107,0.0153388
0.320961,-0.217248,0.0301258,-0.019195,0.713163,-0.70057,0.019107,0.0153388
0.321926,-0.217191,0.0300365,-0.019195,0.713169,-0.700579,0.0188058,0.0150269
0.322923,-0.217191,0.0300365,-0.019195,0.713169,-0.700579,0.0188058,0.0150269
0.323998,-0.217191,0.0300365,-0.019195,0.713159,-0.700567,0.0192536,0.0154828
0.324921,-0.217191,0.0300365,-0.019195,0.713159,-0.700567,0.0192536,0.0154828
0.325943,-0.217134,0.0299472,-0.019195,0.713155,-0.700563,0.0194002,0.0156268
0.326926,-0.217134,0.0299472,-0.019195,0.713155,-0.700563,0.0194002,0.0156268
0.327944,-0.217134,0.0299472,-0.019195,0.713155,-0.700563,0.0194002,0.0156268
0.328925,-0.217134,0.0299472,-0.019195,0.713155,-0.700563,0.0194002,0.0156268
0.329929,-0.217077,0.0298579,-0.019195,0.713397,-0.700335,0.0187098,0.0156961
0.330922,-0.217077,0.0298579,-0.019195,0.713397,-0.700335,0.0187098,0.0156961
0.331928,-0.217077,0.0298579,-0.019195,0.713386,-0.700323,0.0191574,0.0161521
0.332931,-0.217077,0.0298579,-0.019195,0.713386,-0.700323,0.0191574,0.0161521
0.333919,-0.21702,0.0297687,-0.019195,0.713382,-0.700319,0.0193041,0.0162961
0.334922,-0.21702,0.0297687,-0.019195,0.713382,-0.700319,0.0193041,0.0162961
0.335941,-0.21702,0.0297687,-0.019195,0.713382,-0.700319,0.0193041,0.0162961
0.336953,-0.21702,0.0297687,-0.019195,0.713382,-0.700319,0.0193041,0.0162961
0.337925,-0.216963,0.0296795,-0.019195,0.713378,-0.700316,0.0194508,0.0164401
0.338925,-0.216963,0.0296795,-0.019195,0.713378,-0.700316,0.0194508,0.0164401
0.339944,-0.216906,0.0295903,-0.019195,0.713374,-0.700313,0.0195974,0.0165841
0.340924,-0.216906,0.0295903,-0.019195,0.713374,-0.700313,0.0195974,0.0165841
0.341939,-0.216906,0.0295903,-0.019195,0.713609,-0.700075,0.0192081,0.0169652
0.342923,-0.216906,0.0295903,-0.019195,0.713609,-0.700075,0.0192081,0.0169652
0.343983,-0.216849,0.0295011,-0.019195,0.713605,-0.700071,0.0193549,0.0171091
0.344923,-0.216849,0.0295011,-0.019195,0.713605,-0.700071,0.0193549,0.0171091
0.345953,-0.216792,0.0294119,-0.019195,0.713601,-0.700068,0.0195016,0.017253
0.346923,-0.216792,0.0294119,-0.019195,0.713601,-0.700068,0.0195016,0.017253
0.347921,-0.216792,0.0294119,-0.019195,0.713601,-0.700068,0.0195016,0.017253
0.34893,-0.216792,0.0294119,-0.019195,0.713601,-0.700068,0.0195016,0.017253
0.349919,-0.216735,0.0293228,-0.019195,0.713597,-0.700064,0.0196483,0.017397
0.350921,-0.216735,0.0293228,-0.019195,0.713597,-0.700064,0.0196483,0.017397
0.351958,-0.216678,0.0292337,-0.019195,0.713828,-0.699822,0.0194059,0.0179218
0.352978,-0.216678,0.0292337,-0.019195,0.713828,-0.699822,0.0194059,0.0179218
0.353958,-0.216678,0.0292337,-0.019195,0.713593,-0.700061,0.019795,0.0175409
0.354921,-0.216678,0.0292337,-0.019195,0.713593,-0.700061,0.019795,0.0175409
0.355957,-0.216621,0.0291446,-0.019195,0.713824,-0.699819,0.0195527,0.0180657
0.356919,-0.216621,0.0291446,-0.019195,0.713824,-0.699819,0.0195527,0.0180657
0.35792,-0.216563,0.0290555,-0.019195,0.71382,-0.699815,0.0196994,0.0182095
0.358925,-0.216563,0.0290555,-0.019195,0.71382,-0.699815,0.0196994,0.0182095
0.359942,-0.216506,0.0289665,-0.019195,0.713816,-0.699811,0.0198462,0.0183534
0.360921,-0.216506,0.0289665,-0.019195,0.713816,-0.699811,0.0198462,0.0183534
0.361924,-0.216506,0.0289665,-0.019195,0.713816,-0.699811,0.0198462,0.0183534
0.36292,-0.216506,0.0289665,-0.019195,0.713816,-0.699811,0.0198462,0.0183534
0.363924,-0.216449,0.0288775,-0.019195,0.713812,-0.699807,0.0199929,0.0184973
0.364952,-0.216449,0.0288775,-0.019195,0.713812,-0.699807,0.0199929,0.0184973
0.365949,-0.216391,0.0287885,-0.019195,0.713468,-0.700184,0.0193101,0.0182433
0.366923,-0.216391,0.0287885,-0.019195,0.713468,-0.700184,0.0193101,0.0182433
0.367937,-0.216391,0.0287885,-0.019195,0.713456,-0.700172,0.0197576,0.0186993
0.368934,-0.216391,0.0287885,-0.019195,0.713456,-0.700172,0.0197576,0.0186993
0.369923,-0.216334,0.0286995,-0.019195,0.714039,-0.699561,0.0198976,0.0191656
0.370948,-0.216334,0.0286995,-0.019195,0.714039,-0.699561,0.0198976,0.0191656
0.37194,-0.216277,0.0286106,-0.019195,0.7138,-0.699796,0.0204332,0.0189289
0.372927,-0.216277,0.0286106,-0.019195,0.7138,-0.699796,0.0204332,0.0189289
0.373919,-0.216219,0.0285217,-0.019195,0.713808,-0.699805,0.0201327,0.0186166
0.374929,-0.216219,0.0285217,-0.019195,0.713808,-0.699805,0.0201327,0.0186166
0.375963,-0.216162,0.0284328,-0.019195,0.713791,-0.699788,0.0207267,0.0192167
0.376939,-0.216162,0.0284328,-0.019195,0.713791,-0.699788,0.0207267,0.0192167
0.377952,-0.216162,0.0284328,-0.019195,0.713791,-0.699788,0.0207267,0.0192167
0.378925,-0.216162,0.0284328,-0.019195,0.713791,-0.699788,0.0207267,0.0192167
0.379943,-0.216104,0.0283439,-0.019195,0.714023,-0.699545,0.0204849,0.019741
0.380938,-0.216104,0.0283439,-0.019195,0.714023,-0.699545,0.0204849,0.019741
0.381934,-0.216046,0.028255,-0.019195,0.714018,-0.69954,0.0206317,0.0198848
0.382921,-0.216046,0.028255,-0.019195,0.714018,-0.69954,0.0206317,0.0198848
0.383965,-0.215989,0.0281662,-0.019195,0.713778,-0.699776,0.021167,0.0196483
0.384976,-0.215989,0.0281662,-0.019195,0.713778,-0.699776,0.021167,0.0196483
0.385957,-0.215931,0.0280774,-0.019195,0.713774,-0.699772,0.0213137,0.0197922
0.386924,-0.215931,0.0280774,-0.019195,0.713774,-0.699772,0.0213137,0.0197922
0.387963,-0.215931,0.0280774,-0.019195,0.713774,-0.699772,0.0213137,0.0197922
0.388925,-0.215931,0.0280774,-0.019195,0.713774,-0.699772,0.0213137,0.0197922
0.389926,-0.215873,0.0279886,-0.019195,0.713782,-0.699781,0.0210132,0.0194798
0.390925,-0.215873,0.0279886,-0.019195,0.713782,-0.699781,0.0210132,0.0194798
0.391946,-0.215816,0.0278999,-0.019195,0.713765,-0.699764,0.0216072,0.0200799
0.39296,-0.215816,0.0278999,-0.019195,0.713765,-0.699764,0.0216072,0.0200799
0.393922,-0.215758,0.0278111,-0.019195,0.713761,-0.69976,0.021754,0.0202238
0.394922,-0.215758,0.0278111,-0.019195,0.713761,-0.69976,0.021754,0.0202238
0.395922,-0.2157,0.0277224,-0.019195,0.714107,-0.699387,0.0222837,0.0203086
0.39694,-0.2157,0.0277224,-0.019195,0.714107,-0.699387,0.0222837,0.0203086
0.397942,-0.215642,0.0276338,-0.019195,0.714102,-0.699383,0.0224305,0.0204524
0.398923,-0.215642,0.0276338,-0.019195,0.714102,-0.699383,0.0224305,0.0204524
0.399939,-0.215584,0.0275451,-0.019195,0.714098,-0.699379,0.0225773,0.0205962
0.400955,-0.215584,0.0275451,-0.019195,0.714098,-0.699379,0.0225773,0.0205962
0.401926,-0.215584,0.0275451,-0.019195,0.713861,-0.699619,0.0229657,0.0202166
0.402928,-0.215584,0.0275451,-0.019195,0.713861,-0.699619,0.0229657,0.0202166
0.403957,-0.215526,0.0274565,-0.019195,0.713856,-0.699615,0.0231125,0.0203604
0.404923,-0.215526,0.0274565,-0.019195,0.713856,-0.699615,0.0231125,0.0203604
0.405921,-0.215468,0.0273678,-0.019195,0.713851,-0.69961,0.0232593,0.0205043
0.40693,-0.215468,0.0273678,-0.019195,0.713851,-0.69961,0.0232593,0.0205043
0.407916,-0.21541,0.0272793,-0.019195,0.713847,-0.699606,0.023406,0.0206481
0.408941,-0.21541,0.0272793,-0.019195,0.713847,-0.699606,0.023406,0.0206481
0.409924,-0.215369,0.0271799,-0.0191444,0.713767,-0.699678,0.0236743,0.0206677
0.410923,-0.215369,0.0271799,-0.0191444,0.713767,-0.699678,0.0236743,0.0206677
0.411923,-0.215311,0.0270913,-0.0191444,0.713538,-0.699929,0.0237618,0.0199761
0.412942,-0.215311,0.0270913,-0.0191444,0.713538,-0.699929,0.0237618,0.0199761
0.413932,-0.215311,0.0270913,-0.0191444,0.713525,-0.699913,0.0242092,0.0204321
0.414921,-0.215311,0.0270913,-0.0191444,0.713525,-0.699913,0.0242092,0.0204321
0.415922,-0.215253,0.0270028,-0.0191444,0.713869,-0.699541,0.0247398,0.0205169
0.416943,-0.215253,0.0270028,-0.0191444,0.713869,-0.699541,0.0247398,0.0205169
0.417924,-0.215195,0.0269143,-0.0191444,0.713515,-0.699905,0.0245026,0.0207199
0.41892,-0.215195,0.0269143,-0.0191444,0.713515,-0.699905,0.0245026,0.0207199
0.419934,-0.215136,0.0268258,-0.0191444,0.713859,-0.699532,0.0250333,0.0208046
0.420948,-0.215136,0.0268258,-0.0191444,0.713859,-0.699532,0.0250333,0.0208046
0.421922,-0.215078,0.0267374,-0.0191444,0.713629,-0.699784,0.0251209,0.0201134
0.422923,-0.215078,0.0267374,-0.0191444,0.713629,-0.699784,0.0251209,0.0201134
0.42394,-0.21502,0.026649,-0.0191444,0.713611,-0.699764,0.0257149,0.0207134
0.424935,-0.21502,0.026649,-0.0191444,0.713611,-0.699764,0.0257149,0.0207134
0.425922,-0.21502,0.026649,-0.0191444,0.713611,-0.699764,0.0257149,0.0207134
0.426923,-0.21502,0.026649,-0.0191444,0.713611,-0.699764,0.0257149,0.0207134
0.427923,-0.214978,0.0265497,-0.0190937,0.71353,-0.699835,0.025983,0.020733
0.428943,-0.214978,0.0265497,-0.0190937,0.71353,-0.699835,0.025983,0.020733
0.429938,-0.21492,0.0264613,-0.0190937,0.713525,-0.699831,0.0261297,0.0208769
0.430922,-0.21492,0.0264613,-0.0190937,0.713525,-0.699831,0.0261297,0.0208769
0.431933,-0.214861,0.026373,-0.0190937,0.713629,-0.699699,0.0270491,0.020583
0.432932,-0.214861,0.026373,-0.0190937,0.713629,-0.699699,0.0270491,0.020583
0.433926,-0.214803,0.0262846,-0.0190937,0.713624,-0.699694,0.0271958,0.0207268
0.434926,-0.214803,0.0262846,-0.0190937,0.713624,-0.699694,0.0271958,0.0207268
0.435938,-0.214803,0.0262846,-0.0190937,0.713624,-0.699694,0.0271958,0.0207268
0.436922,-0.214803,0.0262846,-0.0190937,0.713624,-0.699694,0.0271958,0.0207268
0.437921,-0.214745,0.0261963,-0.0190937,0.713618,-0.69969,0.0273425,0.0208707
0.438931,-0.214745,0.0261963,-0.0190937,0.713618,-0.69969,0.0273425,0.0208707
0.439963,-0.214686,0.026108,-0.0190937,0.713612,-0.699686,0.0274892,0.0210145
0.44094,-0.214686,0.026108,-0.0190937,0.713612,-0.699686,0.0274892,0.0210145
0.441923,-0.214628,0.0260198,-0.0190937,0.713607,-0.699681,0.0276359,0.0211584
0.442948,-0.214628,0.0260198,-0.0190937,0.713607,-0.699681,0.0276359,0.0211584
0.443927,-0.214569,0.0259315,-0.0190937,0.713601,-0.699677,0.0277827,0.0213022
0.444923,-0.214569,0.0259315,-0.0190937,0.713601,-0.699677,0.0277827,0.0213022
0.445961,-0.214569,0.0259315,-0.0190937,0.713601,-0.699677,0.0277827,0.0213022
0.446921,-0.214569,0.0259315,-0.0190937,0.713601,-0.699677,0.0277827,0.0213022
0.447938,-0.21451,0.0258433,-0.0190937,0.713595,-0.699673,0.0279294,0.0214461
0.448934,-0.21451,0.0258433,-0.0190937,0.713595,-0.699673,0.0279294,0.0214461
0.449928,-0.214452,0.0257551,-0.0190937,0.713697,-0.69954,0.0288493,0.0211526
0.450953,-0.214452,0.0257551,-0.0190937,0.713697,-0.69954,0.0288493,0.0211526
0.451977,-0.214393,0.0256669,-0.0190937,0.713691,-0.699536,0.028996,0.0212964
0.452923,-0.214393,0.0256669,-0.0190937,0.713691,-0.699536,0.028996,0.0212964
0.453922,-0.214335,0.0255788,-0.0190937,0.713685,-0.699531,0.0291428,0.0214403
0.454925,-0.214335,0.0255788,-0.0190937,0.713685,-0.699531,0.0291428,0.0214403
0.455956,-0.214335,0.0255788,-0.0190937,0.713685,-0.699531,0.0291428,0.0214403
0.456935,-0.214335,0.0255788,-0.0190937,0.713685,-0.699531,0.0291428,0.0214403
0.457922,-0.214276,0.0254907,-0.0190937,0.713679,-0.699527,0.0292895,0.0215841
0.45892,-0.214276,0.0254907,-0.0190937,0.713679,-0.699527,0.0292895,0.0215841
0.459946,-0.214217,0.0254026,-0.0190937,0.713673,-0.699523,0.0294362,0.0217279
0.460924,-0.214217,0.0254026,-0.0190937,0.713673,-0.699523,0.0294362,0.0217279
0.461949,-0.214158,0.0253145,-0.0190937,0.713667,-0.699518,0.029583,0.0218717
0.462923,-0.214158,0.0253145,-0.0190937,0.713667,-0.699518,0.029583,0.0218717
0.463956,-0.214099,0.0252265,-0.0190937,0.714008,-0.699145,0.0301155,0.0219558
0.464938,-0.214099,0.0252265,-0.0190937,0.714008,-0.699145,0.0301155,0.0219558
0.465926,-0.214099,0.0252265,-0.0190937,0.713675,-0.699532,0.0292826,0.0215594
0.466948,-0.214099,0.0252265,-0.0190937,0.713675,-0.699532,0.0292826,0.0215594
0.46796,-0.214041,0.0251384,-0.0190937,0.713761,-0.699381,0.0306502,0.0217225
0.46892,-0.214041,0.0251384,-0.0190937,0.713761,-0.699381,0.0306502,0.0217225
0.469918,-0.213982,0.0250504,-0.0190937,0.713755,-0.699377,0.0307969,0.0218663
0.470928,-0.213982,0.0250504,-0.0190937,0.713755,-0.699377,0.0307969,0.0218663
0.471933,-0.213923,0.0249625,-0.0190937,0.713748,-0.699372,0.0309437,0.0220101
0.472927,-0.213923,0.0249625,-0.0190937,0.713748,-0.699372,0.0309437,0.0220101
0.473931,-0.213923,0.0249625,-0.0190937,0.713762,-0.699392,0.0304966,0.0215538
0.474946,-0.213923,0.0249625,-0.0190937,0.713762,-0.699392,0.0304966,0.0215538
0.475928,-0.213864,0.0248745,-0.0190937,0.713756,-0.699387,0.0306434,0.0216976
0.476934,-0.213864,0.0248745,-0.0190937,0.713756,-0.699387,0.0306434,0.0216976
0.477958,-0.213805,0.0247866,-0.0190937,0.713735,-0.699363,0.0312372,0.0222976
0.47892,-0.213805,0.0247866,-0.0190937,0.713735,-0.699363,0.0312372,0.0222976
0.479962,-0.213746,0.0246987,-0.0190937,0.713729,-0.699359,0.0313839,0.0224414
0.480936,-0.213746,0.0246987,-0.0190937,0.713729,-0.699359,0.0313839,0.0224414
0.481926,-0.213746,0.0246987,-0.0190937,0.713729,-0.699359,0.0313839,0.0224414
0.482923,-0.213746,0.0246987,-0.0190937,0.713729,-0.699359,0.0313839,0.0224414
0.483939,-0.213687,0.0246108,-0.0190937,0.714068,-0.698985,0.0319172,0.0225252
0.484921,-0.213687,0.0246108,-0.0190937,0.714068,-0.698985,0.0319172,0.0225252
0.485921,-0.213627,0.0245229,-0.0190937,0.714062,-0.698981,0.032064,0.0226689
0.486929,-0.213627,0.0245229,-0.0190937,0.714062,-0.698981,0.032064,0.0226689
0.487955,-0.213627,0.0245229,-0.0190937,0.714062,-0.698981,0.032064,0.0226689
0.488935,-0.213627,0.0245229,-0.0190937,0.714062,-0.698981,0.032064,0.0226689
0.489929,-0.213568,0.0244351,-0.0190937,0.714055,-0.698976,0.0322108,0.0228126
0.490925,-0.213568,0.0244351,-0.0190937,0.714055,-0.698976,0.0322108,0.0228126
0.491923,-0.213509,0.0243473,-0.0190937,0.714049,-0.698971,0.0323576,0.0229564
0.492934,-0.213509,0.0243473,-0.0190937,0.714049,-0.698971,0.0323576,0.0229564
0.493939,-0.21345,0.0242595,-0.0190937,0.714042,-0.698966,0.0325044,0.0231001
0.494922,-0.21345,0.0242595,-0.0190937,0.714042,-0.698966,0.0325044,0.0231001
0.495961,-0.21345,0.0242595,-0.0190937,0.7138,-0.699208,0.032892,0.0227238
0.496937,-0.21345,0.0242595,-0.0190937,0.7138,-0.699208,0.032892,0.0227238
0.497928,-0.213391,0.0241718,-0.0190937,0.713793,-0.699203,0.0330387,0.0228676
0.49895,-0.213391,0.0241718,-0.0190937,0.713793,-0.699203,0.0330387,0.0228676
0.499943,-0.213331,0.024084,-0.0190937,0.713786,-0.699198,0.0331855,0.0230114
0.500921,-0.213331,0.024084,-0.0190937,0.713786,-0.699198,0.0331855,0.0230114
0.501927,-0.213331,0.024084,-0.0190937,0.713786,-0.699198,0.0331855,0.0230114
0.502963,-0.213331,0.024084,-0.0190937,0.714131,-0.698829,0.0335726,0.0229512
0.503931,-0.213272,0.0239963,-0.0190937,0.714124,-0.698825,0.0337194,0.0230949
0.504929,-0.213272,0.0239963,-0.0190937,0.714124,-0.698825,0.0337194,0.0230949
0.505918,-0.213213,0.0239086,-0.0190937,0.714117,-0.69882,0.0338663,0.0232386
0.506918,-0.213213,0.0239086,-0.0190937,0.714117,-0.69882,0.0338663,0.0232386
0.507926,-0.213213,0.0239086,-0.0190937,0.714117,-0.69882,0.0338663,0.0232386
0.508919,-0.213213,0.0239086,-0.0190937,0.714117,-0.69882,0.0338663,0.0232386
0.509932,-0.213169,0.0238099,-0.019043,0.714034,-0.698891,0.0341336,0.023258
0.510919,-0.213169,0.0238099,-0.019043,0.714034,-0.698891,0.0341336,0.023258
0.511935,-0.21311,0.0237223,-0.019043,0.714027,-0.698886,0.0342804,0.0234016
0.512933,-0.21311,0.0237223,-0.019043,0.714027,-0.698886,0.0342804,0.0234016
0.513934,-0.21305,0.0236347,-0.019043,0.71402,-0.698881,0.0344272,0.0235453
0.514923,-0.21305,0.0236347,-0.019043,0.71402,-0.698881,0.0344272,0.0235453
0.515962,-0.21305,0.0236347,-0.019043,0.71402,-0.698881,0.0344272,0.0235453
0.516942,-0.21305,0.0236347,-0.019043,0.71402,-0.698881,0.0344272,0.0235453
0.517919,-0.212991,0.0235471,-0.019043,0.714013,-0.698877,0.034574,0.023689
0.518923,-0.212991,0.0235471,-0.019043,0.714013,-0.698877,0.034574,0.023689
0.519937,-0.212931,0.0234595,-0.019043,0.714006,-0.698872,0.0347208,0.0238327
0.520934,-0.212931,0.0234595,-0.019043,0.714006,-0.698872,0.0347208,0.0238327
0.521929,-0.212931,0.0234595,-0.019043,0.714006,-0.698872,0.0347208,0.0238327
0.52292,-0.212931,0.0234595,-0.019043,0.714006,-0.698872,0.0347208,0.0238327
0.523925,-0.212872,0.023372,-0.019043,0.713999,-0.698867,0.0348676,0.0239764
0.524924,-0.212872,0.023372,-0.019043,0.713999,-0.698867,0.0348676,0.0239764
0.525953,-0.212812,0.0232844,-0.019043,0.713992,-0.698862,0.0350144,0.0241201
0.526923,-0.212812,0.0232844,-0.019043,0.713992,-0.698862,0.0350144,0.0241201
0.527936,-0.212812,0.0232844,-0.019043,0.714336,-0.698493,0.0354021,0.0240592
0.52895,-0.212812,0.0232844,-0.019043,0.714336,-0.698493,0.0354021,0.0240592
0.529923,-0.212753,0.0231969,-0.019043,0.714328,-0.698488,0.035549,0.0242028
0.530924,-0.212753,0.0231969,-0.019043,0.714328,-0.698488,0.035549,0.0242028
0.531936,-0.212709,0.0230984,-0.0189924,0.714245,-0.698559,0.0358162,0.0242221
0.532919,-0.212709,0.0230984,-0.0189924,0.714245,-0.698559,0.0358162,0.0242221
0.53392,-0.212709,0.0230984,-0.0189924,0.714245,-0.698559,0.0358162,0.0242221
0.534934,-0.212709,0.0230984,-0.0189924,0.714245,-0.698559,0.0358162,0.0242221
0.535942,-0.212649,0.0230109,-0.0189924,0.714238,-0.698554,0.035963,0.0243657
0.536936,-0.212649,0.0230109,-0.0189924,0.714238,-0.698554,0.035963,0.0243657
0.537919,-0.212589,0.0229235,-0.0189924,0.714474,-0.698306,0.0357226,0.0248842
0.538923,-0.212589,0.0229235,-0.0189924,0.714474,-0.698306,0.0357226,0.0248842
0.539934,-0.212589,0.0229235,-0.0189924,0.714474,-0.698306,0.0357226,0.0248842
0.540948,-0.212589,0.0229235,-0.0189924,0.714474,-0.698306,0.0357226,0.0248842
0.541933,-0.21253,0.0228361,-0.0189924,0.714466,-0.698301,0.0358695,0.0250277
0.542922,-0.21253,0.0228361,-0.0189924,0.714466,-0.698301,0.0358695,0.0250277
0.543962,-0.21247,0.0227487,-0.0189924,0.714459,-0.698296,0.0360164,0.0251713
0.544934,-0.21247,0.0227487,-0.0189924,0.714459,-0.698296,0.0360164,0.0251713
0.545924,-0.212426,0.0226503,-0.0189417,0.714375,-0.698367,0.0362836,0.0251907
0.546919,-0.212426,0.0226503,-0.0189417,0.714375,-0.698367,0.0362836,0.0251907
0.547936,-0.212426,0.0226503,-0.0189417,0.714719,-0.697998,0.0366714,0.0251287
0.548958,-0.212426,0.0226503,-0.0189417,0.714719,-0.697998,0.0366714,0.0251287
0.549941,-0.212366,0.0225629,-0.0189417,0.714711,-0.697993,0.0368183,0.0252722
0.550922,-0.212366,0.0225629,-0.0189417,0.714711,-0.697993,0.0368183,0.0252722
0.551959,-0.212306,0.0224756,-0.0189417,0.714704,-0.697987,0.0369653,0.0254157
0.552935,-0.212306,0.0224756,-0.0189417,0.714704,-0.697987,0.0369653,0.0254157
0.553928,-0.212246,0.0223883,-0.0189417,0.714696,-0.697982,0.0371122,0.0255592
0.554919,-0.212246,0.0223883,-0.0189417,0.714696,-0.697982,0.0371122,0.0255592
0.555921,-0.212246,0.0223883,-0.0189417,0.714696,-0.697982,0.0371122,0.0255592
0.55692,-0.212246,0.0223883,-0.0189417,0.714696,-0.697982,0.0371122,0.0255592
0.557952,-0.212186,0.0223011,-0.0189417,0.714932,-0.697734,0.0368721,0.0260768
0.558924,-0.212186,0.0223011,-0.0189417,0.714932,-0.697734,0.0368721,0.0260768
0.559946,-0.212126,0.0222138,-0.0189417,0.714925,-0.697728,0.037019,0.0262203
0.560937,-0.212126,0.0222138,-0.0189417,0.714925,-0.697728,0.037019,0.0262203
0.56192,-0.212126,0.0222138,-0.0189417,0.714925,-0.697728,0.037019,0.0262203
0.56292,-0.212126,0.0222138,-0.0189417,0.714925,-0.697728,0.037019,0.0262203
0.563958,-0.212066,0.0221266,-0.0189417,0.71526,-0.697353,0.0375541,0.026301
0.564922,-0.212066,0.0221266,-0.0189417,0.71526,-0.697353,0.0375541,0.026301
0.56592,-0.212006,0.0220394,-0.0189417,0.714909,-0.697717,0.037313,0.0265072
0.566922,-0.212006,0.0220394,-0.0189417,0.714909,-0.697717,0.037313,0.0265072
0.567959,-0.212006,0.0220394,-0.0189417,0.715252,-0.697348,0.0377011,0.0264443
0.568955,-0.212006,0.0220394,-0.0189417,0.715252,-0.697348,0.0377011,0.0264443
0.56993,-0.211946,0.0219523,-0.0189417,0.715505,-0.697122,0.0370155,0.026504
0.570918,-0.211946,0.0219523,-0.0189417,0.715505,-0.697122,0.0370155,0.026504
0.571924,-0.211885,0.0218651,-0.0189417,0.715481,-0.697093,0.0376082,0.0271046
0.572918,-0.211885,0.0218651,-0.0189417,0.715481,-0.697093,0.0376082,0.0271046
0.573932,-0.211825,0.021778,-0.0189417,0.715473,-0.697087,0.0377553,0.0272479
0.574918,-0.211825,0.021778,-0.0189417,0.715473,-0.697087,0.0377553,0.0272479
0.575948,-0.211825,0.021778,-0.0189417,0.715473,-0.697087,0.0377553,0.0272479
0.576931,-0.211825,0.021778,-0.0189417,0.715473,-0.697087,0.0377553,0.0272479
0.577941,-0.211765,0.0216909,-0.0189417,0.715465,-0.697082,0.0379024,0.0273913
0.578919,-0.211765,0.0216909,-0.0189417,0.715465,-0.697082,0.0379024,0.0273913
0.579942,-0.211705,0.0216039,-0.0189417,0.715457,-0.697076,0.0380495,0.0275346
0.580944,-0.211705,0.0216039,-0.0189417,0.715457,-0.697076,0.0380495,0.0275346
0.581918,-0.211705,0.0216039,-0.0189417,0.715701,-0.696831,0.0376625,0.027908
0.582929,-0.211705,0.0216039,-0.0189417,0.715701,-0.696831,0.0376625,0.027908
0.583959,-0.211644,0.0215168,-0.0189417,0.715694,-0.696826,0.0378097,0.0280512
0.584932,-0.211644,0.0215168,-0.0189417,0.715694,-0.696826,0.0378097,0.0280512
0.585925,-0.211584,0.0214298,-0.0189417,0.715686,-0.69682,0.0379568,0.0281945
0.586924,-0.211584,0.0214298,-0.0189417,0.715686,-0.69682,0.0379568,0.0281945
0.587973,-0.211584,0.0214298,-0.0189417,0.715686,-0.69682,0.0379568,0.0281945
0.588922,-0.211584,0.0214298,-0.0189417,0.715686,-0.69682,0.0379568,0.0281945
0.589935,-0.211523,0.0213428,-0.0189417,0.71602,-0.696444,0.0384922,0.0282736
0.590921,-0.211523,0.0213428,-0.0189417,0.71602,-0.696444,0.0384922,0.0282736
0.591938,-0.211463,0.0212559,-0.0189417,0.715914,-0.696563,0.0378644,0.0288542
0.592934,-0.211463,0.0212559,-0.0189417,0.715914,-0.696563,0.0378644,0.0288542
0.593926,-0.211402,0.0211689,-0.0189417,0.716248,-0.696187,0.0383997,0.0289328
0.594918,-0.211402,0.0211689,-0.0189417,0.716248,-0.696187,0.0383997,0.0289328
0.595941,-0.211402,0.0211689,-0.0189417,0.716248,-0.696187,0.0383997,0.0289328
0.596922,-0.211402,0.0211689,-0.0189417,0.716248,-0.696187,0.0383997,0.0289328
0.597939,-0.211342,0.021082,-0.0189417,0.716241,-0.696181,0.038547,0.0290759
0.598948,-0.211342,0.021082,-0.0189417,0.716241,-0.696181,0.038547,0.0290759
0.599932,-0.211281,0.0209951,-0.0189417,0.716233,-0.696175,0.0386942,0.0292191
0.600951,-0.211281,0.0209951,-0.0189417,0.716233,-0.696175,0.0386942,0.0292191
0.60192,-0.211297,0.0209839,-0.018891,0.716156,-0.696252,0.038814,0.0290949
0.602919,-0.211297,0.0209839,-0.018891,0.716156,-0.696252,0.038814,0.0290949
0.603927,-0.211237,0.020897,-0.018891,0.716393,-0.696001,0.0385744,0.0296106
0.604923,-0.211237,0.020897,-0.018891,0.716393,-0.696001,0.0385744,0.0296106
0.605956,-0.211176,0.0208102,-0.018891,0.716385,-0.695994,0.0387217,0.0297537
0.60692,-0.211176,0.0208102,-0.018891,0.716385,-0.695994,0.0387217,0.0297537
0.60795,-0.211176,0.0208102,-0.018891,0.716385,-0.695994,0.0387217,0.0297537
0.608934,-0.211176,0.0208102,-0.018891,0.716385,-0.695994,0.0387217,0.0297537
0.60992,-0.211115,0.0207234,-0.018891,0.716377,-0.695988,0.038869,0.0298968
0.610921,-0.211115,0.0207234,-0.018891,0.716377,-0.695988,0.038869,0.0298968
0.611946,-0.211055,0.0206366,-0.018891,0.716369,-0.695982,0.0390163,0.0300399
0.612922,-0.211055,0.0206366,-0.018891,0.716369,-0.695982,0.0390163,0.0300399
0.61393,-0.211055,0.0206366,-0.018891,0.716954,-0.695365,0.0390177,0.0303466
0.614922,-0.211055,0.0206366,-0.018891,0.716954,-0.695365,0.0390177,0.0303466
0.615964,-0.210994,0.0205498,-0.018891,0.716625,-0.695754,0.0383323,0.0300974
0.616985,-0.210994,0.0205498,-0.018891,0.716625,-0.695754,0.0383323,0.0300974
0.617926,-0.210933,0.020463,-0.018891,0.716597,-0.695723,0.0389243,0.0306985
0.618925,-0.210933,0.020463,-0.018891,0.716597,-0.695723,0.0389243,0.0306985
0.619921,-0.210933,0.020463,-0.018891,0.716938,-0.695353,0.0393125,0.0306325
0.620922,-0.210933,0.020463,-0.018891,0.716938,-0.695353,0.0393125,0.0306325
0.621935,-0.210872,0.0203763,-0.018891,0.716589,-0.695717,0.0390717,0.0308415
0.622921,-0.210872,0.0203763,-0.018891,0.716589,-0.695717,0.0390717,0.0308415
0.623955,-0.210811,0.0202896,-0.018891,0.716922,-0.69534,0.0396073,0.0309184
0.624934,-0.210811,0.0202896,-0.018891,0.716922,-0.69534,0.0396073,0.0309184
0.625924,-0.210827,0.0202784,-0.0188403,0.71709,-0.695171,0.0393402,0.0311662
0.626919,-0.210827,0.0202784,-0.0188403,0.71709,-0.695171,0.0393402,0.0311662
0.627937,-0.210767,0.0201917,-0.0188403,0.717082,-0.695164,0.0394877,0.0313091
0.628919,-0.210767,0.0201917,-0.0188403,0.717082,-0.695164,0.0394877,0.0313091
0.629929,-0.210706,0.020105,-0.0188403,0.717074,-0.695158,0.0396351,0.031452
0.630922,-0.210706,0.020105,-0.0188403,0.717074,-0.695158,0.0396351,0.031452
0.631935,-0.210645,0.0200184,-0.0188403,0.717086,-0.695177,0.0393382,0.0311366
0.632936,-0.210645,0.0200184,-0.0188403,0.717086,-0.695177,0.0393382,0.0311366
0.633926,-0.210661,0.0200071,-0.0187896,0.71699,-0.695229,0.039902,0.0314708
0.634919,-0.210661,0.0200071,-0.0187896,0.71699,-0.695229,0.039902,0.0314708
0.635928,-0.2106,0.0199205,-0.0187896,0.717226,-0.694975,0.039663,0.0319855
0.636922,-0.2106,0.0199205,-0.0187896,0.717226,-0.694975,0.039663,0.0319855
0.637953,-0.210539,0.019834,-0.0187896,0.717218,-0.694969,0.0398104,0.0321284
0.638921,-0.210539,0.019834,-0.0187896,0.717218,-0.694969,0.0398104,0.0321284
0.63996,-0.210493,0.0197361,-0.0187389,0.717133,-0.69504,0.0400774,0.0321472
0.640931,-0.210493,0.0197361,-0.0187389,0.717133,-0.69504,0.0400774,0.0321472
0.641919,-0.210493,0.0197361,-0.0187389,0.717474,-0.694669,0.0404655,0.0320796
0.642918,-0.210493,0.0197361,-0.0187389,0.717474,-0.694669,0.0404655,0.0320796
0.643949,-0.210432,0.0196496,-0.0187389,0.71771,-0.694414,0.0402265,0.0325936
0.644947,-0.210432,0.0196496,-0.0187389,0.71771,-0.694414,0.0402265,0.0325936
0.645926,-0.210387,0.0195518,-0.0186882,0.717626,-0.694485,0.0404934,0.0326123
0.646921,-0.210387,0.0195518,-0.0186882,0.717626,-0.694485,0.0404934,0.0326123
0.647933,-0.210326,0.0194653,-0.0186882,0.717617,-0.694479,0.0406409,0.0327551
0.648935,-0.210326,0.0194653,-0.0186882,0.717617,-0.694479,0.0406409,0.0327551
0.649948,-0.210342,0.019454,-0.0186375,0.717541,-0.694556,0.0407603,0.0326309
0.65092,-0.210342,0.019454,-0.0186375,0.717541,-0.694556,0.0407603,0.0326309
0.65192,-0.210281,0.0193676,-0.0186375,0.717533,-0.69455,0.0409078,0.0327737
0.652921,-0.210281,0.0193676,-0.0186375,0.717533,-0.69455,0.0409078,0.0327737
0.653936,-0.210219,0.0192811,-0.0186375,0.717769,-0.694295,0.040669,0.0332876
0.654919,-0.210219,0.0192811,-0.0186375,0.717769,-0.694295,0.040669,0.0332876
0.655936,-0.210174,0.0191834,-0.0185868,0.717685,-0.694366,0.0409358,0.0333062
0.656937,-0.210174,0.0191834,-0.0185868,0.717685,-0.694366,0.0409358,0.0333062
0.657922,-0.210174,0.0191834,-0.0185868,0.717685,-0.694366,0.0409358,0.0333062
0.658917,-0.210174,0.0191834,-0.0185868,0.717685,-0.694366,0.0409358,0.0333062
0.659935,-0.210128,0.0190857,-0.018536,0.7176,-0.694437,0.0412027,0.0333249
0.660919,-0.210128,0.0190857,-0.018536,0.7176,-0.694437,0.0412027,0.0333249
0.661932,-0.210067,0.0189993,-0.018536,0.717836,-0.694181,0.040964,0.0338386
0.662923,-0.210067,0.0189993,-0.018536,0.717836,-0.694181,0.040964,0.0338386
0.663934,-0.210021,0.0189017,-0.0184853,0.717752,-0.694252,0.0412308,0.0338573
0.664934,-0.210021,0.0189017,-0.0184853,0.717752,-0.694252,0.0412308,0.0338573
0.665919,-0.20996,0.0188154,-0.0184853,0.718083,-0.693874,0.0417662,0.0339302
0.666919,-0.20996,0.0188154,-0.0184853,0.718083,-0.693874,0.0417662,0.0339302
0.667922,-0.209914,0.0187178,-0.0184345,0.717658,-0.694316,0.0416452,0.0340188
0.668923,-0.209914,0.0187178,-0.0184345,0.717658,-0.694316,0.0416452,0.0340188
0.669938,-0.209853,0.0186315,-0.0184345,0.717989,-0.693938,0.0421806,0.0340914
0.670921,-0.209853,0.0186315,-0.0184345,0.717989,-0.693938,0.0421806,0.0340914
0.671939,-0.209807,0.0185339,-0.0183838,0.71815,-0.69376,0.0420612,0.0344803
0.672934,-0.209807,0.0185339,-0.0183838,0.71815,-0.69376,0.0420612,0.0344803
0.673932,-0.209745,0.0184477,-0.0183838,0.718163,-0.69378,0.0417654,0.0341639
0.674935,-0.209745,0.0184477,-0.0183838,0.718163,-0.69378,0.0417654,0.0341639
0.675932,-0.209699,0.0183502,-0.018333,0.718056,-0.693824,0.0424755,0.0346415
0.676921,-0.209699,0.0183502,-0.018333,0.718056,-0.693824,0.0424755,0.0346415
0.677934,-0.209638,0.0182639,-0.018333,0.718047,-0.693817,0.0426232,0.0347842
0.678931,-0.209638,0.0182639,-0.018333,0.718047,-0.693817,0.0426232,0.0347842
0.679954,-0.209653,0.0182527,-0.0182822,0.718216,-0.693646,0.0423562,0.0350303
0.680938,-0.209653,0.0182527,-0.0182822,0.718216,-0.693646,0.0423562,0.0350303
0.681945,-0.209592,0.0181665,-0.0182822,0.718208,-0.693638,0.0425039,0.0351729
0.682941,-0.209592,0.0181665,-0.0182822,0.718208,-0.693638,0.0425039,0.0351729
0.683966,-0.209546,0.0180691,-0.0182314,0.718145,-0.693737,0.0423271,0.0347325
0.684923,-0.209546,0.0180691,-0.0182314,0.718145,-0.693737,0.0423271,0.0347325
0.685938,-0.209484,0.0179829,-0.0182314,0.718113,-0.693702,0.0429182,0.0353342
0.686934,-0.209484,0.0179829,-0.0182314,0.718113,-0.693702,0.0429182,0.0353342
0.687931,-0.209438,0.0178855,-0.0181806,0.718028,-0.693773,0.0431848,0.0353529
0.688933,-0.209438,0.0178855,-0.0181806,0.718028,-0.693773,0.0431848,0.0353529
0.689933,-0.209376,0.0177994,-0.0181806,0.718265,-0.693516,0.0429467,0.0358654
0.690924,-0.209376,0.0177994,-0.0181806,0.718265,-0.693516,0.0429467,0.0358654
0.691939,-0.209329,0.0177021,-0.0181298,0.718519,-0.693215,0.0436008,0.0358115
0.692925,-0.209329,0.0177021,-0.0181298,0.718519,-0.693215,0.0436008,0.0358115
0.693922,-0.209267,0.017616,-0.0181298,0.718171,-0.69358,0.043361,0.0360266
0.694929,-0.209267,0.017616,-0.0181298,0.718171,-0.69358,0.043361,0.0360266
0.695938,-0.209221,0.0175187,-0.018079,0.718085,-0.693651,0.0436276,0.0360454
0.696939,-0.209221,0.0175187,-0.018079,0.718085,-0.693651,0.0436276,0.0360454
0.697935,-0.209237,0.0175074,-0.0180282,0.718594,-0.693107,0.0437482,0.036218
0.698949,-0.209237,0.0175074,-0.0180282,0.718594,-0.693107,0.0437482,0.036218
0.699957,-0.209175,0.0174214,-0.0180282,0.718608,-0.693128,0.0434529,0.0359012
0.700938,-0.209175,0.0174214,-0.0180282,0.718608,-0.693128,0.0434529,0.0359012
0.701932,-0.209128,0.0173242,-0.0179774,0.718499,-0.693171,0.0441625,0.0363791
0.70292,-0.209128,0.0173242,-0.0179774,0.718499,-0.693171,0.0441625,0.0363791
0.703939,-0.209066,0.0172382,-0.0179774,0.71849,-0.693163,0.0443102,0.0365216
0.704929,-0.209066,0.0172382,-0.0179774,0.71849,-0.693163,0.0443102,0.0365216
0.705933,-0.209019,0.017141,-0.0179266,0.718651,-0.692983,0.044191,0.0369093
0.706955,-0.209019,0.017141,-0.0179266,0.718651,-0.692983,0.044191,0.0369093
0.707938,-0.208957,0.017055,-0.0179266,0.718642,-0.692976,0.0443388,0.0370518
0.708923,-0.208957,0.017055,-0.0179266,0.718642,-0.692976,0.0443388,0.0370518
0.709921,-0.208911,0.0169579,-0.0178757,0.718894,-0.692675,0.0449926,0.0369961
0.710929,-0.208911,0.0169579,-0.0178757,0.718894,-0.692675,0.0449926,0.0369961
0.711941,-0.208848,0.016872,-0.0178757,0.71857,-0.693068,0.0443101,0.0367536
0.712944,-0.208848,0.016872,-0.0178757,0.71857,-0.693068,0.0443101,0.0367536
0.713937,-0.208801,0.0167749,-0.0178249,0.718799,-0.692738,0.0454069,0.037157
0.714919,-0.208801,0.0167749,-0.0178249,0.718799,-0.692738,0.0454069,0.037157
0.715951,-0.208755,0.0166778,-0.017774,0.71896,-0.692558,0.0452877,0.0375441
0.716943,-0.208755,0.0166778,-0.017774,0.71896,-0.692558,0.0452877,0.0375441
0.717935,-0.208692,0.0165919,-0.017774,0.718974,-0.692579,0.0449928,0.0372269
0.718944,-0.208692,0.0165919,-0.017774,0.718974,-0.692579,0.0449928,0.0372269
0.719939,-0.208645,0.0164949,-0.0177231,0.718864,-0.692621,0.0457019,0.0377049
0.720921,-0.208645,0.0164949,-0.0177231,0.718864,-0.692621,0.0457019,0.0377049
0.721934,-0.208583,0.0164091,-0.0177231,0.718855,-0.692613,0.0458497,0.0378473
0.722918,-0.208583,0.0164091,-0.0177231,0.718855,-0.692613,0.0458497,0.0378473
0.723936,-0.208536,0.0163121,-0.0176723,0.719354,-0.69206,0.0461177,0.0381583
0.72492,-0.208536,0.0163121,-0.0176723,0.719354,-0.69206,0.0461177,0.0381583
0.725928,-0.208473,0.0162264,-0.0176723,0.719344,-0.692053,0.0462656,0.0383006
0.726925,-0.208473,0.0162264,-0.0176723,0.719344,-0.692053,0.0462656,0.0383006
0.727944,-0.208426,0.0161294,-0.0176214,0.719258,-0.692123,0.046532,0.038319
0.728919,-0.208426,0.0161294,-0.0176214,0.719258,-0.692123,0.046532,0.038319
0.729932,-0.208363,0.0160437,-0.0176214,0.719248,-0.692116,0.0466799,0.0384613
0.730947,-0.208363,0.0160437,-0.0176214,0.719248,-0.692116,0.0466799,0.0384613
0.731957,-0.208316,0.0159468,-0.0175705,0.719409,-0.691935,0.0465607,0.0388475
0.73292,-0.208316,0.0159468,-0.0175705,0.719409,-0.691935,0.0465607,0.0388475
0.733938,-0.208253,0.0158611,-0.0175705,0.719424,-0.691956,0.0462663,0.0385299
0.734918,-0.208253,0.0158611,-0.0175705,0.719424,-0.691956,0.0462663,0.0385299
0.735933,-0.208206,0.0157643,-0.0175196,0.71956,-0.691745,0.0465895,0.0393759
0.736919,-0.208206,0.0157643,-0.0175196,0.71956,-0.691745,0.0465895,0.0393759
0.737939,-0.208143,0.0156787,-0.0175196,0.719888,-0.691364,0.0471244,0.0394406
0.738923,-0.208143,0.0156787,-0.0175196,0.719888,-0.691364,0.0471244,0.0394406
0.739919,-0.208096,0.0155818,-0.0174687,0.719802,-0.691435,0.0473907,0.0394589
0.740922,-0.208096,0.0155818,-0.0174687,0.719802,-0.691435,0.0473907,0.0394589
0.74192,-0.208033,0.0154963,-0.0174687,0.720039,-0.691175,0.0471532,0.0399682
0.742929,-0.208033,0.0154963,-0.0174687,0.720039,-0.691175,0.0471532,0.0399682
0.743944,-0.207985,0.0153995,-0.0174178,0.719953,-0.691245,0.0474195,0.0399864
0.744917,-0.207985,0.0153995,-0.0174178,0.719953,-0.691245,0.0474195,0.0399864
0.745931,-0.207923,0.015314,-0.0174178,0.719969,-0.691268,0.0471257,0.0396684
0.746919,-0.207923,0.015314,-0.0174178,0.719969,-0.691268,0.0471257,0.0396684
0.747959,-0.207812,0.0151318,-0.0173669,0.720094,-0.691047,0.0475966,0.040656
0.748957,-0.207812,0.0151318,-0.0173669,0.720094,-0.691047,0.0475966,0.040656
0.749936,-0.207749,0.0150463,-0.0173669,0.720421,-0.690665,0.0481313,0.0407191
0.750937,-0.207749,0.0150463,-0.0173669,0.720421,-0.690665,0.0481313,0.0407191
0.751932,-0.207686,0.0149609,-0.0173669,0.720411,-0.690657,0.0482795,0.0408611
0.752919,-0.207686,0.0149609,-0.0173669,0.720411,-0.690657,0.0482795,0.0408611
0.753939,-0.207638,0.0148643,-0.017316,0.720325,-0.690728,0.0485457,0.0408792
0.75492,-0.207638,0.0148643,-0.017316,0.720325,-0.690728,0.0485457,0.0408792
0.755921,-0.207575,0.0147789,-0.017316,0.720315,-0.690719,0.0486938,0.0410212
0.756921,-0.207575,0.0147789,-0.017316,0.720315,-0.690719,0.0486938,0.0410212
0.757923,-0.207512,0.0146936,-0.017316,0.720553,-0.690457,0.0484566,0.0415296
0.758952,-0.207512,0.0146936,-0.017316,0.720553,-0.690457,0.0484566,0.0415296
0.759961,-0.207448,0.0146082,-0.017316,0.720543,-0.690449,0.0486048,0.0416716
0.760922,-0.207448,0.0146082,-0.017316,0.720543,-0.690449,0.0486048,0.0416716
0.761938,-0.207322,0.0144377,-0.017316,0.720885,-0.690089,0.0488469,0.0414148
0.762922,-0.207322,0.0144377,-0.017316,0.720885,-0.690089,0.0488469,0.0414148
0.763933,-0.207259,0.0143525,-0.017316,0.721097,-0.689795,0.0490509,0.0423833
0.764963,-0.207259,0.0143525,-0.017316,0.721097,-0.689795,0.0490509,0.0423833
0.765947,-0.207195,0.0142672,-0.017316,0.721087,-0.689786,0.0491992,0.0425251
0.766923,-0.207195,0.0142672,-0.017316,0.721087,-0.689786,0.0491992,0.0425251
0.767943,-0.207068,0.0140969,-0.017316,0.721066,-0.689769,0.0494957,0.0428087
0.768923,-0.207068,0.0140969,-0.017316,0.721066,-0.689769,0.0494957,0.0428087
0.769942,-0.207005,0.0140118,-0.017316,0.721304,-0.689505,0.0492588,0.0433161
0.770961,-0.207005,0.0140118,-0.017316,0.721304,-0.689505,0.0492588,0.0433161
0.772345,-0.206942,0.0139267,-0.017316,0.721294,-0.689496,0.0494071,0.0434579
0.772921,-0.206942,0.0139267,-0.017316,0.721294,-0.689496,0.0494071,0.0434579
0.773914,-0.206942,0.0139267,-0.017316,0.721294,-0.689496,0.0494071,0.0434579
0.774962,-0.206942,0.0139267,-0.017316,0.721294,-0.689496,0.0494071,0.0434579
0.775951,-0.206815,0.0137565,-0.017316,0.721274,-0.689478,0.0497037,0.0437414
0.776933,-0.206815,0.0137565,-0.017316,0.721274,-0.689478,0.0497037,0.0437414
0.777955,-0.206687,0.0135865,-0.017316,0.72153,-0.689236,0.0491749,0.0439291
0.778925,-0.206687,0.0135865,-0.017316,0.72153,-0.689236,0.0491749,0.0439291
0.779945,-0.20656,0.0134166,-0.017316,0.721816,-0.688813,0.0502992,0.0445918
0.780923,-0.20656,0.0134166,-0.017316,0.721816,-0.688813,0.0502992,0.0445918
0.781952,-0.206496,0.0133316,-0.017316,0.722054,-0.688547,0.0500626,0.0450983
0.782939,-0.206496,0.0133316,-0.017316,0.722054,-0.688547,0.0500626,0.0450983
0.783926,-0.206432,0.0132467,-0.017316,0.722044,-0.688538,0.0502111,0.0452398
0.784925,-0.206432,0.0132467,-0.017316,0.722044,-0.688538,0.0502111,0.0452398
0.785945,-0.206305,0.013077,-0.017316,0.722023,-0.688519,0.050508,0.0455229
0.786922,-0.206305,0.013077,-0.017316,0.722023,-0.688519,0.050508,0.0455229
0.78794,-0.206241,0.0129922,-0.017316,0.722261,-0.688253,0.0502717,0.0460291
0.78892,-0.206241,0.0129922,-0.017316,0.722261,-0.688253,0.0502717,0.0460291
0.789929,-0.206177,0.0129074,-0.017316,0.722251,-0.688244,0.0504202,0.0461706
0.79094,-0.206177,0.0129074,-0.017316,0.722251,-0.688244,0.0504202,0.0461706
0.791928,-0.206113,0.0128226,-0.017316,0.722241,-0.688234,0.0505687,0.0463121
0.792929,-0.206113,0.0128226,-0.017316,0.722241,-0.688234,0.0505687,0.0463121
0.793936,-0.206049,0.0127379,-0.017316,0.72226,-0.688257,0.0502773,0.045992
0.794919,-0.206049,0.0127379,-0.017316,0.72226,-0.688257,0.0502773,0.045992
0.795921,-0.205985,0.0126532,-0.017316,0.722498,-0.68799,0.0500413,0.0464977
0.796921,-0.205985,0.0126532,-0.017316,0.722498,-0.68799,0.0500413,0.0464977
0.797923,-0.205921,0.0125685,-0.017316,0.722458,-0.687948,0.0506296,0.0471009
0.798938,-0.205921,0.0125685,-0.017316,0.722458,-0.687948,0.0506296,0.0471009
0.799921,-0.205793,0.0123992,-0.017316,0.722437,-0.687929,0.0509267,0.0473838
0.800919,-0.205793,0.0123992,-0.017316,0.722437,-0.687929,0.0509267,0.0473838
0.801934,-0.205729,0.0123146,-0.017316,0.722426,-0.687919,0.0510752,0.0475252
0.802923,-0.205729,0.0123146,-0.017316,0.722426,-0.687919,0.0510752,0.0475252
0.803934,-0.20568,0.0122186,-0.017265,0.722369,-0.688023,0.0509015,0.0470814
0.804921,-0.20568,0.0122186,-0.017265,0.722369,-0.688023,0.0509015,0.0470814
0.805919,-0.205615,0.012134,-0.017265,0.722577,-0.687722,0.0511055,0.0480486
0.806937,-0.205615,0.012134,-0.017265,0.722577,-0.687722,0.0511055,0.0480486
0.807956,-0.205551,0.0120495,-0.017265,0.722566,-0.687712,0.051254,0.04819
0.808934,-0.205551,0.0120495,-0.017265,0.722566,-0.687712,0.051254,0.04819
0.809934,-0.205423,0.0118805,-0.017265,0.722576,-0.687725,0.0511116,0.048011
0.810921,-0.205423,0.0118805,-0.017265,0.722576,-0.687725,0.0511116,0.048011
0.811923,-0.205373,0.0117846,-0.0172141,0.722458,-0.687763,0.0518171,0.0484907
0.812918,-0.205373,0.0117846,-0.0172141,0.722458,-0.687763,0.0518171,0.0484907
0.81404,-0.205309,0.0117001,-0.0172141,0.722781,-0.687379,0.0523531,0.0485472
0.814939,-0.205309,0.0117001,-0.0172141,0.722781,-0.687379,0.0523531,0.0485472
0.815919,-0.205244,0.0116157,-0.0172141,0.722436,-0.687743,0.0521142,0.0487735
0.816947,-0.205244,0.0116157,-0.0172141,0.722436,-0.687743,0.0521142,0.0487735
0.817935,-0.205116,0.011447,-0.0172141,0.722748,-0.687349,0.0527989,0.0489711
0.818917,-0.205116,0.011447,-0.0172141,0.722748,-0.687349,0.0527989,0.0489711
0.819932,-0.205051,0.0113626,-0.0172141,0.722987,-0.68708,0.0525635,0.0494757
0.820921,-0.205051,0.0113626,-0.0172141,0.722987,-0.68708,0.0525635,0.0494757
0.821939,-0.205001,0.0112669,-0.0171631,0.722899,-0.687151,0.0528294,0.0494935
0.822936,-0.205001,0.0112669,-0.0171631,0.722899,-0.687151,0.0528294,0.0494935
0.82392,-0.204937,0.0111826,-0.0171631,0.722919,-0.687175,0.0525388,0.0491727
0.824921,-0.204937,0.0111826,-0.0171631,0.722919,-0.687175,0.0525388,0.0491727
0.825936,-0.204872,0.0110983,-0.0171631,0.722877,-0.687131,0.0531266,0.049776
0.82692,-0.204872,0.0110983,-0.0171631,0.722877,-0.687131,0.0531266,0.049776
0.827918,-0.204807,0.0110141,-0.0171631,0.723199,-0.686746,0.0536629,0.0498313
0.828919,-0.204807,0.0110141,-0.0171631,0.723199,-0.686746,0.0536629,0.0498313
0.829906,-0.204743,0.0109299,-0.0171631,0.72322,-0.68677,0.0533727,0.0495102
0.830935,-0.204743,0.0109299,-0.0171631,0.72322,-0.68677,0.0533727,0.0495102
0.831919,-0.204613,0.0107616,-0.0171631,0.723166,-0.686716,0.054109,0.0502549
0.832919,-0.204613,0.0107616,-0.0171631,0.723166,-0.686716,0.054109,0.0502549
0.83394,-0.204548,0.0106774,-0.0171631,0.723186,-0.68674,0.0538187,0.0499338
0.834918,-0.204548,0.0106774,-0.0171631,0.723186,-0.68674,0.0538187,0.0499338
0.835935,-0.204484,0.0105933,-0.0171631,0.723143,-0.686695,0.0544064,0.0505372
0.836918,-0.204484,0.0105933,-0.0171631,0.723143,-0.686695,0.0544064,0.0505372
0.837918,-0.204419,0.0105093,-0.0171631,0.723164,-0.686719,0.0541161,0.0502162
0.838936,-0.204419,0.0105093,-0.0171631,0.723164,-0.686719,0.0541161,0.0502162
0.839922,-0.204354,0.0104252,-0.0171631,0.723153,-0.686709,0.0542648,0.0503574
0.84093,-0.204354,0.0104252,-0.0171631,0.723153,-0.686709,0.0542648,0.0503574
0.841932,-0.204289,0.0103412,-0.0171631,0.723142,-0.686698,0.0544135,0.0504986
0.84292,-0.204289,0.0103412,-0.0171631,0.723142,-0.686698,0.0544135,0.0504986
0.843922,-0.204224,0.0102572,-0.0171631,0.723463,-0.686314,0.0549507,0.0505528
0.844919,-0.204224,0.0102572,-0.0171631,0.723463,-0.686314,0.0549507,0.0505528
0.845903,-0.204094,0.0100893,-0.0171631,0.72344,-0.686293,0.0552481,0.050835
0.846949,-0.204094,0.0100893,-0.0171631,0.72344,-0.686293,0.0552481,0.050835
0.847937,-0.204029,0.0100054,-0.0171631,0.723428,-0.686283,0.0553969,0.0509761
0.84892,-0.204029,0.0100054,-0.0171631,0.723428,-0.686283,0.0553969,0.0509761
0.849919,-0.203963,0.00992152,-0.0171631,0.723417,-0.686272,0.0555456,0.0511172
0.850939,-0.203963,0.00992152,-0.0171631,0.723417,-0.686272,0.0555456,0.0511172
0.85192,-0.203898,0.00983767,-0.0171631,0.723187,-0.686558,0.0556389,0.0504346
0.852922,-0.203898,0.00983767,-0.0171631,0.723187,-0.686558,0.0556389,0.0504346
0.853902,-0.203833,0.00975384,-0.0171631,0.723175,-0.686547,0.0557876,0.0505758
0.854918,-0.203833,0.00975384,-0.0171631,0.723175,-0.686547,0.0557876,0.0505758
0.855947,-0.203768,0.00967003,-0.0171631,0.723164,-0.686537,0.0559363,0.0507169
0.856937,-0.203768,0.00967003,-0.0171631,0.723164,-0.686537,0.0559363,0.0507169
0.85792,-0.203703,0.00958626,-0.0171631,0.723483,-0.686153,0.0564745,0.0507706
0.858927,-0.203703,0.00958626,-0.0171631,0.723483,-0.686153,0.0564745,0.0507706
0.859939,-0.203637,0.00950251,-0.0171631,0.723504,-0.686178,0.0561846,0.0504492
0.860919,-0.203637,0.00950251,-0.0171631,0.723504,-0.686178,0.0561846,0.0504492
0.861929,-0.203507,0.00933509,-0.0171631,0.723481,-0.686157,0.0564821,0.0507314
0.862919,-0.203507,0.00933509,-0.0171631,0.723481,-0.686157,0.0564821,0.0507314
0.863917,-0.203441,0.00925142,-0.0171631,0.723216,-0.686408,0.0570137,0.050512
0.864918,-0.203441,0.00925142,-0.0171631,0.723216,-0.686408,0.0570137,0.050512
0.865936,-0.203376,0.00916778,-0.0171631,0.723205,-0.686398,0.0571624,0.0506531
0.866918,-0.203376,0.00916778,-0.0171631,0.723205,-0.686398,0.0571624,0.0506531
0.867917,-0.20331,0.00908417,-0.0171631,0.723193,-0.686387,0.0573111,0.0507943
0.868941,-0.20331,0.00908417,-0.0171631,0.723193,-0.686387,0.0573111,0.0507943
0.869911,-0.203245,0.00900058,-0.0171631,0.723181,-0.686377,0.0574598,0.0509354
0.870917,-0.203245,0.00900058,-0.0171631,0.723181,-0.686377,0.0574598,0.0509354
0.871927,-0.203179,0.00891702,-0.0171631,0.723169,-0.686366,0.0576085,0.0510765
0.872922,-0.203179,0.00891702,-0.0171631,0.723169,-0.686366,0.0576085,0.0510765
0.87392,-0.203114,0.00883349,-0.0171631,0.722904,-0.686617,0.0581398,0.0508574
0.874937,-0.203114,0.00883349,-0.0171631,0.722904,-0.686617,0.0581398,0.0508574
0.87592,-0.203048,0.00874998,-0.0171631,0.722892,-0.686607,0.0582884,0.0509986
0.876921,-0.203048,0.00874998,-0.0171631,0.722892,-0.686607,0.0582884,0.0509986
0.877904,-0.202982,0.0086665,-0.0171631,0.723209,-0.686222,0.0588279,0.0510519
0.878938,-0.202982,0.0086665,-0.0171631,0.723209,-0.686222,0.0588279,0.0510519
0.879921,-0.202851,0.00849962,-0.0171631,0.723185,-0.686201,0.0591253,0.051334
0.880927,-0.202851,0.00849962,-0.0171631,0.723185,-0.686201,0.0591253,0.051334
0.881932,-0.202785,0.00841622,-0.0171631,0.723173,-0.686191,0.059274,0.0514751
0.882947,-0.202785,0.00841622,-0.0171631,0.723173,-0.686191,0.059274,0.0514751
0.883933,-0.202719,0.00833285,-0.0171631,0.722907,-0.686442,0.0598051,0.0512566
0.884916,-0.202719,0.00833285,-0.0171631,0.722907,-0.686442,0.0598051,0.0512566
0.885934,-0.202654,0.00824951,-0.0171631,0.722894,-0.686431,0.0599537,0.0513978
0.886922,-0.202654,0.00824951,-0.0171631,0.722894,-0.686431,0.0599537,0.0513978
0.887958,-0.202588,0.00816619,-0.0171631,0.722882,-0.686421,0.0601024,0.0515389
0.888919,-0.202588,0.00816619,-0.0171631,0.722882,-0.686421,0.0601024,0.0515389
0.889933,-0.202522,0.0080829,-0.0171631,0.72287,-0.68641,0.060251,0.05168
0.890936,-0.202522,0.0080829,-0.0171631,0.72287,-0.68641,0.060251,0.05168
0.891922,-0.202456,0.00799964,-0.0171631,0.72289,-0.686438,0.0599609,0.0513591
0.892907,-0.202456,0.00799964,-0.0171631,0.72289,-0.686438,0.0599609,0.0513591
0.893927,-0.20239,0.0079164,-0.0171631,0.722623,-0.686689,0.0604915,0.0511411
0.89494,-0.20239,0.0079164,-0.0171631,0.722623,-0.686689,0.0604915,0.0511411
0.89592,-0.202324,0.00783319,-0.0171631,0.72261,-0.686679,0.0606401,0.0512823
0.896932,-0.202324,0.00783319,-0.0171631,0.72261,-0.686679,0.0606401,0.0512823
0.897935,-0.202258,0.00775001,-0.0171631,0.722598,-0.686668,0.0607886,0.0514234
0.898917,-0.202258,0.00775001,-0.0171631,0.722598,-0.686668,0.0607886,0.0514234
0.89993,-0.202192,0.00766685,-0.0171631,0.722913,-0.686284,0.0613295,0.0514762
0.900949,-0.202192,0.00766685,-0.0171631,0.722913,-0.686284,0.0613295,0.0514762
0.901936,-0.20206,0.00750063,-0.0171631,0.722921,-0.686302,0.0611881,0.0512964
0.902919,-0.20206,0.00750063,-0.0171631,0.722921,-0.686302,0.0611881,0.0512964
0.903967,-0.201994,0.00741755,-0.0171631,0.722908,-0.686291,0.0613367,0.0514375
0.904916,-0.201994,0.00741755,-0.0171631,0.722908,-0.686291,0.0613367,0.0514375
0.905917,-0.201927,0.00733451,-0.0171631,0.722639,-0.686543,0.061867,0.0512203
0.906931,-0.201927,0.00733451,-0.0171631,0.722639,-0.686543,0.061867,0.0512203
0.907921,-0.201861,0.00725149,-0.0171631,0.722626,-0.686533,0.0620156,0.0513614
0.908967,-0.201861,0.00725149,-0.0171631,0.722626,-0.686533,0.0620156,0.0513614
0.909921,-0.201795,0.0071685,-0.0171631,0.722614,-0.686522,0.0621642,0.0515026
0.910935,-0.201795,0.0071685,-0.0171631,0.722614,-0.686522,0.0621642,0.0515026
0.911918,-0.201729,0.00708553,-0.0171631,0.722601,-0.686512,0.0623127,0.0516437
0.912936,-0.201729,0.00708553,-0.0171631,0.722601,-0.686512,0.0623127,0.0516437
0.91394,-0.201662,0.0070026,-0.0171631,0.722621,-0.686541,0.0620225,0.051323
0.914915,-0.201662,0.0070026,-0.0171631,0.722621,-0.686541,0.0620225,0.051323
0.915932,-0.201596,0.00691969,-0.0171631,0.722351,-0.686793,0.0625523,0.0511063
0.916916,-0.201596,0.00691969,-0.0171631,0.722351,-0.686793,0.0625523,0.0511063
0.917933,-0.20153,0.0068368,-0.0171631,0.722338,-0.686782,0.0627008,0.0512475
0.918918,-0.20153,0.0068368,-0.0171631,0.722338,-0.686782,0.0627008,0.0512475
0.919924,-0.201463,0.00675395,-0.0171631,0.722651,-0.686399,0.0632432,0.0512997
0.920981,-0.201463,0.00675395,-0.0171631,0.722651,-0.686399,0.0632432,0.0512997
0.92192,-0.20133,0.00658832,-0.0171631,0.722658,-0.686418,0.0631016,0.05112
0.922919,-0.20133,0.00658832,-0.0171631,0.722658,-0.686418,0.0631016,0.05112
0.923936,-0.201264,0.00650555,-0.0171631,0.722645,-0.686408,0.0632502,0.0512611
0.924904,-0.201264,0.00650555,-0.0171631,0.722645,-0.686408,0.0632502,0.0512611
0.92592,-0.201197,0.0064228,-0.0171631,0.722632,-0.686397,0.0633988,0.0514023
0.926933,-0.201197,0.0064228,-0.0171631,0.722632,-0.686397,0.0633988,0.0514023
0.927947,-0.20113,0.00634008,-0.0171631,0.722652,-0.686427,0.0631086,0.0510815
0.928922,-0.20113,0.00634008,-0.0171631,0.722652,-0.686427,0.0631086,0.0510815
0.929943,-0.201064,0.00625739,-0.0171631,0.72238,-0.68668,0.0636378,0.0508658
0.930917,-0.201064,0.00625739,-0.0171631,0.72238,-0.68668,0.0636378,0.0508658
0.931919,-0.200997,0.00617473,-0.0171631,0.722367,-0.68667,0.0637863,0.051007
0.932927,-0.200997,0.00617473,-0.0171631,0.722367,-0.68667,0.0637863,0.051007
0.933925,-0.20093,0.00609209,-0.0171631,0.722354,-0.686659,0.0639348,0.0511482
0.934939,-0.20093,0.00609209,-0.0171631,0.722354,-0.686659,0.0639348,0.0511482
0.935918,-0.200864,0.00600948,-0.0171631,0.722341,-0.686649,0.0640834,0.0512893
0.936939,-0.200864,0.00600948,-0.0171631,0.722341,-0.686649,0.0640834,0.0512893
0.93794,-0.20073,0.00584435,-0.0171631,0.722347,-0.686668,0.0639415,0.05111
0.938916,-0.20073,0.00584435,-0.0171631,0.722347,-0.686668,0.0639415,0.05111
0.939918,-0.200663,0.00576182,-0.0171631,0.722367,-0.686699,0.0636511,0.0507894
0.940917,-0.200663,0.00576182,-0.0171631,0.722367,-0.686699,0.0636511,0.0507894
0.941918,-0.200596,0.00567932,-0.0171631,0.722386,-0.686729,0.0633607,0.0504689
0.942933,-0.200596,0.00567932,-0.0171631,0.722386,-0.686729,0.0633607,0.0504689
0.943917,-0.20053,0.00559685,-0.0171631,0.722145,-0.687024,0.0634497,0.0497926
0.944951,-0.20053,0.00559685,-0.0171631,0.722145,-0.687024,0.0634497,0.0497926
0.94594,-0.200463,0.00551441,-0.0171631,0.722163,-0.687054,0.0631591,0.0494723
0.946938,-0.200463,0.00551441,-0.0171631,0.722163,-0.687054,0.0631591,0.0494723
0.947918,-0.200396,0.00543199,-0.0171631,0.722182,-0.687084,0.0628684,0.0491519
0.948926,-0.200396,0.00543199,-0.0171631,0.722182,-0.687084,0.0628684,0.0491519
0.949921,-0.200329,0.0053496,-0.0171631,0.7222,-0.687114,0.0625777,0.0488316
0.950935,-0.200329,0.0053496,-0.0171631,0.7222,-0.687114,0.0625777,0.0488316
0.951921,-0.200262,0.00526724,-0.0171631,0.722219,-0.687144,0.062287,0.0485112
0.952933,-0.200262,0.00526724,-0.0171631,0.722219,-0.687144,0.062287,0.0485112
0.953934,-0.200127,0.0051026,-0.0171631,0.722193,-0.687124,0.0625839,0.0487938
0.954916,-0.200127,0.0051026,-0.0171631,0.722193,-0.687124,0.0625839,0.0487938
0.955915,-0.20006,0.00502033,-0.0171631,0.722211,-0.687154,0.0622932,0.0484734
0.956918,-0.20006,0.00502033,-0.0171631,0.722211,-0.687154,0.0622932,0.0484734
0.957917,-0.199993,0.00493807,-0.0171631,0.721997,-0.68749,0.0619411,0.0473373
0.958937,-0.199993,0.00493807,-0.0171631,0.721997,-0.68749,0.0619411,0.0473373
0.959917,-0.199926,0.00485585,-0.0171631,0.722044,-0.687559,0.0612106,0.0465557
0.960916,-0.199926,0.00485585,-0.0171631,0.722044,-0.687559,0.0612106,0.0465557
0.961941,-0.199859,0.00477366,-0.0171631,0.722091,-0.687628,0.0604801,0.045774
0.962918,-0.199859,0.00477366,-0.0171631,0.722091,-0.687628,0.0604801,0.045774
0.963943,-0.199791,0.00469149,-0.0171631,0.722108,-0.687657,0.060189,0.0454538
0.96492,-0.199791,0.00469149,-0.0171631,0.722108,-0.687657,0.060189,0.0454538
0.965926,-0.199724,0.00460935,-0.0171631,0.722124,-0.687686,0.0598979,0.0451336
0.966938,-0.199724,0.00460935,-0.0171631,0.722124,-0.687686,0.0598979,0.0451336
0.967916,-0.199657,0.00452724,-0.0171631,0.722463,-0.687347,0.0600079,0.0447192
0.968935,-0.199657,0.00452724,-0.0171631,0.722463,-0.687347,0.0600079,0.0447192
0.969931,-0.199589,0.00444515,-0.0171631,0.722242,-0.687684,0.0596539,0.043585
0.970916,-0.199589,0.00444515,-0.0171631,0.722242,-0.687684,0.0596539,0.043585
0.971915,-0.199522,0.00436309,-0.0171631,0.722257,-0.687713,0.0593628,0.0432647
0.972917,-0.199522,0.00436309,-0.0171631,0.722257,-0.687713,0.0593628,0.0432647
0.973915,-0.199454,0.00428106,-0.0171631,0.722272,-0.687742,0.0590717,0.0429444
0.974935,-0.199454,0.00428106,-0.0171631,0.722272,-0.687742,0.0590717,0.0429444
0.975917,-0.199387,0.00419906,-0.0171631,0.721966,-0.688137,0.0583779,0.0427194
0.976917,-0.199387,0.00419906,-0.0171631,0.721966,-0.688137,0.0583779,0.0427194
0.977932,-0.199319,0.00411709,-0.0171631,0.722303,-0.687799,0.0584895,0.0423039
0.978916,-0.199319,0.00411709,-0.0171631,0.722303,-0.687799,0.0584895,0.0423039
0.979935,-0.199252,0.00403514,-0.0171631,0.722023,-0.688061,0.0590132,0.0420943
0.98092,-0.199252,0.00403514,-0.0171631,0.722023,-0.688061,0.0590132,0.0420943
0.981919,-0.199117,0.00387133,-0.0171631,0.722026,-0.688081,0.0588702,0.0419157
0.982922,-0.199117,0.00387133,-0.0171631,0.722026,-0.688081,0.0588702,0.0419157
0.983915,-0.199049,0.00378947,-0.0171631,0.722014,-0.688073,0.0590187,0.0420572
0.984945,-0.199049,0.00378947,-0.0171631,0.722014,-0.688073,0.0590187,0.0420572
0.985927,-0.198981,0.00370764,-0.0171631,0.722002,-0.688064,0.0591671,0.0421986
0.986944,-0.198981,0.00370764,-0.0171631,0.722002,-0.688064,0.0591671,0.0421986
0.987912,-0.198914,0.00362583,-0.0171631,0.721721,-0.688326,0.0596903,0.0419895
0.988915,-0.198914,0.00362583,-0.0171631,0.721721,-0.688326,0.0596903,0.0419895
0.989916,-0.198846,0.00354405,-0.0171631,0.721709,-0.688317,0.0598387,0.042131
0.990917,-0.198846,0.00354405,-0.0171631,0.721709,-0.688317,0.0598387,0.042131
0.991883,-0.198778,0.0034623,-0.0171631,0.721696,-0.688309,0.0599871,0.0422725
0.992918,-0.198778,0.0034623,-0.0171631,0.721696,-0.688309,0.0599871,0.0422725
0.993935,-0.19871,0.00338058,-0.0171631,0.721711,-0.688338,0.0596955,0.0419527
0.994917,-0.19871,0.00338058,-0.0171631,0.721711,-0.688338,0.0596955,0.0419527
0.995917,-0.198642,0.00329888,-0.0171631,0.721699,-0.68833,0.0598438,0.0420943
0.996919,-0.198642,0.00329888,-0.0171631,0.721699,-0.68833,0.0598438,0.0420943
0.997928,-0.198507,0.00313557,-0.0171631,0.721674,-0.688312,0.0601406,0.0423773
0.998919,-0.198507,0.00313557,-0.0171631,0.721674,-0.688312,0.0601406,0.0423773
0.999917,-0.198439,0.00305396,-0.0171631,0.721662,-0.688304,0.060289,0.0425188
1.00094,-0.198439,0.00305396,-0.0171631,0.721662,-0.688304,0.060289,0.0425188
1.00193,-0.198371,0.00297238,-0.0171631,0.721407,-0.688605,0.0603713,0.0418492
1.00292,-0.198371,0.00297238,-0.0171631,0.721407,-0.688605,0.0603713,0.0418492
1.00391,-0.198303,0.00289082,-0.0171631,0.721394,-0.688596,0.0605196,0.0419908
1.00492,-0.198303,0.00289082,-0.0171631,0.721394,-0.688596,0.0605196,0.0419908
1.00594,-0.198235,0.00280929,-0.0171631,0.721382,-0.688587,0.0606679,0.0421324
1.00691,-0.198235,0.00280929,-0.0171631,0.721382,-0.688587,0.0606679,0.0421324
1.00792,-0.198167,0.00272779,-0.0171631,0.721369,-0.688579,0.0608162,0.042274
1.00893,-0.198167,0.00272779,-0.0171631,0.721369,-0.688579,0.0608162,0.042274
1.00994,-0.198098,0.00264632,-0.0171631,0.721384,-0.688609,0.0605244,0.0419544
1.01092,-0.198098,0.00264632,-0.0171631,0.721384,-0.688609,0.0605244,0.0419544
1.01192,-0.19803,0.00256488,-0.0171631,0.721371,-0.6886,0.0606727,0.042096
1.01294,-0.19803,0.00256488,-0.0171631,0.721371,-0.6886,0.0606727,0.042096
1.01392,-0.197894,0.00240208,-0.0171631,0.721373,-0.688622,0.0605292,0.0419181
1.01492,-0.197894,0.00240208,-0.0171631,0.721373,-0.688622,0.0605292,0.0419181
1.01592,-0.197826,0.00232072,-0.0171631,0.72109,-0.688885,0.0610506,0.0417106
1.01696,-0.197826,0.00232072,-0.0171631,0.72109,-0.688885,0.0610506,0.0417106
1.01793,-0.197757,0.00223938,-0.0171631,0.721077,-0.688877,0.0611988,0.0418522
1.01892,-0.197757,0.00223938,-0.0171631,0.721077,-0.688877,0.0611988,0.0418522
1.01991,-0.197689,0.00215808,-0.0171631,0.721091,-0.688907,0.0609068,0.041533
1.02092,-0.197689,0.00215808,-0.0171631,0.721091,-0.688907,0.0609068,0.041533
1.02192,-0.197621,0.00207681,-0.0171631,0.721397,-0.688535,0.0614619,0.0415773
1.02291,-0.197621,0.00207681,-0.0171631,0.721397,-0.688535,0.0614619,0.0415773
1.02392,-0.197552,0.00199556,-0.0171631,0.721384,-0.688526,0.0616102,0.0417189
1.02493,-0.197552,0.00199556,-0.0171631,0.721384,-0.688526,0.0616102,0.0417189
1.02594,-0.197484,0.00191434,-0.0171631,0.721126,-0.68883,0.061691,0.0410513
1.02692,-0.197484,0.00191434,-0.0171631,0.721126,-0.68883,0.061691,0.0410513
1.02794,-0.197347,0.00175198,-0.0171631,0.721101,-0.688813,0.0619875,0.0413345
1.02893,-0.197347,0.00175198,-0.0171631,0.721101,-0.688813,0.0619875,0.0413345
1.02993,-0.197278,0.00167085,-0.0171631,0.721088,-0.688804,0.0621358,0.0414761
1.03092,-0.197278,0.00167085,-0.0171631,0.721088,-0.688804,0.0621358,0.0414761
1.03192,-0.19721,0.00158974,-0.0171631,0.721101,-0.688835,0.0618438,0.0411568
1.03293,-0.19721,0.00158974,-0.0171631,0.721101,-0.688835,0.0618438,0.0411568
1.03394,-0.197141,0.00150866,-0.0171631,0.721089,-0.688827,0.061992,0.0412985
1.03492,-0.197141,0.00150866,-0.0171631,0.721089,-0.688827,0.061992,0.0412985
1.03591,-0.197073,0.00142761,-0.0171631,0.721102,-0.688858,0.0617,0.0409792
1.03692,-0.197073,0.00142761,-0.0171631,0.721102,-0.688858,0.0617,0.0409792
1.03792,-0.196935,0.0012656,-0.0171631,0.721077,-0.688841,0.0619965,0.0412624
1.03891,-0.196935,0.0012656,-0.0171631,0.721077,-0.688841,0.0619965,0.0412624
1.03992,-0.196867,0.00118463,-0.0171631,0.720816,-0.689146,0.062076,0.0405961
1.04092,-0.196867,0.00118463,-0.0171631,0.720816,-0.689146,0.062076,0.0405961
1.04194,-0.196798,0.0011037,-0.0171631,0.720804,-0.689138,0.0622242,0.0407377
1.04292,-0.196798,0.0011037,-0.0171631,0.720804,-0.689138,0.0622242,0.0407377
1.04394,-0.196729,0.00102279,-0.0171631,0.720817,-0.689169,0.0619319,0.0404187
1.04492,-0.196729,0.00102279,-0.0171631,0.720817,-0.689169,0.0619319,0.0404187
1.04594,-0.19666,0.000941907,-0.0171631,0.720804,-0.689161,0.0620801,0.0405604
1.04693,-0.19666,0.000941907,-0.0171631,0.720804,-0.689161,0.0620801,0.0405604
1.04792,-0.196522,0.000780231,-0.0171631,0.721121,-0.688822,0.0623457,0.040284
1.04893,-0.196522,0.000780231,-0.0171631,0.721121,-0.688822,0.0623457,0.040284
1.04993,-0.196453,0.000699435,-0.0171631,0.721108,-0.688813,0.0624939,0.0404257
1.05092,-0.196453,0.000699435,-0.0171631,0.721108,-0.688813,0.0624939,0.0404257
1.05191,-0.196385,0.000618668,-0.0171631,0.720845,-0.68912,0.0625727,0.0397605
1.05292,-0.196385,0.000618668,-0.0171631,0.720845,-0.68912,0.0625727,0.0397605
1.05392,-0.196247,0.000457219,-0.0171631,0.720845,-0.689143,0.0624287,0.0395831
1.05492,-0.196247,0.000457219,-0.0171631,0.720845,-0.689143,0.0624287,0.0395831
1.05594,-0.196177,0.000376536,-0.0171631,0.720832,-0.689135,0.0625769,0.0397248
1.05693,-0.196177,0.000376536,-0.0171631,0.720832,-0.689135,0.0625769,0.0397248
1.05793,-0.196108,0.000295883,-0.0171631,0.721159,-0.688806,0.0626955,0.039306
1.05892,-0.196108,0.000295883,-0.0171631,0.721159,-0.688806,0.0626955,0.039306
1.05993,-0.196039,0.000215257,-0.0171631,0.721147,-0.688798,0.0628438,0.0394476
1.06092,-0.196039,0.000215257,-0.0171631,0.721147,-0.688798,0.0628438,0.0394476
1.06193,-0.195901,5.4092e-05,-0.0171631,0.721146,-0.688822,0.0627,0.0392699
1.06292,-0.195901,5.4092e-05,-0.0171631,0.721146,-0.688822,0.0627,0.0392699
1.06392,-0.195832,-2.64481e-05,-0.0171631,0.720856,-0.689089,0.0632183,0.039067
1.06493,-0.195832,-2.64481e-05,-0.0171631,0.720856,-0.689089,0.0632183,0.039067
1.06593,-0.195762,-0.00010696,-0.0171631,0.720843,-0.689081,0.0633665,0.0392087
1.06692,-0.195762,-0.00010696,-0.0171631,0.720843,-0.689081,0.0633665,0.0392087
1.06792,-0.195693,-0.000187443,-0.0171631,0.720855,-0.689114,0.0630743,0.0388896
1.06892,-0.195693,-0.000187443,-0.0171631,0.720855,-0.689114,0.0630743,0.0388896
1.06994,-0.195554,-0.000348323,-0.0171631,0.720854,-0.689138,0.0629302,0.0387122
1.07092,-0.195554,-0.000348323,-0.0171631,0.720854,-0.689138,0.0629302,0.0387122
1.07191,-0.195485,-0.000428721,-0.0171631,0.721154,-0.68877,0.0634908,0.0387532
1.07293,-0.195485,-0.000428721,-0.0171631,0.721154,-0.68877,0.0634908,0.0387532
1.07393,-0.195416,-0.00050909,-0.0171631,0.721166,-0.688802,0.0631988,0.0384339
1.07492,-0.195416,-0.00050909,-0.0171631,0.721166,-0.688802,0.0631988,0.0384339
1.07593,-0.195277,-0.000669742,-0.0171631,0.720861,-0.689063,0.0638645,0.0383738
1.07692,-0.195277,-0.000669742,-0.0171631,0.720861,-0.689063,0.0638645,0.0383738
1.07794,-0.195207,-0.000750025,-0.0171631,0.720872,-0.689096,0.0635723,0.0380548
1.07892,-0.195207,-0.000750025,-0.0171631,0.720872,-0.689096,0.0635723,0.0380548
1.07995,-0.195138,-0.00083028,-0.0171631,0.720859,-0.689088,0.0637205,0.0381964
1.08093,-0.195138,-0.00083028,-0.0171631,0.720859,-0.689088,0.0637205,0.0381964
1.08193,-0.195068,-0.000910506,-0.0171631,0.720871,-0.689121,0.0634283,0.0378773
1.08292,-0.195068,-0.000910506,-0.0171631,0.720871,-0.689121,0.0634283,0.0378773
1.08392,-0.194929,-0.00107087,-0.0171631,0.720869,-0.689146,0.0632842,0.0377
1.08494,-0.194929,-0.00107087,-0.0171631,0.720869,-0.689146,0.0632842,0.0377
1.08591,-0.194859,-0.00115101,-0.0171631,0.720599,-0.689457,0.06336,0.0370387
1.08691,-0.194859,-0.00115101,-0.0171631,0.720599,-0.689457,0.06336,0.0370387
1.08792,-0.194789,-0.00123112,-0.0171631,0.720586,-0.689449,0.0635082,0.0371804
1.08893,-0.194789,-0.00123112,-0.0171631,0.720586,-0.689449,0.0635082,0.0371804
1.08993,-0.19472,-0.00131121,-0.0171631,0.720597,-0.689482,0.0632156,0.0368616
1.09091,-0.19472,-0.00131121,-0.0171631,0.720597,-0.689482,0.0632156,0.0368616
1.09193,-0.19465,-0.00139126,-0.0171631,0.720607,-0.689515,0.0629231,0.0365427
1.09292,-0.19465,-0.00139126,-0.0171631,0.720607,-0.689515,0.0629231,0.0365427
1.09393,-0.19458,-0.00147129,-0.0171631,0.720929,-0.689189,0.0630459,0.0361213
1.09492,-0.19458,-0.00147129,-0.0171631,0.720929,-0.689189,0.0630459,0.0361213
1.09592,-0.19444,-0.00163125,-0.0171631,0.720592,-0.689532,0.0629268,0.0365074
1.09693,-0.19444,-0.00163125,-0.0171631,0.720592,-0.689532,0.0629268,0.0365074
1.09793,-0.19437,-0.00171119,-0.0171631,0.720631,-0.689486,0.0634173,0.0357449
1.09894,-0.19437,-0.00171119,-0.0171631,0.720631,-0.689486,0.0634173,0.0357449
1.09992,-0.194301,-0.0017911,-0.0171631,0.720618,-0.689479,0.0635654,0.0358866
1.10092,-0.194301,-0.0017911,-0.0171631,0.720618,-0.689479,0.0635654,0.0358866
1.10192,-0.194231,-0.00187098,-0.0171631,0.720628,-0.689512,0.0632729,0.0355678
1.10292,-0.194231,-0.00187098,-0.0171631,0.720628,-0.689512,0.0632729,0.0355678
1.10392,-0.194161,-0.00195084,-0.0171631,0.720615,-0.689505,0.063421,0.0357095
1.10494,-0.194161,-0.00195084,-0.0171631,0.720615,-0.689505,0.063421,0.0357095
1.10593,-0.19409,-0.00203066,-0.0171631,0.720625,-0.689538,0.0631284,0.0353907
1.10692,-0.19409,-0.00203066,-0.0171631,0.720625,-0.689538,0.0631284,0.0353907
1.10793,-0.19395,-0.00219022,-0.0171631,0.720621,-0.689564,0.062984,0.0352136
1.10892,-0.19395,-0.00219022,-0.0171631,0.720621,-0.689564,0.062984,0.0352136
1.10992,-0.19388,-0.00226996,-0.0171631,0.720325,-0.689836,0.0634984,0.0350156
1.11092,-0.19388,-0.00226996,-0.0171631,0.720325,-0.689836,0.0634984,0.0350156
1.11192,-0.19381,-0.00234967,-0.0171631,0.720334,-0.68987,0.0632056,0.034697
1.11293,-0.19381,-0.00234967,-0.0171631,0.720334,-0.68987,0.0632056,0.034697
1.11393,-0.19374,-0.00242935,-0.0171631,0.720321,-0.689863,0.0633536,0.0348388
1.11492,-0.19374,-0.00242935,-0.0171631,0.720321,-0.689863,0.0633536,0.0348388
1.11594,-0.19367,-0.002509,-0.0171631,0.720308,-0.689855,0.0635017,0.0349807
1.11692,-0.19367,-0.002509,-0.0171631,0.720308,-0.689855,0.0635017,0.0349807
1.11792,-0.193599,-0.00258862,-0.0171631,0.720317,-0.689889,0.0632089,0.0346621
1.11895,-0.193599,-0.00258862,-0.0171631,0.720317,-0.689889,0.0632089,0.0346621
1.11992,-0.193459,-0.00274778,-0.0171631,0.720006,-0.690155,0.0638706,0.0346066
1.12093,-0.193459,-0.00274778,-0.0171631,0.720006,-0.690155,0.0638706,0.0346066
1.12193,-0.193388,-0.00282732,-0.0171631,0.720015,-0.690189,0.0635774,0.0342883
1.12291,-0.193388,-0.00282732,-0.0171631,0.720015,-0.690189,0.0635774,0.0342883
1.12393,-0.193318,-0.00290682,-0.0171631,0.720002,-0.690182,0.0637255,0.0344302
1.12492,-0.193318,-0.00290682,-0.0171631,0.720002,-0.690182,0.0637255,0.0344302
1.12593,-0.193247,-0.0029863,-0.0171631,0.720011,-0.690215,0.0634323,0.0341119
1.12692,-0.193247,-0.0029863,-0.0171631,0.720011,-0.690215,0.0634323,0.0341119
1.12792,-0.193177,-0.00306575,-0.0171631,0.720019,-0.690249,0.0631392,0.0337936
1.12893,-0.193177,-0.00306575,-0.0171631,0.720019,-0.690249,0.0631392,0.0337936
1.12993,-0.193036,-0.00322456,-0.0171631,0.720015,-0.690275,0.0629941,0.0336172
1.13092,-0.193036,-0.00322456,-0.0171631,0.720015,-0.690275,0.0629941,0.0336172
1.13192,-0.192965,-0.00330392,-0.0171631,0.719737,-0.690591,0.063065,0.0329611
1.13292,-0.192965,-0.00330392,-0.0171631,0.719737,-0.690591,0.063065,0.0329611
1.13392,-0.192895,-0.00338325,-0.0171631,0.719765,-0.690664,0.0623301,0.032183
1.13491,-0.192895,-0.00338325,-0.0171631,0.719765,-0.690664,0.0623301,0.032183
1.13595,-0.192824,-0.00346256,-0.0171631,0.720061,-0.690303,0.0628989,0.0322193
1.13693,-0.192824,-0.00346256,-0.0171631,0.720061,-0.690303,0.0628989,0.0322193
1.13793,-0.192753,-0.00354183,-0.0171631,0.720088,-0.690377,0.0621644,0.0314407
1.13892,-0.192753,-0.00354183,-0.0171631,0.720088,-0.690377,0.0621644,0.0314407
1.13993,-0.192612,-0.00370029,-0.0171631,0.720083,-0.690403,0.0620192,0.0312643
1.14092,-0.192612,-0.00370029,-0.0171631,0.720083,-0.690403,0.0620192,0.0312643
1.14192,-0.192541,-0.00377948,-0.0171631,0.719821,-0.69076,0.0616473,0.0301499
1.14292,-0.192541,-0.00377948,-0.0171631,0.719821,-0.69076,0.0616473,0.0301499
1.14392,-0.19247,-0.00385864,-0.0171631,0.719846,-0.690832,0.0609122,0.0293717
1.14493,-0.19247,-0.00385864,-0.0171631,0.719846,-0.690832,0.0609122,0.0293717
1.14593,-0.1924,-0.00393777,-0.0171631,0.719871,-0.690903,0.0601771,0.0285935
1.14692,-0.1924,-0.00393777,-0.0171631,0.719871,-0.690903,0.0601771,0.0285935
1.14792,-0.192329,-0.00401687,-0.0171631,0.719894,-0.690974,0.0594418,0.0278153
1.14892,-0.192329,-0.00401687,-0.0171631,0.719894,-0.690974,0.0594418,0.0278153
1.14992,-0.192187,-0.00417498,-0.0171631,0.719888,-0.691001,0.0592961,0.0276393
1.15094,-0.192187,-0.00417498,-0.0171631,0.719888,-0.691001,0.0592961,0.0276393
1.15192,-0.192116,-0.00425399,-0.0171631,0.719601,-0.691319,0.0593633,0.0269872
1.15293,-0.192116,-0.00425399,-0.0171631,0.719601,-0.691319,0.0593633,0.0269872
1.15393,-0.192045,-0.00433298,-0.0171631,0.719589,-0.691313,0.0595113,0.0271293
1.15491,-0.192045,-0.00433298,-0.0171631,0.719589,-0.691313,0.0595113,0.0271293
1.15593,-0.191974,-0.00441193,-0.0171631,0.719594,-0.691345,0.0592173,0.0268115
1.15692,-0.191974,-0.00441193,-0.0171631,0.719594,-0.691345,0.0592173,0.0268115
1.15792,-0.191903,-0.00449085,-0.0171631,0.719904,-0.691028,0.0593487,0.0263848
1.15893,-0.191903,-0.00449085,-0.0171631,0.719904,-0.691028,0.0593487,0.0263848
1.15992,-0.191761,-0.00464862,-0.0171631,0.719282,-0.691653,0.0595794,0.0264446
1.16093,-0.191761,-0.00464862,-0.0171631,0.719282,-0.691653,0.0595794,0.0264446
1.16193,-0.19169,-0.00472745,-0.0171631,0.719592,-0.691336,0.0597112,0.0260181
1.16294,-0.19169,-0.00472745,-0.0171631,0.719592,-0.691336,0.0597112,0.0260181
1.16392,-0.191618,-0.00480626,-0.0171631,0.719579,-0.691331,0.0598591,0.0261603
1.16492,-0.191618,-0.00480626,-0.0171631,0.719579,-0.691331,0.0598591,0.0261603
1.16594,-0.191547,-0.00488504,-0.0171631,0.719584,-0.691363,0.0595651,0.0258425
1.16694,-0.191547,-0.00488504,-0.0171631,0.719584,-0.691363,0.0595651,0.0258425
1.16792,-0.191476,-0.00496379,-0.0171631,0.719571,-0.691358,0.0597131,0.0259846
1.16893,-0.191476,-0.00496379,-0.0171631,0.719571,-0.691358,0.0597131,0.0259846
1.16993,-0.191405,-0.00504251,-0.0171631,0.719576,-0.691391,0.0594191,0.0256668
1.17091,-0.191405,-0.00504251,-0.0171631,0.719576,-0.691391,0.0594191,0.0256668
1.17193,-0.191262,-0.00519986,-0.0171631,0.719257,-0.691668,0.0600744,0.025619
1.17292,-0.191262,-0.00519986,-0.0171631,0.719257,-0.691668,0.0600744,0.025619
1.17392,-0.191191,-0.00527849,-0.0171631,0.719261,-0.691701,0.0597801,0.0253015
1.17492,-0.191191,-0.00527849,-0.0171631,0.719261,-0.691701,0.0597801,0.0253015
1.17592,-0.191119,-0.0053571,-0.0171631,0.719265,-0.691734,0.0594859,0.024984
1.17693,-0.191119,-0.0053571,-0.0171631,0.719265,-0.691734,0.0594859,0.024984
1.17793,-0.191048,-0.00543567,-0.0171631,0.719253,-0.691728,0.0596338,0.0251262
1.17892,-0.191048,-0.00543567,-0.0171631,0.719253,-0.691728,0.0596338,0.0251262
1.17992,-0.190976,-0.00551421,-0.0171631,0.71956,-0.691413,0.0597673,0.0246984
1.18092,-0.190976,-0.00551421,-0.0171631,0.71956,-0.691413,0.0597673,0.0246984
1.18191,-0.190905,-0.00559273,-0.0171631,0.719547,-0.691408,0.0599153,0.0248406
1.18294,-0.190905,-0.00559273,-0.0171631,0.719547,-0.691408,0.0599153,0.0248406
1.18391,-0.190833,-0.00567121,-0.0171631,0.719551,-0.691441,0.0596213,0.0245228
1.18495,-0.190833,-0.00567121,-0.0171631,0.719551,-0.691441,0.0596213,0.0245228
1.18595,-0.190762,-0.00574967,-0.0171631,0.719554,-0.691474,0.0593272,0.024205
1.18694,-0.190762,-0.00574967,-0.0171631,0.719554,-0.691474,0.0593272,0.024205
1.18793,-0.19069,-0.00582809,-0.0171631,0.719557,-0.691507,0.0590332,0.0238873
1.18891,-0.19069,-0.00582809,-0.0171631,0.719557,-0.691507,0.0590332,0.0238873
1.18992,-0.190618,-0.00590649,-0.0171631,0.719249,-0.691791,0.059539,0.0236994
1.19091,-0.190618,-0.00590649,-0.0171631,0.719249,-0.691791,0.059539,0.0236994
1.19191,-0.190475,-0.0060632,-0.0171631,0.719239,-0.691819,0.0593926,0.0235241
1.19294,-0.190475,-0.0060632,-0.0171631,0.719239,-0.691819,0.0593926,0.0235241
1.19393,-0.190403,-0.00614151,-0.0171631,0.719227,-0.691815,0.0595405,0.0236663
1.19492,-0.190403,-0.00614151,-0.0171631,0.719227,-0.691815,0.0595405,0.0236663
1.19594,-0.190331,-0.00621978,-0.0171631,0.71923,-0.691848,0.0592461,0.0233489
1.19692,-0.190331,-0.00621978,-0.0171631,0.71923,-0.691848,0.0592461,0.0233489
1.19794,-0.19026,-0.00629803,-0.0171631,0.719218,-0.691843,0.059394,0.0234911
1.19891,-0.19026,-0.00629803,-0.0171631,0.719218,-0.691843,0.059394,0.0234911
1.19991,-0.190188,-0.00637625,-0.0171631,0.71922,-0.691876,0.0590996,0.0231736
1.20093,-0.190188,-0.00637625,-0.0171631,0.71922,-0.691876,0.0590996,0.0231736
1.20193,-0.190116,-0.00645444,-0.0171631,0.719223,-0.691909,0.0588053,0.0228562
1.20291,-0.190116,-0.00645444,-0.0171631,0.719223,-0.691909,0.0588053,0.0228562
1.20393,-0.190044,-0.0065326,-0.0171631,0.719211,-0.691904,0.0589531,0.0229984
1.20492,-0.190044,-0.0065326,-0.0171631,0.719211,-0.691904,0.0589531,0.0229984
1.20592,-0.1899,-0.00668884,-0.0171631,0.718903,-0.692223,0.0591629,0.0224947
1.20692,-0.1899,-0.00668884,-0.0171631,0.718903,-0.692223,0.0591629,0.0224947
1.20791,-0.189828,-0.00676691,-0.0171631,0.71889,-0.692218,0.0593107,0.022637
1.20893,-0.189828,-0.00676691,-0.0171631,0.71889,-0.692218,0.0593107,0.022637
1.20993,-0.189756,-0.00684495,-0.0171631,0.718893,-0.692252,0.0590161,0.0223198
1.21092,-0.189756,-0.00684495,-0.0171631,0.718893,-0.692252,0.0590161,0.0223198
1.21193,-0.189684,-0.00692296,-0.0171631,0.718895,-0.692285,0.0587214,0.0220027
1.21291,-0.189684,-0.00692296,-0.0171631,0.718895,-0.692285,0.0587214,0.0220027
1.21392,-0.189612,-0.00700095,-0.0171631,0.718897,-0.692318,0.0584267,0.0216855
1.21491,-0.189612,-0.00700095,-0.0171631,0.718897,-0.692318,0.0584267,0.0216855
1.21591,-0.18954,-0.0070789,-0.0171631,0.718885,-0.692313,0.0585745,0.0218278
1.21696,-0.18954,-0.0070789,-0.0171631,0.718885,-0.692313,0.0585745,0.0218278
1.21793,-0.189396,-0.00723472,-0.0171631,0.718888,-0.692379,0.057985,0.0211935
1.21892,-0.189396,-0.00723472,-0.0171631,0.718888,-0.692379,0.057985,0.0211935
1.21992,-0.189323,-0.00731258,-0.0171631,0.718876,-0.692374,0.0581328,0.0213359
1.22092,-0.189323,-0.00731258,-0.0171631,0.718876,-0.692374,0.0581328,0.0213359
1.22192,-0.189251,-0.00739042,-0.0171631,0.718878,-0.692407,0.0578381,0.0210187
1.22292,-0.189251,-0.00739042,-0.0171631,0.718878,-0.692407,0.0578381,0.0210187
1.22391,-0.189179,-0.00746822,-0.0171631,0.718879,-0.69244,0.0575433,0.0207016
1.22493,-0.189179,-0.00746822,-0.0171631,0.718879,-0.69244,0.0575433,0.0207016
1.22593,-0.189034,-0.00762374,-0.0171631,0.719168,-0.692124,0.0578297,0.0204122
1.22691,-0.189034,-0.00762374,-0.0171631,0.719168,-0.692124,0.0578297,0.0204122
1.22793,-0.188962,-0.00770146,-0.0171631,0.719169,-0.692157,0.0575352,0.0200949
1.22891,-0.188962,-0.00770146,-0.0171631,0.719169,-0.692157,0.0575352,0.0200949
1.22991,-0.188889,-0.00777915,-0.0171631,0.718868,-0.692483,0.0575944,0.0194521
1.23092,-0.188889,-0.00777915,-0.0171631,0.718868,-0.692483,0.0575944,0.0194521
1.23191,-0.188817,-0.0078568,-0.0171631,0.719158,-0.692186,0.0573885,0.0199198
1.23293,-0.188817,-0.0078568,-0.0171631,0.719158,-0.692186,0.0573885,0.0199198
1.23393,-0.188672,-0.00801202,-0.0171631,0.719147,-0.692214,0.0572417,0.0197448
1.23491,-0.188672,-0.00801202,-0.0171631,0.719147,-0.692214,0.0572417,0.0197448
1.23593,-0.188599,-0.00808959,-0.0171631,0.718845,-0.692541,0.0573003,0.0191026
1.23692,-0.188599,-0.00808959,-0.0171631,0.718845,-0.692541,0.0573003,0.0191026
1.23792,-0.188527,-0.00816713,-0.0171631,0.718846,-0.692574,0.0570054,0.0187855
1.23891,-0.188527,-0.00816713,-0.0171631,0.718846,-0.692574,0.0570054,0.0187855
1.23991,-0.188382,-0.00832211,-0.0171631,0.718834,-0.692602,0.0568583,0.0186108
1.24093,-0.188382,-0.00832211,-0.0171631,0.718834,-0.692602,0.0568583,0.0186108
1.24193,-0.188309,-0.00839956,-0.0171631,0.718834,-0.692635,0.0565634,0.0182938
1.24291,-0.188309,-0.00839956,-0.0171631,0.718834,-0.692635,0.0565634,0.0182938
1.24393,-0.188236,-0.00847698,-0.0171631,0.718834,-0.692667,0.0562684,0.0179767
1.24491,-0.188236,-0.00847698,-0.0171631,0.718834,-0.692667,0.0562684,0.0179767
1.24591,-0.188164,-0.00855437,-0.0171631,0.718834,-0.692699,0.0559735,0.0176597
1.24691,-0.188164,-0.00855437,-0.0171631,0.718834,-0.692699,0.0559735,0.0176597
1.24791,-0.188018,-0.00870905,-0.0171631,0.718823,-0.692728,0.0558263,0.017485
1.24893,-0.188018,-0.00870905,-0.0171631,0.718823,-0.692728,0.0558263,0.017485
1.24993,-0.187945,-0.00878635,-0.0171631,0.718822,-0.69276,0.0555313,0.017168
1.25091,-0.187945,-0.00878635,-0.0171631,0.718822,-0.69276,0.0555313,0.017168
1.25194,-0.187872,-0.00886362,-0.0171631,0.718822,-0.692792,0.0552363,0.016851
1.25304,-0.187872,-0.00886362,-0.0171631,0.718822,-0.692792,0.0552363,0.016851
1.25393,-0.187727,-0.00901806,-0.0171631,0.71882,-0.692855,0.0546461,0.016217
1.25492,-0.187727,-0.00901806,-0.0171631,0.71882,-0.692855,0.0546461,0.016217
1.25591,-0.187654,-0.00909524,-0.0171631,0.718809,-0.692852,0.0547939,0.0163594
1.25693,-0.187654,-0.00909524,-0.0171631,0.718809,-0.692852,0.0547939,0.0163594
1.25793,-0.187581,-0.00917239,-0.0171631,0.718808,-0.692883,0.0544989,0.0160424
1.25891,-0.187581,-0.00917239,-0.0171631,0.718808,-0.692883,0.0544989,0.0160424
1.25993,-0.187435,-0.00932659,-0.0171631,0.718796,-0.692912,0.0543515,0.0158679
1.26092,-0.187435,-0.00932659,-0.0171631,0.718796,-0.692912,0.0543515,0.0158679
1.26191,-0.187361,-0.00940365,-0.0171631,0.718805,-0.692978,0.0536135,0.0150915
1.26292,-0.187361,-0.00940365,-0.0171631,0.718805,-0.692978,0.0536135,0.0150915
1.26391,-0.187288,-0.00948068,-0.0171631,0.718803,-0.693009,0.0533183,0.0147745
1.26493,-0.187288,-0.00948068,-0.0171631,0.718803,-0.693009,0.0533183,0.0147745
1.26593,-0.187142,-0.00963464,-0.0171631,0.718781,-0.693002,0.0536139,0.0150594
1.26693,-0.187142,-0.00963464,-0.0171631,0.718781,-0.693002,0.0536139,0.0150594
1.26791,-0.187069,-0.00971158,-0.0171631,0.71878,-0.693034,0.0533187,0.0147425
1.2689,-0.187069,-0.00971158,-0.0171631,0.71878,-0.693034,0.0533187,0.0147425
1.26992,-0.186996,-0.00978849,-0.0171631,0.718778,-0.693065,0.0530235,0.0144256
1.27091,-0.186996,-0.00978849,-0.0171631,0.718778,-0.693065,0.0530235,0.0144256
1.27191,-0.186849,-0.00994221,-0.0171631,0.718765,-0.693093,0.052876,0.0142511
1.27291,-0.186849,-0.00994221,-0.0171631,0.718765,-0.693093,0.052876,0.0142511
1.27393,-0.186776,-0.010019,-0.0171631,0.718764,-0.693123,0.0525808,0.0139342
1.27493,-0.186776,-0.010019,-0.0171631,0.718764,-0.693123,0.0525808,0.0139342
1.27593,-0.186702,-0.0100958,-0.0171631,0.718762,-0.693154,0.0522855,0.0136173
1.27691,-0.186702,-0.0100958,-0.0171631,0.718762,-0.693154,0.0522855,0.0136173
1.27791,-0.186556,-0.0102493,-0.0171631,0.718749,-0.693182,0.052138,0.0134429
1.27891,-0.186556,-0.0102493,-0.0171631,0.718749,-0.693182,0.052138,0.0134429
1.27991,-0.186482,-0.010326,-0.0171631,0.718747,-0.693212,0.0518427,0.013126
1.28091,-0.186482,-0.010326,-0.0171631,0.718747,-0.693212,0.0518427,0.013126
1.28191,-0.186335,-0.0104793,-0.0171631,0.718734,-0.69324,0.0516952,0.0129517
1.28293,-0.186335,-0.0104793,-0.0171631,0.718734,-0.69324,0.0516952,0.0129517
1.28392,-0.186262,-0.0105559,-0.0171631,0.718429,-0.693605,0.051303,0.0118574
1.28492,-0.186262,-0.0105559,-0.0171631,0.718429,-0.693605,0.051303,0.0118574
1.28633,-0.186188,-0.0106325,-0.0171631,0.718736,-0.693333,0.0506613,0.0118585
1.28691,-0.186188,-0.0106325,-0.0171631,0.718736,-0.693333,0.0506613,0.0118585
1.28793,-0.186188,-0.0106325,-0.0171631,0.718736,-0.693333,0.0506613,0.0118585
1.289,-0.186041,-0.0107855,-0.0171631,0.718412,-0.693663,0.0508594,0.0113669
1.28996,-0.186041,-0.0107855,-0.0171631,0.718412,-0.693663,0.0508594,0.0113669
1.29093,-0.185967,-0.010862,-0.0171631,0.718409,-0.693693,0.0505637,0.0110503
1.29192,-0.185967,-0.010862,-0.0171631,0.718409,-0.693693,0.0505637,0.0110503
1.29295,-0.18582,-0.0110149,-0.0171631,0.718102,-0.694054,0.0499721,0.0109996
1.29393,-0.18582,-0.0110149,-0.0171631,0.718102,-0.694054,0.0499721,0.0109996
1.29493,-0.185746,-0.0110913,-0.0171631,0.718411,-0.69378,0.0493314,0.0110001
1.29592,-0.185746,-0.0110913,-0.0171631,0.718411,-0.69378,0.0493314,0.0110001
1.29693,-0.185672,-0.0111677,-0.0171631,0.7187,-0.693477,0.0494796,0.0105595
1.29793,-0.185672,-0.0111677,-0.0171631,0.7187,-0.693477,0.0494796,0.0105595
1.29895,-0.185524,-0.0113203,-0.0171631,0.718367,-0.693776,0.0501197,0.0105285
1.29993,-0.185524,-0.0113203,-0.0171631,0.718367,-0.693776,0.0501197,0.0105285
1.30093,-0.18545,-0.0113966,-0.0171631,0.718072,-0.694138,0.0493793,0.0103361
1.30191,-0.18545,-0.0113966,-0.0171631,0.718072,-0.694138,0.0493793,0.0103361
1.30293,-0.185376,-0.0114728,-0.0171631,0.718068,-0.694168,0.0490833,0.0100199
1.30392,-0.185376,-0.0114728,-0.0171631,0.718068,-0.694168,0.0490833,0.0100199
1.30492,-0.185229,-0.0116252,-0.0171631,0.718048,-0.694163,0.0493785,0.0103053
1.30594,-0.185229,-0.0116252,-0.0171631,0.718048,-0.694163,0.0493785,0.0103053
1.30692,-0.185155,-0.0117014,-0.0171631,0.718044,-0.694193,0.0490825,0.00998906
1.30794,-0.185155,-0.0117014,-0.0171631,0.718044,-0.694193,0.0490825,0.00998906
1.30893,-0.18508,-0.0117775,-0.0171631,0.718034,-0.694191,0.0492301,0.0101318
1.30993,-0.18508,-0.0117775,-0.0171631,0.718034,-0.694191,0.0492301,0.0101318
1.31093,-0.184932,-0.0119296,-0.0171631,0.71802,-0.694218,0.0490816,0.00995829
1.31194,-0.184932,-0.0119296,-0.0171631,0.71802,-0.694218,0.0490816,0.00995829
1.31291,-0.184858,-0.0120057,-0.0171631,0.71801,-0.694216,0.0492292,0.010101
1.31393,-0.184858,-0.0120057,-0.0171631,0.71801,-0.694216,0.0492292,0.010101
1.31492,-0.18471,-0.0121576,-0.0171631,0.71799,-0.694212,0.0495245,0.0103865
1.31592,-0.18471,-0.0121576,-0.0171631,0.71799,-0.694212,0.0495245,0.0103865
1.31693,-0.184635,-0.0122336,-0.0171631,0.71798,-0.69421,0.0496721,0.0105292
1.31803,-0.184635,-0.0122336,-0.0171631,0.71798,-0.69421,0.0496721,0.0105292
1.31893,-0.184561,-0.0123095,-0.0171631,0.717976,-0.694239,0.049376,0.010213
1.31992,-0.184561,-0.0123095,-0.0171631,0.717976,-0.694239,0.049376,0.010213
1.32092,-0.184413,-0.0124612,-0.0171631,0.717962,-0.694266,0.0492274,0.0100396
1.32193,-0.184413,-0.0124612,-0.0171631,0.717962,-0.694266,0.0492274,0.0100396
1.32292,-0.184338,-0.012537,-0.0171631,0.718242,-0.693934,0.0498216,0.0100562
1.32393,-0.184338,-0.012537,-0.0171631,0.718242,-0.693934,0.0498216,0.0100562
1.32494,-0.184189,-0.0126885,-0.0171631,0.717938,-0.694292,0.0492265,0.0100089
1.32592,-0.184189,-0.0126885,-0.0171631,0.717938,-0.694292,0.0492265,0.0100089
1.32695,-0.184115,-0.0127643,-0.0171631,0.717928,-0.69429,0.0493741,0.0101517
1.32793,-0.184115,-0.0127643,-0.0171631,0.717928,-0.69429,0.0493741,0.0101517
1.32891,-0.18404,-0.01284,-0.0171631,0.718214,-0.693989,0.0495251,0.00970879
1.32993,-0.18404,-0.01284,-0.0171631,0.718214,-0.693989,0.0495251,0.00970879
1.33092,-0.183891,-0.0129912,-0.0171631,0.7182,-0.694017,0.0493768,0.0095351
1.33192,-0.183891,-0.0129912,-0.0171631,0.7182,-0.694017,0.0493768,0.0095351
1.33293,-0.183817,-0.0130668,-0.0171631,0.718196,-0.694047,0.0490809,0.00921873
1.33391,-0.183817,-0.0130668,-0.0171631,0.718196,-0.694047,0.0490809,0.00921873
1.33493,-0.183668,-0.013218,-0.0171631,0.718176,-0.694043,0.0493762,0.00950412
1.33593,-0.183668,-0.013218,-0.0171631,0.718176,-0.694043,0.0493762,0.00950412
1.33694,-0.183593,-0.0132935,-0.0171631,0.718171,-0.694072,0.0490802,0.00918777
1.33792,-0.183593,-0.0132935,-0.0171631,0.718171,-0.694072,0.0490802,0.00918777
1.33893,-0.183443,-0.0134444,-0.0171631,0.71784,-0.694408,0.0492723,0.00870218
1.33992,-0.183443,-0.0134444,-0.0171631,0.71784,-0.694408,0.0492723,0.00870218
1.34095,-0.183294,-0.0135952,-0.0171631,0.717825,-0.694436,0.0491236,0.00852889
1.34193,-0.183294,-0.0135952,-0.0171631,0.717825,-0.694436,0.0491236,0.00852889
1.34293,-0.183219,-0.0136705,-0.0171631,0.717821,-0.694465,0.0488273,0.00821285
1.34393,-0.183219,-0.0136705,-0.0171631,0.717821,-0.694465,0.0488273,0.00821285
1.34493,-0.183069,-0.0138212,-0.0171631,0.717806,-0.694493,0.0486785,0.0080396
1.34593,-0.183069,-0.0138212,-0.0171631,0.717806,-0.694493,0.0486785,0.0080396
1.34692,-0.182994,-0.0138964,-0.0171631,0.718088,-0.694195,0.0488321,0.00759479
1.34795,-0.182994,-0.0138964,-0.0171631,0.718088,-0.694195,0.0488321,0.00759479
1.34891,-0.182844,-0.0140469,-0.0171631,0.718077,-0.694254,0.0482399,0.00696228
1.3499,-0.182844,-0.0140469,-0.0171631,0.718077,-0.694254,0.0482399,0.00696228
1.35091,-0.182769,-0.014122,-0.0171631,0.718076,-0.694314,0.0474999,0.00618706
1.35194,-0.182769,-0.014122,-0.0171631,0.718076,-0.694314,0.0474999,0.00618706
1.35292,-0.182619,-0.0142723,-0.0171631,0.71806,-0.694342,0.0473514,0.00601358
1.35393,-0.182619,-0.0142723,-0.0171631,0.71806,-0.694342,0.0473514,0.00601358
1.35493,-0.182469,-0.0144224,-0.0171631,0.718045,-0.69437,0.0472028,0.00584013
1.35592,-0.182469,-0.0144224,-0.0171631,0.718045,-0.69437,0.0472028,0.00584013
1.35693,-0.182394,-0.0144974,-0.0171631,0.718042,-0.694429,0.0464628,0.00506498
1.35791,-0.182394,-0.0144974,-0.0171631,0.718042,-0.694429,0.0464628,0.00506498
1.35893,-0.182243,-0.0146474,-0.0171631,0.718312,-0.694132,0.0467665,0.00476046
1.35993,-0.182243,-0.0146474,-0.0171631,0.718312,-0.694132,0.0467665,0.00476046
1.36092,-0.182093,-0.0147972,-0.0171631,0.718295,-0.69416,0.0466181,0.00458676
1.36193,-0.182093,-0.0147972,-0.0171631,0.718295,-0.69416,0.0466181,0.00458676
1.36293,-0.182018,-0.014872,-0.0171631,0.718289,-0.694188,0.0463221,0.00427036
1.36393,-0.182018,-0.014872,-0.0171631,0.718289,-0.694188,0.0463221,0.00427036
1.36493,-0.181865,-0.01502,-0.0171088,0.717952,-0.694558,0.046066,0.00333114
1.36592,-0.181865,-0.01502,-0.0171088,0.717952,-0.694558,0.046066,0.00333114
1.36692,-0.18179,-0.0150947,-0.0171088,0.718229,-0.694264,0.0462235,0.00288296
1.36793,-0.18179,-0.0150947,-0.0171088,0.718229,-0.694264,0.0462235,0.00288296
1.36892,-0.181639,-0.0152442,-0.0171088,0.718212,-0.694292,0.0460751,0.00270937
1.36993,-0.181639,-0.0152442,-0.0171088,0.718212,-0.694292,0.0460751,0.00270937
1.37093,-0.181563,-0.0153188,-0.0171088,0.718204,-0.694321,0.0457789,0.00239305
1.37191,-0.181563,-0.0153188,-0.0171088,0.718204,-0.694321,0.0457789,0.00239305
1.3729,-0.181412,-0.0154681,-0.0171088,0.718187,-0.694349,0.0456305,0.0022195
1.37393,-0.181412,-0.0154681,-0.0171088,0.718187,-0.694349,0.0456305,0.0022195
1.37492,-0.181337,-0.0155427,-0.0171088,0.718179,-0.694378,0.0453343,0.00190321
1.37594,-0.181337,-0.0155427,-0.0171088,0.718179,-0.694378,0.0453343,0.00190321
1.37693,-0.181185,-0.0156917,-0.0171088,0.718161,-0.694406,0.0451857,0.0017297
1.37793,-0.181185,-0.0156917,-0.0171088,0.718161,-0.694406,0.0451857,0.0017297
1.37893,-0.181034,-0.0158407,-0.0171088,0.718144,-0.694434,0.0450372,0.00155621
1.37993,-0.181034,-0.0158407,-0.0171088,0.718144,-0.694434,0.0450372,0.00155621
1.38091,-0.180958,-0.0159151,-0.0171088,0.718134,-0.694434,0.0451848,0.00169899
1.38192,-0.180958,-0.0159151,-0.0171088,0.718134,-0.694434,0.0451848,0.00169899
1.38293,-0.180882,-0.0159895,-0.0171088,0.718408,-0.694141,0.0453446,0.0012486
1.38392,-0.180882,-0.0159895,-0.0171088,0.718408,-0.694141,0.0453446,0.0012486
1.38492,-0.180731,-0.0161382,-0.0171088,0.71839,-0.69417,0.0451963,0.00107485
1.38593,-0.180731,-0.0161382,-0.0171088,0.71839,-0.69417,0.0451963,0.00107485
1.38692,-0.180579,-0.0162868,-0.0171088,0.718372,-0.694169,0.0454917,0.00136029
1.38793,-0.180503,-0.016361,-0.0171088,0.718363,-0.694198,0.0451957,0.00104385
1.38891,-0.180503,-0.016361,-0.0171088,0.718363,-0.694198,0.0451957,0.00104385
1.38989,-0.180503,-0.016361,-0.0171088,0.718363,-0.694198,0.0451957,0.00104385
1.39096,-0.180351,-0.0165094,-0.0171088,0.718345,-0.694226,0.0450473,0.000870147
1.39193,-0.180351,-0.0165094,-0.0171088,0.718345,-0.694226,0.0450473,0.000870147
1.39296,-0.180275,-0.0165835,-0.0171088,0.718336,-0.694255,0.0447513,0.000553729
1.39391,-0.180123,-0.0167317,-0.0171088,0.718318,-0.694283,0.0446029,0.000380069
1.39492,-0.180123,-0.0167317,-0.0171088,0.718318,-0.694283,0.0446029,0.000380069
1.39592,-0.180047,-0.0168058,-0.0171088,0.718589,-0.694021,0.044321,-0.000531578
1.39691,-0.180047,-0.0168058,-0.0171088,0.718589,-0.694021,0.044321,-0.000531578
1.39793,-0.17997,-0.0168798,-0.0171088,0.718252,-0.694367,0.0443568,-0.00114866
1.39893,-0.17997,-0.0168798,-0.0171088,0.718252,-0.694367,0.0443568,-0.00114866
1.39992,-0.179818,-0.0170278,-0.0171088,0.718233,-0.694396,0.0442083,-0.00132222
1.40093,-0.179818,-0.0170278,-0.0171088,0.718233,-0.694396,0.0442083,-0.00132222
1.40192,-0.179742,-0.0171017,-0.0171088,0.718223,-0.694424,0.0439121,-0.00163853
1.40291,-0.179742,-0.0171017,-0.0171088,0.718223,-0.694424,0.0439121,-0.00163853
1.40393,-0.179589,-0.0172494,-0.0171088,0.718204,-0.694453,0.0437636,-0.00181204
1.40491,-0.179589,-0.0172494,-0.0171088,0.718204,-0.694453,0.0437636,-0.00181204
1.40592,-0.179513,-0.0173233,-0.0171088,0.718522,-0.694162,0.0431369,-0.00182909
1.40693,-0.179513,-0.0173233,-0.0171088,0.718522,-0.694162,0.0431369,-0.00182909
1.40793,-0.17936,-0.0174708,-0.0171088,0.718174,-0.69451,0.0433187,-0.0023018
1.40892,-0.17936,-0.0174708,-0.0171088,0.718174,-0.69451,0.0433187,-0.0023018
1.40993,-0.179284,-0.0175446,-0.0171088,0.718165,-0.69451,0.0434664,-0.00215901
1.41092,-0.179284,-0.0175446,-0.0171088,0.718165,-0.69451,0.0434664,-0.00215901
1.41191,-0.179131,-0.017692,-0.0171088,0.718146,-0.694539,0.0433178,-0.00233246
1.4129,-0.179131,-0.017692,-0.0171088,0.718146,-0.694539,0.0433178,-0.00233246
1.41393,-0.179054,-0.0177656,-0.0171088,0.718136,-0.694567,0.0430215,-0.00264868
1.41493,-0.179054,-0.0177656,-0.0171088,0.718136,-0.694567,0.0430215,-0.00264868
1.41593,-0.178901,-0.0179128,-0.0171088,0.718118,-0.694568,0.0433168,-0.00236308
1.41693,-0.178901,-0.0179128,-0.0171088,0.718118,-0.694568,0.0433168,-0.00236308
1.41791,-0.178825,-0.0179863,-0.0171088,0.718107,-0.694596,0.0430204,-0.00267928
1.41893,-0.178825,-0.0179863,-0.0171088,0.718107,-0.694596,0.0430204,-0.00267928
1.41992,-0.178671,-0.0181333,-0.0171088,0.718088,-0.694625,0.0428717,-0.00285265
1.4209,-0.178671,-0.0181333,-0.0171088,0.718088,-0.694625,0.0428717,-0.00285265
1.42195,-0.178595,-0.0182068,-0.0171088,0.718356,-0.69431,0.0434807,-0.00284863
1.42293,-0.178595,-0.0182068,-0.0171088,0.718356,-0.69431,0.0434807,-0.00284863
1.42392,-0.178441,-0.0183536,-0.0171088,0.71806,-0.694654,0.0428706,-0.00288318
1.42493,-0.178441,-0.0183536,-0.0171088,0.71806,-0.694654,0.0428706,-0.00288318
1.42593,-0.178364,-0.018427,-0.0171088,0.718326,-0.694367,0.0430362,-0.00333867
1.42694,-0.178364,-0.018427,-0.0171088,0.718326,-0.694367,0.0430362,-0.00333867
1.42793,-0.178287,-0.0185003,-0.0171088,0.718317,-0.694367,0.0431838,-0.00319591
1.42891,-0.178287,-0.0185003,-0.0171088,0.718317,-0.694367,0.0431838,-0.00319591
1.42992,-0.178134,-0.0186468,-0.0171088,0.718297,-0.694396,0.0430354,-0.00336951
1.43092,-0.178134,-0.0186468,-0.0171088,0.718297,-0.694396,0.0430354,-0.00336951
1.43193,-0.178057,-0.0187201,-0.0171088,0.718286,-0.694424,0.0427392,-0.00368586
1.43292,-0.178057,-0.0187201,-0.0171088,0.718286,-0.694424,0.0427392,-0.00368586
1.43393,-0.177903,-0.0188664,-0.0171088,0.718266,-0.694453,0.0425907,-0.00385942
1.43493,-0.177903,-0.0188664,-0.0171088,0.718266,-0.694453,0.0425907,-0.00385942
1.43591,-0.177826,-0.0189396,-0.0171088,0.718257,-0.694454,0.0427383,-0.00371664
1.4369,-0.177826,-0.0189396,-0.0171088,0.718257,-0.694454,0.0427383,-0.00371664
1.43793,-0.177672,-0.0190858,-0.0171088,0.718237,-0.694483,0.0425898,-0.00389017
1.43891,-0.177672,-0.0190858,-0.0171088,0.718237,-0.694483,0.0425898,-0.00389017
1.43995,-0.177595,-0.0191588,-0.0171088,0.718226,-0.694511,0.0422936,-0.00420646
1.44092,-0.177595,-0.0191588,-0.0171088,0.718226,-0.694511,0.0422936,-0.00420646
1.44192,-0.17744,-0.0193048,-0.0171088,0.718206,-0.69454,0.042145,-0.00437994
1.44293,-0.17744,-0.0193048,-0.0171088,0.718206,-0.69454,0.042145,-0.00437994
1.44393,-0.177363,-0.0193777,-0.0171088,0.718469,-0.694254,0.0423127,-0.00483762
1.44491,-0.177363,-0.0193777,-0.0171088,0.718469,-0.694254,0.0423127,-0.00483762
1.44591,-0.177209,-0.0195235,-0.0171088,0.718448,-0.694283,0.0421644,-0.00501136
1.44693,-0.177209,-0.0195235,-0.0171088,0.718448,-0.694283,0.0421644,-0.00501136
1.44792,-0.177054,-0.0196692,-0.0171088,0.718427,-0.694312,0.042016,-0.00518509
1.44892,-0.177054,-0.0196692,-0.0171088,0.718427,-0.694312,0.042016,-0.00518509
1.44993,-0.176977,-0.019742,-0.0171088,0.718419,-0.694314,0.0421637,-0.00504233
1.45093,-0.176977,-0.019742,-0.0171088,0.718419,-0.694314,0.0421637,-0.00504233
1.45192,-0.176822,-0.0198875,-0.0171088,0.718398,-0.694343,0.0420153,-0.00521602
1.45291,-0.176822,-0.0198875,-0.0171088,0.718398,-0.694343,0.0420153,-0.00521602
1.45392,-0.176745,-0.0199602,-0.0171088,0.718386,-0.69437,0.0417192,-0.00553245
1.45491,-0.176745,-0.0199602,-0.0171088,0.718386,-0.69437,0.0417192,-0.00553245
1.45593,-0.17659,-0.0201055,-0.0171088,0.718365,-0.694399,0.0415707,-0.00570609
1.45691,-0.17659,-0.0201055,-0.0171088,0.718365,-0.694399,0.0415707,-0.00570609
1.45791,-0.176512,-0.0201781,-0.0171088,0.718353,-0.694427,0.0412746,-0.00602249
1.45893,-0.176512,-0.0201781,-0.0171088,0.718353,-0.694427,0.0412746,-0.00602249
1.45992,-0.176357,-0.0203232,-0.0171088,0.718332,-0.694456,0.0411261,-0.00619609
1.46091,-0.176357,-0.0203232,-0.0171088,0.718332,-0.694456,0.0411261,-0.00619609
1.46193,-0.17628,-0.0203957,-0.0171088,0.718324,-0.694457,0.0412738,-0.00605331
1.46293,-0.17628,-0.0203957,-0.0171088,0.718324,-0.694457,0.0412738,-0.00605331
1.46391,-0.176124,-0.0205406,-0.0171088,0.718575,-0.694176,0.0415917,-0.00637071
1.46493,-0.176124,-0.0205406,-0.0171088,0.718575,-0.694176,0.0415917,-0.00637071
1.46591,-0.175969,-0.0206854,-0.0171088,0.718282,-0.694515,0.0409767,-0.00640042
1.46692,-0.175969,-0.0206854,-0.0171088,0.718282,-0.694515,0.0409767,-0.00640042
1.46793,-0.175891,-0.0207577,-0.0171088,0.718545,-0.694206,0.0415912,-0.00640183
1.4689,-0.175891,-0.0207577,-0.0171088,0.718545,-0.694206,0.0415912,-0.00640183
1.46992,-0.175736,-0.0209023,-0.0171088,0.718524,-0.694235,0.041443,-0.00657564
1.47093,-0.175736,-0.0209023,-0.0171088,0.718524,-0.694235,0.041443,-0.00657564
1.47193,-0.175658,-0.0209745,-0.0171088,0.718511,-0.694263,0.0411469,-0.00689217
1.47294,-0.175658,-0.0209745,-0.0171088,0.718511,-0.694263,0.0411469,-0.00689217
1.47393,-0.175502,-0.0211189,-0.0171088,0.718494,-0.694266,0.0414424,-0.00660669
1.47491,-0.175502,-0.0211189,-0.0171088,0.718494,-0.694266,0.0414424,-0.00660669
1.47591,-0.175346,-0.0212632,-0.0171088,0.718477,-0.694269,0.0417378,-0.0063212
1.4769,-0.175346,-0.0212632,-0.0171088,0.718477,-0.694269,0.0417378,-0.0063212
1.47793,-0.175268,-0.0213353,-0.0171088,0.718464,-0.694296,0.0414418,-0.0066377
1.47892,-0.175268,-0.0213353,-0.0171088,0.718464,-0.694296,0.0414418,-0.0066377
1.47993,-0.175112,-0.0214794,-0.0171088,0.718443,-0.694326,0.0412934,-0.00681142
1.48093,-0.175112,-0.0214794,-0.0171088,0.718443,-0.694326,0.0412934,-0.00681142
1.48194,-0.175034,-0.0215514,-0.0171088,0.718704,-0.694018,0.0419094,-0.00681425
1.48293,-0.175034,-0.0215514,-0.0171088,0.718704,-0.694018,0.0419094,-0.00681425
1.48394,-0.174878,-0.0216952,-0.0171088,0.718683,-0.694048,0.0417613,-0.00698825
1.4849,-0.174878,-0.0216952,-0.0171088,0.718683,-0.694048,0.0417613,-0.00698825
1.48591,-0.174721,-0.021839,-0.0171088,0.718665,-0.694051,0.0420568,-0.00670285
1.48692,-0.174721,-0.021839,-0.0171088,0.718665,-0.694051,0.0420568,-0.00670285
1.48792,-0.174643,-0.0219108,-0.0171088,0.718652,-0.694079,0.0417609,-0.00701951
1.48893,-0.174643,-0.0219108,-0.0171088,0.718652,-0.694079,0.0417609,-0.00701951
1.48993,-0.174487,-0.0220544,-0.0171088,0.718631,-0.694108,0.0416128,-0.00719344
1.49093,-0.174487,-0.0220544,-0.0171088,0.718631,-0.694108,0.0416128,-0.00719344
1.49193,-0.174408,-0.0221261,-0.0171088,0.718891,-0.693802,0.0422298,-0.00719734
1.49291,-0.174408,-0.0221261,-0.0171088,0.718891,-0.693802,0.0422298,-0.00719734
1.49394,-0.174252,-0.0222695,-0.0171088,0.71894,-0.69381,0.0412923,-0.00693797
1.49491,-0.174252,-0.0222695,-0.0171088,0.71894,-0.69381,0.0412923,-0.00693797
1.49592,-0.174173,-0.0223411,-0.0171088,0.7192,-0.693504,0.0419095,-0.00694264
1.49692,-0.174173,-0.0223411,-0.0171088,0.7192,-0.693504,0.0419095,-0.00694264
1.49792,-0.174016,-0.0224843,-0.0171088,0.719182,-0.693507,0.0422053,-0.00665747
1.49892,-0.174016,-0.0224843,-0.0171088,0.719182,-0.693507,0.0422053,-0.00665747
1.49992,-0.173859,-0.0226273,-0.0171088,0.719161,-0.693536,0.0420577,-0.00683198
1.5009,-0.173859,-0.0226273,-0.0171088,0.719161,-0.693536,0.0420577,-0.00683198
1.50193,-0.173781,-0.0226988,-0.0171088,0.719152,-0.693538,0.0422055,-0.00668939
1.50295,-0.173781,-0.0226988,-0.0171088,0.719152,-0.693538,0.0422055,-0.00668939
1.50391,-0.173624,-0.0228417,-0.0171088,0.71913,-0.693567,0.042058,-0.00686387
1.50493,-0.173624,-0.0228417,-0.0171088,0.71913,-0.693567,0.042058,-0.00686387
1.50592,-0.173545,-0.022913,-0.0171088,0.719388,-0.693262,0.0426761,-0.00686943
1.50693,-0.173545,-0.022913,-0.0171088,0.719388,-0.693262,0.0426761,-0.00686943
1.50793,-0.173388,-0.0230557,-0.0171088,0.719371,-0.693264,0.0429719,-0.00658436
1.50893,-0.173388,-0.0230557,-0.0171088,0.719371,-0.693264,0.0429719,-0.00658436
1.50993,-0.173309,-0.023127,-0.0171088,0.719358,-0.693293,0.0426766,-0.00690163
1.51092,-0.173309,-0.023127,-0.0171088,0.719358,-0.693293,0.0426766,-0.00690163
1.51193,-0.173151,-0.0232695,-0.0171088,0.71934,-0.693296,0.0429724,-0.00661655
1.51291,-0.173151,-0.0232695,-0.0171088,0.71934,-0.693296,0.0429724,-0.00661655
1.51393,-0.173073,-0.0233406,-0.0171088,0.719327,-0.693325,0.0426772,-0.00693379
1.51495,-0.173073,-0.0233406,-0.0171088,0.719327,-0.693325,0.0426772,-0.00693379
1.51593,-0.172915,-0.0234829,-0.0171088,0.719309,-0.693328,0.042973,-0.0066487
1.51691,-0.172915,-0.0234829,-0.0171088,0.719309,-0.693328,0.042973,-0.0066487
1.51793,-0.172836,-0.023554,-0.0171088,0.719301,-0.693329,0.0431208,-0.00650615
1.51894,-0.172836,-0.023554,-0.0171088,0.719301,-0.693329,0.0431208,-0.00650615
1.51991,-0.172678,-0.0236961,-0.0171088,0.719624,-0.693,0.0430984,-0.00593732
1.52093,-0.172678,-0.0236961,-0.0171088,0.719624,-0.693,0.0430984,-0.00593732
1.52192,-0.172599,-0.0237671,-0.0171088,0.719611,-0.693028,0.0428034,-0.00625481
1.52293,-0.172599,-0.0237671,-0.0171088,0.719611,-0.693028,0.0428034,-0.00625481
1.52393,-0.172441,-0.0239089,-0.0171088,0.719594,-0.693031,0.0430993,-0.00596983
1.52504,-0.172441,-0.0239089,-0.0171088,0.719594,-0.693031,0.0430993,-0.00596983
1.52593,-0.172349,-0.0239658,-0.0171597,0.719687,-0.692956,0.042711,-0.00618295
1.52693,-0.172349,-0.0239658,-0.0171597,0.719687,-0.692956,0.042711,-0.00618295
1.52794,-0.172191,-0.0241074,-0.0171597,0.719669,-0.692959,0.0430069,-0.00589801
1.52892,-0.172191,-0.0241074,-0.0171597,0.719669,-0.692959,0.0430069,-0.00589801
1.52993,-0.172112,-0.0241782,-0.0171597,0.720002,-0.692627,0.0428376,-0.00547271
1.53091,-0.172112,-0.0241782,-0.0171597,0.720002,-0.692627,0.0428376,-0.00547271
1.53193,-0.171954,-0.0243197,-0.0171597,0.720249,-0.692323,0.0436054,-0.00533861
1.53291,-0.171954,-0.0243197,-0.0171597,0.720249,-0.692323,0.0436054,-0.00533861
1.53393,-0.171874,-0.0243904,-0.0171597,0.720237,-0.692352,0.043311,-0.00565663
1.53491,-0.171874,-0.0243904,-0.0171597,0.720237,-0.692352,0.043311,-0.00565663
1.53594,-0.171716,-0.0245317,-0.0171597,0.720219,-0.692354,0.0436071,-0.00537194
1.53692,-0.171716,-0.0245317,-0.0171597,0.720219,-0.692354,0.0436071,-0.00537194
1.53792,-0.171557,-0.0246728,-0.0171597,0.720543,-0.692022,0.0435865,-0.00480547
1.53892,-0.171557,-0.0246728,-0.0171597,0.720543,-0.692022,0.0435865,-0.00480547
1.53993,-0.171478,-0.0247434,-0.0171597,0.720534,-0.692023,0.0437346,-0.00466319
1.54091,-0.171478,-0.0247434,-0.0171597,0.720534,-0.692023,0.0437346,-0.00466319
1.54191,-0.171398,-0.0248139,-0.0171597,0.720522,-0.692052,0.0434404,-0.00498146
1.54293,-0.171398,-0.0248139,-0.0171597,0.720522,-0.692052,0.0434404,-0.00498146
1.54391,-0.17124,-0.0249547,-0.0171597,0.720504,-0.692054,0.0437367,-0.00469689
1.54491,-0.17124,-0.0249547,-0.0171597,0.720504,-0.692054,0.0437367,-0.00469689
1.54593,-0.17108,-0.0250955,-0.0171597,0.720829,-0.691721,0.0437168,-0.00413117
1.54692,-0.17108,-0.0250955,-0.0171597,0.720829,-0.691721,0.0437168,-0.00413117
1.54793,-0.171001,-0.0251658,-0.0171597,0.72082,-0.691722,0.043865,-0.00398896
1.54891,-0.171001,-0.0251658,-0.0171597,0.72082,-0.691722,0.043865,-0.00398896
1.54993,-0.170842,-0.0253064,-0.0171597,0.720799,-0.691752,0.0437192,-0.00416524
1.55091,-0.170842,-0.0253064,-0.0171597,0.720799,-0.691752,0.0437192,-0.00416524
1.55193,-0.170762,-0.0253766,-0.0171597,0.72079,-0.691752,0.0438674,-0.00402302
1.55294,-0.170762,-0.0253766,-0.0171597,0.72079,-0.691752,0.0438674,-0.00402302
1.55391,-0.170603,-0.025517,-0.0171597,0.720772,-0.691754,0.0441638,-0.00373857
1.55492,-0.170603,-0.025517,-0.0171597,0.720772,-0.691754,0.0441638,-0.00373857
1.55592,-0.170523,-0.0255871,-0.0171597,0.721365,-0.691143,0.0440275,-0.00393039
1.55691,-0.170523,-0.0255871,-0.0171597,0.721365,-0.691143,0.0440275,-0.00393039
1.55793,-0.170363,-0.0257273,-0.0171597,0.721085,-0.691448,0.0438511,-0.0034925
1.55893,-0.170363,-0.0257273,-0.0171597,0.721085,-0.691448,0.0438511,-0.0034925
1.55993,-0.170284,-0.0257974,-0.0171597,0.721336,-0.691173,0.0440307,-0.00396516
1.56093,-0.170284,-0.0257974,-0.0171597,0.721336,-0.691173,0.0440307,-0.00396516
1.56191,-0.170124,-0.0259373,-0.0171597,0.721318,-0.691175,0.0443273,-0.00368095
1.56291,-0.170124,-0.0259373,-0.0171597,0.721318,-0.691175,0.0443273,-0.00368095
1.56393,-0.170044,-0.0260073,-0.0171597,0.72165,-0.690867,0.0437192,-0.00372087
1.56491,-0.170044,-0.0260073,-0.0171597,0.72165,-0.690867,0.0437192,-0.00372087
1.56592,-0.169884,-0.026147,-0.0171597,0.721632,-0.690868,0.0440159,-0.00343679
1.56693,-0.169884,-0.026147,-0.0171597,0.721632,-0.690868,0.0440159,-0.00343679
1.56793,-0.169804,-0.0262169,-0.0171597,0.72162,-0.690897,0.0437227,-0.003756
1.56891,-0.169804,-0.0262169,-0.0171597,0.72162,-0.690897,0.0437227,-0.003756
1.56993,-0.169644,-0.0263565,-0.0171597,0.721602,-0.690898,0.0440194,-0.0034719
1.57091,-0.169644,-0.0263565,-0.0171597,0.721602,-0.690898,0.0440194,-0.0034719
1.57191,-0.169564,-0.0264262,-0.0171597,0.721935,-0.690589,0.0434123,-0.00351292
1.57289,-0.169564,-0.0264262,-0.0171597,0.721935,-0.690589,0.0434123,-0.00351292
1.57393,-0.169404,-0.0265656,-0.0171597,0.721917,-0.69059,0.0437092,-0.00322896
1.57492,-0.169404,-0.0265656,-0.0171597,0.721917,-0.69059,0.0437092,-0.00322896
1.57593,-0.169324,-0.0266352,-0.0171597,0.721906,-0.690619,0.0434162,-0.0035484
1.57693,-0.169324,-0.0266352,-0.0171597,0.721906,-0.690619,0.0434162,-0.0035484
1.57791,-0.169163,-0.0267744,-0.0171597,0.721886,-0.690648,0.0432716,-0.00372584
1.57893,-0.169163,-0.0267744,-0.0171597,0.721886,-0.690648,0.0432716,-0.00372584
1.57991,-0.169083,-0.026844,-0.0171597,0.722221,-0.69031,0.0431071,-0.00330654
1.5809,-0.169083,-0.026844,-0.0171597,0.722221,-0.69031,0.0431071,-0.00330654
1.58191,-0.168922,-0.0269829,-0.0171597,0.722201,-0.690339,0.0429628,-0.0034843
1.58293,-0.168922,-0.0269829,-0.0171597,0.722201,-0.690339,0.0429628,-0.0034843
1.58392,-0.168842,-0.0270524,-0.0171597,0.72219,-0.690367,0.04267,-0.00380398
1.58492,-0.168842,-0.0270524,-0.0171597,0.72219,-0.690367,0.04267,-0.00380398
1.58593,-0.168681,-0.0271912,-0.0171597,0.722515,-0.690055,0.0422137,-0.00370541
1.58691,-0.168681,-0.0271912,-0.0171597,0.722515,-0.690055,0.0422137,-0.00370541
1.58793,-0.168601,-0.0272605,-0.0171597,0.722504,-0.690083,0.0419212,-0.00402535
1.58891,-0.168601,-0.0272605,-0.0171597,0.722504,-0.690083,0.0419212,-0.00402535
1.58991,-0.16844,-0.0273991,-0.0171597,0.722484,-0.690111,0.0417772,-0.00420339
1.59091,-0.16844,-0.0273991,-0.0171597,0.722484,-0.690111,0.0417772,-0.00420339
1.59196,-0.168279,-0.0275376,-0.0171597,0.72281,-0.689798,0.0413222,-0.00410612
1.59293,-0.168279,-0.0275376,-0.0171597,0.72281,-0.689798,0.0413222,-0.00410612
1.59392,-0.168198,-0.0276068,-0.0171597,0.722801,-0.689799,0.0414708,-0.0039643
1.59492,-0.168198,-0.0276068,-0.0171597,0.722801,-0.689799,0.0414708,-0.0039643
1.59591,-0.168037,-0.027745,-0.0171597,0.722782,-0.689827,0.0413271,-0.00414265
1.59694,-0.168037,-0.027745,-0.0171597,0.722782,-0.689827,0.0413271,-0.00414265
1.59792,-0.167956,-0.0278141,-0.0171597,0.723116,-0.689512,0.0407245,-0.00418824
1.59892,-0.167956,-0.0278141,-0.0171597,0.723116,-0.689512,0.0407245,-0.00418824
1.59991,-0.167795,-0.0279522,-0.0171597,0.723097,-0.68954,0.0405811,-0.00436691
1.60092,-0.167795,-0.0279522,-0.0171597,0.723097,-0.68954,0.0405811,-0.00436691
1.60191,-0.167714,-0.0280211,-0.0171597,0.723343,-0.689267,0.0407658,-0.00484783
1.60291,-0.167714,-0.0280211,-0.0171597,0.723343,-0.689267,0.0407658,-0.00484783
1.60393,-0.167553,-0.028159,-0.0171597,0.723063,-0.68962,0.0397047,-0.00532812
1.60491,-0.167553,-0.028159,-0.0171597,0.723063,-0.68962,0.0397047,-0.00532812
1.60591,-0.167472,-0.0282279,-0.0171597,0.723651,-0.689029,0.0391408,-0.00599955
1.60691,-0.167472,-0.0282279,-0.0171597,0.723651,-0.689029,0.0391408,-0.00599955
1.60792,-0.16731,-0.0283655,-0.0171597,0.723627,-0.689081,0.0385575,-0.00664129
1.60893,-0.16731,-0.0283655,-0.0171597,0.723627,-0.689081,0.0385575,-0.00664129
1.60992,-0.167229,-0.0284343,-0.0171597,0.723619,-0.689083,0.0387063,-0.00649962
1.61093,-0.167229,-0.0284343,-0.0171597,0.723619,-0.689083,0.0387063,-0.00649962
1.61194,-0.167067,-0.0285718,-0.0171597,0.723942,-0.688789,0.0378154,-0.00687008
1.6129,-0.167067,-0.0285718,-0.0171597,0.723942,-0.688789,0.0378154,-0.00687008
1.61395,-0.166905,-0.0287091,-0.0171597,0.723922,-0.688816,0.0376728,-0.00704957
1.61491,-0.166905,-0.0287091,-0.0171597,0.723922,-0.688816,0.0376728,-0.00704957
1.61591,-0.166824,-0.0287777,-0.0171597,0.72391,-0.688841,0.0373813,-0.00737066
1.61693,-0.166824,-0.0287777,-0.0171597,0.72391,-0.688841,0.0373813,-0.00737066
1.61792,-0.166662,-0.0289149,-0.0171597,0.723885,-0.688892,0.0367984,-0.00801281
1.61893,-0.166662,-0.0289149,-0.0171597,0.723885,-0.688892,0.0367984,-0.00801281
1.61992,-0.166581,-0.0289834,-0.0171597,0.724221,-0.68857,0.0362009,-0.00806418
1.62091,-0.166581,-0.0289834,-0.0171597,0.724221,-0.68857,0.0362009,-0.00806418
1.62191,-0.166419,-0.0291203,-0.0171597,0.724201,-0.688596,0.0360585,-0.00824394
1.62293,-0.166419,-0.0291203,-0.0171597,0.724201,-0.688596,0.0360585,-0.00824394
1.62391,-0.166256,-0.0292571,-0.0171597,0.724181,-0.688623,0.0359162,-0.00842368
1.62491,-0.166256,-0.0292571,-0.0171597,0.724181,-0.688623,0.0359162,-0.00842368
1.62593,-0.166175,-0.0293254,-0.0171597,0.724522,-0.688276,0.0357599,-0.00801322
1.62692,-0.166175,-0.0293254,-0.0171597,0.724522,-0.688276,0.0357599,-0.00801322
1.62792,-0.166012,-0.029462,-0.0171597,0.724503,-0.688302,0.0356178,-0.00819329
1.62891,-0.166012,-0.029462,-0.0171597,0.724503,-0.688302,0.0356178,-0.00819329
1.62993,-0.165931,-0.0295303,-0.0171597,0.72449,-0.688327,0.0353268,-0.00851486
1.63091,-0.165931,-0.0295303,-0.0171597,0.72449,-0.688327,0.0353268,-0.00851486
1.63193,-0.165768,-0.0296667,-0.0171597,0.72447,-0.688353,0.0351848,-0.00869489
1.63291,-0.165768,-0.0296667,-0.0171597,0.72447,-0.688353,0.0351848,-0.00869489
1.63391,-0.165605,-0.0298029,-0.0171597,0.724805,-0.688007,0.0351786,-0.00814413
1.63492,-0.165605,-0.0298029,-0.0171597,0.724805,-0.688007,0.0351786,-0.00814413
1.63592,-0.165524,-0.029871,-0.0171597,0.724793,-0.688031,0.0348879,-0.00846595
1.6369,-0.165524,-0.029871,-0.0171597,0.724793,-0.688031,0.0348879,-0.00846595
1.63793,-0.165361,-0.0300071,-0.0171597,0.724773,-0.688057,0.0347461,-0.0086463
1.63892,-0.165361,-0.0300071,-0.0171597,0.724773,-0.688057,0.0347461,-0.0086463
1.63992,-0.165198,-0.030143,-0.0171597,0.725103,-0.687732,0.0343013,-0.00855994
1.64093,-0.165198,-0.030143,-0.0171597,0.725103,-0.687732,0.0343013,-0.00855994
1.64191,-0.165116,-0.0302109,-0.0171597,0.725096,-0.687734,0.0344504,-0.00841854
1.64291,-0.165116,-0.0302109,-0.0171597,0.725096,-0.687734,0.0344504,-0.00841854
1.64392,-0.164953,-0.0303466,-0.0171597,0.725077,-0.687759,0.0343089,-0.00859921
1.6449,-0.164953,-0.0303466,-0.0171597,0.725077,-0.687759,0.0343089,-0.00859921
1.64593,-0.164789,-0.0304822,-0.0171597,0.725408,-0.687433,0.0338653,-0.00851397
1.64692,-0.164789,-0.0304822,-0.0171597,0.725408,-0.687433,0.0338653,-0.00851397
1.64792,-0.164626,-0.0306177,-0.0171597,0.725394,-0.687437,0.0341635,-0.0082313
1.64893,-0.164626,-0.0306177,-0.0171597,0.725394,-0.687437,0.0341635,-0.0082313
1.64991,-0.164544,-0.0306854,-0.0171597,0.725381,-0.68746,0.0338733,-0.00855361
1.65094,-0.164544,-0.0306854,-0.0171597,0.725381,-0.68746,0.0338733,-0.00855361
1.65193,-0.16438,-0.0308206,-0.0171597,0.725367,-0.687463,0.0341715,-0.00827093
1.65293,-0.16438,-0.0308206,-0.0171597,0.725367,-0.687463,0.0341715,-0.00827093
1.65393,-0.164216,-0.0309557,-0.0171597,0.725348,-0.687489,0.0340304,-0.00845188
1.65491,-0.164216,-0.0309557,-0.0171597,0.725348,-0.687489,0.0340304,-0.00845188
1.65594,-0.164052,-0.0310907,-0.0171597,0.72568,-0.687161,0.0335883,-0.00836825
1.65691,-0.164052,-0.0310907,-0.0171597,0.72568,-0.687161,0.0335883,-0.00836825
1.65791,-0.16397,-0.0311582,-0.0171597,0.725668,-0.687184,0.0332983,-0.0086908
1.65891,-0.16397,-0.0311582,-0.0171597,0.725668,-0.687184,0.0332983,-0.0086908
1.65993,-0.163806,-0.0312929,-0.0171597,0.725648,-0.687209,0.0331574,-0.00887206
1.66093,-0.163806,-0.0312929,-0.0171597,0.725648,-0.687209,0.0331574,-0.00887206
1.66193,-0.163642,-0.0314276,-0.0171597,0.725986,-0.686859,0.0331557,-0.00832573
1.6629,-0.163642,-0.0314276,-0.0171597,0.725986,-0.686859,0.0331557,-0.00832573
1.66392,-0.163477,-0.0315621,-0.0171597,0.725967,-0.686883,0.0330152,-0.00850732
1.66492,-0.163477,-0.0315621,-0.0171597,0.725967,-0.686883,0.0330152,-0.00850732
1.66591,-0.163311,-0.0316946,-0.0171054,0.725948,-0.686908,0.0328746,-0.00868889
1.66691,-0.163311,-0.0316946,-0.0171054,0.725948,-0.686908,0.0328746,-0.00868889
1.66792,-0.163147,-0.0318288,-0.0171054,0.725935,-0.686912,0.0331731,-0.00840644
1.66904,-0.163147,-0.0318288,-0.0171054,0.725935,-0.686912,0.0331731,-0.00840644
1.66992,-0.163064,-0.0318959,-0.0171054,0.726275,-0.686579,0.0325844,-0.00846664
1.67093,-0.163064,-0.0318959,-0.0171054,0.726275,-0.686579,0.0325844,-0.00846664
1.67192,-0.1629,-0.0320299,-0.0171054,0.726256,-0.686604,0.0324441,-0.00864853
1.67291,-0.1629,-0.0320299,-0.0171054,0.726256,-0.686604,0.0324441,-0.00864853
1.67393,-0.162735,-0.0321638,-0.0171054,0.726237,-0.686628,0.0323039,-0.00883041
1.67491,-0.162735,-0.0321638,-0.0171054,0.726237,-0.686628,0.0323039,-0.00883041
1.67593,-0.16257,-0.0322976,-0.0171054,0.726218,-0.686652,0.0321636,-0.00901225
1.67692,-0.16257,-0.0322976,-0.0171054,0.726218,-0.686652,0.0321636,-0.00901225
1.67792,-0.162405,-0.0324312,-0.0171054,0.726558,-0.6863,0.0321646,-0.00846859
1.67893,-0.162405,-0.0324312,-0.0171054,0.726558,-0.6863,0.0321646,-0.00846859
1.67991,-0.16224,-0.0325647,-0.0171054,0.726539,-0.686324,0.0320246,-0.00865078
1.68093,-0.16224,-0.0325647,-0.0171054,0.726539,-0.686324,0.0320246,-0.00865078
1.68191,-0.162074,-0.0326981,-0.0171054,0.726868,-0.68601,0.0311492,-0.00903699
1.68291,-0.162074,-0.0326981,-0.0171054,0.726868,-0.68601,0.0311492,-0.00903699
1.68392,-0.161909,-0.0328313,-0.0171054,0.72685,-0.686034,0.0310096,-0.00921949
1.68496,-0.161909,-0.0328313,-0.0171054,0.72685,-0.686034,0.0310096,-0.00921949
1.68593,-0.161744,-0.0329644,-0.0171054,0.726831,-0.686058,0.03087,-0.00940198
1.68692,-0.161744,-0.0329644,-0.0171054,0.726831,-0.686058,0.03087,-0.00940198
1.68792,-0.161578,-0.0330974,-0.0171054,0.726812,-0.686081,0.0307303,-0.00958444
1.68892,-0.161578,-0.0330974,-0.0171054,0.726812,-0.686081,0.0307303,-0.00958444
1.68991,-0.161494,-0.0331619,-0.017051,0.727148,-0.685763,0.0297076,-0.0101138
1.69091,-0.161494,-0.0331619,-0.017051,0.727148,-0.685763,0.0297076,-0.0101138
1.69193,-0.161328,-0.0332946,-0.017051,0.727136,-0.685767,0.0300066,-0.00983182
1.69292,-0.161328,-0.0332946,-0.017051,0.727136,-0.685767,0.0300066,-0.00983182
1.69393,-0.161162,-0.0334272,-0.017051,0.727465,-0.685449,0.0291345,-0.0102214
1.69492,-0.161162,-0.0334272,-0.017051,0.727465,-0.685449,0.0291345,-0.0102214
1.69592,-0.160996,-0.0335597,-0.017051,0.727447,-0.685472,0.0289955,-0.0104045
1.69693,-0.160996,-0.0335597,-0.017051,0.727447,-0.685472,0.0289955,-0.0104045
1.69792,-0.16083,-0.033692,-0.017051,0.727428,-0.685495,0.0288565,-0.0105876
1.69891,-0.16083,-0.033692,-0.017051,0.727428,-0.685495,0.0288565,-0.0105876
1.69993,-0.160664,-0.0338242,-0.017051,0.727409,-0.685518,0.0287174,-0.0107707
1.70094,-0.160664,-0.0338242,-0.017051,0.727409,-0.685518,0.0287174,-0.0107707
1.70192,-0.160497,-0.0339563,-0.017051,0.727746,-0.685179,0.0282855,-0.0106973
1.70292,-0.160497,-0.0339563,-0.017051,0.727746,-0.685179,0.0282855,-0.0106973
1.70394,-0.160331,-0.0340882,-0.017051,0.727721,-0.68522,0.0277088,-0.0113458
1.70494,-0.160331,-0.0340882,-0.017051,0.727721,-0.68522,0.0277088,-0.0113458
1.70596,-0.160164,-0.03422,-0.017051,0.727702,-0.685242,0.0275701,-0.0115292
1.70691,-0.160164,-0.03422,-0.017051,0.727702,-0.685242,0.0275701,-0.0115292
1.70793,-0.159998,-0.0343517,-0.017051,0.72804,-0.684902,0.0271398,-0.0114575
1.70892,-0.159998,-0.0343517,-0.017051,0.72804,-0.684902,0.0271398,-0.0114575
1.70992,-0.159831,-0.0344832,-0.017051,0.728021,-0.684924,0.0270014,-0.0116412
1.71091,-0.159831,-0.0344832,-0.017051,0.728021,-0.684924,0.0270014,-0.0116412
1.71191,-0.159662,-0.0346126,-0.0169967,0.728003,-0.684946,0.0268629,-0.0118249
1.71293,-0.159662,-0.0346126,-0.0169967,0.728003,-0.684946,0.0268629,-0.0118249
1.71392,-0.159495,-0.0347439,-0.0169967,0.727976,-0.684985,0.0262866,-0.0124739
1.71491,-0.159495,-0.0347439,-0.0169967,0.727976,-0.684985,0.0262866,-0.0124739
1.71593,-0.159412,-0.0348094,-0.0169967,0.72832,-0.68464,0.0257086,-0.0125449
1.71691,-0.159412,-0.0348094,-0.0169967,0.72832,-0.68464,0.0257086,-0.0125449
1.71793,-0.159245,-0.0349405,-0.0169967,0.728301,-0.684661,0.0255705,-0.0127289
1.71892,-0.159245,-0.0349405,-0.0169967,0.728301,-0.684661,0.0255705,-0.0127289
1.71993,-0.159078,-0.0350713,-0.0169967,0.728283,-0.684683,0.0254323,-0.0129129
1.72095,-0.159078,-0.0350713,-0.0169967,0.728283,-0.684683,0.0254323,-0.0129129
1.72191,-0.15891,-0.0352021,-0.0169967,0.728613,-0.684355,0.024568,-0.0133102
1.72291,-0.15891,-0.0352021,-0.0169967,0.728613,-0.684355,0.024568,-0.0133102
1.72393,-0.158743,-0.0353327,-0.0169967,0.728835,-0.684099,0.0249206,-0.0136777
1.72492,-0.158743,-0.0353327,-0.0169967,0.728835,-0.684099,0.0249206,-0.0136777
1.72593,-0.158575,-0.0354632,-0.0169967,0.728816,-0.684121,0.024783,-0.0138623
1.72694,-0.158575,-0.0354632,-0.0169967,0.728816,-0.684121,0.024783,-0.0138623
1.72791,-0.158408,-0.0355935,-0.0169967,0.729155,-0.683775,0.0243579,-0.0137962
1.72893,-0.158408,-0.0355935,-0.0169967,0.729155,-0.683775,0.0243579,-0.0137962
1.72992,-0.15824,-0.0357238,-0.0169967,0.729136,-0.683797,0.0242207,-0.0139811
1.73091,-0.15824,-0.0357238,-0.0169967,0.729136,-0.683797,0.0242207,-0.0139811
1.73192,-0.158156,-0.0357888,-0.0169967,0.729122,-0.683815,0.0239335,-0.0143066
1.73291,-0.158156,-0.0357888,-0.0169967,0.729122,-0.683815,0.0239335,-0.0143066
1.73393,-0.157988,-0.0359188,-0.0169967,0.729462,-0.683468,0.0235098,-0.0142419
1.73492,-0.157988,-0.0359188,-0.0169967,0.729462,-0.683468,0.0235098,-0.0142419
1.73594,-0.15782,-0.0360487,-0.0169967,0.729444,-0.683489,0.0233728,-0.0144271
1.73694,-0.15782,-0.0360487,-0.0169967,0.729444,-0.683489,0.0233728,-0.0144271
1.73791,-0.15765,-0.0361764,-0.0169423,0.729425,-0.68351,0.0232359,-0.0146123
1.73893,-0.15765,-0.0361764,-0.0169423,0.729425,-0.68351,0.0232359,-0.0146123
1.73992,-0.157482,-0.036306,-0.0169423,0.729765,-0.683162,0.0228136,-0.014549
1.74092,-0.157482,-0.036306,-0.0169423,0.729765,-0.683162,0.0228136,-0.014549
1.74192,-0.157314,-0.0364354,-0.0169423,0.729747,-0.683182,0.022677,-0.0147346
1.74291,-0.157314,-0.0364354,-0.0169423,0.729747,-0.683182,0.022677,-0.0147346
1.74391,-0.157145,-0.0365648,-0.0169423,0.729737,-0.683188,0.0229771,-0.0144537
1.74493,-0.157145,-0.0365648,-0.0169423,0.729737,-0.683188,0.0229771,-0.0144537
1.74592,-0.156977,-0.0366939,-0.0169423,0.730079,-0.682839,0.022556,-0.0143917
1.74691,-0.156977,-0.0366939,-0.0169423,0.730079,-0.682839,0.022556,-0.0143917
1.74793,-0.156808,-0.0368229,-0.0169423,0.73006,-0.682859,0.0224198,-0.0145775
1.74891,-0.156808,-0.0368229,-0.0169423,0.73006,-0.682859,0.0224198,-0.0145775
1.74993,-0.156639,-0.0369518,-0.0169423,0.730042,-0.68288,0.0222835,-0.0147634
1.75092,-0.156639,-0.0369518,-0.0169423,0.730042,-0.68288,0.0222835,-0.0147634
1.75191,-0.15647,-0.0370806,-0.0169423,0.730383,-0.682529,0.0218639,-0.0147028
1.75296,-0.15647,-0.0370806,-0.0169423,0.730383,-0.682529,0.0218639,-0.0147028
1.75393,-0.156301,-0.0372092,-0.0169423,0.730365,-0.682549,0.021728,-0.014889
1.75503,-0.156301,-0.0372092,-0.0169423,0.730365,-0.682549,0.021728,-0.014889
1.75593,-0.156132,-0.0373377,-0.0169423,0.730346,-0.682569,0.021592,-0.0150752
1.75692,-0.156132,-0.0373377,-0.0169423,0.730346,-0.682569,0.021592,-0.0150752
1.75793,-0.155963,-0.037466,-0.0169423,0.730689,-0.682217,0.0211739,-0.0150161
1.75891,-0.155963,-0.037466,-0.0169423,0.730689,-0.682217,0.0211739,-0.0150161
1.75991,-0.155794,-0.0375942,-0.0169423,0.730671,-0.682237,0.0210383,-0.0152026
1.76093,-0.155794,-0.0375942,-0.0169423,0.730671,-0.682237,0.0210383,-0.0152026
1.76193,-0.155624,-0.0377223,-0.0169423,0.730886,-0.681986,0.0213969,-0.0155793
1.76291,-0.155624,-0.0377223,-0.0169423,0.730886,-0.681986,0.0213969,-0.0155793
1.76392,-0.155455,-0.0378502,-0.0169423,0.731219,-0.681646,0.0205447,-0.0159897
1.76491,-0.155455,-0.0378502,-0.0169423,0.731219,-0.681646,0.0205447,-0.0159897
1.76592,-0.155285,-0.0379779,-0.0169423,0.7312,-0.681665,0.0204097,-0.0161768
1.76691,-0.155285,-0.0379779,-0.0169423,0.7312,-0.681665,0.0204097,-0.0161768
1.76793,-0.155115,-0.0381056,-0.0169423,0.731182,-0.681685,0.0202746,-0.0163639
1.76891,-0.155115,-0.0381056,-0.0169423,0.731182,-0.681685,0.0202746,-0.0163639
1.76991,-0.15486,-0.0382968,-0.0169423,0.73151,-0.681346,0.0195747,-0.0166361
1.7709,-0.15486,-0.0382968,-0.0169423,0.73151,-0.681346,0.0195747,-0.0166361
1.77191,-0.15469,-0.0384241,-0.0169423,0.731492,-0.681365,0.01944,-0.0168235
1.77292,-0.15469,-0.0384241,-0.0169423,0.731492,-0.681365,0.01944,-0.0168235
1.77391,-0.15452,-0.0385512,-0.0169423,0.731473,-0.681385,0.0193052,-0.0170108
1.77493,-0.15452,-0.0385512,-0.0169423,0.731473,-0.681385,0.0193052,-0.0170108
1.77595,-0.15435,-0.0386782,-0.0169423,0.731817,-0.681028,0.0188922,-0.0169573
1.77694,-0.15435,-0.0386782,-0.0169423,0.731817,-0.681028,0.0188922,-0.0169573
1.77794,-0.15418,-0.0388051,-0.0169423,0.731798,-0.681047,0.0187578,-0.0171451
1.7789,-0.15418,-0.0388051,-0.0169423,0.731798,-0.681047,0.0187578,-0.0171451
1.77991,-0.154009,-0.0389318,-0.0169423,0.73178,-0.681066,0.0186234,-0.0173328
1.78091,-0.154009,-0.0389318,-0.0169423,0.73178,-0.681066,0.0186234,-0.0173328
1.78191,-0.153837,-0.0390564,-0.0168879,0.732124,-0.680708,0.0182118,-0.0172807
1.78291,-0.153837,-0.0390564,-0.0168879,0.732124,-0.680708,0.0182118,-0.0172807
1.78393,-0.153581,-0.039246,-0.0168879,0.732102,-0.68073,0.0182283,-0.0173288
1.78491,-0.153581,-0.039246,-0.0168879,0.732102,-0.68073,0.0182283,-0.0173288
1.78591,-0.153411,-0.0393722,-0.0168879,0.732084,-0.680749,0.0180942,-0.0175168
1.7869,-0.153411,-0.0393722,-0.0168879,0.732084,-0.680749,0.0180942,-0.0175168
1.78793,-0.15324,-0.0394983,-0.0168879,0.732429,-0.68039,0.0176842,-0.0174664
1.78891,-0.15324,-0.0394983,-0.0168879,0.732429,-0.68039,0.0176842,-0.0174664
1.78991,-0.153069,-0.0396243,-0.0168879,0.73241,-0.680408,0.0175505,-0.0176547
1.79091,-0.153069,-0.0396243,-0.0168879,0.73241,-0.680408,0.0175505,-0.0176547
1.79191,-0.152898,-0.0397501,-0.0168879,0.732756,-0.680048,0.0171416,-0.0176054
1.79293,-0.152898,-0.0397501,-0.0168879,0.732756,-0.680048,0.0171416,-0.0176054
1.79392,-0.152727,-0.0398758,-0.0168879,0.732738,-0.680066,0.0170082,-0.0177941
1.7949,-0.152727,-0.0398758,-0.0168879,0.732738,-0.680066,0.0170082,-0.0177941
1.79593,-0.152555,-0.0400013,-0.0168879,0.732719,-0.680084,0.0168748,-0.0179828
1.79867,-0.152384,-0.0401267,-0.0168879,0.732719,-0.680084,0.0168748,-0.0179828
1.79891,-0.152384,-0.0401267,-0.0168879,0.733077,-0.679711,0.016902,-0.0174664
1.79992,-0.152127,-0.0403145,-0.0168879,0.733055,-0.679733,0.0169196,-0.0175157
1.80094,-0.152127,-0.0403145,-0.0168879,0.733055,-0.679733,0.0169196,-0.0175157
1.80192,-0.151955,-0.0404396,-0.0168879,0.733026,-0.679762,0.0163521,-0.0181733
1.80293,-0.151955,-0.0404396,-0.0168879,0.733026,-0.679762,0.0163521,-0.0181733
1.80392,-0.151783,-0.0405644,-0.0168879,0.733019,-0.679769,0.0166535,-0.0178938
1.80496,-0.151783,-0.0405644,-0.0168879,0.733019,-0.679769,0.0166535,-0.0178938
1.80591,-0.151611,-0.0406892,-0.0168879,0.733354,-0.679416,0.0158136,-0.0183164
1.80692,-0.151611,-0.0406892,-0.0168879,0.733354,-0.679416,0.0158136,-0.0183164
1.80794,-0.151439,-0.0408138,-0.0168879,0.733336,-0.679433,0.0156809,-0.0185057
1.80891,-0.151439,-0.0408138,-0.0168879,0.733336,-0.679433,0.0156809,-0.0185057
1.80995,-0.151267,-0.0409383,-0.0168879,0.733318,-0.679451,0.0155481,-0.0186951
1.81094,-0.151267,-0.0409383,-0.0168879,0.733318,-0.679451,0.0155481,-0.0186951
1.81193,-0.151009,-0.0411247,-0.0168879,0.733662,-0.67909,0.0152951,-0.0185111
1.81294,-0.151009,-0.0411247,-0.0168879,0.733662,-0.67909,0.0152951,-0.0185111
1.81392,-0.150837,-0.0412489,-0.0168879,0.733632,-0.679117,0.0147286,-0.0191697
1.81494,-0.150837,-0.0412489,-0.0168879,0.733632,-0.679117,0.0147286,-0.0191697
1.81592,-0.150663,-0.0413708,-0.0168336,0.733614,-0.679134,0.0145962,-0.0193593
1.81694,-0.150663,-0.0413708,-0.0168336,0.733614,-0.679134,0.0145962,-0.0193593
1.81791,-0.15049,-0.0414946,-0.0168336,0.733962,-0.678767,0.0141941,-0.0193167
1.81893,-0.15049,-0.0414946,-0.0168336,0.733962,-0.678767,0.0141941,-0.0193167
1.81994,-0.150318,-0.0416183,-0.0168336,0.733707,-0.679051,0.0131273,-0.0197739
1.82091,-0.150318,-0.0416183,-0.0168336,0.733707,-0.679051,0.0131273,-0.0197739
1.82191,-0.150058,-0.0418036,-0.0168336,0.734053,-0.678687,0.0128775,-0.0195925
1.82291,-0.150058,-0.0418036,-0.0168336,0.734053,-0.678687,0.0128775,-0.0195925
1.82392,-0.149886,-0.0419269,-0.0168336,0.734036,-0.678703,0.0127455,-0.0197826
1.82491,-0.149886,-0.0419269,-0.0168336,0.734036,-0.678703,0.0127455,-0.0197826
1.82591,-0.149713,-0.0420501,-0.0168336,0.734005,-0.678727,0.0121797,-0.0204419
1.82691,-0.149713,-0.0420501,-0.0168336,0.734005,-0.678727,0.0121797,-0.0204419
1.82792,-0.149453,-0.0422346,-0.0168336,0.733984,-0.678748,0.0121986,-0.0204924
1.82893,-0.149453,-0.0422346,-0.0168336,0.733984,-0.678748,0.0121986,-0.0204924
1.82991,-0.149278,-0.0423554,-0.0167792,0.734334,-0.678378,0.0118001,-0.0204528
1.83091,-0.149278,-0.0423554,-0.0167792,0.734334,-0.678378,0.0118001,-0.0204528
1.83191,-0.149105,-0.0424781,-0.0167792,0.734316,-0.678393,0.0116685,-0.0206432
1.83293,-0.149105,-0.0424781,-0.0167792,0.734316,-0.678393,0.0116685,-0.0206432
1.83393,-0.148845,-0.0426619,-0.0167792,0.734282,-0.678421,0.0112541,-0.0211635
1.83493,-0.148845,-0.0426619,-0.0167792,0.734282,-0.678421,0.0112541,-0.0211635
1.83593,-0.148671,-0.0427842,-0.0167792,0.734633,-0.678049,0.0108575,-0.0211257
1.83693,-0.148671,-0.0427842,-0.0167792,0.734633,-0.678049,0.0108575,-0.0211257
1.83792,-0.148496,-0.0429043,-0.0167249,0.734615,-0.678065,0.0107262,-0.0213164
1.83894,-0.148496,-0.0429043,-0.0167249,0.734615,-0.678065,0.0107262,-0.0213164
1.83991,-0.148235,-0.0430873,-0.0167249,0.734594,-0.678085,0.0107459,-0.0213677
1.84091,-0.148235,-0.0430873,-0.0167249,0.734594,-0.678085,0.0107459,-0.0213677
1.84193,-0.14806,-0.0432071,-0.0166705,0.734946,-0.677712,0.0103509,-0.0213315
1.84291,-0.14806,-0.0432071,-0.0166705,0.734946,-0.677712,0.0103509,-0.0213315
1.84394,-0.147799,-0.0433895,-0.0166705,0.734912,-0.677738,0.0099378,-0.021853
1.84493,-0.147799,-0.0433895,-0.0166705,0.734912,-0.677738,0.0099378,-0.021853
1.84591,-0.147623,-0.0435089,-0.0166162,0.734894,-0.677753,0.00980678,-0.0220441
1.84691,-0.147623,-0.0435089,-0.0166162,0.734894,-0.677753,0.00980678,-0.0220441
1.84791,-0.147449,-0.0436302,-0.0166162,0.734875,-0.677768,0.00967576,-0.0222351
1.84892,-0.147449,-0.0436302,-0.0166162,0.734875,-0.677768,0.00967576,-0.0222351
1.84991,-0.147187,-0.0438119,-0.0166162,0.735225,-0.677398,0.00943417,-0.0220618
1.85093,-0.147187,-0.0438119,-0.0166162,0.735225,-0.677398,0.00943417,-0.0220618
1.85193,-0.147011,-0.0439308,-0.0165618,0.735193,-0.677419,0.00887051,-0.0227231
1.85291,-0.147011,-0.0439308,-0.0165618,0.735193,-0.677419,0.00887051,-0.0227231
1.85391,-0.146836,-0.0440516,-0.0165618,0.735392,-0.677184,0.00924501,-0.0231233
1.85491,-0.146836,-0.0440516,-0.0165618,0.735392,-0.677184,0.00924501,-0.0231233
1.85594,-0.146573,-0.0442304,-0.0165075,0.735357,-0.67721,0.00883288,-0.0236457
1.85691,-0.146573,-0.0442304,-0.0165075,0.735357,-0.67721,0.00883288,-0.0236457
1.85791,-0.146398,-0.0443508,-0.0165075,0.735709,-0.676833,0.00844276,-0.0236148
1.85893,-0.146398,-0.0443508,-0.0165075,0.735709,-0.676833,0.00844276,-0.0236148
1.85991,-0.146135,-0.0445313,-0.0165075,0.735674,-0.676858,0.00803127,-0.0241378
1.86094,-0.146135,-0.0445313,-0.0165075,0.735674,-0.676858,0.00803127,-0.0241378
1.86191,-0.145959,-0.0446492,-0.0164532,0.735655,-0.676873,0.00790113,-0.0243297
1.86292,-0.145959,-0.0446492,-0.0164532,0.735655,-0.676873,0.00790113,-0.0243297
1.86391,-0.145784,-0.0447691,-0.0164532,0.735992,-0.6765,0.00708048,-0.0247711
1.86494,-0.145784,-0.0447691,-0.0164532,0.735992,-0.6765,0.00708048,-0.0247711
1.86591,-0.145519,-0.0449466,-0.0163988,0.735972,-0.676519,0.00710201,-0.0248243
1.86693,-0.145519,-0.0449466,-0.0163988,0.735972,-0.676519,0.00710201,-0.0248243
1.86792,-0.145344,-0.0450662,-0.0163988,0.735937,-0.676538,0.00653978,-0.0254869
1.86893,-0.145344,-0.0450662,-0.0163988,0.735937,-0.676538,0.00653978,-0.0254869
1.86991,-0.14508,-0.0452453,-0.0163988,0.73613,-0.676313,0.00706887,-0.0257522
1.87091,-0.14508,-0.0452453,-0.0163988,0.73613,-0.676313,0.00706887,-0.0257522
1.87192,-0.144903,-0.0453623,-0.0163445,0.736467,-0.675937,0.00625122,-0.026197
1.87292,-0.144903,-0.0453623,-0.0163445,0.736467,-0.675937,0.00625122,-0.026197
1.87391,-0.144727,-0.0454814,-0.0163445,0.736448,-0.675952,0.00612199,-0.0263898
1.87491,-0.144727,-0.0454814,-0.0163445,0.736448,-0.675952,0.00612199,-0.0263898
1.87591,-0.144463,-0.0456598,-0.0163445,0.73641,-0.675976,0.00571209,-0.0269143
1.87693,-0.144463,-0.0456598,-0.0163445,0.73641,-0.675976,0.00571209,-0.0269143
1.87793,-0.144286,-0.0457762,-0.0162901,0.736391,-0.67599,0.00558282,-0.027107
1.87891,-0.144286,-0.0457762,-0.0162901,0.736391,-0.67599,0.00558282,-0.027107
1.87991,-0.14411,-0.0458948,-0.0162901,0.736727,-0.675611,0.00476789,-0.0275544
1.88091,-0.14411,-0.0458948,-0.0162901,0.736727,-0.675611,0.00476789,-0.0275544
1.88191,-0.143845,-0.0460724,-0.0162901,0.736707,-0.675631,0.00479045,-0.0276086
1.88293,-0.143845,-0.0460724,-0.0162901,0.736707,-0.675631,0.00479045,-0.0276086
1.88393,-0.143669,-0.0461907,-0.0162901,0.736687,-0.675646,0.00466152,-0.0278017
1.88491,-0.143669,-0.0461907,-0.0162901,0.736687,-0.675646,0.00466152,-0.0278017
1.88592,-0.143402,-0.0463654,-0.0162358,0.737041,-0.675268,0.00443187,-0.0276412
1.88691,-0.143402,-0.0463654,-0.0162358,0.737041,-0.675268,0.00443187,-0.0276412
1.88791,-0.143226,-0.0464833,-0.0162358,0.737022,-0.675282,0.00430331,-0.0278347
1.88891,-0.143226,-0.0464833,-0.0162358,0.737022,-0.675282,0.00430331,-0.0278347
1.88991,-0.143049,-0.046601,-0.0162358,0.737002,-0.675296,0.00417473,-0.0280281
1.89091,-0.143049,-0.046601,-0.0162358,0.737002,-0.675296,0.00417473,-0.0280281
1.89191,-0.142782,-0.046775,-0.0161815,0.73719,-0.675076,0.00470801,-0.028299
1.89291,-0.142782,-0.046775,-0.0161815,0.73719,-0.675076,0.00470801,-0.028299
1.89391,-0.142605,-0.0468923,-0.0161815,0.737527,-0.674694,0.00389774,-0.0287515
1.89491,-0.142605,-0.0468923,-0.0161815,0.737527,-0.674694,0.00389774,-0.0287515
1.89591,-0.14234,-0.0470681,-0.0161815,0.737507,-0.674714,0.00392138,-0.0288068
1.89693,-0.14234,-0.0470681,-0.0161815,0.737507,-0.674714,0.00392138,-0.0288068
1.89791,-0.142163,-0.0471851,-0.0161815,0.737487,-0.674728,0.00379337,-0.0290007
1.89891,-0.142163,-0.0471851,-0.0161815,0.737487,-0.674728,0.00379337,-0.0290007
1.89993,-0.141985,-0.0473019,-0.0161815,0.737466,-0.674743,0.00366533,-0.0291947
1.90091,-0.141985,-0.0473019,-0.0161815,0.737466,-0.674743,0.00366533,-0.0291947
1.90191,-0.141718,-0.0474746,-0.0161271,0.737822,-0.674362,0.00344031,-0.0290393
1.90293,-0.141718,-0.0474746,-0.0161271,0.737822,-0.674362,0.00344031,-0.0290393
1.90392,-0.14154,-0.047591,-0.0161271,0.737783,-0.674378,0.0028816,-0.0297052
1.90491,-0.14154,-0.047591,-0.0161271,0.737783,-0.674378,0.0028816,-0.0297052
1.90591,-0.141274,-0.0477655,-0.0161271,0.737762,-0.674398,0.0029056,-0.0297608
1.90691,-0.141274,-0.0477655,-0.0161271,0.737762,-0.674398,0.0029056,-0.0297608
1.90791,-0.141094,-0.0478792,-0.0160728,0.737742,-0.674412,0.00277789,-0.0299551
1.90893,-0.141094,-0.0478792,-0.0160728,0.737742,-0.674412,0.00277789,-0.0299551
1.90991,-0.140916,-0.0479952,-0.0160728,0.738079,-0.674025,0.00197273,-0.0304125
1.91091,-0.140916,-0.0479952,-0.0160728,0.738079,-0.674025,0.00197273,-0.0304125
1.91191,-0.140649,-0.0481689,-0.0160728,0.738059,-0.674045,0.00199714,-0.0304685
1.91293,-0.140649,-0.0481689,-0.0160728,0.738059,-0.674045,0.00199714,-0.0304685
1.91391,-0.140471,-0.0482845,-0.0160728,0.738038,-0.674059,0.00186978,-0.0306631
1.91493,-0.140471,-0.0482845,-0.0160728,0.738038,-0.674059,0.00186978,-0.0306631
1.91593,-0.140202,-0.0484552,-0.0160184,0.737998,-0.67408,0.00146328,-0.0311908
1.91691,-0.140202,-0.0484552,-0.0160184,0.737998,-0.67408,0.00146328,-0.0311908
1.91791,-0.140024,-0.0485704,-0.0160184,0.738355,-0.67369,0.00109158,-0.0311789
1.91891,-0.140024,-0.0485704,-0.0160184,0.738355,-0.67369,0.00109158,-0.0311789
1.91993,-0.139846,-0.0486855,-0.0160184,0.738335,-0.673703,0.000964569,-0.0313739
1.92092,-0.139846,-0.0486855,-0.0160184,0.738335,-0.673703,0.000964569,-0.0313739
1.92191,-0.139576,-0.0488554,-0.0159641,0.738294,-0.673724,0.000558706,-0.0319022
1.92294,-0.139576,-0.0488554,-0.0159641,0.738294,-0.673724,0.000558706,-0.0319022
1.92392,-0.139397,-0.0489701,-0.0159641,0.738273,-0.673737,0.00043165,-0.032097
1.92491,-0.139397,-0.0489701,-0.0159641,0.738273,-0.673737,0.00043165,-0.032097
1.92591,-0.139219,-0.0490847,-0.0159641,0.738631,-0.673345,6.22795e-05,-0.0320875
1.92691,-0.139219,-0.0490847,-0.0159641,0.738631,-0.673345,6.22795e-05,-0.0320875
1.92791,-0.13895,-0.0492563,-0.0159641,0.738611,-0.673365,8.74611e-05,-0.0321443
1.92891,-0.13895,-0.0492563,-0.0159641,0.738611,-0.673365,8.74611e-05,-0.0321443
1.92991,-0.13877,-0.049368,-0.0159098,0.738569,-0.673378,-0.000469649,-0.0328116
1.93091,-0.13877,-0.049368,-0.0159098,0.738569,-0.673378,-0.000469649,-0.0328116
1.93193,-0.138501,-0.0495391,-0.0159098,0.738928,-0.672991,-0.000685159,-0.0326655
1.93295,-0.138501,-0.0495391,-0.0159098,0.738928,-0.672991,-0.000685159,-0.0326655
1.93391,-0.13833,-0.0496664,-0.0158045,0.738788,-0.673132,-0.000743678,-0.0329416
1.93491,-0.13833,-0.0496664,-0.0158045,0.738788,-0.673132,-0.000743678,-0.0329416
1.93591,-0.138151,-0.0497801,-0.0158045,0.738767,-0.673145,-0.000870153,-0.033137
1.93691,-0.138151,-0.0497801,-0.0158045,0.738767,-0.673145,-0.000870153,-0.033137
1.93791,-0.137882,-0.0499503,-0.0158045,0.738747,-0.673165,-0.000844759,-0.033194
1.93891,-0.137882,-0.0499503,-0.0158045,0.738747,-0.673165,-0.000844759,-0.033194
1.93992,-0.137701,-0.0500611,-0.0157502,0.739085,-0.672769,-0.00164019,-0.0336608
1.94091,-0.137701,-0.0500611,-0.0157502,0.739085,-0.672769,-0.00164019,-0.0336608
1.94191,-0.137431,-0.0502309,-0.0157502,0.739064,-0.672789,-0.00161436,-0.0337182
1.94291,-0.137431,-0.0502309,-0.0157502,0.739064,-0.672789,-0.00161436,-0.0337182
1.94391,-0.13725,-0.0503413,-0.0156958,0.739043,-0.672801,-0.00174051,-0.033914
1.94491,-0.13725,-0.0503413,-0.0156958,0.739043,-0.672801,-0.00174051,-0.033914
1.94591,-0.13698,-0.0505104,-0.0156958,0.739023,-0.672821,-0.00171472,-0.0339714
1.94691,-0.13698,-0.0505104,-0.0156958,0.739023,-0.672821,-0.00171472,-0.0339714
1.94793,-0.1368,-0.050623,-0.0156958,0.739361,-0.672423,-0.00250751,-0.0344407
1.94891,-0.1368,-0.050623,-0.0156958,0.739361,-0.672423,-0.00250751,-0.0344407
1.94991,-0.136528,-0.0507891,-0.0156415,0.73934,-0.672443,-0.00248129,-0.0344985
1.95091,-0.136528,-0.0507891,-0.0156415,0.73934,-0.672443,-0.00248129,-0.0344985
1.95192,-0.136348,-0.0509013,-0.0156415,0.739319,-0.672455,-0.0026071,-0.0346945
1.95291,-0.136348,-0.0509013,-0.0156415,0.739319,-0.672455,-0.0026071,-0.0346945
1.95391,-0.136166,-0.0510108,-0.0155872,0.73968,-0.672057,-0.00296813,-0.0346931
1.95494,-0.136166,-0.0510108,-0.0155872,0.73968,-0.672057,-0.00296813,-0.0346931
1.95593,-0.135905,-0.0511946,-0.0155362,0.739517,-0.672203,-0.00330509,-0.0353029
1.95693,-0.135905,-0.0511946,-0.0155362,0.739517,-0.672203,-0.00330509,-0.0353029
1.95791,-0.135723,-0.0513037,-0.0154819,0.739878,-0.671804,-0.00366471,-0.0353028
1.95891,-0.135723,-0.0513037,-0.0154819,0.739878,-0.671804,-0.00366471,-0.0353028
1.95991,-0.13545,-0.0514684,-0.0154276,0.739835,-0.671821,-0.0040672,-0.0358343
1.96092,-0.13545,-0.0514684,-0.0154276,0.739835,-0.671821,-0.0040672,-0.0358343
1.96193,-0.135269,-0.0515797,-0.0154276,0.739813,-0.671834,-0.0041924,-0.0360309
1.96291,-0.135269,-0.0515797,-0.0154276,0.739813,-0.671834,-0.0041924,-0.0360309
1.96393,-0.135087,-0.0516883,-0.0153732,0.739792,-0.671846,-0.00431763,-0.0362275
1.96491,-0.135087,-0.0516883,-0.0153732,0.739792,-0.671846,-0.00431763,-0.0362275
1.96591,-0.134815,-0.0518548,-0.0153732,0.740131,-0.671449,-0.00495188,-0.0365648
1.96691,-0.134815,-0.0518548,-0.0153732,0.740131,-0.671449,-0.00495188,-0.0365648
1.96792,-0.134642,-0.051979,-0.015268,0.739965,-0.671587,-0.00544106,-0.0373125
1.96892,-0.134642,-0.051979,-0.015268,0.739965,-0.671587,-0.00544106,-0.0373125
1.96991,-0.134369,-0.0521423,-0.0152136,0.739945,-0.671607,-0.00541393,-0.0373712
1.97093,-0.134369,-0.0521423,-0.0152136,0.739945,-0.671607,-0.00541393,-0.0373712
1.97191,-0.134188,-0.0522527,-0.0152136,0.740307,-0.671205,-0.00576902,-0.0373756
1.97293,-0.134188,-0.0522527,-0.0152136,0.740307,-0.671205,-0.00576902,-0.0373756
1.97391,-0.134004,-0.0523603,-0.0151593,0.740452,-0.670994,-0.00580281,-0.0382785
1.97491,-0.134004,-0.0523603,-0.0151593,0.740452,-0.670994,-0.00580281,-0.0382785
1.97591,-0.133732,-0.0525254,-0.0151593,0.74079,-0.670595,-0.0064327,-0.0386205
1.97693,-0.133732,-0.0525254,-0.0151593,0.74079,-0.670595,-0.0064327,-0.0386205
1.97791,-0.133549,-0.0526326,-0.015105,0.740768,-0.670606,-0.00655673,-0.0388182
1.97891,-0.133549,-0.0526326,-0.015105,0.740768,-0.670606,-0.00655673,-0.0388182
1.97993,-0.133365,-0.0527397,-0.0150507,0.740746,-0.670618,-0.00668077,-0.039016
1.98091,-0.133365,-0.0527397,-0.0150507,0.740746,-0.670618,-0.00668077,-0.039016
1.98191,-0.133092,-0.052904,-0.0150507,0.741085,-0.670217,-0.00730838,-0.0393601
1.98293,-0.133092,-0.052904,-0.0150507,0.741085,-0.670217,-0.00730838,-0.0393601
1.98392,-0.132919,-0.0530268,-0.0149454,0.741103,-0.670138,-0.00727614,-0.0403431
1.98491,-0.132919,-0.0530268,-0.0149454,0.741103,-0.670138,-0.00727614,-0.0403431
1.98591,-0.132735,-0.0531333,-0.0148911,0.741081,-0.67015,-0.00739975,-0.0405412
1.98694,-0.132735,-0.0531333,-0.0148911,0.741081,-0.67015,-0.00739975,-0.0405412
1.98792,-0.132553,-0.0532423,-0.0148911,0.741443,-0.669745,-0.00774921,-0.040552
1.98891,-0.132553,-0.0532423,-0.0148911,0.741443,-0.669745,-0.00774921,-0.040552
1.98991,-0.132369,-0.0533485,-0.0148368,0.741394,-0.669751,-0.00830053,-0.0412245
1.99091,-0.132369,-0.0533485,-0.0148368,0.741394,-0.669751,-0.00830053,-0.0412245
1.99191,-0.132186,-0.0534573,-0.0148368,0.741756,-0.669345,-0.00864848,-0.0412367
1.99291,-0.132186,-0.0534573,-0.0148368,0.741756,-0.669345,-0.00864848,-0.0412367
1.99391,-0.131913,-0.0536202,-0.0148368,0.741921,-0.669151,-0.00809694,-0.0415348
1.99491,-0.131913,-0.0536202,-0.0148368,0.741921,-0.669151,-0.00809694,-0.0415348
1.99593,-0.131728,-0.0537258,-0.0147825,0.741897,-0.669163,-0.00821958,-0.0417338
1.99691,-0.131728,-0.0537258,-0.0147825,0.741897,-0.669163,-0.00821958,-0.0417338
1.99791,-0.131546,-0.053834,-0.0147825,0.742233,-0.66875,-0.00899323,-0.0422228
1.99891,-0.131546,-0.053834,-0.0147825,0.742233,-0.66875,-0.00899323,-0.0422228
1.99993,-0.131361,-0.0539393,-0.0147281,0.74221,-0.668762,-0.00911549,-0.0424222
2.00091,-0.131361,-0.0539393,-0.0147281,0.74221,-0.668762,-0.00911549,-0.0424222
2.00191,-0.131178,-0.0540472,-0.0147281,0.742756,-0.668141,-0.00893769,-0.0426766
2.00291,-0.131178,-0.0540472,-0.0147281,0.742756,-0.668141,-0.00893769,-0.0426766
2.00392,-0.130994,-0.0541522,-0.0146738,0.742732,-0.668153,-0.00905934,-0.0428766
2.00491,-0.130994,-0.0541522,-0.0146738,0.742732,-0.668153,-0.00905934,-0.0428766
2.00591,-0.130811,-0.0542598,-0.0146738,0.743095,-0.667744,-0.00940275,-0.0428943
2.00691,-0.130811,-0.0542598,-0.0146738,0.743095,-0.667744,-0.00940275,-0.0428943
2.00791,-0.130628,-0.0543673,-0.0146738,0.743071,-0.667756,-0.00952401,-0.0430947
2.00892,-0.130628,-0.0543673,-0.0146738,0.743071,-0.667756,-0.00952401,-0.0430947
2.00991,-0.130444,-0.0544747,-0.0146738,0.743201,-0.667551,-0.00954883,-0.0440097
2.01091,-0.130444,-0.0544747,-0.0146738,0.743201,-0.667551,-0.00954883,-0.0440097
2.01194,-0.130259,-0.054579,-0.0146195,0.743592,-0.667147,-0.00946387,-0.0435545
2.01291,-0.130259,-0.054579,-0.0146195,0.743592,-0.667147,-0.00946387,-0.0435545
2.01391,-0.130076,-0.0546861,-0.0146195,0.74354,-0.667152,-0.010011,-0.0442307
2.01491,-0.130076,-0.0546861,-0.0146195,0.74354,-0.667152,-0.010011,-0.0442307
2.01593,-0.129801,-0.0548464,-0.0146195,0.743517,-0.667173,-0.00997881,-0.0442945
2.01691,-0.129801,-0.0548464,-0.0146195,0.743517,-0.667173,-0.00997881,-0.0442945
2.01791,-0.129627,-0.0549693,-0.0145685,0.743938,-0.666686,-0.00973442,-0.0446319
2.01891,-0.129627,-0.0549693,-0.0145685,0.743938,-0.666686,-0.00973442,-0.0446319
2.01991,-0.129441,-0.0550729,-0.0145142,0.743913,-0.666698,-0.00985466,-0.0448333
2.02095,-0.129441,-0.0550729,-0.0145142,0.743913,-0.666698,-0.00985466,-0.0448333
2.02191,-0.129257,-0.0551793,-0.0145142,0.743889,-0.66671,-0.00997492,-0.0450346
2.02291,-0.129257,-0.0551793,-0.0145142,0.743889,-0.66671,-0.00997492,-0.0450346
2.02391,-0.129074,-0.0552855,-0.0145142,0.74443,-0.66609,-0.00978894,-0.0453008
2.02491,-0.129074,-0.0552855,-0.0145142,0.74443,-0.66609,-0.00978894,-0.0453008
2.02591,-0.12889,-0.0553916,-0.0145142,0.744405,-0.666103,-0.00990859,-0.0455027
2.02691,-0.12889,-0.0553916,-0.0145142,0.744405,-0.666103,-0.00990859,-0.0455027
2.02793,-0.128706,-0.0554975,-0.0145142,0.74438,-0.666115,-0.0100283,-0.0457046
2.02892,-0.128706,-0.0554975,-0.0145142,0.74438,-0.666115,-0.0100283,-0.0457046
2.02991,-0.128521,-0.0556033,-0.0145142,0.744742,-0.665703,-0.0103648,-0.0457306
2.03091,-0.128521,-0.0556033,-0.0145142,0.744742,-0.665703,-0.0103648,-0.0457306
2.03191,-0.128335,-0.055706,-0.0144599,0.744894,-0.665508,-0.00995924,-0.0461763
2.03291,-0.128335,-0.055706,-0.0144599,0.744894,-0.665508,-0.00995924,-0.0461763
2.03391,-0.128151,-0.0558114,-0.0144599,0.744869,-0.665521,-0.0100783,-0.0463788
2.03491,-0.128151,-0.0558114,-0.0144599,0.744869,-0.665521,-0.0100783,-0.0463788
2.03591,-0.127875,-0.0559694,-0.0144599,0.744845,-0.665543,-0.0100443,-0.0464444
2.03691,-0.127875,-0.0559694,-0.0144599,0.744845,-0.665543,-0.0100443,-0.0464444
2.03791,-0.12769,-0.0560744,-0.0144599,0.744995,-0.665351,-0.00963799,-0.0468909
2.0389,-0.12769,-0.0560744,-0.0144599,0.744995,-0.665351,-0.00963799,-0.0468909
2.03993,-0.127515,-0.0561957,-0.0144089,0.745234,-0.665071,-0.00991328,-0.0469937
2.0409,-0.127515,-0.0561957,-0.0144089,0.745234,-0.665071,-0.00991328,-0.0469937
2.04189,-0.127328,-0.0562975,-0.0143546,0.745208,-0.665084,-0.010032,-0.0471966
2.04289,-0.127328,-0.0562975,-0.0143546,0.745208,-0.665084,-0.010032,-0.0471966
2.0439,-0.127144,-0.0564022,-0.0143546,0.745182,-0.665097,-0.0101506,-0.0473994
2.04491,-0.127144,-0.0564022,-0.0143546,0.745182,-0.665097,-0.0101506,-0.0473994
2.0459,-0.126959,-0.0565067,-0.0143546,0.745545,-0.664683,-0.010483,-0.0474305
2.0469,-0.126959,-0.0565067,-0.0143546,0.745545,-0.664683,-0.010483,-0.0474305
2.04791,-0.126681,-0.0566631,-0.0143546,0.745521,-0.664705,-0.010448,-0.047497
2.0489,-0.126681,-0.0566631,-0.0143546,0.745521,-0.664705,-0.010448,-0.047497
2.04992,-0.126496,-0.0567672,-0.0143546,0.745637,-0.664508,-0.0104648,-0.0484229
2.05089,-0.126496,-0.0567672,-0.0143546,0.745637,-0.664508,-0.0104648,-0.0484229
2.05191,-0.126311,-0.0568712,-0.0143546,0.745547,-0.664508,-0.0114325,-0.0495794
2.05289,-0.126311,-0.0568712,-0.0143546,0.745547,-0.664508,-0.0114325,-0.0495794
2.05389,-0.126135,-0.0569913,-0.0143037,0.745819,-0.664233,-0.01128,-0.0492092
2.05489,-0.126135,-0.0569913,-0.0143037,0.745819,-0.664233,-0.01128,-0.0492092
2.05589,-0.125855,-0.0571438,-0.0142493,0.745794,-0.664256,-0.0112446,-0.0492762
2.05689,-0.125855,-0.0571438,-0.0142493,0.745794,-0.664256,-0.0112446,-0.0492762
2.05789,-0.12567,-0.0572472,-0.0142493,0.745735,-0.664262,-0.0117871,-0.0499565
2.05892,-0.12567,-0.0572472,-0.0142493,0.745735,-0.664262,-0.0117871,-0.0499565
2.05989,-0.125484,-0.0573505,-0.0142493,0.745878,-0.664075,-0.0113776,-0.0504079
2.06089,-0.125484,-0.0573505,-0.0142493,0.745878,-0.664075,-0.0113776,-0.0504079
2.06189,-0.125205,-0.0575051,-0.0142493,0.746243,-0.663669,-0.0115515,-0.0503084
2.06289,-0.125205,-0.0575051,-0.0142493,0.746243,-0.663669,-0.0115515,-0.0503084
2.06392,-0.125018,-0.057605,-0.014195,0.746183,-0.663675,-0.0120931,-0.0509894
2.06489,-0.125018,-0.057605,-0.014195,0.746183,-0.663675,-0.0120931,-0.0509894
2.06589,-0.124739,-0.057759,-0.014195,0.746158,-0.663699,-0.0120571,-0.051057
2.0669,-0.124739,-0.057759,-0.014195,0.746158,-0.663699,-0.0120571,-0.051057
2.06793,-0.124562,-0.057878,-0.014144,0.746007,-0.663846,-0.0121184,-0.0513321
2.0689,-0.124562,-0.057878,-0.014144,0.746007,-0.663846,-0.0121184,-0.0513321
2.0699,-0.124281,-0.0580284,-0.0140897,0.746149,-0.663672,-0.0115542,-0.051649
2.0709,-0.124281,-0.0580284,-0.0140897,0.746149,-0.663672,-0.0115542,-0.051649
2.07191,-0.124095,-0.0581305,-0.0140897,0.746345,-0.663453,-0.0124071,-0.0514392
2.07291,-0.124095,-0.0581305,-0.0140897,0.746345,-0.663453,-0.0124071,-0.0514392
2.07391,-0.123907,-0.0582295,-0.0140354,0.74645,-0.663261,-0.0124196,-0.0523708
2.07492,-0.123907,-0.0582295,-0.0140354,0.74645,-0.663261,-0.0124196,-0.0523708
2.07591,-0.123628,-0.0583821,-0.0140354,0.746424,-0.663286,-0.0123832,-0.0524388
2.07694,-0.123628,-0.0583821,-0.0140354,0.746424,-0.663286,-0.0123832,-0.0524388
2.07792,-0.123441,-0.0584837,-0.0140354,0.746396,-0.663299,-0.0125002,-0.0526432
2.07893,-0.123441,-0.0584837,-0.0140354,0.746396,-0.663299,-0.0125002,-0.0526432
2.07994,-0.123168,-0.0586492,-0.0139301,0.746638,-0.663026,-0.0126137,-0.0526198
2.08091,-0.123168,-0.0586492,-0.0139301,0.746638,-0.663026,-0.0126137,-0.0526198
2.08192,-0.122982,-0.0587504,-0.0139301,0.746217,-0.663472,-0.0125261,-0.0529856
2.08291,-0.122982,-0.0587504,-0.0139301,0.746217,-0.663472,-0.0125261,-0.0529856
2.08394,-0.122701,-0.0589019,-0.0139301,0.746747,-0.66287,-0.0121643,-0.0531445
2.08491,-0.122701,-0.0589019,-0.0139301,0.746747,-0.66287,-0.0121643,-0.0531445
2.08593,-0.122513,-0.0589997,-0.0138758,0.746684,-0.662876,-0.0127046,-0.0538265
2.08691,-0.122513,-0.0589997,-0.0138758,0.746684,-0.662876,-0.0127046,-0.0538265
2.08792,-0.122326,-0.0591003,-0.0138758,0.746655,-0.66289,-0.0128213,-0.0540312
2.08891,-0.122326,-0.0591003,-0.0138758,0.746655,-0.66289,-0.0128213,-0.0540312
2.08992,-0.122043,-0.0592479,-0.0138216,0.746628,-0.662915,-0.0127845,-0.0540995
2.09091,-0.122043,-0.0592479,-0.0138216,0.746628,-0.662915,-0.0127845,-0.0540995
2.09191,-0.121856,-0.0593482,-0.0138216,0.746992,-0.662495,-0.0131032,-0.0541459
2.09291,-0.121856,-0.0593482,-0.0138216,0.746992,-0.662495,-0.0131032,-0.0541459
2.09391,-0.121574,-0.0594952,-0.0137673,0.74693,-0.662512,-0.0134894,-0.0546922
2.09491,-0.121574,-0.0594952,-0.0137673,0.74693,-0.662512,-0.0134894,-0.0546922
2.09591,-0.121386,-0.0595951,-0.0137673,0.747062,-0.662334,-0.0130749,-0.0551507
2.09691,-0.121386,-0.0595951,-0.0137673,0.747062,-0.662334,-0.0130749,-0.0551507
2.09793,-0.121199,-0.0596949,-0.0137673,0.747032,-0.662348,-0.0131911,-0.0553559
2.09891,-0.121199,-0.0596949,-0.0137673,0.747032,-0.662348,-0.0131911,-0.0553559
2.09994,-0.120916,-0.059841,-0.013713,0.746969,-0.662366,-0.0135771,-0.0559023
2.10091,-0.120916,-0.059841,-0.013713,0.746969,-0.662366,-0.0135771,-0.0559023
2.10193,-0.120728,-0.0599404,-0.013713,0.746939,-0.66238,-0.0136933,-0.0561074
2.10292,-0.120728,-0.0599404,-0.013713,0.746939,-0.66238,-0.0136933,-0.0561074
2.10391,-0.120446,-0.0600891,-0.013713,0.747305,-0.66197,-0.0138548,-0.0560216
2.10493,-0.120446,-0.0600891,-0.013713,0.747305,-0.66197,-0.0138548,-0.0560216
2.10592,-0.120257,-0.0601849,-0.0136587,0.747275,-0.661984,-0.0139706,-0.0562271
2.10692,-0.120257,-0.0601849,-0.0136587,0.747275,-0.661984,-0.0139706,-0.0562271
2.10791,-0.120069,-0.0602837,-0.0136587,0.747245,-0.661999,-0.0140865,-0.0564325
2.10892,-0.120069,-0.0602837,-0.0136587,0.747245,-0.661999,-0.0140865,-0.0564325
2.10991,-0.119786,-0.0604317,-0.0136587,0.747375,-0.661836,-0.0135166,-0.0567572
2.11096,-0.119786,-0.0604317,-0.0136587,0.747375,-0.661836,-0.0135166,-0.0567572
2.11191,-0.119597,-0.0605269,-0.0136044,0.747307,-0.661842,-0.0140553,-0.0574404
2.11291,-0.119597,-0.0605269,-0.0136044,0.747307,-0.661842,-0.0140553,-0.0574404
2.11392,-0.119408,-0.0606251,-0.0136044,0.747276,-0.661857,-0.0141711,-0.0576459
2.11493,-0.119408,-0.0606251,-0.0136044,0.747276,-0.661857,-0.0141711,-0.0576459
2.11593,-0.11922,-0.0607233,-0.0136044,0.74764,-0.661434,-0.0144828,-0.0577001
2.11691,-0.11922,-0.0607233,-0.0136044,0.74764,-0.661434,-0.0144828,-0.0577001
2.11792,-0.118936,-0.0608669,-0.0135501,0.747612,-0.66146,-0.0144445,-0.05777
2.11892,-0.118936,-0.0608669,-0.0135501,0.747612,-0.66146,-0.0144445,-0.05777
2.11991,-0.118747,-0.0609646,-0.0135501,0.747581,-0.661475,-0.0145599,-0.0579758
2.12091,-0.118747,-0.0609646,-0.0135501,0.747581,-0.661475,-0.0145599,-0.0579758
2.12191,-0.118558,-0.0610622,-0.0135501,0.747513,-0.66148,-0.0150981,-0.0586595
2.12291,-0.118558,-0.0610622,-0.0135501,0.747513,-0.66148,-0.0150981,-0.0586595
2.12391,-0.11837,-0.0611596,-0.0135501,0.747481,-0.661494,-0.0152135,-0.0588653
2.12492,-0.11837,-0.0611596,-0.0135501,0.747481,-0.661494,-0.0152135,-0.0588653
2.12591,-0.118086,-0.0613055,-0.0135501,0.747453,-0.661521,-0.0151753,-0.058935
2.12692,-0.118086,-0.0613055,-0.0135501,0.747453,-0.661521,-0.0151753,-0.058935
2.12791,-0.117898,-0.0614025,-0.0135501,0.747422,-0.661536,-0.0152908,-0.0591407
2.12891,-0.117898,-0.0614025,-0.0135501,0.747422,-0.661536,-0.0152908,-0.0591407
2.12994,-0.117707,-0.0614961,-0.0134958,0.747543,-0.661367,-0.0148722,-0.0596042
2.13091,-0.117707,-0.0614961,-0.0134958,0.747543,-0.661367,-0.0148722,-0.0596042
2.13193,-0.117518,-0.0615928,-0.0134958,0.747472,-0.661372,-0.0154103,-0.0602879
2.13291,-0.117518,-0.0615928,-0.0134958,0.747472,-0.661372,-0.0154103,-0.0602879
2.13392,-0.117329,-0.0616894,-0.0134958,0.747875,-0.660957,-0.0152946,-0.0598692
2.13491,-0.117329,-0.0616894,-0.0134958,0.747875,-0.660957,-0.0152946,-0.0598692
2.13591,-0.117139,-0.0617858,-0.0134958,0.747804,-0.660962,-0.0158321,-0.0605535
2.13691,-0.117139,-0.0617858,-0.0134958,0.747804,-0.660962,-0.0158321,-0.0605535
2.13794,-0.11695,-0.0618821,-0.0134958,0.747772,-0.660977,-0.0159471,-0.0607597
2.13891,-0.11695,-0.0618821,-0.0134958,0.747772,-0.660977,-0.0159471,-0.0607597
2.13993,-0.116666,-0.0620262,-0.0134958,0.747743,-0.661004,-0.0159084,-0.0608299
2.14093,-0.116666,-0.0620262,-0.0134958,0.747743,-0.661004,-0.0159084,-0.0608299
2.14191,-0.116477,-0.062122,-0.0134958,0.747711,-0.661019,-0.0160234,-0.061036
2.14292,-0.116477,-0.062122,-0.0134958,0.747711,-0.661019,-0.0160234,-0.061036
2.14391,-0.116287,-0.0622178,-0.0134958,0.747678,-0.661034,-0.0161385,-0.0612421
2.14491,-0.116287,-0.0622178,-0.0134958,0.747678,-0.661034,-0.0161385,-0.0612421
2.14592,-0.116096,-0.06231,-0.0134415,0.747646,-0.661049,-0.0162536,-0.0614482
2.14691,-0.116096,-0.06231,-0.0134415,0.747646,-0.661049,-0.0162536,-0.0614482
2.14789,-0.115906,-0.0624054,-0.0134415,0.747613,-0.661064,-0.0163687,-0.0616543
2.14893,-0.115906,-0.0624054,-0.0134415,0.747613,-0.661064,-0.0163687,-0.0616543
2.14991,-0.115716,-0.0625006,-0.0134415,0.74758,-0.661079,-0.0164838,-0.0618603
2.15091,-0.115716,-0.0625006,-0.0134415,0.74758,-0.661079,-0.0164838,-0.0618603
2.15191,-0.115526,-0.0625957,-0.0134415,0.747548,-0.661094,-0.016599,-0.0620663
2.15293,-0.115526,-0.0625957,-0.0134415,0.747548,-0.661094,-0.016599,-0.0620663
2.15391,-0.115336,-0.0626907,-0.0134415,0.747662,-0.660931,-0.0161779,-0.0625325
2.15493,-0.115336,-0.0626907,-0.0134415,0.747662,-0.660931,-0.0161779,-0.0625325
2.15589,-0.115051,-0.0628328,-0.0134415,0.747632,-0.660959,-0.0161393,-0.0626027
2.15693,-0.115051,-0.0628328,-0.0134415,0.747632,-0.660959,-0.0161393,-0.0626027
2.15791,-0.114861,-0.0629273,-0.0134415,0.747599,-0.660975,-0.0162543,-0.0628088
2.15891,-0.114861,-0.0629273,-0.0134415,0.747599,-0.660975,-0.0162543,-0.0628088
2.15991,-0.114671,-0.0630217,-0.0134415,0.747964,-0.660548,-0.016555,-0.0628746
2.16091,-0.114671,-0.0630217,-0.0134415,0.747964,-0.660548,-0.016555,-0.0628746
2.16191,-0.114479,-0.0631126,-0.0133873,0.747531,-0.661005,-0.0164845,-0.0632209
2.16293,-0.114479,-0.0631126,-0.0133873,0.747531,-0.661005,-0.0164845,-0.0632209
2.16391,-0.114288,-0.0632066,-0.0133873,0.747897,-0.660578,-0.0167844,-0.0632875
2.16493,-0.114288,-0.0632066,-0.0133873,0.747897,-0.660578,-0.0167844,-0.0632875
2.16591,-0.114098,-0.0633005,-0.0133873,0.747863,-0.660594,-0.0168991,-0.0634939
2.16691,-0.114098,-0.0633005,-0.0133873,0.747863,-0.660594,-0.0168991,-0.0634939
2.16791,-0.113907,-0.0633943,-0.0133873,0.747829,-0.660609,-0.0170138,-0.0637003
2.16892,-0.113907,-0.0633943,-0.0133873,0.747829,-0.660609,-0.0170138,-0.0637003
2.16991,-0.113717,-0.0634879,-0.0133873,0.747939,-0.66045,-0.0165912,-0.0641686
2.17093,-0.113717,-0.0634879,-0.0133873,0.747939,-0.66045,-0.0165912,-0.0641686
2.17193,-0.113534,-0.0635981,-0.0133362,0.747778,-0.660604,-0.0166584,-0.064439
2.17293,-0.113534,-0.0635981,-0.0133362,0.747778,-0.660604,-0.0166584,-0.064439
2.17391,-0.113342,-0.063688,-0.013282,0.747744,-0.66062,-0.0167732,-0.0646453
2.17491,-0.113342,-0.063688,-0.013282,0.747744,-0.66062,-0.0167732,-0.0646453
2.1759,-0.113151,-0.0637812,-0.013282,0.74771,-0.660636,-0.016888,-0.0648516
2.17694,-0.113151,-0.0637812,-0.013282,0.74771,-0.660636,-0.016888,-0.0648516
2.17791,-0.11296,-0.0638742,-0.013282,0.747675,-0.660651,-0.0170028,-0.0650579
2.17892,-0.11296,-0.0638742,-0.013282,0.747675,-0.660651,-0.0170028,-0.0650579
2.17991,-0.112769,-0.063967,-0.013282,0.74764,-0.660667,-0.0171176,-0.0652641
2.18093,-0.112769,-0.063967,-0.013282,0.74764,-0.660667,-0.0171176,-0.0652641
2.18191,-0.112482,-0.0641059,-0.013282,0.74775,-0.660525,-0.0165404,-0.0655975
2.18291,-0.112482,-0.0641059,-0.013282,0.74775,-0.660525,-0.0165404,-0.0655975
2.18391,-0.112289,-0.0641949,-0.0132277,0.747715,-0.660541,-0.0166551,-0.0658039
2.18493,-0.112289,-0.0641949,-0.0132277,0.747715,-0.660541,-0.0166551,-0.0658039
2.18591,-0.112098,-0.0642872,-0.0132277,0.74768,-0.660558,-0.0167699,-0.0660102
2.18693,-0.112098,-0.0642872,-0.0132277,0.74768,-0.660558,-0.0167699,-0.0660102
2.18791,-0.111907,-0.0643793,-0.0132277,0.747645,-0.660574,-0.0168847,-0.0662164
2.18893,-0.111907,-0.0643793,-0.0132277,0.747645,-0.660574,-0.0168847,-0.0662164
2.18991,-0.111715,-0.0644713,-0.0132277,0.747566,-0.660579,-0.0174217,-0.0669005
2.19093,-0.111715,-0.0644713,-0.0132277,0.747566,-0.660579,-0.0174217,-0.0669005
2.19191,-0.111522,-0.0645596,-0.0131734,0.747531,-0.660596,-0.0175366,-0.0671067
2.19292,-0.111522,-0.0645596,-0.0131734,0.747531,-0.660596,-0.0175366,-0.0671067
2.19391,-0.111331,-0.0646513,-0.0131734,0.747495,-0.660612,-0.0176514,-0.0673129
2.19491,-0.111331,-0.0646513,-0.0131734,0.747495,-0.660612,-0.0176514,-0.0673129
2.19591,-0.111147,-0.0647596,-0.0131224,0.74747,-0.660599,-0.0171812,-0.0678456
2.19693,-0.111147,-0.0647596,-0.0131224,0.74747,-0.660599,-0.0171812,-0.0678456
2.19791,-0.110955,-0.0648509,-0.0131224,0.747433,-0.660616,-0.0172961,-0.0680518
2.19891,-0.110955,-0.0648509,-0.0131224,0.747433,-0.660616,-0.0172961,-0.0680518
2.19991,-0.110762,-0.0649387,-0.0130681,0.747397,-0.660633,-0.017411,-0.0682578
2.20093,-0.110762,-0.0649387,-0.0130681,0.747397,-0.660633,-0.017411,-0.0682578
2.20191,-0.11057,-0.0650297,-0.0130681,0.74736,-0.66065,-0.017526,-0.0684639
2.20293,-0.11057,-0.0650297,-0.0130681,0.74736,-0.66065,-0.017526,-0.0684639
2.20391,-0.110474,-0.0650751,-0.0130681,0.747456,-0.660485,-0.0172543,-0.0690707
2.20492,-0.110474,-0.0650751,-0.0130681,0.747456,-0.660485,-0.0172543,-0.0690707
2.20591,-0.110186,-0.0652112,-0.0130681,0.747423,-0.660517,-0.0172155,-0.069141
2.20693,-0.110186,-0.0652112,-0.0130681,0.747423,-0.660517,-0.0172155,-0.069141
2.20791,-0.110088,-0.065253,-0.0130138,0.747382,-0.66052,-0.017484,-0.069483
2.20894,-0.110088,-0.065253,-0.0130138,0.747382,-0.66052,-0.017484,-0.069483
2.20993,-0.1098,-0.0653886,-0.0130138,0.747348,-0.660552,-0.0174452,-0.0695532
2.21094,-0.1098,-0.0653886,-0.0130138,0.747348,-0.660552,-0.0174452,-0.0695532
2.2119,-0.109704,-0.0654338,-0.0130138,0.747307,-0.660555,-0.0177138,-0.0698951
2.21292,-0.109704,-0.0654338,-0.0130138,0.747307,-0.660555,-0.0177138,-0.0698951
2.21391,-0.109415,-0.0655689,-0.0130138,0.747407,-0.660421,-0.017134,-0.070231
2.2149,-0.109415,-0.0655689,-0.0130138,0.747407,-0.660421,-0.017134,-0.070231
2.21591,-0.109223,-0.0656588,-0.0130138,0.747324,-0.660428,-0.017671,-0.0709149
2.21693,-0.109223,-0.0656588,-0.0130138,0.747324,-0.660428,-0.017671,-0.0709149
2.21791,-0.109029,-0.0657451,-0.0129596,0.747735,-0.66001,-0.0175368,-0.0705179
2.21893,-0.109029,-0.0657451,-0.0129596,0.747735,-0.66001,-0.0175368,-0.0705179
2.21991,-0.108836,-0.0658347,-0.0129596,0.74738,-0.6603,-0.017359,-0.0715932
2.22093,-0.108836,-0.0658347,-0.0129596,0.74738,-0.6603,-0.017359,-0.0715932
2.22193,-0.108644,-0.0659241,-0.0129596,0.747341,-0.660319,-0.0174737,-0.0717994
2.22291,-0.108644,-0.0659241,-0.0129596,0.747341,-0.660319,-0.0174737,-0.0717994
2.22391,-0.108451,-0.0660134,-0.0129596,0.747706,-0.659889,-0.0177602,-0.0718822
2.22494,-0.108451,-0.0660134,-0.0129596,0.747706,-0.659889,-0.0177602,-0.0718822
2.22593,-0.108258,-0.0661025,-0.0129596,0.747667,-0.659907,-0.0178746,-0.0720887
2.22694,-0.108258,-0.0661025,-0.0129596,0.747667,-0.659907,-0.0178746,-0.0720887
2.22791,-0.108064,-0.0661879,-0.0129053,0.747759,-0.659763,-0.0174468,-0.0725624
2.22893,-0.108064,-0.0661879,-0.0129053,0.747759,-0.659763,-0.0174468,-0.0725624
2.22991,-0.107871,-0.0662767,-0.0129053,0.74772,-0.659782,-0.0175611,-0.072769
2.23093,-0.107871,-0.0662767,-0.0129053,0.74772,-0.659782,-0.0175611,-0.072769
2.23191,-0.107678,-0.0663653,-0.0129053,0.747727,-0.659811,-0.0172536,-0.0724977
2.23291,-0.107678,-0.0663653,-0.0129053,0.747727,-0.659811,-0.0172536,-0.0724977
2.2339,-0.107485,-0.0664538,-0.0129053,0.747816,-0.659669,-0.0168254,-0.0729718
2.23492,-0.107485,-0.0664538,-0.0129053,0.747816,-0.659669,-0.0168254,-0.0729718
2.23591,-0.107292,-0.0665421,-0.0129053,0.747777,-0.659688,-0.0169395,-0.0731785
2.23693,-0.107292,-0.0665421,-0.0129053,0.747777,-0.659688,-0.0169395,-0.0731785
2.23793,-0.107002,-0.0666743,-0.0129053,0.74774,-0.659722,-0.0169,-0.0732496
2.23891,-0.107002,-0.0666743,-0.0129053,0.74774,-0.659722,-0.0169,-0.0732496
2.2399,-0.106808,-0.0667622,-0.0129053,0.7477,-0.659742,-0.0170142,-0.0734562
2.24092,-0.106808,-0.0667622,-0.0129053,0.7477,-0.659742,-0.0170142,-0.0734562
2.2419,-0.106615,-0.0668499,-0.0129053,0.74766,-0.659761,-0.0171285,-0.0736629
2.24293,-0.106615,-0.0668499,-0.0129053,0.74766,-0.659761,-0.0171285,-0.0736629
2.24391,-0.106422,-0.0669375,-0.0129053,0.747747,-0.659621,-0.0166994,-0.0741377
2.24493,-0.106422,-0.0669375,-0.0129053,0.747747,-0.659621,-0.0166994,-0.0741377
2.24591,-0.106228,-0.067025,-0.0129053,0.747706,-0.659641,-0.0168136,-0.0743444
2.24691,-0.106228,-0.067025,-0.0129053,0.747706,-0.659641,-0.0168136,-0.0743444
2.24791,-0.106034,-0.0671123,-0.0129053,0.747665,-0.659661,-0.0169278,-0.074551
2.24893,-0.106034,-0.0671123,-0.0129053,0.747665,-0.659661,-0.0169278,-0.074551
2.24991,-0.105839,-0.0671958,-0.012851,0.747625,-0.65968,-0.017042,-0.0747576
2.25093,-0.105839,-0.0671958,-0.012851,0.747625,-0.65968,-0.017042,-0.0747576
2.25193,-0.105645,-0.0672828,-0.012851,0.747632,-0.659711,-0.0167346,-0.0744864
2.25292,-0.105645,-0.0672828,-0.012851,0.747632,-0.659711,-0.0167346,-0.0744864
2.25391,-0.105452,-0.0673696,-0.012851,0.747543,-0.65972,-0.0172705,-0.0751708
2.25491,-0.105452,-0.0673696,-0.012851,0.747543,-0.65972,-0.0172705,-0.0751708
2.25591,-0.105258,-0.0674562,-0.012851,0.74755,-0.659751,-0.0169631,-0.0748995
2.25693,-0.105258,-0.0674562,-0.012851,0.74755,-0.659751,-0.0169631,-0.0748995
2.25791,-0.105064,-0.0675427,-0.012851,0.747461,-0.65976,-0.0174992,-0.0755838
2.25893,-0.105064,-0.0675427,-0.012851,0.747461,-0.65976,-0.0174992,-0.0755838
2.25991,-0.10487,-0.067629,-0.012851,0.74742,-0.65978,-0.0176135,-0.0757903
2.26093,-0.10487,-0.067629,-0.012851,0.74742,-0.65978,-0.0176135,-0.0757903
2.26191,-0.104676,-0.0677152,-0.012851,0.747427,-0.659811,-0.0173062,-0.075519
2.26291,-0.104676,-0.0677152,-0.012851,0.747427,-0.659811,-0.0173062,-0.075519
2.26391,-0.104481,-0.0678012,-0.012851,0.747337,-0.65982,-0.0178424,-0.0762031
2.26493,-0.104481,-0.0678012,-0.012851,0.747337,-0.65982,-0.0178424,-0.0762031
2.26591,-0.104287,-0.0678871,-0.012851,0.747296,-0.65984,-0.0179568,-0.0764094
2.26693,-0.104287,-0.0678871,-0.012851,0.747296,-0.65984,-0.0179568,-0.0764094
2.26791,-0.104093,-0.0679727,-0.012851,0.747254,-0.659859,-0.0180713,-0.0766157
2.26893,-0.104093,-0.0679727,-0.012851,0.747254,-0.659859,-0.0180713,-0.0766157
2.26991,-0.103898,-0.0680583,-0.012851,0.747091,-0.660033,-0.0187311,-0.0765519
2.27091,-0.103898,-0.0680583,-0.012851,0.747091,-0.660033,-0.0187311,-0.0765519
2.2719,-0.103704,-0.0681436,-0.012851,0.74705,-0.660052,-0.0188458,-0.076758
2.27293,-0.103704,-0.0681436,-0.012851,0.74705,-0.660052,-0.0188458,-0.076758
2.27391,-0.103509,-0.0682288,-0.012851,0.746959,-0.66006,-0.0193824,-0.0774416
2.27493,-0.103509,-0.0682288,-0.012851,0.746959,-0.66006,-0.0193824,-0.0774416
2.27591,-0.103315,-0.0683139,-0.012851,0.746918,-0.660079,-0.0194972,-0.0776476
2.27692,-0.103315,-0.0683139,-0.012851,0.746918,-0.660079,-0.0194972,-0.0776476
2.27791,-0.10312,-0.0683988,-0.012851,0.746876,-0.660099,-0.019612,-0.0778536
2.27893,-0.10312,-0.0683988,-0.012851,0.746876,-0.660099,-0.019612,-0.0778536
2.27991,-0.102925,-0.0684835,-0.012851,0.746784,-0.660105,-0.0201488,-0.0785369
2.28093,-0.102925,-0.0684835,-0.012851,0.746784,-0.660105,-0.0201488,-0.0785369
2.28191,-0.102731,-0.0685681,-0.012851,0.746573,-0.660261,-0.021232,-0.0789489
2.28292,-0.102731,-0.0685681,-0.012851,0.746573,-0.660261,-0.021232,-0.0789489
2.28391,-0.102536,-0.0686525,-0.012851,0.746531,-0.66028,-0.0213471,-0.0791545
2.28492,-0.102536,-0.0686525,-0.012851,0.746531,-0.66028,-0.0213471,-0.0791545
2.28591,-0.102341,-0.0687367,-0.012851,0.74649,-0.660299,-0.0214622,-0.0793602
2.28691,-0.102341,-0.0687367,-0.012851,0.74649,-0.660299,-0.0214622,-0.0793602
2.28791,-0.102146,-0.0688208,-0.012851,0.746448,-0.660318,-0.0215773,-0.0795658
2.28891,-0.102146,-0.0688208,-0.012851,0.746448,-0.660318,-0.0215773,-0.0795658
2.28992,-0.102048,-0.0688628,-0.012851,0.746233,-0.660453,-0.022815,-0.0801124
2.29089,-0.102048,-0.0688628,-0.012851,0.746233,-0.660453,-0.022815,-0.0801124
2.29193,-0.101853,-0.0689466,-0.012851,0.746191,-0.660472,-0.0229303,-0.0803178
2.29291,-0.101853,-0.0689466,-0.012851,0.746191,-0.660472,-0.0229303,-0.0803178
2.29393,-0.101658,-0.0690303,-0.012851,0.746149,-0.66049,-0.0230457,-0.0805231
2.29491,-0.101658,-0.0690303,-0.012851,0.746149,-0.66049,-0.0230457,-0.0805231
2.29591,-0.101463,-0.0691138,-0.012851,0.746107,-0.660508,-0.0231611,-0.0807285
2.29691,-0.101463,-0.0691138,-0.012851,0.746107,-0.660508,-0.0231611,-0.0807285
2.29793,-0.101267,-0.0691972,-0.012851,0.746065,-0.660527,-0.0232765,-0.0809337
2.29893,-0.101267,-0.0691972,-0.012851,0.746065,-0.660527,-0.0232765,-0.0809337
2.29991,-0.10117,-0.0692388,-0.012851,0.745965,-0.660513,-0.0239675,-0.0817516
2.30093,-0.10117,-0.0692388,-0.012851,0.745965,-0.660513,-0.0239675,-0.0817516
2.30191,-0.100974,-0.0693219,-0.012851,0.745808,-0.660675,-0.0246309,-0.0816841
2.30291,-0.100974,-0.0693219,-0.012851,0.745808,-0.660675,-0.0246309,-0.0816841
2.30391,-0.100779,-0.0694049,-0.012851,0.745766,-0.660693,-0.0247466,-0.0818891
2.30492,-0.100779,-0.0694049,-0.012851,0.745766,-0.660693,-0.0247466,-0.0818891
2.30591,-0.100583,-0.0694877,-0.012851,0.745724,-0.660711,-0.0248622,-0.0820941
2.30691,-0.100583,-0.0694877,-0.012851,0.745724,-0.660711,-0.0248622,-0.0820941
2.30793,-0.100388,-0.0695703,-0.012851,0.745681,-0.660729,-0.0249779,-0.0822991
2.30891,-0.100388,-0.0695703,-0.012851,0.745681,-0.660729,-0.0249779,-0.0822991
2.30993,-0.10029,-0.0696116,-0.012851,0.745634,-0.66073,-0.0252469,-0.0826399
2.31093,-0.10029,-0.0696116,-0.012851,0.745634,-0.66073,-0.0252469,-0.0826399
2.31192,-0.100094,-0.069694,-0.012851,0.745591,-0.660747,-0.0253627,-0.0828447
2.31294,-0.100094,-0.069694,-0.012851,0.745591,-0.660747,-0.0253627,-0.0828447
2.31393,-0.0998982,-0.0697762,-0.012851,0.745435,-0.660906,-0.0260272,-0.0827761
2.31625,-0.0997023,-0.0698583,-0.012851,0.745393,-0.660923,-0.0261432,-0.0829808
2.31696,-0.0997023,-0.0698583,-0.012851,0.745393,-0.660923,-0.0261432,-0.0829808
2.31794,-0.0996044,-0.0698993,-0.012851,0.744935,-0.661379,-0.0262633,-0.0834238
2.31892,-0.0996044,-0.0698993,-0.012851,0.744935,-0.661379,-0.0262633,-0.0834238
2.31994,-0.0994084,-0.0699811,-0.012851,0.744893,-0.661397,-0.0263798,-0.0836279
2.32092,-0.0994084,-0.0699811,-0.012851,0.744893,-0.661397,-0.0263798,-0.0836279
2.32191,-0.0992124,-0.0700628,-0.012851,0.74485,-0.661414,-0.0264963,-0.0838321
2.32292,-0.0992124,-0.0700628,-0.012851,0.74485,-0.661414,-0.0264963,-0.0838321
2.32393,-0.0991143,-0.0701036,-0.012851,0.74469,-0.661553,-0.0273155,-0.0838984
2.32493,-0.0991143,-0.0701036,-0.012851,0.74469,-0.661553,-0.0273155,-0.0838984
2.32592,-0.0989182,-0.070185,-0.012851,0.744647,-0.66157,-0.0274321,-0.0841024
2.32693,-0.0989182,-0.070185,-0.012851,0.744647,-0.66157,-0.0274321,-0.0841024
2.32793,-0.098722,-0.0702663,-0.012851,0.744605,-0.661587,-0.0275488,-0.0843063
2.32891,-0.098722,-0.0702663,-0.012851,0.744605,-0.661587,-0.0275488,-0.0843063
2.32993,-0.0985257,-0.0703474,-0.012851,0.744508,-0.661586,-0.0280884,-0.0849861
2.33094,-0.0985257,-0.0703474,-0.012851,0.744508,-0.661586,-0.0280884,-0.0849861
2.33191,-0.0984276,-0.0703879,-0.012851,0.74446,-0.661585,-0.0283582,-0.0853259
2.33293,-0.0984276,-0.0703879,-0.012851,0.74446,-0.661585,-0.0283582,-0.0853259
2.33393,-0.0982312,-0.0704687,-0.012851,0.744307,-0.661738,-0.0290253,-0.0852552
2.33491,-0.0982312,-0.0704687,-0.012851,0.744307,-0.661738,-0.0290253,-0.0852552
2.33593,-0.0980348,-0.0705494,-0.012851,0.744264,-0.661754,-0.0291422,-0.0854589
2.33694,-0.0980348,-0.0705494,-0.012851,0.744264,-0.661754,-0.0291422,-0.0854589
2.33791,-0.0978383,-0.07063,-0.012851,0.744221,-0.661771,-0.0292592,-0.0856625
2.33893,-0.0978383,-0.07063,-0.012851,0.744221,-0.661771,-0.0292592,-0.0856625
2.33993,-0.09774,-0.0706702,-0.012851,0.74376,-0.662226,-0.0293856,-0.0861002
2.34092,-0.09774,-0.0706702,-0.012851,0.74376,-0.662226,-0.0293856,-0.0861002
2.34192,-0.0975434,-0.0707505,-0.012851,0.743717,-0.662243,-0.0295031,-0.0863033
2.34292,-0.0975434,-0.0707505,-0.012851,0.743717,-0.662243,-0.0295031,-0.0863033
2.34393,-0.0973467,-0.0708306,-0.012851,0.743674,-0.662259,-0.0296206,-0.0865064
2.34491,-0.0973467,-0.0708306,-0.012851,0.743674,-0.662259,-0.0296206,-0.0865064
2.34592,-0.0972484,-0.0708706,-0.012851,0.743625,-0.662258,-0.029891,-0.0868455
2.34692,-0.0972484,-0.0708706,-0.012851,0.743625,-0.662258,-0.029891,-0.0868455
2.34794,-0.0970516,-0.0709505,-0.012851,0.743474,-0.662407,-0.0305599,-0.0867736
2.34892,-0.0970516,-0.0709505,-0.012851,0.743474,-0.662407,-0.0305599,-0.0867736
2.34992,-0.0968548,-0.0710303,-0.012851,0.743018,-0.66288,-0.0305364,-0.0870727
2.35091,-0.0968548,-0.0710303,-0.012851,0.743018,-0.66288,-0.0305364,-0.0870727
2.35192,-0.0966579,-0.0711098,-0.012851,0.743031,-0.662916,-0.0302309,-0.0868001
2.3529,-0.0966579,-0.0711098,-0.012851,0.743031,-0.662916,-0.0302309,-0.0868001
2.35391,-0.0964609,-0.0711892,-0.012851,0.742932,-0.662912,-0.0307728,-0.0874773
2.35493,-0.0964609,-0.0711892,-0.012851,0.742932,-0.662912,-0.0307728,-0.0874773
2.35591,-0.0963624,-0.0712289,-0.012851,0.742938,-0.66293,-0.0306201,-0.087341
2.35691,-0.0963624,-0.0712289,-0.012851,0.742938,-0.66293,-0.0306201,-0.087341
2.35792,-0.0961653,-0.0713081,-0.012851,0.742895,-0.662947,-0.0307383,-0.0875433
2.35892,-0.0961653,-0.0713081,-0.012851,0.742895,-0.662947,-0.0307383,-0.0875433
2.35991,-0.0959682,-0.0713871,-0.012851,0.742438,-0.66342,-0.0307174,-0.0878399
2.36089,-0.0959682,-0.0713871,-0.012851,0.742438,-0.66342,-0.0307174,-0.0878399
2.36193,-0.095771,-0.0714659,-0.012851,0.742289,-0.663565,-0.0313886,-0.0877666
2.36291,-0.095771,-0.0714659,-0.012851,0.742289,-0.663565,-0.0313886,-0.0877666
2.36393,-0.0956724,-0.0715053,-0.012851,0.742239,-0.663563,-0.0316602,-0.0881047
2.36491,-0.0956724,-0.0715053,-0.012851,0.742239,-0.663563,-0.0316602,-0.0881047
2.36591,-0.0954751,-0.0715839,-0.012851,0.742196,-0.663579,-0.0317791,-0.0883062
2.36692,-0.0954751,-0.0715839,-0.012851,0.742196,-0.663579,-0.0317791,-0.0883062
2.36792,-0.0952777,-0.0716623,-0.012851,0.742152,-0.663595,-0.0318981,-0.0885077
2.36892,-0.0952777,-0.0716623,-0.012851,0.742152,-0.663595,-0.0318981,-0.0885077
2.36991,-0.0950803,-0.0717406,-0.012851,0.742165,-0.663632,-0.0315929,-0.0882348
2.37092,-0.0950803,-0.0717406,-0.012851,0.742165,-0.663632,-0.0315929,-0.0882348
2.37192,-0.0948828,-0.0718187,-0.012851,0.742122,-0.663648,-0.0317119,-0.0884363
2.37292,-0.0948828,-0.0718187,-0.012851,0.742122,-0.663648,-0.0317119,-0.0884363
2.37392,-0.0946853,-0.0718966,-0.012851,0.742078,-0.663664,-0.031831,-0.0886378
2.37492,-0.0946853,-0.0718966,-0.012851,0.742078,-0.663664,-0.031831,-0.0886378
2.37593,-0.0944877,-0.0719744,-0.012851,0.74162,-0.664138,-0.0318143,-0.0889306
2.37691,-0.0944877,-0.0719744,-0.012851,0.74162,-0.664138,-0.0318143,-0.0889306
2.37792,-0.09429,-0.0720521,-0.012851,0.741576,-0.664154,-0.0319339,-0.0891315
2.37891,-0.09429,-0.0720521,-0.012851,0.741576,-0.664154,-0.0319339,-0.0891315
2.37992,-0.0941911,-0.0720908,-0.012851,0.741526,-0.664152,-0.0322059,-0.089469
2.38091,-0.0941911,-0.0720908,-0.012851,0.741526,-0.664152,-0.0322059,-0.089469
2.38191,-0.0939934,-0.0721682,-0.012851,0.741482,-0.664168,-0.0323256,-0.0896698
2.38293,-0.0939934,-0.0721682,-0.012851,0.741482,-0.664168,-0.0323256,-0.0896698
2.38392,-0.0937955,-0.0722454,-0.012851,0.741438,-0.664184,-0.0324452,-0.0898707
2.38491,-0.0937955,-0.0722454,-0.012851,0.741438,-0.664184,-0.0324452,-0.0898707
2.38591,-0.0935976,-0.0723225,-0.012851,0.741393,-0.664201,-0.0325649,-0.0900715
2.38693,-0.0935976,-0.0723225,-0.012851,0.741393,-0.664201,-0.0325649,-0.0900715
2.38792,-0.0933997,-0.0723994,-0.012851,0.741349,-0.664217,-0.0326846,-0.0902722
2.38892,-0.0933997,-0.0723994,-0.012851,0.741349,-0.664217,-0.0326846,-0.0902722
2.38992,-0.0932017,-0.0724761,-0.012851,0.741204,-0.664355,-0.0333586,-0.0901967
2.39092,-0.0932017,-0.0724761,-0.012851,0.741204,-0.664355,-0.0333586,-0.0901967
2.39192,-0.0930036,-0.0725527,-0.012851,0.74116,-0.664371,-0.0334784,-0.0903973
2.39291,-0.0930036,-0.0725527,-0.012851,0.74116,-0.664371,-0.0334784,-0.0903973
2.39391,-0.0928054,-0.0726291,-0.012851,0.741174,-0.664408,-0.0331737,-0.0901241
2.39491,-0.0928054,-0.0726291,-0.012851,0.741174,-0.664408,-0.0331737,-0.0901241
2.39592,-0.0926072,-0.0727053,-0.012851,0.74113,-0.664424,-0.0332936,-0.0903246
2.39691,-0.0926072,-0.0727053,-0.012851,0.74113,-0.664424,-0.0332936,-0.0903246
2.39791,-0.0924089,-0.0727814,-0.012851,0.741086,-0.66444,-0.0334135,-0.0905251
2.39892,-0.0924089,-0.0727814,-0.012851,0.741086,-0.66444,-0.0334135,-0.0905251
2.39992,-0.0922106,-0.0728573,-0.012851,0.740625,-0.664915,-0.0334032,-0.0908122
2.40093,-0.0922106,-0.0728573,-0.012851,0.740625,-0.664915,-0.0334032,-0.0908122
2.40191,-0.0920122,-0.072933,-0.012851,0.740581,-0.664931,-0.0335236,-0.0910122
2.40292,-0.0920122,-0.072933,-0.012851,0.740581,-0.664931,-0.0335236,-0.0910122
2.40392,-0.0918137,-0.0730086,-0.012851,0.740537,-0.664947,-0.0336441,-0.0912121
2.40491,-0.0918137,-0.0730086,-0.012851,0.740537,-0.664947,-0.0336441,-0.0912121
2.40592,-0.0916152,-0.0730841,-0.012851,0.740811,-0.664622,-0.0344487,-0.0910496
2.40692,-0.0916152,-0.0730841,-0.012851,0.740811,-0.664622,-0.0344487,-0.0910496
2.40792,-0.0914166,-0.0731593,-0.012851,0.740408,-0.665119,-0.0340155,-0.0908618
2.40891,-0.0914166,-0.0731593,-0.012851,0.740408,-0.665119,-0.0340155,-0.0908618
2.40991,-0.0913173,-0.0731969,-0.012851,0.740357,-0.665116,-0.0342884,-0.0911983
2.41091,-0.0913173,-0.0731969,-0.012851,0.740357,-0.665116,-0.0342884,-0.0911983
2.41193,-0.0911186,-0.0732719,-0.012851,0.740313,-0.665131,-0.0344091,-0.091398
2.41291,-0.0911186,-0.0732719,-0.012851,0.740313,-0.665131,-0.0344091,-0.091398
2.41391,-0.0909199,-0.0733468,-0.012851,0.740268,-0.665147,-0.0345299,-0.0915977
2.41493,-0.0909199,-0.0733468,-0.012851,0.740268,-0.665147,-0.0345299,-0.0915977
2.41593,-0.0907211,-0.0734215,-0.012851,0.740224,-0.665162,-0.0346506,-0.0917973
2.41693,-0.0907211,-0.0734215,-0.012851,0.740224,-0.665162,-0.0346506,-0.0917973
2.4179,-0.0905222,-0.073496,-0.012851,0.740084,-0.665294,-0.0353273,-0.0917196
2.41892,-0.0905222,-0.073496,-0.012851,0.740084,-0.665294,-0.0353273,-0.0917196
2.41992,-0.0903233,-0.0735703,-0.012851,0.740135,-0.665194,-0.0348922,-0.0921965
2.42091,-0.0903233,-0.0735703,-0.012851,0.740135,-0.665194,-0.0348922,-0.0921965
2.42192,-0.0901243,-0.0736445,-0.012851,0.74009,-0.665209,-0.0350131,-0.0923961
2.42292,-0.0901243,-0.0736445,-0.012851,0.74009,-0.665209,-0.0350131,-0.0923961
2.42393,-0.0899253,-0.0737186,-0.012851,0.74001,-0.665362,-0.0352649,-0.0918449
2.42493,-0.0899253,-0.0737186,-0.012851,0.74001,-0.665362,-0.0352649,-0.0918449
2.42595,-0.0898257,-0.0737555,-0.012851,0.739899,-0.665335,-0.0359633,-0.092654
2.42696,-0.0898257,-0.0737555,-0.012851,0.739899,-0.665335,-0.0359633,-0.092654
2.42793,-0.0896266,-0.0738293,-0.012851,0.739914,-0.665373,-0.0356591,-0.0923805
2.42891,-0.0896266,-0.0738293,-0.012851,0.739914,-0.665373,-0.0356591,-0.0923805
2.4299,-0.0894274,-0.073903,-0.012851,0.739869,-0.665389,-0.0357801,-0.0925798
2.43092,-0.0894274,-0.073903,-0.012851,0.739869,-0.665389,-0.0357801,-0.0925798
2.43192,-0.0892281,-0.0739764,-0.012851,0.739825,-0.665404,-0.0359012,-0.0927791
2.43293,-0.0892281,-0.0739764,-0.012851,0.739825,-0.665404,-0.0359012,-0.0927791
2.4339,-0.0890288,-0.0740497,-0.012851,0.73978,-0.665419,-0.0360223,-0.0929783
2.43493,-0.0890288,-0.0740497,-0.012851,0.73978,-0.665419,-0.0360223,-0.0929783
2.43592,-0.0889291,-0.0740863,-0.012851,0.739728,-0.665415,-0.0362956,-0.0933144
2.43691,-0.0889291,-0.0740863,-0.012851,0.739728,-0.665415,-0.0362956,-0.0933144
2.43792,-0.0887297,-0.0741594,-0.012851,0.739684,-0.66543,-0.0364167,-0.0935135
2.43893,-0.0887297,-0.0741594,-0.012851,0.739684,-0.66543,-0.0364167,-0.0935135
2.43993,-0.0885303,-0.0742322,-0.012851,0.739546,-0.665556,-0.0370949,-0.0934342
2.44093,-0.0885303,-0.0742322,-0.012851,0.739546,-0.665556,-0.0370949,-0.0934342
2.44191,-0.0883307,-0.074305,-0.012851,0.739502,-0.665571,-0.0372162,-0.0936333
2.44291,-0.0883307,-0.074305,-0.012851,0.739502,-0.665571,-0.0372162,-0.0936333
2.44392,-0.0882309,-0.0743413,-0.012851,0.73945,-0.665566,-0.0374896,-0.0939691
2.44491,-0.0882309,-0.0743413,-0.012851,0.73945,-0.665566,-0.0374896,-0.0939691
2.44591,-0.0880313,-0.0744137,-0.012851,0.739405,-0.665581,-0.037611,-0.094168
2.44692,-0.0880313,-0.0744137,-0.012851,0.739405,-0.665581,-0.037611,-0.094168
2.44792,-0.0878316,-0.0744861,-0.012851,0.73936,-0.665596,-0.0377324,-0.0943669
2.44891,-0.0878316,-0.0744861,-0.012851,0.73936,-0.665596,-0.0377324,-0.0943669
2.4499,-0.0877318,-0.0745222,-0.012851,0.739368,-0.665615,-0.0375804,-0.0942301
2.45093,-0.0877318,-0.0745222,-0.012851,0.739368,-0.665615,-0.0375804,-0.0942301
2.45192,-0.087532,-0.0745942,-0.012851,0.738904,-0.666091,-0.0375828,-0.0945061
2.45291,-0.087532,-0.0745942,-0.012851,0.738904,-0.666091,-0.0375828,-0.0945061
2.45391,-0.0873322,-0.0746661,-0.012851,0.739278,-0.665645,-0.0378233,-0.0946278
2.45492,-0.0873322,-0.0746661,-0.012851,0.739278,-0.665645,-0.0378233,-0.0946278
2.45593,-0.0871323,-0.0747379,-0.012851,0.738814,-0.666121,-0.0378267,-0.0949028
2.45691,-0.0871323,-0.0747379,-0.012851,0.738814,-0.666121,-0.0378267,-0.0949028
2.45791,-0.0870323,-0.0747737,-0.012851,0.738761,-0.666116,-0.0381005,-0.0952381
2.4589,-0.0870323,-0.0747737,-0.012851,0.738761,-0.666116,-0.0381005,-0.0952381
2.45993,-0.0868324,-0.0748452,-0.012851,0.738716,-0.666131,-0.0382226,-0.0954364
2.46091,-0.0868324,-0.0748452,-0.012851,0.738716,-0.666131,-0.0382226,-0.0954364
2.46193,-0.0867324,-0.0748809,-0.012851,0.738662,-0.666126,-0.0384965,-0.0957716
2.46293,-0.0867324,-0.0748809,-0.012851,0.738662,-0.666126,-0.0384965,-0.0957716
2.46392,-0.0865323,-0.0749521,-0.012851,0.738617,-0.666141,-0.0386185,-0.0959698
2.4649,-0.0865323,-0.0749521,-0.012851,0.738617,-0.666141,-0.0386185,-0.0959698
2.4659,-0.0863322,-0.0750232,-0.012851,0.738571,-0.666155,-0.0387406,-0.096168
2.46693,-0.0863322,-0.0750232,-0.012851,0.738571,-0.666155,-0.0387406,-0.096168
2.46792,-0.0862321,-0.0750587,-0.012851,0.738579,-0.666175,-0.0385887,-0.096031
2.46894,-0.0862321,-0.0750587,-0.012851,0.738579,-0.666175,-0.0385887,-0.096031
2.46993,-0.0860319,-0.0751295,-0.012851,0.738472,-0.666165,-0.0391367,-0.0967012
2.47092,-0.0860319,-0.0751295,-0.012851,0.738472,-0.666165,-0.0391367,-0.0967012
2.47192,-0.0858316,-0.0752002,-0.012851,0.738488,-0.666205,-0.038833,-0.0964273
2.4729,-0.0858316,-0.0752002,-0.012851,0.738488,-0.666205,-0.038833,-0.0964273
2.47391,-0.0857315,-0.0752354,-0.012851,0.738434,-0.6662,-0.039107,-0.0967623
2.47491,-0.0857315,-0.0752354,-0.012851,0.738434,-0.6662,-0.039107,-0.0967623
2.47593,-0.0855311,-0.0753059,-0.012851,0.738389,-0.666215,-0.0392292,-0.0969603
2.47691,-0.0855311,-0.0753059,-0.012851,0.738389,-0.666215,-0.0392292,-0.0969603
2.47791,-0.0853307,-0.0753761,-0.012851,0.737922,-0.666692,-0.0392378,-0.0972301
2.47892,-0.0853307,-0.0753761,-0.012851,0.737922,-0.666692,-0.0392378,-0.0972301
2.47993,-0.0852305,-0.0754112,-0.012851,0.737868,-0.666686,-0.0395122,-0.0975647
2.4809,-0.0852305,-0.0754112,-0.012851,0.737868,-0.666686,-0.0395122,-0.0975647
2.4819,-0.08503,-0.0754812,-0.012851,0.737884,-0.666726,-0.0392088,-0.0972906
2.48293,-0.08503,-0.0754812,-0.012851,0.737884,-0.666726,-0.0392088,-0.0972906
2.48392,-0.0848294,-0.075551,-0.012851,0.737838,-0.666741,-0.0393316,-0.097488
2.48491,-0.0848294,-0.075551,-0.012851,0.737838,-0.666741,-0.0393316,-0.097488
2.48592,-0.0847291,-0.0755859,-0.012851,0.737868,-0.666635,-0.0390467,-0.0981022
2.48692,-0.0847291,-0.0755859,-0.012851,0.737868,-0.666635,-0.0390467,-0.0981022
2.48792,-0.0845285,-0.0756555,-0.012851,0.737884,-0.666675,-0.0387433,-0.0978281
2.48891,-0.0845285,-0.0756555,-0.012851,0.737884,-0.666675,-0.0387433,-0.0978281
2.48991,-0.0843278,-0.0757249,-0.012851,0.737838,-0.66669,-0.038866,-0.0980256
2.49091,-0.0843278,-0.0757249,-0.012851,0.737838,-0.66669,-0.038866,-0.0980256
2.49192,-0.084127,-0.0757942,-0.012851,0.737791,-0.666706,-0.0389887,-0.0982231
2.49291,-0.084127,-0.0757942,-0.012851,0.737791,-0.666706,-0.0389887,-0.0982231
2.49391,-0.0840266,-0.0758288,-0.012851,0.737819,-0.666601,-0.0387035,-0.0988375
2.49492,-0.0840266,-0.0758288,-0.012851,0.737819,-0.666601,-0.0387035,-0.0988375
2.49592,-0.0838258,-0.0758978,-0.012851,0.737835,-0.666641,-0.0384001,-0.0985634
2.49691,-0.0838258,-0.0758978,-0.012851,0.737835,-0.666641,-0.0384001,-0.0985634
2.4979,-0.0836249,-0.0759667,-0.012851,0.737787,-0.666657,-0.0385228,-0.0987609
2.49892,-0.0836249,-0.0759667,-0.012851,0.737787,-0.666657,-0.0385228,-0.0987609
2.49992,-0.0834239,-0.0760353,-0.012851,0.73774,-0.666673,-0.0386456,-0.0989583
2.50091,-0.0834239,-0.0760353,-0.012851,0.73774,-0.666673,-0.0386456,-0.0989583
2.50192,-0.0832229,-0.0761039,-0.012851,0.737756,-0.666714,-0.0383422,-0.0986841
2.50292,-0.0832229,-0.0761039,-0.012851,0.737756,-0.666714,-0.0383422,-0.0986841
2.50392,-0.0830219,-0.0761722,-0.012851,0.737789,-0.666631,-0.0379049,-0.0991618
2.50494,-0.0830219,-0.0761722,-0.012851,0.737789,-0.666631,-0.0379049,-0.0991618
2.5059,-0.0829213,-0.0762064,-0.012851,0.737734,-0.666627,-0.0381794,-0.0994963
2.50694,-0.0829213,-0.0762064,-0.012851,0.737734,-0.666627,-0.0381794,-0.0994963
2.50793,-0.0827202,-0.0762745,-0.012851,0.737749,-0.666668,-0.037876,-0.0992222
2.50891,-0.0827202,-0.0762745,-0.012851,0.737749,-0.666668,-0.037876,-0.0992222
2.50995,-0.082519,-0.0763424,-0.012851,0.737701,-0.666685,-0.0379988,-0.0994196
2.51092,-0.082519,-0.0763424,-0.012851,0.737701,-0.666685,-0.0379988,-0.0994196
2.51192,-0.0823177,-0.0764102,-0.012851,0.737796,-0.666628,-0.0371351,-0.0994259
2.51294,-0.0823177,-0.0764102,-0.012851,0.737796,-0.666628,-0.0371351,-0.0994259
2.51393,-0.0821164,-0.0764778,-0.012851,0.737748,-0.666645,-0.0372578,-0.0996234
2.51493,-0.0821164,-0.0764778,-0.012851,0.737748,-0.666645,-0.0372578,-0.0996234
2.51592,-0.081915,-0.0765453,-0.012851,0.737699,-0.666662,-0.0373806,-0.0998208
2.51694,-0.081915,-0.0765453,-0.012851,0.737699,-0.666662,-0.0373806,-0.0998208
2.51792,-0.0817136,-0.0766125,-0.012851,0.737651,-0.666679,-0.0375034,-0.100018
2.51892,-0.0817136,-0.0766125,-0.012851,0.737651,-0.666679,-0.0375034,-0.100018
2.51992,-0.0815121,-0.0766797,-0.012851,0.737602,-0.666696,-0.0376262,-0.100215
2.5209,-0.0815121,-0.0766797,-0.012851,0.737602,-0.666696,-0.0376262,-0.100215
2.52191,-0.0813105,-0.0767466,-0.012851,0.737618,-0.666737,-0.0373229,-0.0999413
2.52291,-0.0813105,-0.0767466,-0.012851,0.737618,-0.666737,-0.0373229,-0.0999413
2.52393,-0.0811089,-0.0768134,-0.012851,0.737646,-0.666659,-0.0368849,-0.10042
2.52491,-0.0811089,-0.0768134,-0.012851,0.737646,-0.666659,-0.0368849,-0.10042
2.52592,-0.0809073,-0.07688,-0.012851,0.737597,-0.666676,-0.0370077,-0.100617
2.52692,-0.0809073,-0.07688,-0.012851,0.737597,-0.666676,-0.0370077,-0.100617
2.52792,-0.0807056,-0.0769465,-0.012851,0.737612,-0.666718,-0.0367044,-0.100343
2.52894,-0.0807056,-0.0769465,-0.012851,0.737612,-0.666718,-0.0367044,-0.100343
2.52992,-0.080498,-0.076995,-0.012902,0.737698,-0.66659,-0.0368502,-0.1005
2.53092,-0.080498,-0.076995,-0.012902,0.737698,-0.66659,-0.0368502,-0.1005
2.53192,-0.0802962,-0.0770611,-0.012902,0.737649,-0.666608,-0.0369729,-0.100698
2.53293,-0.0802962,-0.0770611,-0.012902,0.737649,-0.666608,-0.0369729,-0.100698
2.53392,-0.0800944,-0.0771271,-0.012902,0.7376,-0.666626,-0.0370957,-0.100895
2.53492,-0.0800944,-0.0771271,-0.012902,0.7376,-0.666626,-0.0370957,-0.100895
2.53592,-0.0798925,-0.0771929,-0.012902,0.737615,-0.666667,-0.0367924,-0.100621
2.53691,-0.0798925,-0.0771929,-0.012902,0.737615,-0.666667,-0.0367924,-0.100621
2.53791,-0.0796905,-0.0772585,-0.012902,0.73764,-0.666592,-0.0363538,-0.1011
2.53891,-0.0796905,-0.0772585,-0.012902,0.73764,-0.666592,-0.0363538,-0.1011
2.53993,-0.0794885,-0.0773239,-0.012902,0.73759,-0.66661,-0.0364765,-0.101297
2.54091,-0.0794885,-0.0773239,-0.012902,0.73759,-0.66661,-0.0364765,-0.101297
2.54192,-0.0792864,-0.0773892,-0.012902,0.737541,-0.666628,-0.0365994,-0.101494
2.54292,-0.0792864,-0.0773892,-0.012902,0.737541,-0.666628,-0.0365994,-0.101494
2.54392,-0.0790843,-0.0774544,-0.012902,0.737491,-0.666647,-0.0367222,-0.101692
2.54492,-0.0790843,-0.0774544,-0.012902,0.737491,-0.666647,-0.0367222,-0.101692
2.54592,-0.0789832,-0.0774868,-0.012902,0.737433,-0.666644,-0.0369967,-0.102026
2.54692,-0.0789832,-0.0774868,-0.012902,0.737433,-0.666644,-0.0369967,-0.102026
2.54792,-0.078781,-0.0775517,-0.012902,0.737448,-0.666686,-0.0366934,-0.101752
2.54891,-0.078781,-0.0775517,-0.012902,0.737448,-0.666686,-0.0366934,-0.101752
2.54992,-0.0785788,-0.0776164,-0.012902,0.737398,-0.666704,-0.0368164,-0.101949
2.55092,-0.0785788,-0.0776164,-0.012902,0.737398,-0.666704,-0.0368164,-0.101949
2.55192,-0.0783764,-0.077681,-0.012902,0.737348,-0.666723,-0.0369393,-0.102146
2.55291,-0.0783764,-0.077681,-0.012902,0.737348,-0.666723,-0.0369393,-0.102146
2.5539,-0.0781741,-0.0777453,-0.012902,0.737298,-0.666741,-0.0370623,-0.102343
2.55491,-0.0781741,-0.0777453,-0.012902,0.737298,-0.666741,-0.0370623,-0.102343
2.55592,-0.0779717,-0.0778095,-0.012902,0.737313,-0.666783,-0.0367591,-0.102069
2.5569,-0.0779717,-0.0778095,-0.012902,0.737313,-0.666783,-0.0367591,-0.102069
2.55792,-0.0778704,-0.0778416,-0.012902,0.737256,-0.666781,-0.0370337,-0.102403
2.55892,-0.0778704,-0.0778416,-0.012902,0.737256,-0.666781,-0.0370337,-0.102403
2.55992,-0.0776679,-0.0779055,-0.012902,0.737205,-0.666799,-0.0371568,-0.1026
2.56093,-0.0776679,-0.0779055,-0.012902,0.737205,-0.666799,-0.0371568,-0.1026
2.56192,-0.0774654,-0.0779693,-0.012902,0.737155,-0.666818,-0.0372799,-0.102797
2.56292,-0.0774654,-0.0779693,-0.012902,0.737155,-0.666818,-0.0372799,-0.102797
2.56392,-0.0772628,-0.078033,-0.012902,0.737104,-0.666836,-0.037403,-0.102994
2.56491,-0.0772628,-0.078033,-0.012902,0.737104,-0.666836,-0.037403,-0.102994
2.56592,-0.0770602,-0.0780964,-0.012902,0.737054,-0.666854,-0.0375261,-0.103191
2.56692,-0.0770602,-0.0780964,-0.012902,0.737054,-0.666854,-0.0375261,-0.103191
2.56792,-0.0769588,-0.0781281,-0.012902,0.736996,-0.666852,-0.0378008,-0.103525
2.56891,-0.0769588,-0.0781281,-0.012902,0.736996,-0.666852,-0.0378008,-0.103525
2.5699,-0.0767561,-0.0781913,-0.012902,0.736945,-0.66687,-0.037924,-0.103722
2.57092,-0.0767561,-0.0781913,-0.012902,0.736945,-0.66687,-0.037924,-0.103722
2.57193,-0.0765533,-0.0782543,-0.012902,0.737385,-0.666336,-0.0375811,-0.10415
2.5729,-0.0765533,-0.0782543,-0.012902,0.737385,-0.666336,-0.0375811,-0.10415
2.57392,-0.0763505,-0.0783172,-0.012902,0.737267,-0.666441,-0.0382665,-0.104064
2.57492,-0.0763505,-0.0783172,-0.012902,0.737267,-0.666441,-0.0382665,-0.104064
2.57592,-0.0761476,-0.0783799,-0.012902,0.737283,-0.666373,-0.0378266,-0.104545
2.5769,-0.0761476,-0.0783799,-0.012902,0.737283,-0.666373,-0.0378266,-0.104545
2.57793,-0.0760461,-0.0784112,-0.012902,0.737224,-0.666371,-0.038101,-0.104879
2.57892,-0.0760461,-0.0784112,-0.012902,0.737224,-0.666371,-0.038101,-0.104879
2.57992,-0.0758432,-0.0784737,-0.012902,0.737239,-0.666414,-0.0377978,-0.104605
2.5809,-0.0758432,-0.0784737,-0.012902,0.737239,-0.666414,-0.0377978,-0.104605
2.58192,-0.0756401,-0.0785359,-0.012902,0.737188,-0.666433,-0.0379206,-0.104802
2.58292,-0.0756401,-0.0785359,-0.012902,0.737188,-0.666433,-0.0379206,-0.104802
2.58392,-0.0754371,-0.0785981,-0.012902,0.737137,-0.666452,-0.0380435,-0.104999
2.5849,-0.0754371,-0.0785981,-0.012902,0.737137,-0.666452,-0.0380435,-0.104999
2.58592,-0.0753355,-0.0786291,-0.012902,0.737077,-0.666449,-0.0383179,-0.105333
2.58691,-0.0753355,-0.0786291,-0.012902,0.737077,-0.666449,-0.0383179,-0.105333
2.58792,-0.0751324,-0.0786909,-0.012902,0.737026,-0.666468,-0.0384409,-0.10553
2.5889,-0.0751324,-0.0786909,-0.012902,0.737026,-0.666468,-0.0384409,-0.10553
2.58992,-0.0749292,-0.0787526,-0.012902,0.736974,-0.666486,-0.0385638,-0.105727
2.59092,-0.0749292,-0.0787526,-0.012902,0.736974,-0.666486,-0.0385638,-0.105727
2.59192,-0.074726,-0.0788142,-0.012902,0.736985,-0.666423,-0.0381234,-0.106208
2.59292,-0.074726,-0.0788142,-0.012902,0.736985,-0.666423,-0.0381234,-0.106208
2.59392,-0.0746243,-0.0788449,-0.012902,0.737349,-0.665953,-0.0384901,-0.106496
2.59492,-0.0746243,-0.0788449,-0.012902,0.737349,-0.665953,-0.0384901,-0.106496
2.59592,-0.074421,-0.0789062,-0.012902,0.737297,-0.665972,-0.0386125,-0.106693
2.59691,-0.074421,-0.0789062,-0.012902,0.737297,-0.665972,-0.0386125,-0.106693
2.59792,-0.0742176,-0.0789673,-0.012902,0.737245,-0.665991,-0.0387351,-0.10689
2.59892,-0.0742176,-0.0789673,-0.012902,0.737245,-0.665991,-0.0387351,-0.10689
2.59995,-0.0740142,-0.0790283,-0.012902,0.737192,-0.666011,-0.0388576,-0.107088
2.60091,-0.0740142,-0.0790283,-0.012902,0.737192,-0.666011,-0.0388576,-0.107088
2.6019,-0.0739125,-0.0790587,-0.012902,0.737132,-0.666008,-0.0391318,-0.107422
2.60293,-0.0739125,-0.0790587,-0.012902,0.737132,-0.666008,-0.0391318,-0.107422
2.60392,-0.073709,-0.0791194,-0.012902,0.737079,-0.666027,-0.0392544,-0.107619
2.6049,-0.073709,-0.0791194,-0.012902,0.737079,-0.666027,-0.0392544,-0.107619
2.60592,-0.0735054,-0.0791799,-0.012902,0.737026,-0.666046,-0.039377,-0.107816
2.60692,-0.0735054,-0.0791799,-0.012902,0.737026,-0.666046,-0.039377,-0.107816
2.60792,-0.0734036,-0.0792101,-0.012902,0.737025,-0.665964,-0.0390875,-0.108435
2.60892,-0.0734036,-0.0792101,-0.012902,0.737025,-0.665964,-0.0390875,-0.108435
2.60992,-0.0732,-0.0792704,-0.012902,0.737396,-0.665515,-0.0392988,-0.10859
2.61092,-0.0732,-0.0792704,-0.012902,0.737396,-0.665515,-0.0392988,-0.10859
2.61192,-0.0729964,-0.0793305,-0.012902,0.737343,-0.665535,-0.039421,-0.108787
2.6129,-0.0729964,-0.0793305,-0.012902,0.737343,-0.665535,-0.039421,-0.108787
2.61392,-0.0727926,-0.0793905,-0.012902,0.737348,-0.665476,-0.0389794,-0.10927
2.61492,-0.0727926,-0.0793905,-0.012902,0.737348,-0.665476,-0.0389794,-0.10927
2.61592,-0.0726908,-0.0794204,-0.012902,0.737286,-0.665474,-0.0392532,-0.109604
2.61695,-0.0726908,-0.0794204,-0.012902,0.737286,-0.665474,-0.0392532,-0.109604
2.61793,-0.072487,-0.0794801,-0.012902,0.737232,-0.665494,-0.0393754,-0.109802
2.61892,-0.072487,-0.0794801,-0.012902,0.737232,-0.665494,-0.0393754,-0.109802
2.61992,-0.0722831,-0.0795396,-0.012902,0.737178,-0.665514,-0.0394976,-0.109999
2.6209,-0.0722831,-0.0795396,-0.012902,0.737178,-0.665514,-0.0394976,-0.109999
2.62193,-0.0720793,-0.079599,-0.012902,0.737124,-0.665534,-0.0396199,-0.110197
2.62292,-0.0720793,-0.079599,-0.012902,0.737124,-0.665534,-0.0396199,-0.110197
2.62392,-0.0719773,-0.0796286,-0.012902,0.737062,-0.665531,-0.0398938,-0.110531
2.6249,-0.0719773,-0.0796286,-0.012902,0.737062,-0.665531,-0.0398938,-0.110531
2.62592,-0.0717733,-0.0796877,-0.012902,0.737487,-0.665006,-0.0395373,-0.110975
2.62692,-0.0717733,-0.0796877,-0.012902,0.737487,-0.665006,-0.0395373,-0.110975
2.62792,-0.0715693,-0.0797466,-0.012902,0.737504,-0.665052,-0.0392341,-0.110702
2.62895,-0.0715693,-0.0797466,-0.012902,0.737504,-0.665052,-0.0392341,-0.110702
2.62992,-0.0713653,-0.0798054,-0.012902,0.737449,-0.665072,-0.0393559,-0.1109
2.63092,-0.0713653,-0.0798054,-0.012902,0.737449,-0.665072,-0.0393559,-0.1109
2.63192,-0.0712621,-0.0798309,-0.0128478,0.737386,-0.66507,-0.0396294,-0.111235
2.63291,-0.0712621,-0.0798309,-0.0128478,0.737386,-0.66507,-0.0396294,-0.111235
2.63391,-0.071058,-0.0798895,-0.0128478,0.737314,-0.664991,-0.0396121,-0.112189
2.6349,-0.071058,-0.0798895,-0.0128478,0.737314,-0.664991,-0.0396121,-0.112189
2.63592,-0.0708538,-0.0799478,-0.0128478,0.73733,-0.665037,-0.0393089,-0.111916
2.6369,-0.0708538,-0.0799478,-0.0128478,0.73733,-0.665037,-0.0393089,-0.111916
2.63792,-0.0706496,-0.080006,-0.0128478,0.737275,-0.665058,-0.0394308,-0.112114
2.63892,-0.0706496,-0.080006,-0.0128478,0.737275,-0.665058,-0.0394308,-0.112114
2.63992,-0.0705475,-0.080035,-0.0128478,0.737211,-0.665056,-0.0397043,-0.112448
2.6409,-0.0705475,-0.080035,-0.0128478,0.737211,-0.665056,-0.0397043,-0.112448
2.64193,-0.0703432,-0.080093,-0.0128478,0.737155,-0.665076,-0.0398263,-0.112646
2.64291,-0.0703432,-0.080093,-0.0128478,0.737155,-0.665076,-0.0398263,-0.112646
2.64393,-0.0701388,-0.0801507,-0.0128478,0.737152,-0.665025,-0.0393836,-0.11313
2.64491,-0.0701388,-0.0801507,-0.0128478,0.737152,-0.665025,-0.0393836,-0.11313
2.64592,-0.0699344,-0.0802083,-0.0128478,0.737096,-0.665046,-0.0395056,-0.113327
2.64692,-0.0699344,-0.0802083,-0.0128478,0.737096,-0.665046,-0.0395056,-0.113327
2.64792,-0.06973,-0.0802658,-0.0128478,0.737112,-0.665093,-0.0392025,-0.113054
2.64891,-0.06973,-0.0802658,-0.0128478,0.737112,-0.665093,-0.0392025,-0.113054
2.64991,-0.0696278,-0.0802944,-0.0128478,0.737025,-0.664994,-0.0393363,-0.114145
2.65091,-0.0696278,-0.0802944,-0.0128478,0.737025,-0.664994,-0.0393363,-0.114145
2.65192,-0.0694233,-0.0803516,-0.0128478,0.737041,-0.665041,-0.0390333,-0.113872
2.6529,-0.0694233,-0.0803516,-0.0128478,0.737041,-0.665041,-0.0390333,-0.113872
2.65392,-0.0692187,-0.0804086,-0.0128478,0.737409,-0.664593,-0.0392355,-0.114038
2.65492,-0.0692187,-0.0804086,-0.0128478,0.737409,-0.664593,-0.0392355,-0.114038
2.65592,-0.0690141,-0.0804654,-0.0128478,0.736928,-0.665085,-0.0392774,-0.114267
2.65692,-0.0690141,-0.0804654,-0.0128478,0.736928,-0.665085,-0.0392774,-0.114267
2.65792,-0.0688095,-0.0805221,-0.0128478,0.737344,-0.664567,-0.0389139,-0.114721
2.65891,-0.0688095,-0.0805221,-0.0128478,0.737344,-0.664567,-0.0389139,-0.114721
2.65992,-0.0686037,-0.0805748,-0.0127935,0.737287,-0.664589,-0.0390355,-0.114919
2.66091,-0.0686037,-0.0805748,-0.0127935,0.737287,-0.664589,-0.0390355,-0.114919
2.66192,-0.068399,-0.0806311,-0.0127935,0.737229,-0.664611,-0.0391571,-0.115117
2.66292,-0.068399,-0.0806311,-0.0127935,0.737229,-0.664611,-0.0391571,-0.115117
2.66392,-0.0681942,-0.0806873,-0.0127935,0.737245,-0.664658,-0.0388539,-0.114843
2.6649,-0.0681942,-0.0806873,-0.0127935,0.737245,-0.664658,-0.0388539,-0.114843
2.6659,-0.0679894,-0.0807433,-0.0127935,0.737188,-0.664681,-0.0389757,-0.115041
2.66691,-0.0679894,-0.0807433,-0.0127935,0.737188,-0.664681,-0.0389757,-0.115041
2.66793,-0.0678869,-0.0807712,-0.0127935,0.737169,-0.664611,-0.0386838,-0.115663
2.6689,-0.0678869,-0.0807712,-0.0127935,0.737169,-0.664611,-0.0386838,-0.115663
2.66992,-0.067681,-0.0808231,-0.0127392,0.737111,-0.664634,-0.0388055,-0.11586
2.67092,-0.067681,-0.0808231,-0.0127392,0.737111,-0.664634,-0.0388055,-0.11586
2.67192,-0.067476,-0.0808787,-0.0127392,0.737053,-0.664657,-0.0389272,-0.116058
2.6729,-0.067476,-0.0808787,-0.0127392,0.737053,-0.664657,-0.0389272,-0.116058
2.67392,-0.067271,-0.0809341,-0.0127392,0.736994,-0.66468,-0.039049,-0.116256
2.67491,-0.067271,-0.0809341,-0.0127392,0.736994,-0.66468,-0.039049,-0.116256
2.67595,-0.067066,-0.0809894,-0.0127392,0.736981,-0.664636,-0.0386054,-0.116741
2.67691,-0.067066,-0.0809894,-0.0127392,0.736981,-0.664636,-0.0386054,-0.116741
2.67792,-0.0668609,-0.0810444,-0.0127392,0.737347,-0.664188,-0.0388026,-0.116913
2.67892,-0.0668609,-0.0810444,-0.0127392,0.737347,-0.664188,-0.0388026,-0.116913
2.67992,-0.0666548,-0.0810955,-0.012685,0.737288,-0.664211,-0.038924,-0.117111
2.68091,-0.0666548,-0.0810955,-0.012685,0.737288,-0.664211,-0.038924,-0.117111
2.6819,-0.0664496,-0.0811502,-0.012685,0.737229,-0.664235,-0.0390454,-0.117309
2.68294,-0.0664496,-0.0811502,-0.012685,0.737229,-0.664235,-0.0390454,-0.117309
2.68392,-0.0662444,-0.0812048,-0.012685,0.73717,-0.664258,-0.0391668,-0.117508
2.6849,-0.0662444,-0.0812048,-0.012685,0.73717,-0.664258,-0.0391668,-0.117508
2.68592,-0.0660391,-0.0812592,-0.012685,0.737153,-0.664217,-0.0387227,-0.117993
2.68692,-0.0660391,-0.0812592,-0.012685,0.737153,-0.664217,-0.0387227,-0.117993
2.68792,-0.0658328,-0.0813095,-0.0126307,0.737093,-0.66424,-0.0388442,-0.118191
2.6889,-0.0658328,-0.0813095,-0.0126307,0.737093,-0.66424,-0.0388442,-0.118191
2.68992,-0.0656275,-0.0813635,-0.0126307,0.737034,-0.664264,-0.0389657,-0.118389
2.69091,-0.0656275,-0.0813635,-0.0126307,0.737034,-0.664264,-0.0389657,-0.118389
2.69192,-0.0654221,-0.0814174,-0.0126307,0.736974,-0.664288,-0.0390872,-0.118587
2.69291,-0.0654221,-0.0814174,-0.0126307,0.736974,-0.664288,-0.0390872,-0.118587
2.69392,-0.0652167,-0.0814712,-0.0126307,0.736914,-0.664312,-0.0392088,-0.118785
2.69492,-0.0652167,-0.0814712,-0.0126307,0.736914,-0.664312,-0.0392088,-0.118785
2.69592,-0.0650112,-0.0815247,-0.0126307,0.736855,-0.664335,-0.0393304,-0.118983
2.69692,-0.0650112,-0.0815247,-0.0126307,0.736855,-0.664335,-0.0393304,-0.118983
2.69791,-0.0648057,-0.0815781,-0.0126307,0.736795,-0.664359,-0.0394521,-0.119181
2.69892,-0.0648057,-0.0815781,-0.0126307,0.736795,-0.664359,-0.0394521,-0.119181
2.69992,-0.0645991,-0.0816274,-0.0125765,0.736774,-0.664322,-0.0390078,-0.119666
2.70091,-0.0645991,-0.0816274,-0.0125765,0.736774,-0.664322,-0.0390078,-0.119666
2.70192,-0.0643935,-0.0816804,-0.0125765,0.736713,-0.664346,-0.0391295,-0.119864
2.70291,-0.0643935,-0.0816804,-0.0125765,0.736713,-0.664346,-0.0391295,-0.119864
2.70391,-0.0641879,-0.0817333,-0.0125765,0.737077,-0.663898,-0.0393208,-0.120043
2.7049,-0.0641879,-0.0817333,-0.0125765,0.737077,-0.663898,-0.0393208,-0.120043
2.70592,-0.0639822,-0.081786,-0.0125765,0.737017,-0.663922,-0.0394421,-0.120241
2.70691,-0.0639822,-0.081786,-0.0125765,0.737017,-0.663922,-0.0394421,-0.120241
2.70792,-0.0637764,-0.0818385,-0.0125765,0.736956,-0.663946,-0.0395634,-0.120439
2.7089,-0.0637764,-0.0818385,-0.0125765,0.736956,-0.663946,-0.0395634,-0.120439
2.70992,-0.0635706,-0.0818909,-0.0125765,0.736818,-0.663945,-0.0401092,-0.121108
2.71091,-0.0635706,-0.0818909,-0.0125765,0.736818,-0.663945,-0.0401092,-0.121108
2.71192,-0.0633648,-0.0819431,-0.0125765,0.736757,-0.663969,-0.0402306,-0.121306
2.71292,-0.0633648,-0.0819431,-0.0125765,0.736757,-0.663969,-0.0402306,-0.121306
2.71392,-0.063159,-0.0819951,-0.0125765,0.736732,-0.663935,-0.0397858,-0.121793
2.7149,-0.063159,-0.0819951,-0.0125765,0.736732,-0.663935,-0.0397858,-0.121793
2.71592,-0.0629521,-0.082043,-0.0125222,0.73667,-0.66396,-0.0399073,-0.12199
2.7169,-0.0629521,-0.082043,-0.0125222,0.73667,-0.66396,-0.0399073,-0.12199
2.71792,-0.0627461,-0.0820947,-0.0125222,0.736608,-0.663985,-0.0400288,-0.122188
2.71892,-0.0627461,-0.0820947,-0.0125222,0.736608,-0.663985,-0.0400288,-0.122188
2.71992,-0.0625401,-0.0821462,-0.0125222,0.736547,-0.664009,-0.0401503,-0.122386
2.7209,-0.0625401,-0.0821462,-0.0125222,0.736547,-0.664009,-0.0401503,-0.122386
2.72192,-0.0623341,-0.0821976,-0.0125222,0.736485,-0.664034,-0.0402719,-0.122584
2.72291,-0.0623341,-0.0821976,-0.0125222,0.736485,-0.664034,-0.0402719,-0.122584
2.72391,-0.062128,-0.0822488,-0.0125222,0.736423,-0.664059,-0.0403935,-0.122781
2.72495,-0.062128,-0.0822488,-0.0125222,0.736423,-0.664059,-0.0403935,-0.122781
2.72592,-0.062025,-0.0822743,-0.0125222,0.736353,-0.664058,-0.0406665,-0.123116
2.72691,-0.062025,-0.0822743,-0.0125222,0.736353,-0.664058,-0.0406665,-0.123116
2.72792,-0.0618189,-0.0823252,-0.0125222,0.736291,-0.664083,-0.0407882,-0.123313
2.72892,-0.0618189,-0.0823252,-0.0125222,0.736291,-0.664083,-0.0407882,-0.123313
2.72992,-0.0616127,-0.082376,-0.0125222,0.736229,-0.664107,-0.04091,-0.123511
2.7309,-0.0616127,-0.082376,-0.0125222,0.736229,-0.664107,-0.04091,-0.123511
2.73192,-0.0614065,-0.0824266,-0.0125222,0.736167,-0.664132,-0.0410317,-0.123708
2.7329,-0.0614065,-0.0824266,-0.0125222,0.736167,-0.664132,-0.0410317,-0.123708
2.73392,-0.0612002,-0.082477,-0.0125222,0.736104,-0.664157,-0.0411535,-0.123906
2.73492,-0.0612002,-0.082477,-0.0125222,0.736104,-0.664157,-0.0411535,-0.123906
2.73592,-0.0609939,-0.0825272,-0.0125222,0.736498,-0.663655,-0.0407707,-0.124382
2.73693,-0.0609939,-0.0825272,-0.0125222,0.736498,-0.663655,-0.0407707,-0.124382
2.73792,-0.0607876,-0.0825773,-0.0125222,0.736435,-0.66368,-0.0408921,-0.12458
2.73893,-0.0607876,-0.0825773,-0.0125222,0.736435,-0.66368,-0.0408921,-0.12458
2.73992,-0.0605812,-0.0826272,-0.0125222,0.736372,-0.663705,-0.0410135,-0.124777
2.7409,-0.0605812,-0.0826272,-0.0125222,0.736372,-0.663705,-0.0410135,-0.124777
2.74195,-0.060478,-0.0826521,-0.0125222,0.736301,-0.663704,-0.0412863,-0.125112
2.74292,-0.060478,-0.0826521,-0.0125222,0.736301,-0.663704,-0.0412863,-0.125112
2.74392,-0.0602715,-0.0827017,-0.0125222,0.736238,-0.66373,-0.0414078,-0.125309
2.74492,-0.0602715,-0.0827017,-0.0125222,0.736238,-0.66373,-0.0414078,-0.125309
2.74592,-0.060065,-0.0827512,-0.0125222,0.736175,-0.663755,-0.0415294,-0.125507
2.74691,-0.060065,-0.0827512,-0.0125222,0.736175,-0.663755,-0.0415294,-0.125507
2.74792,-0.0598585,-0.0828005,-0.0125222,0.736112,-0.66378,-0.0416509,-0.125704
2.7489,-0.0598585,-0.0828005,-0.0125222,0.736112,-0.66378,-0.0416509,-0.125704
2.74992,-0.059652,-0.0828497,-0.0125222,0.736129,-0.663831,-0.0413482,-0.125432
2.75092,-0.059652,-0.0828497,-0.0125222,0.736129,-0.663831,-0.0413482,-0.125432
2.75191,-0.0594453,-0.0828986,-0.0125222,0.736065,-0.663856,-0.0414699,-0.125629
2.7529,-0.0594453,-0.0828986,-0.0125222,0.736065,-0.663856,-0.0414699,-0.125629
2.75392,-0.0592387,-0.0829474,-0.0125222,0.736002,-0.663882,-0.0415915,-0.125827
2.75491,-0.0592387,-0.0829474,-0.0125222,0.736002,-0.663882,-0.0415915,-0.125827
2.75592,-0.0591354,-0.0829718,-0.0125222,0.73593,-0.663881,-0.0418646,-0.12616
2.7569,-0.0591354,-0.0829718,-0.0125222,0.73593,-0.663881,-0.0418646,-0.12616
2.75793,-0.0589287,-0.0830203,-0.0125222,0.735947,-0.663933,-0.041562,-0.125887
2.75892,-0.0589287,-0.0830203,-0.0125222,0.735947,-0.663933,-0.041562,-0.125887
2.75992,-0.0587219,-0.0830687,-0.0125222,0.735884,-0.663958,-0.0416837,-0.126085
2.7609,-0.0587219,-0.0830687,-0.0125222,0.735884,-0.663958,-0.0416837,-0.126085
2.76192,-0.0585151,-0.0831169,-0.0125222,0.736245,-0.663509,-0.0418622,-0.126277
2.76293,-0.0585151,-0.0831169,-0.0125222,0.736245,-0.663509,-0.0418622,-0.126277
2.76392,-0.0584117,-0.083141,-0.0125222,0.736198,-0.663461,-0.041568,-0.126901
2.7649,-0.0584117,-0.083141,-0.0125222,0.736198,-0.663461,-0.041568,-0.126901
2.76592,-0.0582049,-0.0831889,-0.0125222,0.736215,-0.663513,-0.0412653,-0.126629
2.76692,-0.0582049,-0.0831889,-0.0125222,0.736215,-0.663513,-0.0412653,-0.126629
2.76791,-0.057998,-0.0832367,-0.0125222,0.736151,-0.663538,-0.0413867,-0.126826
2.7689,-0.057998,-0.0832367,-0.0125222,0.736151,-0.663538,-0.0413867,-0.126826
2.76992,-0.0577911,-0.0832843,-0.0125222,0.736087,-0.663564,-0.0415081,-0.127024
2.77091,-0.0577911,-0.0832843,-0.0125222,0.736087,-0.663564,-0.0415081,-0.127024
2.77192,-0.0575841,-0.0833317,-0.0125222,0.736104,-0.663616,-0.0412054,-0.126751
2.77293,-0.0575841,-0.0833317,-0.0125222,0.736104,-0.663616,-0.0412054,-0.126751
2.77392,-0.0574806,-0.0833554,-0.0125222,0.736032,-0.663616,-0.0414783,-0.127085
2.77492,-0.0574806,-0.0833554,-0.0125222,0.736032,-0.663616,-0.0414783,-0.127085
2.77592,-0.0572736,-0.0834026,-0.0125222,0.735968,-0.663642,-0.0415998,-0.127283
2.7769,-0.0572736,-0.0834026,-0.0125222,0.735968,-0.663642,-0.0415998,-0.127283
2.77792,-0.0570665,-0.0834496,-0.0125222,0.735985,-0.663694,-0.0412972,-0.12701
2.7789,-0.0570665,-0.0834496,-0.0125222,0.735985,-0.663694,-0.0412972,-0.12701
2.77992,-0.0568594,-0.0834965,-0.0125222,0.73592,-0.66372,-0.0414188,-0.127207
2.7809,-0.0568594,-0.0834965,-0.0125222,0.73592,-0.66372,-0.0414188,-0.127207
2.78192,-0.0567559,-0.0835198,-0.0125222,0.735847,-0.663719,-0.0416917,-0.127541
2.78292,-0.0567559,-0.0835198,-0.0125222,0.735847,-0.663719,-0.0416917,-0.127541
2.78391,-0.0565487,-0.0835664,-0.0125222,0.735865,-0.663772,-0.0413891,-0.127268
2.7849,-0.0565487,-0.0835664,-0.0125222,0.735865,-0.663772,-0.0413891,-0.127268
2.78592,-0.0563415,-0.0836128,-0.0125222,0.736225,-0.663323,-0.0415634,-0.127465
2.7869,-0.0563415,-0.0836128,-0.0125222,0.736225,-0.663323,-0.0415634,-0.127465
2.78792,-0.0561343,-0.0836591,-0.0125222,0.736242,-0.663376,-0.0412607,-0.127192
2.78891,-0.0561343,-0.0836591,-0.0125222,0.736242,-0.663376,-0.0412607,-0.127192
2.78992,-0.0560306,-0.0836821,-0.0125222,0.736169,-0.663375,-0.0415333,-0.127526
2.79092,-0.0560306,-0.0836821,-0.0125222,0.736169,-0.663375,-0.0415333,-0.127526
2.79192,-0.0558234,-0.0837281,-0.0125222,0.736186,-0.663428,-0.0412306,-0.127254
2.7929,-0.0558234,-0.0837281,-0.0125222,0.736186,-0.663428,-0.0412306,-0.127254
2.79392,-0.055616,-0.083774,-0.0125222,0.736142,-0.663411,-0.0407848,-0.127742
2.7949,-0.055616,-0.083774,-0.0125222,0.736142,-0.663411,-0.0407848,-0.127742
2.79592,-0.0555123,-0.0837968,-0.0125222,0.736069,-0.663411,-0.0410575,-0.128076
2.7969,-0.0555123,-0.0837968,-0.0125222,0.736069,-0.663411,-0.0410575,-0.128076
2.79792,-0.055305,-0.0838424,-0.0125222,0.736085,-0.663463,-0.0407548,-0.127804
2.79892,-0.055305,-0.0838424,-0.0125222,0.736085,-0.663463,-0.0407548,-0.127804
2.79992,-0.0550975,-0.0838878,-0.0125222,0.73602,-0.66349,-0.0408762,-0.128001
2.80094,-0.0550975,-0.0838878,-0.0125222,0.73602,-0.66349,-0.0408762,-0.128001
2.80192,-0.0549938,-0.0839104,-0.0125222,0.736029,-0.663516,-0.0407249,-0.127865
2.8029,-0.0549938,-0.0839104,-0.0125222,0.736029,-0.663516,-0.0407249,-0.127865
2.80392,-0.0547863,-0.0839555,-0.0125222,0.735964,-0.663543,-0.0408464,-0.128062
2.8049,-0.0547863,-0.0839555,-0.0125222,0.735964,-0.663543,-0.0408464,-0.128062
2.80592,-0.0546826,-0.0839781,-0.0125222,0.735972,-0.663569,-0.0406951,-0.127926
2.80692,-0.0546826,-0.0839781,-0.0125222,0.735972,-0.663569,-0.0406951,-0.127926
2.80792,-0.0544751,-0.0840229,-0.0125222,0.735907,-0.663596,-0.0408166,-0.128123
2.80893,-0.0544751,-0.0840229,-0.0125222,0.735907,-0.663596,-0.0408166,-0.128123
2.80992,-0.0543713,-0.0840453,-0.0125222,0.735915,-0.663622,-0.0406653,-0.127987
2.81091,-0.0543713,-0.0840453,-0.0125222,0.735915,-0.663622,-0.0406653,-0.127987
2.81192,-0.0541637,-0.0840899,-0.0125222,0.73585,-0.663649,-0.0407869,-0.128185
2.81291,-0.0541637,-0.0840899,-0.0125222,0.73585,-0.663649,-0.0407869,-0.128185
2.81392,-0.0540599,-0.0841122,-0.0125222,0.735876,-0.663634,-0.0400682,-0.128339
2.81492,-0.0540599,-0.0841122,-0.0125222,0.735876,-0.663634,-0.0400682,-0.128339
2.81592,-0.0538522,-0.0841566,-0.0125222,0.73581,-0.663661,-0.0401898,-0.128537
2.8169,-0.0538522,-0.0841566,-0.0125222,0.73581,-0.663661,-0.0401898,-0.128537
2.81792,-0.0537484,-0.0841787,-0.0125222,0.735818,-0.663688,-0.0400385,-0.1284
2.8189,-0.0537484,-0.0841787,-0.0125222,0.735818,-0.663688,-0.0400385,-0.1284
2.81995,-0.0536407,-0.0841825,-0.0125732,0.735882,-0.66354,-0.0403139,-0.128711
2.8209,-0.0536407,-0.0841825,-0.0125732,0.735882,-0.66354,-0.0403139,-0.128711
2.82195,-0.053433,-0.0842265,-0.0125732,0.735899,-0.663593,-0.0400113,-0.128438
2.82293,-0.053433,-0.0842265,-0.0125732,0.735899,-0.663593,-0.0400113,-0.128438
2.82393,-0.0533291,-0.0842485,-0.0125732,0.735825,-0.663594,-0.0402842,-0.128772
2.82492,-0.0533291,-0.0842485,-0.0125732,0.735825,-0.663594,-0.0402842,-0.128772
2.82593,-0.0531214,-0.0842922,-0.0125732,0.735774,-0.663582,-0.0398382,-0.12926
2.82693,-0.0531214,-0.0842922,-0.0125732,0.735774,-0.663582,-0.0398382,-0.12926
2.82793,-0.0530175,-0.084314,-0.0125732,0.735782,-0.663609,-0.0396869,-0.129124
2.82893,-0.0530175,-0.084314,-0.0125732,0.735782,-0.663609,-0.0396869,-0.129124
2.82991,-0.0528097,-0.0843576,-0.0125732,0.735716,-0.663637,-0.0398085,-0.129321
2.8309,-0.0528097,-0.0843576,-0.0125732,0.735716,-0.663637,-0.0398085,-0.129321
2.83193,-0.0527057,-0.0843793,-0.0125732,0.735641,-0.663638,-0.0400815,-0.129655
2.83292,-0.0527057,-0.0843793,-0.0125732,0.735641,-0.663638,-0.0400815,-0.129655
2.83392,-0.0526018,-0.0844009,-0.0125732,0.73565,-0.663664,-0.0399302,-0.129519
2.8349,-0.0526018,-0.0844009,-0.0125732,0.73565,-0.663664,-0.0399302,-0.129519
2.83593,-0.0523939,-0.0844441,-0.0125732,0.735583,-0.663692,-0.040052,-0.129716
2.83694,-0.0523939,-0.0844441,-0.0125732,0.735583,-0.663692,-0.040052,-0.129716
2.83792,-0.05229,-0.0844656,-0.0125732,0.735521,-0.663656,-0.0397572,-0.130341
2.83892,-0.05229,-0.0844656,-0.0125732,0.735521,-0.663656,-0.0397572,-0.130341
2.83992,-0.0520821,-0.0845085,-0.0125732,0.735454,-0.663684,-0.039879,-0.130538
2.84092,-0.0520821,-0.0845085,-0.0125732,0.735454,-0.663684,-0.039879,-0.130538
2.84192,-0.0519781,-0.0845299,-0.0125732,0.735463,-0.663711,-0.0397278,-0.130401
2.84293,-0.0519781,-0.0845299,-0.0125732,0.735463,-0.663711,-0.0397278,-0.130401
2.84391,-0.0517701,-0.0845726,-0.0125732,0.735395,-0.663739,-0.0398496,-0.130598
2.84492,-0.0517701,-0.0845726,-0.0125732,0.735395,-0.663739,-0.0398496,-0.130598
2.84591,-0.0516661,-0.0845938,-0.0125732,0.735332,-0.663704,-0.0395548,-0.131223
2.84691,-0.0516661,-0.0845938,-0.0125732,0.735332,-0.663704,-0.0395548,-0.131223
2.84792,-0.051458,-0.0846363,-0.0125732,0.735264,-0.663733,-0.0396767,-0.13142
2.84891,-0.051458,-0.0846363,-0.0125732,0.735264,-0.663733,-0.0396767,-0.13142
2.84993,-0.051354,-0.0846574,-0.0125732,0.735188,-0.663735,-0.0399498,-0.131754
2.85091,-0.051354,-0.0846574,-0.0125732,0.735188,-0.663735,-0.0399498,-0.131754
2.85193,-0.0511459,-0.0846995,-0.0125732,0.73512,-0.663763,-0.0400718,-0.131951
2.85292,-0.0511459,-0.0846995,-0.0125732,0.73512,-0.663763,-0.0400718,-0.131951
2.85391,-0.0510419,-0.0847206,-0.0125732,0.735128,-0.66379,-0.0399206,-0.131814
2.85491,-0.0510419,-0.0847206,-0.0125732,0.735128,-0.66379,-0.0399206,-0.131814
2.85592,-0.0508337,-0.0847624,-0.0125732,0.73507,-0.663785,-0.0394747,-0.132302
2.85693,-0.0508337,-0.0847624,-0.0125732,0.73507,-0.663785,-0.0394747,-0.132302
2.85791,-0.0506255,-0.0848042,-0.0125732,0.735002,-0.663814,-0.0395967,-0.132499
2.85889,-0.0506255,-0.0848042,-0.0125732,0.735002,-0.663814,-0.0395967,-0.132499
2.8599,-0.0505214,-0.084825,-0.0125732,0.7345,-0.664291,-0.0398284,-0.132819
2.86092,-0.0505214,-0.084825,-0.0125732,0.7345,-0.664291,-0.0398284,-0.132819
2.86193,-0.0503132,-0.0848664,-0.0125732,0.734856,-0.663845,-0.039992,-0.133029
2.86291,-0.0503132,-0.0848664,-0.0125732,0.734856,-0.663845,-0.039992,-0.133029
2.86391,-0.0502091,-0.0848871,-0.0125732,0.734354,-0.664322,-0.0402247,-0.133348
2.86491,-0.0502091,-0.0848871,-0.0125732,0.734354,-0.664322,-0.0402247,-0.133348
2.86592,-0.05,-0.0849243,-0.012519,0.734711,-0.663876,-0.0403875,-0.133559
2.8669,-0.05,-0.0849243,-0.012519,0.734711,-0.663876,-0.0403875,-0.133559
2.8679,-0.0497917,-0.0849653,-0.012519,0.734309,-0.664374,-0.0394771,-0.133561
2.86891,-0.0497917,-0.0849653,-0.012519,0.734309,-0.664374,-0.0394771,-0.133561
2.86991,-0.0496875,-0.0849858,-0.012519,0.734146,-0.664351,-0.0401755,-0.134363
2.8709,-0.0496875,-0.0849858,-0.012519,0.734146,-0.664351,-0.0401755,-0.134363
2.87191,-0.0494792,-0.0850265,-0.012519,0.734163,-0.664406,-0.0398736,-0.13409
2.87294,-0.0494792,-0.0850265,-0.012519,0.734163,-0.664406,-0.0398736,-0.13409
2.87392,-0.0492708,-0.0850671,-0.012519,0.734093,-0.664435,-0.0399964,-0.134286
2.87491,-0.0492708,-0.0850671,-0.012519,0.734093,-0.664435,-0.0399964,-0.134286
2.87591,-0.0490624,-0.0851076,-0.012519,0.734024,-0.664465,-0.0401193,-0.134482
2.87692,-0.0490624,-0.0851076,-0.012519,0.734024,-0.664465,-0.0401193,-0.134482
2.87791,-0.0488539,-0.0851478,-0.012519,0.734379,-0.664019,-0.04028,-0.134696
2.87891,-0.0488539,-0.0851478,-0.012519,0.734379,-0.664019,-0.04028,-0.134696
2.8799,-0.0487497,-0.0851679,-0.012519,0.733963,-0.664522,-0.0400913,-0.134542
2.88091,-0.0487497,-0.0851679,-0.012519,0.733963,-0.664522,-0.0400913,-0.134542
2.88192,-0.0485411,-0.0852079,-0.012519,0.733893,-0.664552,-0.0402142,-0.134737
2.88292,-0.0485411,-0.0852079,-0.012519,0.733893,-0.664552,-0.0402142,-0.134737
2.8839,-0.0483326,-0.0852477,-0.012519,0.734252,-0.664077,-0.0398058,-0.135243
2.88491,-0.0483326,-0.0852477,-0.012519,0.734252,-0.664077,-0.0398058,-0.135243
2.8859,-0.048124,-0.0852874,-0.012519,0.734182,-0.664107,-0.0399283,-0.135439
2.8869,-0.048124,-0.0852874,-0.012519,0.734182,-0.664107,-0.0399283,-0.135439
2.8879,-0.0479154,-0.0853269,-0.012519,0.733774,-0.664638,-0.0395901,-0.135146
2.8889,-0.0479154,-0.0853269,-0.012519,0.733774,-0.664638,-0.0395901,-0.135146
2.88997,-0.0477068,-0.0853662,-0.012519,0.733703,-0.664669,-0.0397133,-0.135342
2.8909,-0.0477068,-0.0853662,-0.012519,0.733703,-0.664669,-0.0397133,-0.135342
2.8919,-0.0476025,-0.0853858,-0.012519,0.73405,-0.664195,-0.0400227,-0.135695
2.89292,-0.0476025,-0.0853858,-0.012519,0.73405,-0.664195,-0.0400227,-0.135695
2.89391,-0.0473938,-0.0854249,-0.012519,0.73398,-0.664226,-0.0401454,-0.135891
2.8949,-0.0473938,-0.0854249,-0.012519,0.73398,-0.664226,-0.0401454,-0.135891
2.89591,-0.047185,-0.0854638,-0.012519,0.733484,-0.664732,-0.0402337,-0.136066
2.89691,-0.047185,-0.0854638,-0.012519,0.733484,-0.664732,-0.0402337,-0.136066
2.89792,-0.0469763,-0.0855025,-0.012519,0.733839,-0.664286,-0.040391,-0.136283
2.89892,-0.0469763,-0.0855025,-0.012519,0.733839,-0.664286,-0.040391,-0.136283
2.89992,-0.0467675,-0.085541,-0.012519,0.733769,-0.66429,-0.0399455,-0.13677
2.90094,-0.0467675,-0.085541,-0.012519,0.733769,-0.66429,-0.0399455,-0.13677
2.9019,-0.0466631,-0.0855602,-0.012519,0.733264,-0.664794,-0.0407545,-0.136788
2.9029,-0.0466631,-0.0855602,-0.012519,0.733264,-0.664794,-0.0407545,-0.136788
2.90391,-0.0464543,-0.0855985,-0.012519,0.733281,-0.664825,-0.0398844,-0.136806
2.9049,-0.0464543,-0.0855985,-0.012519,0.733281,-0.664825,-0.0398844,-0.136806
2.90592,-0.0462454,-0.0856367,-0.012519,0.733635,-0.66438,-0.0400405,-0.137025
2.9069,-0.0462454,-0.0856367,-0.012519,0.733635,-0.66438,-0.0400405,-0.137025
2.9079,-0.0460365,-0.0856746,-0.012519,0.733564,-0.664411,-0.0401635,-0.137221
2.90892,-0.0460365,-0.0856746,-0.012519,0.733564,-0.664411,-0.0401635,-0.137221
2.90991,-0.0459321,-0.0856935,-0.012519,0.733484,-0.664413,-0.0404374,-0.137553
2.91091,-0.0459321,-0.0856935,-0.012519,0.733484,-0.664413,-0.0404374,-0.137553
2.9119,-0.0457231,-0.0857312,-0.012519,0.732988,-0.66492,-0.0405292,-0.137723
2.91291,-0.0457231,-0.0857312,-0.012519,0.732988,-0.66492,-0.0405292,-0.137723
2.91392,-0.0455142,-0.0857687,-0.012519,0.732917,-0.66495,-0.0406528,-0.137919
2.91492,-0.0455142,-0.0857687,-0.012519,0.732917,-0.66495,-0.0406528,-0.137919
2.91593,-0.0453051,-0.0858061,-0.012519,0.732845,-0.664981,-0.0407765,-0.138114
2.9169,-0.0453051,-0.0858061,-0.012519,0.732845,-0.664981,-0.0407765,-0.138114
2.9179,-0.0452006,-0.0858247,-0.012519,0.732853,-0.66501,-0.0406258,-0.137977
2.9189,-0.0452006,-0.0858247,-0.012519,0.732853,-0.66501,-0.0406258,-0.137977
2.9199,-0.0449916,-0.0858618,-0.012519,0.732782,-0.66504,-0.0407495,-0.138172
2.9209,-0.0449916,-0.0858618,-0.012519,0.732782,-0.66504,-0.0407495,-0.138172
2.92192,-0.0447825,-0.0858987,-0.012519,0.73271,-0.665071,-0.0408733,-0.138367
2.9229,-0.0447825,-0.0858987,-0.012519,0.73271,-0.665071,-0.0408733,-0.138367
2.9239,-0.044678,-0.0859171,-0.012519,0.73263,-0.665073,-0.0411478,-0.138698
2.92491,-0.044678,-0.0859171,-0.012519,0.73263,-0.665073,-0.0411478,-0.138698
2.92591,-0.0444688,-0.0859537,-0.012519,0.732558,-0.665104,-0.0412717,-0.138893
2.92692,-0.0444688,-0.0859537,-0.012519,0.732558,-0.665104,-0.0412717,-0.138893
2.9279,-0.0442597,-0.0859902,-0.012519,0.732487,-0.665135,-0.0413956,-0.139088
2.92891,-0.0442597,-0.0859902,-0.012519,0.732487,-0.665135,-0.0413956,-0.139088
2.92992,-0.0440505,-0.0860265,-0.012519,0.732415,-0.665166,-0.0415196,-0.139282
2.93088,-0.0440505,-0.0860265,-0.012519,0.732415,-0.665166,-0.0415196,-0.139282
2.93193,-0.0439459,-0.0860446,-0.012519,0.731998,-0.66567,-0.0413416,-0.139117
2.93291,-0.0439459,-0.0860446,-0.012519,0.731998,-0.66567,-0.0413416,-0.139117
2.9339,-0.0437367,-0.0860807,-0.012519,0.731926,-0.665701,-0.0414661,-0.139311
2.9349,-0.0437367,-0.0860807,-0.012519,0.731926,-0.665701,-0.0414661,-0.139311
2.9359,-0.0435274,-0.0861166,-0.012519,0.731854,-0.665731,-0.0415906,-0.139505
2.9369,-0.0435274,-0.0861166,-0.012519,0.731854,-0.665731,-0.0415906,-0.139505
2.93792,-0.0434228,-0.0861344,-0.012519,0.731767,-0.665715,-0.0412967,-0.140126
2.9389,-0.0434228,-0.0861344,-0.012519,0.731767,-0.665715,-0.0412967,-0.140126
2.93993,-0.0432135,-0.0861701,-0.012519,0.731784,-0.665773,-0.0409958,-0.139853
2.9409,-0.0432135,-0.0861701,-0.012519,0.731784,-0.665773,-0.0409958,-0.139853
2.94193,-0.0430034,-0.0862014,-0.0124647,0.731711,-0.665804,-0.0411204,-0.140046
2.9429,-0.0430034,-0.0862014,-0.0124647,0.731711,-0.665804,-0.0411204,-0.140046
2.94394,-0.0428988,-0.0862191,-0.0124647,0.731205,-0.666282,-0.0413704,-0.140345
2.94491,-0.0428988,-0.0862191,-0.0124647,0.731205,-0.666282,-0.0413704,-0.140345
2.94593,-0.0426894,-0.0862543,-0.0124647,0.731132,-0.666313,-0.0414956,-0.140539
2.94692,-0.0426894,-0.0862543,-0.0124647,0.731132,-0.666313,-0.0414956,-0.140539
2.94793,-0.0425847,-0.0862718,-0.0124647,0.731051,-0.666315,-0.0417712,-0.140869
2.94891,-0.0425847,-0.0862718,-0.0124647,0.731051,-0.666315,-0.0417712,-0.140869
2.94991,-0.0423753,-0.0863068,-0.0124647,0.730552,-0.666822,-0.0418726,-0.141029
2.95091,-0.0423753,-0.0863068,-0.0124647,0.730552,-0.666822,-0.0418726,-0.141029
2.9519,-0.0421658,-0.0863415,-0.0124647,0.730479,-0.666853,-0.0419984,-0.141222
2.9529,-0.0421658,-0.0863415,-0.0124647,0.730479,-0.666853,-0.0419984,-0.141222
2.95392,-0.0420611,-0.0863588,-0.0124647,0.730397,-0.666855,-0.0422745,-0.141552
2.9549,-0.0420611,-0.0863588,-0.0124647,0.730397,-0.666855,-0.0422745,-0.141552
2.9559,-0.0418516,-0.0863934,-0.0124647,0.730415,-0.666913,-0.0419742,-0.141278
2.9569,-0.0418516,-0.0863934,-0.0124647,0.730415,-0.666913,-0.0419742,-0.141278
2.95791,-0.0416421,-0.0864277,-0.0124647,0.730332,-0.66693,-0.0415307,-0.14176
2.9589,-0.0416421,-0.0864277,-0.0124647,0.730332,-0.66693,-0.0415307,-0.14176
2.9599,-0.0415373,-0.0864448,-0.0124647,0.729824,-0.667407,-0.0417846,-0.142054
2.9609,-0.0415373,-0.0864448,-0.0124647,0.729824,-0.667407,-0.0417846,-0.142054
2.96189,-0.0413278,-0.0864789,-0.0124647,0.72975,-0.667439,-0.0419111,-0.142246
2.96297,-0.0413278,-0.0864789,-0.0124647,0.72975,-0.667439,-0.0419111,-0.142246
2.96397,-0.0411182,-0.0865128,-0.0124647,0.729676,-0.66747,-0.0420377,-0.142438
2.96493,-0.0411182,-0.0865128,-0.0124647,0.729676,-0.66747,-0.0420377,-0.142438
2.9659,-0.0409086,-0.0865465,-0.0124647,0.729602,-0.667502,-0.0421643,-0.14263
2.96691,-0.0409086,-0.0865465,-0.0124647,0.729602,-0.667502,-0.0421643,-0.14263
2.9679,-0.0408038,-0.0865633,-0.0124647,0.72952,-0.667504,-0.042441,-0.142959
2.9689,-0.0408038,-0.0865633,-0.0124647,0.72952,-0.667504,-0.042441,-0.142959
2.96992,-0.0405941,-0.0865968,-0.0124647,0.729007,-0.667998,-0.0419779,-0.143402
2.97091,-0.0405941,-0.0865968,-0.0124647,0.729007,-0.667998,-0.0419779,-0.143402
2.9719,-0.0404893,-0.0866134,-0.0124647,0.728924,-0.668001,-0.042255,-0.143731
2.97293,-0.0404893,-0.0866134,-0.0124647,0.728924,-0.668001,-0.042255,-0.143731
2.97391,-0.0402796,-0.0866467,-0.0124647,0.72885,-0.668033,-0.0423823,-0.143922
2.97491,-0.0402796,-0.0866467,-0.0124647,0.72885,-0.668033,-0.0423823,-0.143922
2.9759,-0.0400699,-0.0866797,-0.0124647,0.728775,-0.668065,-0.0425096,-0.144113
2.97689,-0.0400699,-0.0866797,-0.0124647,0.728775,-0.668065,-0.0425096,-0.144113
2.9779,-0.0398601,-0.0867126,-0.0124647,0.728366,-0.668599,-0.0421914,-0.143799
2.97892,-0.0398601,-0.0867126,-0.0124647,0.728366,-0.668599,-0.0421914,-0.143799
2.9799,-0.0397552,-0.0867289,-0.0124647,0.728283,-0.668601,-0.042469,-0.144127
2.9809,-0.0397552,-0.0867289,-0.0124647,0.728283,-0.668601,-0.042469,-0.144127
2.98192,-0.0395454,-0.0867615,-0.0124647,0.728208,-0.668633,-0.0425969,-0.144317
2.98291,-0.0395454,-0.0867615,-0.0124647,0.728208,-0.668633,-0.0425969,-0.144317
2.9839,-0.0393356,-0.086794,-0.0124647,0.728226,-0.668693,-0.0422975,-0.144043
2.98489,-0.0393356,-0.086794,-0.0124647,0.728226,-0.668693,-0.0422975,-0.144043
2.9859,-0.0391258,-0.0868262,-0.0124647,0.728135,-0.668715,-0.0418554,-0.144522
2.98697,-0.0391258,-0.0868262,-0.0124647,0.728135,-0.668715,-0.0418554,-0.144522
2.98792,-0.0389159,-0.0868583,-0.0124647,0.72806,-0.668748,-0.0419834,-0.144712
2.9889,-0.0389159,-0.0868583,-0.0124647,0.72806,-0.668748,-0.0419834,-0.144712
2.98993,-0.038811,-0.0868743,-0.0124647,0.727643,-0.669252,-0.0418171,-0.144532
2.99092,-0.038811,-0.0868743,-0.0124647,0.727643,-0.669252,-0.0418171,-0.144532
2.9919,-0.0386011,-0.0869061,-0.0124647,0.727567,-0.669285,-0.0419457,-0.144722
2.99289,-0.0386011,-0.0869061,-0.0124647,0.727567,-0.669285,-0.0419457,-0.144722
2.99391,-0.0383911,-0.0869378,-0.0124647,0.727584,-0.669344,-0.0416465,-0.144447
2.99492,-0.0383911,-0.0869378,-0.0124647,0.727584,-0.669344,-0.0416465,-0.144447
2.99592,-0.0381812,-0.0869693,-0.0124647,0.727509,-0.669377,-0.0417752,-0.144637
2.9969,-0.0381812,-0.0869693,-0.0124647,0.727509,-0.669377,-0.0417752,-0.144637
2.99792,-0.0379712,-0.0870006,-0.0124647,0.727526,-0.669436,-0.041476,-0.144362
2.9989,-0.0379712,-0.0870006,-0.0124647,0.727526,-0.669436,-0.041476,-0.144362
2.99991,-0.0377612,-0.0870317,-0.0124647,0.727451,-0.669469,-0.0416048,-0.144551
3.00092,-0.0377612,-0.0870317,-0.0124647,0.727451,-0.669469,-0.0416048,-0.144551
3.0019,-0.0375511,-0.0870627,-0.0124647,0.726949,-0.669976,-0.0417191,-0.144696
3.00292,-0.0375511,-0.0870627,-0.0124647,0.726949,-0.669976,-0.0417191,-0.144696
3.00391,-0.0373411,-0.0870935,-0.0124647,0.726966,-0.670035,-0.0414202,-0.144421
3.0049,-0.0373411,-0.0870935,-0.0124647,0.726966,-0.670035,-0.0414202,-0.144421
3.00595,-0.037131,-0.0871241,-0.0124647,0.726891,-0.670068,-0.0415496,-0.14461
3.00691,-0.037131,-0.0871241,-0.0124647,0.726891,-0.670068,-0.0415496,-0.14461
3.00792,-0.0369209,-0.0871546,-0.0124647,0.726908,-0.670127,-0.0412507,-0.144335
3.0089,-0.0369209,-0.0871546,-0.0124647,0.726908,-0.670127,-0.0412507,-0.144335
3.00991,-0.0368158,-0.0871697,-0.0124647,0.726824,-0.670131,-0.0415296,-0.144661
3.01092,-0.0368158,-0.0871697,-0.0124647,0.726824,-0.670131,-0.0415296,-0.144661
3.01192,-0.0366056,-0.0871999,-0.0124647,0.726841,-0.67019,-0.0412307,-0.144386
3.01292,-0.0366056,-0.0871999,-0.0124647,0.726841,-0.67019,-0.0412307,-0.144386
3.01391,-0.0363955,-0.0872299,-0.0124647,0.726339,-0.670696,-0.0413477,-0.144528
3.0149,-0.0363955,-0.0872299,-0.0124647,0.726339,-0.670696,-0.0413477,-0.144528
3.0159,-0.0361853,-0.0872598,-0.0124647,0.726356,-0.670756,-0.041049,-0.144253
3.0169,-0.0361853,-0.0872598,-0.0124647,0.726356,-0.670756,-0.041049,-0.144253
3.0179,-0.035975,-0.0872895,-0.0124647,0.72628,-0.670789,-0.0411791,-0.144441
3.01893,-0.035975,-0.0872895,-0.0124647,0.72628,-0.670789,-0.0411791,-0.144441
3.01991,-0.0357648,-0.087319,-0.0124647,0.726297,-0.670848,-0.0408804,-0.144165
3.0209,-0.0357648,-0.087319,-0.0124647,0.726297,-0.670848,-0.0408804,-0.144165
3.02192,-0.035554,-0.0873442,-0.0124105,0.726201,-0.670877,-0.04044,-0.144641
3.02292,-0.035554,-0.0873442,-0.0124105,0.726201,-0.670877,-0.04044,-0.144641
3.02396,-0.0353437,-0.0873733,-0.0124105,0.726239,-0.670941,-0.040712,-0.144078
3.0249,-0.0353437,-0.0873733,-0.0124105,0.726239,-0.670941,-0.040712,-0.144078
3.02591,-0.0351333,-0.0874023,-0.0124105,0.726163,-0.670974,-0.0408422,-0.144266
3.02691,-0.0351333,-0.0874023,-0.0124105,0.726163,-0.670974,-0.0408422,-0.144266
3.02792,-0.034923,-0.0874311,-0.0124105,0.72618,-0.671033,-0.0405436,-0.14399
3.02892,-0.034923,-0.0874311,-0.0124105,0.72618,-0.671033,-0.0405436,-0.14399
3.02991,-0.0347126,-0.0874598,-0.0124105,0.725655,-0.671537,-0.0400933,-0.144416
3.0309,-0.0347126,-0.0874598,-0.0124105,0.725655,-0.671537,-0.0400933,-0.144416
3.0319,-0.0345022,-0.0874882,-0.0124105,0.725671,-0.671596,-0.0397949,-0.14414
3.0329,-0.0345022,-0.0874882,-0.0124105,0.725671,-0.671596,-0.0397949,-0.14414
3.03394,-0.0342913,-0.0875124,-0.0123562,0.726046,-0.671159,-0.0405058,-0.14409
3.03492,-0.0342913,-0.0875124,-0.0123562,0.726046,-0.671159,-0.0405058,-0.14409
3.03592,-0.0340808,-0.0875405,-0.0123562,0.725612,-0.671689,-0.0396274,-0.144051
3.0369,-0.0340808,-0.0875405,-0.0123562,0.725612,-0.671689,-0.0396274,-0.144051
3.03791,-0.0338704,-0.0875684,-0.0123562,0.725536,-0.671723,-0.0397584,-0.144239
3.03892,-0.0338704,-0.0875684,-0.0123562,0.725536,-0.671723,-0.0397584,-0.144239
3.03992,-0.0336599,-0.0875962,-0.0123562,0.725979,-0.671309,-0.0394688,-0.144014
3.0409,-0.0336599,-0.0875962,-0.0123562,0.725979,-0.671309,-0.0394688,-0.144014
3.04191,-0.0334489,-0.0876197,-0.012302,0.725477,-0.671816,-0.0395911,-0.14415
3.04292,-0.0334489,-0.0876197,-0.012302,0.725477,-0.671816,-0.0395911,-0.14415
3.04392,-0.0332383,-0.0876471,-0.012302,0.725493,-0.671875,-0.0392928,-0.143874
3.04492,-0.0332383,-0.0876471,-0.012302,0.725493,-0.671875,-0.0392928,-0.143874
3.04592,-0.0330278,-0.0876743,-0.012302,0.725844,-0.671437,-0.0394315,-0.144113
3.04691,-0.0330278,-0.0876743,-0.012302,0.725844,-0.671437,-0.0394315,-0.144113
3.0479,-0.0328167,-0.0876972,-0.0122477,0.72586,-0.671496,-0.0391331,-0.143837
3.0489,-0.0328167,-0.0876972,-0.0122477,0.72586,-0.671496,-0.0391331,-0.143837
3.0499,-0.0326061,-0.0877241,-0.0122477,0.725784,-0.67153,-0.0392638,-0.144025
3.05092,-0.0326061,-0.0877241,-0.0122477,0.725784,-0.67153,-0.0392638,-0.144025
3.05192,-0.0323955,-0.0877509,-0.0122477,0.7258,-0.671589,-0.0389654,-0.143749
3.0529,-0.0323955,-0.0877509,-0.0122477,0.7258,-0.671589,-0.0389654,-0.143749
3.05392,-0.0321844,-0.0877732,-0.0121935,0.725724,-0.671623,-0.0390962,-0.143937
3.05491,-0.0321844,-0.0877732,-0.0121935,0.725724,-0.671623,-0.0390962,-0.143937
3.05592,-0.0319737,-0.0877996,-0.0121935,0.72574,-0.671682,-0.0387978,-0.143661
3.05693,-0.0319737,-0.0877996,-0.0121935,0.72574,-0.671682,-0.0387978,-0.143661
3.05791,-0.031763,-0.0878258,-0.0121935,0.725664,-0.671717,-0.0389287,-0.143848
3.05892,-0.031763,-0.0878258,-0.0121935,0.725664,-0.671717,-0.0389287,-0.143848
3.05992,-0.0315518,-0.0878476,-0.0121392,0.72568,-0.671776,-0.0386303,-0.143572
3.06092,-0.0315518,-0.0878476,-0.0121392,0.72568,-0.671776,-0.0386303,-0.143572
3.06192,-0.0313411,-0.0878735,-0.0121392,0.725604,-0.67181,-0.0387614,-0.14376
3.0629,-0.0313411,-0.0878735,-0.0121392,0.725604,-0.67181,-0.0387614,-0.14376
3.06391,-0.0312358,-0.0878864,-0.0121392,0.725612,-0.67184,-0.0386122,-0.143621
3.0649,-0.0312358,-0.0878864,-0.0121392,0.725612,-0.67184,-0.0386122,-0.143621
3.06594,-0.031025,-0.087912,-0.0121392,0.725536,-0.671874,-0.0387433,-0.143809
3.06692,-0.031025,-0.087912,-0.0121392,0.725536,-0.671874,-0.0387433,-0.143809
3.06791,-0.0308138,-0.0879332,-0.012085,0.725552,-0.671933,-0.0384449,-0.143533
3.0689,-0.0308138,-0.0879332,-0.012085,0.725552,-0.671933,-0.0384449,-0.143533
3.06992,-0.030603,-0.0879584,-0.012085,0.725903,-0.671495,-0.0385798,-0.143776
3.07092,-0.030603,-0.0879584,-0.012085,0.725903,-0.671495,-0.0385798,-0.143776
3.07191,-0.0303922,-0.0879835,-0.012085,0.725492,-0.672027,-0.0382778,-0.143444
3.07291,-0.0303922,-0.0879835,-0.012085,0.725492,-0.672027,-0.0382778,-0.143444
3.07391,-0.0301809,-0.0880041,-0.0120307,0.725843,-0.671588,-0.0384121,-0.143688
3.07492,-0.0301809,-0.0880041,-0.0120307,0.725843,-0.671588,-0.0384121,-0.143688
3.07592,-0.02997,-0.0880289,-0.0120307,0.725767,-0.671623,-0.0385429,-0.143875
3.0769,-0.02997,-0.0880289,-0.0120307,0.725767,-0.671623,-0.0385429,-0.143875
3.07792,-0.0297592,-0.0880534,-0.0120307,0.725782,-0.671682,-0.0382445,-0.143599
3.0789,-0.0297592,-0.0880534,-0.0120307,0.725782,-0.671682,-0.0382445,-0.143599
3.0799,-0.0295483,-0.0880778,-0.0120307,0.725706,-0.671717,-0.0383754,-0.143787
3.0809,-0.0295483,-0.0880778,-0.0120307,0.725706,-0.671717,-0.0383754,-0.143787
3.0819,-0.0293374,-0.088102,-0.0120307,0.725722,-0.671776,-0.038077,-0.143511
3.08291,-0.0293374,-0.088102,-0.0120307,0.725722,-0.671776,-0.038077,-0.143511
3.08391,-0.029126,-0.0881218,-0.0119765,0.725646,-0.67181,-0.038208,-0.143698
3.0849,-0.029126,-0.0881218,-0.0119765,0.725646,-0.67181,-0.038208,-0.143698
3.08593,-0.0289151,-0.0881457,-0.0119765,0.725661,-0.671869,-0.0379096,-0.143422
3.08692,-0.0289151,-0.0881457,-0.0119765,0.725661,-0.671869,-0.0379096,-0.143422
3.08792,-0.0287041,-0.0881694,-0.0119765,0.725585,-0.671904,-0.0380407,-0.14361
3.0889,-0.0287041,-0.0881694,-0.0119765,0.725585,-0.671904,-0.0380407,-0.14361
3.0899,-0.0284931,-0.0881929,-0.0119765,0.725601,-0.671963,-0.0377423,-0.143333
3.09092,-0.0284931,-0.0881929,-0.0119765,0.725601,-0.671963,-0.0377423,-0.143333
3.09192,-0.0282822,-0.0882162,-0.0119765,0.725525,-0.671998,-0.0378735,-0.143521
3.0929,-0.0282822,-0.0882162,-0.0119765,0.725525,-0.671998,-0.0378735,-0.143521
3.09392,-0.0280711,-0.0882394,-0.0119765,0.725449,-0.672033,-0.0380047,-0.143708
3.0949,-0.0280711,-0.0882394,-0.0119765,0.725449,-0.672033,-0.0380047,-0.143708
3.0959,-0.0278601,-0.0882624,-0.0119765,0.725464,-0.672092,-0.0377064,-0.143432
3.0969,-0.0278601,-0.0882624,-0.0119765,0.725464,-0.672092,-0.0377064,-0.143432
3.09792,-0.0276491,-0.0882852,-0.0119765,0.725388,-0.672127,-0.0378377,-0.143619
3.09892,-0.0276491,-0.0882852,-0.0119765,0.725388,-0.672127,-0.0378377,-0.143619
3.09991,-0.0275435,-0.0882966,-0.0119765,0.725304,-0.672132,-0.0381182,-0.143945
3.10092,-0.0275435,-0.0882966,-0.0119765,0.725304,-0.672132,-0.0381182,-0.143945
3.10192,-0.0273325,-0.0883191,-0.0119765,0.725227,-0.672167,-0.0382496,-0.144132
3.10292,-0.0273325,-0.0883191,-0.0119765,0.725227,-0.672167,-0.0382496,-0.144132
3.10392,-0.0271209,-0.0883372,-0.0119223,0.725669,-0.671753,-0.0379491,-0.143917
3.1049,-0.0271209,-0.0883372,-0.0119223,0.725669,-0.671753,-0.0379491,-0.143917
3.1059,-0.0269098,-0.0883594,-0.0119223,0.725592,-0.671788,-0.0380801,-0.144105
3.10692,-0.0269098,-0.0883594,-0.0119223,0.725592,-0.671788,-0.0380801,-0.144105
3.10791,-0.0266987,-0.0883815,-0.0119223,0.725516,-0.671823,-0.0382112,-0.144292
3.1089,-0.0266987,-0.0883815,-0.0119223,0.725516,-0.671823,-0.0382112,-0.144292
3.10992,-0.0264875,-0.0884033,-0.0119223,0.725532,-0.671882,-0.0379129,-0.144016
3.11091,-0.0264875,-0.0884033,-0.0119223,0.725532,-0.671882,-0.0379129,-0.144016
3.1119,-0.0262764,-0.088425,-0.0119223,0.725455,-0.671917,-0.038044,-0.144203
3.1129,-0.0262764,-0.088425,-0.0119223,0.725455,-0.671917,-0.038044,-0.144203
3.1139,-0.0260652,-0.0884466,-0.0119223,0.725379,-0.671952,-0.0381752,-0.144391
3.11492,-0.0260652,-0.0884466,-0.0119223,0.725379,-0.671952,-0.0381752,-0.144391
3.11592,-0.025854,-0.0884679,-0.0119223,0.725302,-0.671987,-0.0383065,-0.144578
3.1169,-0.025854,-0.0884679,-0.0119223,0.725302,-0.671987,-0.0383065,-0.144578
3.11792,-0.0257484,-0.0884785,-0.0119223,0.72531,-0.672017,-0.0381574,-0.14444
3.11892,-0.0257484,-0.0884785,-0.0119223,0.72531,-0.672017,-0.0381574,-0.14444
3.1199,-0.0255372,-0.0884996,-0.0119223,0.725233,-0.672052,-0.0382887,-0.144627
3.1209,-0.0255372,-0.0884996,-0.0119223,0.725233,-0.672052,-0.0382887,-0.144627
3.12192,-0.0253259,-0.0885205,-0.0119223,0.725156,-0.672087,-0.0384201,-0.144814
3.12292,-0.0253259,-0.0885205,-0.0119223,0.725156,-0.672087,-0.0384201,-0.144814
3.12392,-0.0251147,-0.0885413,-0.0119223,0.72508,-0.672122,-0.0385515,-0.145001
3.1249,-0.0251147,-0.0885413,-0.0119223,0.72508,-0.672122,-0.0385515,-0.145001
3.12592,-0.0249034,-0.0885618,-0.0119223,0.725003,-0.672157,-0.038683,-0.145189
3.1269,-0.0249034,-0.0885618,-0.0119223,0.725003,-0.672157,-0.038683,-0.145189
3.1279,-0.0246921,-0.0885822,-0.0119223,0.725019,-0.672217,-0.0383848,-0.144912
3.1289,-0.0246921,-0.0885822,-0.0119223,0.725019,-0.672217,-0.0383848,-0.144912
3.1299,-0.0244808,-0.0886024,-0.0119223,0.724942,-0.672252,-0.0385164,-0.145099
3.13091,-0.0244808,-0.0886024,-0.0119223,0.724942,-0.672252,-0.0385164,-0.145099
3.13191,-0.0242695,-0.0886225,-0.0119223,0.724865,-0.672287,-0.038648,-0.145286
3.1329,-0.0242695,-0.0886225,-0.0119223,0.724865,-0.672287,-0.038648,-0.145286
3.13391,-0.0241638,-0.0886324,-0.0119223,0.72478,-0.672292,-0.0389287,-0.145611
3.13492,-0.0241638,-0.0886324,-0.0119223,0.72478,-0.672292,-0.0389287,-0.145611
3.1359,-0.0239525,-0.0886522,-0.0119223,0.724703,-0.672327,-0.0390605,-0.145798
3.13691,-0.0239525,-0.0886522,-0.0119223,0.724703,-0.672327,-0.0390605,-0.145798
3.13791,-0.0237411,-0.0886718,-0.0119223,0.724719,-0.672387,-0.0387625,-0.145521
3.13892,-0.0237411,-0.0886718,-0.0119223,0.724719,-0.672387,-0.0387625,-0.145521
3.13991,-0.0235297,-0.0886913,-0.0119223,0.724642,-0.672422,-0.0388943,-0.145708
3.1409,-0.0235297,-0.0886913,-0.0119223,0.724642,-0.672422,-0.0388943,-0.145708
3.14192,-0.0233183,-0.0887105,-0.0119223,0.724564,-0.672457,-0.0390261,-0.145895
3.1429,-0.0233183,-0.0887105,-0.0119223,0.724564,-0.672457,-0.0390261,-0.145895
3.1439,-0.0231069,-0.0887296,-0.0119223,0.724487,-0.672492,-0.039158,-0.146081
3.1449,-0.0231069,-0.0887296,-0.0119223,0.724487,-0.672492,-0.039158,-0.146081
3.1459,-0.0230012,-0.0887391,-0.0119223,0.724402,-0.672497,-0.0394389,-0.146406
3.14692,-0.0230012,-0.0887391,-0.0119223,0.724402,-0.672497,-0.0394389,-0.146406
3.14791,-0.0227897,-0.0887579,-0.0119223,0.724324,-0.672532,-0.0395709,-0.146593
3.1489,-0.0227897,-0.0887579,-0.0119223,0.724324,-0.672532,-0.0395709,-0.146593
3.14992,-0.0225783,-0.0887766,-0.0119223,0.724247,-0.672567,-0.039703,-0.146779
3.15092,-0.0225783,-0.0887766,-0.0119223,0.724247,-0.672567,-0.039703,-0.146779
3.1519,-0.0223668,-0.0887951,-0.0119223,0.724169,-0.672602,-0.0398351,-0.146965
3.1529,-0.0223668,-0.0887951,-0.0119223,0.724169,-0.672602,-0.0398351,-0.146965
3.15393,-0.0221553,-0.0888134,-0.0119223,0.724092,-0.672637,-0.0399673,-0.147152
3.15492,-0.0221553,-0.0888134,-0.0119223,0.724092,-0.672637,-0.0399673,-0.147152
3.15592,-0.0219438,-0.0888315,-0.0119223,0.724014,-0.672672,-0.0400995,-0.147338
3.1569,-0.0219438,-0.0888315,-0.0119223,0.724014,-0.672672,-0.0400995,-0.147338
3.15791,-0.0217323,-0.0888495,-0.0119223,0.723842,-0.672681,-0.0406617,-0.147987
3.1589,-0.0217323,-0.0888495,-0.0119223,0.723842,-0.672681,-0.0406617,-0.147987
3.1599,-0.0215208,-0.0888673,-0.0119223,0.72334,-0.673187,-0.0408085,-0.148099
3.1609,-0.0215208,-0.0888673,-0.0119223,0.72334,-0.673187,-0.0408085,-0.148099
3.1619,-0.0213093,-0.0888849,-0.0119223,0.723262,-0.673222,-0.0409414,-0.148284
3.16292,-0.0213093,-0.0888849,-0.0119223,0.723262,-0.673222,-0.0409414,-0.148284
3.16391,-0.0210977,-0.0889023,-0.0119223,0.723184,-0.673257,-0.0410743,-0.14847
3.1649,-0.0210977,-0.0889023,-0.0119223,0.723184,-0.673257,-0.0410743,-0.14847
3.16592,-0.0208861,-0.0889196,-0.0119223,0.72301,-0.673265,-0.0416376,-0.149117
3.1669,-0.0208861,-0.0889196,-0.0119223,0.72301,-0.673265,-0.0416376,-0.149117
3.1679,-0.0206745,-0.0889367,-0.0119223,0.722932,-0.6733,-0.0417707,-0.149303
3.1689,-0.0206745,-0.0889367,-0.0119223,0.722932,-0.6733,-0.0417707,-0.149303
3.1699,-0.0204629,-0.0889536,-0.0119223,0.722429,-0.673806,-0.0419209,-0.149412
3.17092,-0.0204629,-0.0889536,-0.0119223,0.722429,-0.673806,-0.0419209,-0.149412
3.17192,-0.0202513,-0.0889703,-0.0119223,0.722399,-0.673817,-0.0426237,-0.14931
3.1729,-0.0202513,-0.0889703,-0.0119223,0.722399,-0.673817,-0.0426237,-0.14931
3.17392,-0.0200397,-0.0889869,-0.0119223,0.722226,-0.673823,-0.0431881,-0.149957
3.1749,-0.0200397,-0.0889869,-0.0119223,0.722226,-0.673823,-0.0431881,-0.149957
3.17592,-0.0198281,-0.0890033,-0.0119223,0.722148,-0.673857,-0.0433218,-0.150141
3.17691,-0.0198281,-0.0890033,-0.0119223,0.722148,-0.673857,-0.0433218,-0.150141
3.1779,-0.0196164,-0.0890195,-0.0119223,0.722069,-0.673891,-0.0434556,-0.150326
3.17891,-0.0196164,-0.0890195,-0.0119223,0.722069,-0.673891,-0.0434556,-0.150326
3.17992,-0.0194047,-0.0890356,-0.0119223,0.721895,-0.673897,-0.0440202,-0.150972
3.1809,-0.0194047,-0.0890356,-0.0119223,0.721895,-0.673897,-0.0440202,-0.150972
3.18191,-0.0191931,-0.0890514,-0.0119223,0.721392,-0.674402,-0.0441749,-0.151076
3.1829,-0.0191931,-0.0890514,-0.0119223,0.721392,-0.674402,-0.0441749,-0.151076
3.1839,-0.0189814,-0.0890671,-0.0119223,0.721314,-0.674436,-0.0443093,-0.15126
3.1849,-0.0189814,-0.0890671,-0.0119223,0.721314,-0.674436,-0.0443093,-0.15126
3.1859,-0.0187697,-0.0890826,-0.0119223,0.721235,-0.67447,-0.0444438,-0.151444
3.18692,-0.0187697,-0.0890826,-0.0119223,0.721235,-0.67447,-0.0444438,-0.151444
3.18792,-0.018558,-0.089098,-0.0119223,0.721111,-0.674446,-0.0455785,-0.151803
3.1889,-0.018558,-0.089098,-0.0119223,0.721111,-0.674446,-0.0455785,-0.151803
3.18992,-0.0183462,-0.0891132,-0.0119223,0.721033,-0.674479,-0.0457131,-0.151987
3.19093,-0.0183462,-0.0891132,-0.0119223,0.721033,-0.674479,-0.0457131,-0.151987
3.19192,-0.0181345,-0.0891282,-0.0119223,0.720955,-0.674512,-0.0458478,-0.15217
3.19291,-0.0181345,-0.0891282,-0.0119223,0.720955,-0.674512,-0.0458478,-0.15217
3.1939,-0.0179227,-0.089143,-0.0119223,0.720354,-0.674986,-0.0464379,-0.152732
3.19491,-0.0179227,-0.089143,-0.0119223,0.720354,-0.674986,-0.0464379,-0.152732
3.19591,-0.017711,-0.0891576,-0.0119223,0.720276,-0.675019,-0.0465732,-0.152915
3.1969,-0.017711,-0.0891576,-0.0119223,0.720276,-0.675019,-0.0465732,-0.152915
3.19792,-0.0174992,-0.0891721,-0.0119223,0.720251,-0.67502,-0.0472774,-0.152813
3.19891,-0.0174992,-0.0891721,-0.0119223,0.720251,-0.67502,-0.0472774,-0.152813
3.19992,-0.0172874,-0.0891864,-0.0119223,0.720173,-0.675052,-0.0474127,-0.152996
3.2009,-0.0172874,-0.0891864,-0.0119223,0.720173,-0.675052,-0.0474127,-0.152996
3.2019,-0.0170756,-0.0892006,-0.0119223,0.720094,-0.675085,-0.0475481,-0.153179
3.20292,-0.0170756,-0.0892006,-0.0119223,0.720094,-0.675085,-0.0475481,-0.153179
3.20391,-0.0168638,-0.0892145,-0.0119223,0.719918,-0.675087,-0.048115,-0.153822
3.2049,-0.0168638,-0.0892145,-0.0119223,0.719918,-0.675087,-0.048115,-0.153822
3.20592,-0.0166519,-0.0892283,-0.0119223,0.719839,-0.675119,-0.0482506,-0.154004
3.2069,-0.0166519,-0.0892283,-0.0119223,0.719839,-0.675119,-0.0482506,-0.154004
3.20792,-0.0164401,-0.0892419,-0.0119223,0.719336,-0.675621,-0.0484142,-0.154101
3.20891,-0.0164401,-0.0892419,-0.0119223,0.719336,-0.675621,-0.0484142,-0.154101
3.2099,-0.0162283,-0.0892553,-0.0119223,0.719682,-0.675184,-0.0485217,-0.154369
3.21092,-0.0162283,-0.0892553,-0.0119223,0.719682,-0.675184,-0.0485217,-0.154369
3.21192,-0.0160164,-0.0892686,-0.0119223,0.719235,-0.67565,-0.0492552,-0.154181
3.2129,-0.0160164,-0.0892686,-0.0119223,0.719235,-0.67565,-0.0492552,-0.154181
3.21391,-0.0158045,-0.0892817,-0.0119223,0.719157,-0.675682,-0.0493913,-0.154363
3.2149,-0.0158045,-0.0892817,-0.0119223,0.719157,-0.675682,-0.0493913,-0.154363
3.2159,-0.0155926,-0.0892946,-0.0119223,0.719079,-0.675714,-0.0495275,-0.154545
3.2169,-0.0155926,-0.0892946,-0.0119223,0.719079,-0.675714,-0.0495275,-0.154545
3.2179,-0.0153807,-0.0893073,-0.0119223,0.719,-0.675745,-0.0496637,-0.154726
3.21892,-0.0153807,-0.0893073,-0.0119223,0.719,-0.675745,-0.0496637,-0.154726
3.21992,-0.0151688,-0.0893199,-0.0119223,0.718922,-0.675777,-0.0498001,-0.154908
3.22092,-0.0151688,-0.0893199,-0.0119223,0.718922,-0.675777,-0.0498001,-0.154908
3.22192,-0.0149569,-0.0893323,-0.0119223,0.718843,-0.675809,-0.0499364,-0.15509
3.2229,-0.0149569,-0.0893323,-0.0119223,0.718843,-0.675809,-0.0499364,-0.15509
3.22392,-0.014745,-0.0893445,-0.0119223,0.718864,-0.675873,-0.0496408,-0.154812
3.22492,-0.014745,-0.0893445,-0.0119223,0.718864,-0.675873,-0.0496408,-0.154812
3.2259,-0.0145331,-0.0893565,-0.0119223,0.718785,-0.675905,-0.0497772,-0.154993
3.22691,-0.0145331,-0.0893565,-0.0119223,0.718785,-0.675905,-0.0497772,-0.154993
3.22791,-0.0143211,-0.0893684,-0.0119223,0.718706,-0.675937,-0.0499137,-0.155175
3.2289,-0.0143211,-0.0893684,-0.0119223,0.718706,-0.675937,-0.0499137,-0.155175
3.22992,-0.0141092,-0.0893801,-0.0119223,0.718688,-0.675928,-0.0506186,-0.155073
3.23092,-0.0141092,-0.0893801,-0.0119223,0.718688,-0.675928,-0.0506186,-0.155073
3.23194,-0.0138972,-0.0893916,-0.0119223,0.718609,-0.675959,-0.0507551,-0.155254
3.2329,-0.0138972,-0.0893916,-0.0119223,0.718609,-0.675959,-0.0507551,-0.155254
3.2339,-0.0136853,-0.0894029,-0.0119223,0.718531,-0.675991,-0.0508917,-0.155435
3.23492,-0.0136853,-0.0894029,-0.0119223,0.718531,-0.675991,-0.0508917,-0.155435
3.23592,-0.0134733,-0.0894141,-0.0119223,0.718452,-0.676022,-0.0510284,-0.155617
3.2369,-0.0134733,-0.0894141,-0.0119223,0.718452,-0.676022,-0.0510284,-0.155617
3.23792,-0.0132613,-0.0894251,-0.0119223,0.71805,-0.676554,-0.0507679,-0.155247
3.2389,-0.0132613,-0.0894251,-0.0119223,0.71805,-0.676554,-0.0507679,-0.155247
3.23992,-0.0130493,-0.0894359,-0.0119223,0.717971,-0.676586,-0.0509051,-0.155428
3.24092,-0.0130493,-0.0894359,-0.0119223,0.717971,-0.676586,-0.0509051,-0.155428
3.2419,-0.0128373,-0.0894466,-0.0119223,0.717893,-0.676617,-0.0510424,-0.155609
3.24292,-0.0128373,-0.0894466,-0.0119223,0.717893,-0.676617,-0.0510424,-0.155609
3.24392,-0.0126253,-0.089457,-0.0119223,0.717814,-0.676648,-0.0511797,-0.155789
3.2449,-0.0126253,-0.089457,-0.0119223,0.717814,-0.676648,-0.0511797,-0.155789
3.24592,-0.0124132,-0.0894673,-0.0119223,0.717798,-0.676635,-0.0518851,-0.155687
3.2469,-0.0124132,-0.0894673,-0.0119223,0.717798,-0.676635,-0.0518851,-0.155687
3.2479,-0.0123072,-0.0894724,-0.0119223,0.717809,-0.676667,-0.0517376,-0.155548
3.2489,-0.0123072,-0.0894724,-0.0119223,0.717809,-0.676667,-0.0517376,-0.155548
3.2499,-0.0120952,-0.0894825,-0.0119223,0.717731,-0.676698,-0.0518749,-0.155728
3.25092,-0.0120952,-0.0894825,-0.0119223,0.717731,-0.676698,-0.0518749,-0.155728
3.25192,-0.0118831,-0.0894923,-0.0119223,0.717652,-0.676729,-0.0520124,-0.155909
3.25291,-0.0118831,-0.0894923,-0.0119223,0.717652,-0.676729,-0.0520124,-0.155909
3.25392,-0.0116711,-0.089502,-0.0119223,0.717574,-0.67676,-0.0521498,-0.156089
3.2549,-0.0116711,-0.089502,-0.0119223,0.717574,-0.67676,-0.0521498,-0.156089
3.25592,-0.011459,-0.0895115,-0.0119223,0.717496,-0.676791,-0.0522874,-0.15627
3.25693,-0.011459,-0.0895115,-0.0119223,0.717496,-0.676791,-0.0522874,-0.15627
3.2579,-0.011353,-0.0895162,-0.0119223,0.717506,-0.676823,-0.0521399,-0.156131
3.2589,-0.011353,-0.0895162,-0.0119223,0.717506,-0.676823,-0.0521399,-0.156131
3.25991,-0.0111409,-0.0895255,-0.0119223,0.717493,-0.676806,-0.0528452,-0.156028
3.26091,-0.0111409,-0.0895255,-0.0119223,0.717493,-0.676806,-0.0528452,-0.156028
3.26192,-0.0109287,-0.0895302,-0.011868,0.717415,-0.676837,-0.0529828,-0.156209
3.2629,-0.0109287,-0.0895302,-0.011868,0.717415,-0.676837,-0.0529828,-0.156209
3.2639,-0.0107166,-0.0895391,-0.011868,0.717336,-0.676867,-0.0531205,-0.156389
3.2649,-0.0107166,-0.0895391,-0.011868,0.717336,-0.676867,-0.0531205,-0.156389
3.2659,-0.0105045,-0.0895478,-0.011868,0.717258,-0.676897,-0.0532582,-0.156569
3.26692,-0.0105045,-0.0895478,-0.011868,0.717258,-0.676897,-0.0532582,-0.156569
3.26791,-0.0102924,-0.0895564,-0.011868,0.71728,-0.676962,-0.0529632,-0.156291
3.26892,-0.0102924,-0.0895564,-0.011868,0.71728,-0.676962,-0.0529632,-0.156291
3.26992,-0.0101863,-0.0895606,-0.011868,0.717191,-0.67696,-0.0532485,-0.15661
3.2709,-0.0101863,-0.0895606,-0.011868,0.717191,-0.67696,-0.0532485,-0.15661
3.27192,-0.00997423,-0.0895688,-0.011868,0.717113,-0.67699,-0.0533863,-0.15679
3.27292,-0.00997423,-0.0895688,-0.011868,0.717113,-0.67699,-0.0533863,-0.15679
3.2739,-0.00976195,-0.0895726,-0.0118138,0.717201,-0.677005,-0.0536588,-0.156229
3.2749,-0.00976195,-0.0895726,-0.0118138,0.717201,-0.677005,-0.0536588,-0.156229
3.27592,-0.00954983,-0.0895805,-0.0118138,0.717124,-0.677035,-0.0537967,-0.156409
3.2769,-0.00954983,-0.0895805,-0.0118138,0.717124,-0.677035,-0.0537967,-0.156409
3.27792,-0.0093377,-0.0895883,-0.0118138,0.717046,-0.677065,-0.0539346,-0.156589
3.2789,-0.0093377,-0.0895883,-0.0118138,0.717046,-0.677065,-0.0539346,-0.156589
3.27993,-0.00923164,-0.0895921,-0.0118138,0.716957,-0.677062,-0.0542199,-0.156908
3.2809,-0.00923164,-0.0895921,-0.0118138,0.716957,-0.677062,-0.0542199,-0.156908
3.2819,-0.0090195,-0.0895996,-0.0118138,0.716879,-0.677092,-0.0543579,-0.157088
3.28292,-0.0090195,-0.0895996,-0.0118138,0.716879,-0.677092,-0.0543579,-0.157088
3.28391,-0.00880736,-0.0896069,-0.0118138,0.716901,-0.677157,-0.0540631,-0.15681
3.2849,-0.00880736,-0.0896069,-0.0118138,0.716901,-0.677157,-0.0540631,-0.15681
3.28592,-0.00859507,-0.0896097,-0.0117596,0.716823,-0.677186,-0.0542012,-0.15699
3.2869,-0.00859507,-0.0896097,-0.0117596,0.716823,-0.677186,-0.0542012,-0.15699
3.28792,-0.00838292,-0.0896167,-0.0117596,0.716745,-0.677216,-0.0543393,-0.157169
3.28892,-0.00838292,-0.0896167,-0.0117596,0.716745,-0.677216,-0.0543393,-0.157169
3.2899,-0.00817077,-0.0896235,-0.0117596,0.716667,-0.677246,-0.0544775,-0.157349
3.29092,-0.00817077,-0.0896235,-0.0117596,0.716667,-0.677246,-0.0544775,-0.157349
3.29191,-0.00795861,-0.0896301,-0.0117596,0.716588,-0.677276,-0.0546157,-0.157528
3.2929,-0.00795861,-0.0896301,-0.0117596,0.716588,-0.677276,-0.0546157,-0.157528
3.29392,-0.00785253,-0.0896334,-0.0117596,0.7166,-0.677309,-0.0544683,-0.157389
3.2949,-0.00785253,-0.0896334,-0.0117596,0.7166,-0.677309,-0.0544683,-0.157389
3.29592,-0.00764036,-0.0896397,-0.0117596,0.716521,-0.677338,-0.0546066,-0.157569
3.2969,-0.00764036,-0.0896397,-0.0117596,0.716521,-0.677338,-0.0546066,-0.157569
3.2979,-0.00742819,-0.0896459,-0.0117596,0.716443,-0.677368,-0.054745,-0.157748
3.29891,-0.00742819,-0.0896459,-0.0117596,0.716443,-0.677368,-0.054745,-0.157748
3.29991,-0.00721589,-0.0896475,-0.0117053,0.716365,-0.677398,-0.0548834,-0.157927
3.3009,-0.00721589,-0.0896475,-0.0117053,0.716365,-0.677398,-0.0548834,-0.157927
3.30192,-0.00700371,-0.0896534,-0.0117053,0.716286,-0.677428,-0.0550218,-0.158107
3.3029,-0.00700371,-0.0896534,-0.0117053,0.716286,-0.677428,-0.0550218,-0.158107
3.30392,-0.00679152,-0.0896591,-0.0117053,0.71663,-0.676991,-0.0551114,-0.15839
3.30492,-0.00679152,-0.0896591,-0.0117053,0.71663,-0.676991,-0.0551114,-0.15839
3.3059,-0.00657933,-0.0896646,-0.0117053,0.716129,-0.677488,-0.0552988,-0.158465
3.3069,-0.00657933,-0.0896646,-0.0117053,0.716129,-0.677488,-0.0552988,-0.158465
3.30792,-0.00636714,-0.0896699,-0.0117053,0.716472,-0.677051,-0.0553876,-0.158749
3.3089,-0.00636714,-0.0896699,-0.0117053,0.716472,-0.677051,-0.0553876,-0.158749
3.30992,-0.00615494,-0.089675,-0.0117053,0.716394,-0.677081,-0.0555258,-0.158928
3.3109,-0.00615494,-0.089675,-0.0117053,0.716394,-0.677081,-0.0555258,-0.158928
3.31192,-0.00594274,-0.08968,-0.0117053,0.716315,-0.677111,-0.055664,-0.159108
3.31293,-0.00594274,-0.08968,-0.0117053,0.716315,-0.677111,-0.055664,-0.159108
3.3139,-0.00583664,-0.0896824,-0.0117053,0.715803,-0.677574,-0.0560007,-0.159321
3.31491,-0.00583664,-0.0896824,-0.0117053,0.715803,-0.677574,-0.0560007,-0.159321
3.31591,-0.00562443,-0.0896871,-0.0117053,0.716248,-0.677174,-0.055655,-0.159148
3.31692,-0.00562443,-0.0896871,-0.0117053,0.716248,-0.677174,-0.055655,-0.159148
3.31792,-0.00541222,-0.0896917,-0.0117053,0.716169,-0.677203,-0.0557934,-0.159327
3.3189,-0.00541222,-0.0896917,-0.0117053,0.716169,-0.677203,-0.0557934,-0.159327
3.31991,-0.00520001,-0.089696,-0.0117053,0.71609,-0.677233,-0.0559318,-0.159507
3.32092,-0.00520001,-0.089696,-0.0117053,0.71609,-0.677233,-0.0559318,-0.159507
3.3219,-0.00498779,-0.0897002,-0.0117053,0.716011,-0.677263,-0.0560702,-0.159686
3.32291,-0.00498779,-0.0897002,-0.0117053,0.716011,-0.677263,-0.0560702,-0.159686
3.32391,-0.00477557,-0.0897042,-0.0117053,0.715932,-0.677293,-0.0562087,-0.159865
3.3249,-0.00477557,-0.0897042,-0.0117053,0.715932,-0.677293,-0.0562087,-0.159865
3.32591,-0.00456334,-0.0897081,-0.0117053,0.715853,-0.677323,-0.0563473,-0.160044
3.3269,-0.00456334,-0.0897081,-0.0117053,0.715853,-0.677323,-0.0563473,-0.160044
3.32792,-0.00435112,-0.0897118,-0.0117053,0.715773,-0.677352,-0.0564859,-0.160223
3.3289,-0.00435112,-0.0897118,-0.0117053,0.715773,-0.677352,-0.0564859,-0.160223
3.3299,-0.00413888,-0.0897152,-0.0117053,0.715694,-0.677382,-0.0566245,-0.160402
3.33092,-0.00413888,-0.0897152,-0.0117053,0.715694,-0.677382,-0.0566245,-0.160402
3.33191,-0.00392665,-0.0897186,-0.0117053,0.715615,-0.677412,-0.0567632,-0.160581
3.3347,-0.00371441,-0.0897217,-0.0117053,0.715638,-0.677478,-0.056469,-0.160302
3.33489,-0.00371441,-0.0897217,-0.0117053,0.715638,-0.677478,-0.056469,-0.160302
3.33592,-0.00371441,-0.0897217,-0.0117053,0.715638,-0.677478,-0.056469,-0.160302
3.33693,-0.00350218,-0.0897247,-0.0117053,0.715456,-0.677471,-0.0570408,-0.160938
3.33794,-0.00350218,-0.0897247,-0.0117053,0.715456,-0.677471,-0.0570408,-0.160938
3.33891,-0.00328993,-0.0897275,-0.0117053,0.715377,-0.677501,-0.0571796,-0.161117
3.33994,-0.00328993,-0.0897275,-0.0117053,0.715377,-0.677501,-0.0571796,-0.161117
3.34093,-0.00307769,-0.0897301,-0.0117053,0.715297,-0.677531,-0.0573186,-0.161296
3.34192,-0.00307769,-0.0897301,-0.0117053,0.715297,-0.677531,-0.0573186,-0.161296
3.34291,-0.00286545,-0.0897325,-0.0117053,0.715218,-0.677561,-0.0574575,-0.161474
3.34392,-0.00286545,-0.0897325,-0.0117053,0.715218,-0.677561,-0.0574575,-0.161474
3.34492,-0.0026532,-0.0897348,-0.0117053,0.715138,-0.67759,-0.0575965,-0.161653
3.34591,-0.0026532,-0.0897348,-0.0117053,0.715138,-0.67759,-0.0575965,-0.161653
3.34692,-0.00244095,-0.0897369,-0.0117053,0.715058,-0.67762,-0.0577356,-0.161831
3.34791,-0.00244095,-0.0897369,-0.0117053,0.715058,-0.67762,-0.0577356,-0.161831
3.34895,-0.00233482,-0.0897379,-0.0117053,0.714967,-0.677616,-0.0580217,-0.162149
3.34992,-0.00233482,-0.0897379,-0.0117053,0.714967,-0.677616,-0.0580217,-0.162149
3.35091,-0.00212257,-0.0897397,-0.0117053,0.714887,-0.677646,-0.0581609,-0.162327
3.35191,-0.00212257,-0.0897397,-0.0117053,0.714887,-0.677646,-0.0581609,-0.162327
3.35291,-0.00191032,-0.0897414,-0.0117053,0.714807,-0.677675,-0.0583001,-0.162506
3.35392,-0.00191032,-0.0897414,-0.0117053,0.714807,-0.677675,-0.0583001,-0.162506
3.35491,-0.00169806,-0.0897428,-0.0117053,0.714727,-0.677705,-0.0584393,-0.162684
3.35591,-0.00169806,-0.0897428,-0.0117053,0.714727,-0.677705,-0.0584393,-0.162684
3.35692,-0.00159194,-0.0897435,-0.0117053,0.714635,-0.677701,-0.0587256,-0.163001
3.35792,-0.00159194,-0.0897435,-0.0117053,0.714635,-0.677701,-0.0587256,-0.163001
3.35891,-0.00137968,-0.0897447,-0.0117053,0.714555,-0.67773,-0.0588649,-0.163179
3.3599,-0.00137968,-0.0897447,-0.0117053,0.714555,-0.67773,-0.0588649,-0.163179
3.36092,-0.00116742,-0.0897458,-0.0117053,0.714475,-0.67776,-0.0590043,-0.163357
3.36191,-0.00116742,-0.0897458,-0.0117053,0.714475,-0.67776,-0.0590043,-0.163357
3.36291,-0.000955166,-0.0897467,-0.0117053,0.714814,-0.677325,-0.0590818,-0.163652
3.36391,-0.000955166,-0.0897467,-0.0117053,0.714814,-0.677325,-0.0590818,-0.163652
3.36491,-0.000742907,-0.0897474,-0.0117053,0.714649,-0.677425,-0.0586567,-0.16411
3.36591,-0.000742907,-0.0897474,-0.0117053,0.714649,-0.677425,-0.0586567,-0.16411
3.36691,-0.000636778,-0.0897476,-0.0117053,0.714556,-0.677421,-0.0589428,-0.164427
3.36791,-0.000636778,-0.0897476,-0.0117053,0.714556,-0.677421,-0.0589428,-0.164427
3.36891,-0.000424519,-0.0897481,-0.0117053,0.714475,-0.677451,-0.059082,-0.164605
3.36991,-0.000424519,-0.0897481,-0.0117053,0.714475,-0.677451,-0.059082,-0.164605
3.37091,-0.00021226,-0.0897483,-0.0117053,0.714394,-0.677481,-0.0592212,-0.164784
3.37191,-0.00021226,-0.0897483,-0.0117053,0.714394,-0.677481,-0.0592212,-0.164784
3.37293,0,-0.0897484,-0.0117053,0.714313,-0.677511,-0.0593605,-0.164962
3.37392,0,-0.0897484,-0.0117053,0.714313,-0.677511,-0.0593605,-0.164962
3.37491,0.00010613,-0.0897484,-0.0117053,0.71422,-0.677506,-0.0596467,-0.165279
3.3759,0.00010613,-0.0897484,-0.0117053,0.71422,-0.677506,-0.0596467,-0.165279
3.37692,0.000318389,-0.0897482,-0.0117053,0.714139,-0.677536,-0.0597861,-0.165457
3.37792,0.000318389,-0.0897482,-0.0117053,0.714139,-0.677536,-0.0597861,-0.165457
3.37891,0.000530649,-0.0897479,-0.0117053,0.71397,-0.677639,-0.059362,-0.165914
3.37991,0.000530649,-0.0897479,-0.0117053,0.71397,-0.677639,-0.059362,-0.165914
3.38094,0.000742907,-0.0897474,-0.0117053,0.714306,-0.677205,-0.0594359,-0.166212
3.38191,0.000742907,-0.0897474,-0.0117053,0.714306,-0.677205,-0.0594359,-0.166212
3.38292,0.000955166,-0.0897467,-0.0117053,0.714225,-0.677236,-0.059575,-0.16639
3.3839,0.000955166,-0.0897467,-0.0117053,0.714225,-0.677236,-0.059575,-0.16639
3.38491,0.00106129,-0.0897462,-0.0117053,0.71413,-0.677232,-0.0598611,-0.166708
3.38592,0.00106129,-0.0897462,-0.0117053,0.71413,-0.677232,-0.0598611,-0.166708
3.38691,0.00127355,-0.0897453,-0.0117053,0.713942,-0.677224,-0.0604332,-0.167342
3.38791,0.00127355,-0.0897453,-0.0117053,0.713942,-0.677224,-0.0604332,-0.167342
3.3889,0.00148581,-0.0897442,-0.0117053,0.713859,-0.677254,-0.0605725,-0.16752
3.38991,0.00148581,-0.0897442,-0.0117053,0.713859,-0.677254,-0.0605725,-0.16752
3.39091,0.00169806,-0.0897428,-0.0117053,0.713687,-0.67736,-0.060149,-0.167976
3.3919,0.00169806,-0.0897428,-0.0117053,0.713687,-0.67736,-0.060149,-0.167976
3.39292,0.00180419,-0.0897421,-0.0117053,0.714009,-0.676892,-0.0603668,-0.168417
3.39391,0.00180419,-0.0897421,-0.0117053,0.714009,-0.676892,-0.0603668,-0.168417
3.39491,0.00201645,-0.0897406,-0.0117053,0.713926,-0.676923,-0.0605059,-0.168595
3.39592,0.00201645,-0.0897406,-0.0117053,0.713926,-0.676923,-0.0605059,-0.168595
3.3969,0.0022287,-0.0897388,-0.0117053,0.713843,-0.676954,-0.060645,-0.168773
3.39791,0.0022287,-0.0897388,-0.0117053,0.713843,-0.676954,-0.060645,-0.168773
3.39891,0.00244095,-0.0897369,-0.0117053,0.71376,-0.676984,-0.0607842,-0.168951
3.3999,0.00244095,-0.0897369,-0.0117053,0.71376,-0.676984,-0.0607842,-0.168951
3.40091,0.0026532,-0.0897348,-0.0117053,0.713677,-0.677015,-0.0609235,-0.169129
3.40191,0.0026532,-0.0897348,-0.0117053,0.713677,-0.677015,-0.0609235,-0.169129
3.40291,0.00286545,-0.0897325,-0.0117053,0.713594,-0.677045,-0.0610628,-0.169307
3.40391,0.00286545,-0.0897325,-0.0117053,0.713594,-0.677045,-0.0610628,-0.169307
3.40493,0.00297157,-0.0897313,-0.0117053,0.713914,-0.676578,-0.0612776,-0.16975
3.40591,0.00297157,-0.0897313,-0.0117053,0.713914,-0.676578,-0.0612776,-0.16975
3.40692,0.00318381,-0.0897288,-0.0117053,0.713737,-0.676688,-0.0608547,-0.170207
3.4079,0.00318381,-0.0897288,-0.0117053,0.713737,-0.676688,-0.0608547,-0.170207
3.40891,0.00339606,-0.0897261,-0.0117053,0.713544,-0.67668,-0.0614263,-0.170841
3.40991,0.00339606,-0.0897261,-0.0117053,0.713544,-0.67668,-0.0614263,-0.170841
3.41091,0.0036083,-0.0897232,-0.0117053,0.71346,-0.676711,-0.0615654,-0.171019
3.41191,0.0036083,-0.0897232,-0.0117053,0.71346,-0.676711,-0.0615654,-0.171019
3.41294,0.00382053,-0.0897202,-0.0117053,0.713376,-0.676742,-0.0617046,-0.171197
3.41391,0.00382053,-0.0897202,-0.0117053,0.713376,-0.676742,-0.0617046,-0.171197
3.41491,0.00403277,-0.0897169,-0.0117053,0.713292,-0.676773,-0.0618439,-0.171374
3.4159,0.00403277,-0.0897169,-0.0117053,0.713292,-0.676773,-0.0618439,-0.171374
3.41691,0.004245,-0.0897135,-0.0117053,0.713208,-0.676804,-0.0619832,-0.171552
3.41791,0.004245,-0.0897135,-0.0117053,0.713208,-0.676804,-0.0619832,-0.171552
3.41903,0.00445723,-0.0897099,-0.0117053,0.713123,-0.676834,-0.0621225,-0.171729
3.41992,0.00445723,-0.0897099,-0.0117053,0.713123,-0.676834,-0.0621225,-0.171729
3.4209,0.00456334,-0.0897081,-0.0117053,0.713026,-0.67683,-0.0624085,-0.172046
3.42191,0.00456334,-0.0897081,-0.0117053,0.713026,-0.67683,-0.0624085,-0.172046
3.42291,0.00477557,-0.0897042,-0.0117053,0.713259,-0.676481,-0.0619116,-0.172633
3.4239,0.00477557,-0.0897042,-0.0117053,0.713259,-0.676481,-0.0619116,-0.172633
3.42492,0.00498779,-0.0897002,-0.0117053,0.713174,-0.676513,-0.0620507,-0.172811
3.42591,0.00498779,-0.0897002,-0.0117053,0.713174,-0.676513,-0.0620507,-0.172811
3.42691,0.00520001,-0.089696,-0.0117053,0.713089,-0.676544,-0.0621899,-0.172988
3.42791,0.00520001,-0.089696,-0.0117053,0.713089,-0.676544,-0.0621899,-0.172988
3.4289,0.00541222,-0.0896917,-0.0117053,0.713004,-0.676575,-0.0623291,-0.173166
3.42993,0.00541222,-0.0896917,-0.0117053,0.713004,-0.676575,-0.0623291,-0.173166
3.43094,0.00562443,-0.0896871,-0.0117053,0.713029,-0.676647,-0.0620359,-0.172888
3.4319,0.00562443,-0.0896871,-0.0117053,0.713029,-0.676647,-0.0620359,-0.172888
3.43293,0.00583664,-0.0896824,-0.0117053,0.712944,-0.676678,-0.0621753,-0.173065
3.43393,0.00583664,-0.0896824,-0.0117053,0.712944,-0.676678,-0.0621753,-0.173065
3.43491,0.00604884,-0.0896775,-0.0117053,0.712859,-0.676709,-0.0623147,-0.173243
3.43591,0.00604884,-0.0896775,-0.0117053,0.712859,-0.676709,-0.0623147,-0.173243
3.4369,0.00626104,-0.0896725,-0.0117053,0.712674,-0.676827,-0.0618937,-0.173698
3.43792,0.00626104,-0.0896725,-0.0117053,0.712674,-0.676827,-0.0618937,-0.173698
3.43891,0.00647324,-0.0896672,-0.0117053,0.712588,-0.676859,-0.0620333,-0.173875
3.4399,0.00647324,-0.0896672,-0.0117053,0.712588,-0.676859,-0.0620333,-0.173875
3.44092,0.00668543,-0.0896618,-0.0117053,0.712503,-0.67689,-0.062173,-0.174052
3.44192,0.00668543,-0.0896618,-0.0117053,0.712503,-0.67689,-0.062173,-0.174052
3.44292,0.00689761,-0.0896563,-0.0117053,0.712417,-0.676922,-0.0623127,-0.174229
3.44392,0.00689761,-0.0896563,-0.0117053,0.712417,-0.676922,-0.0623127,-0.174229
3.4449,0.0071098,-0.0896505,-0.0117053,0.712744,-0.676492,-0.0623725,-0.174542
3.44591,0.0071098,-0.0896505,-0.0117053,0.712744,-0.676492,-0.0623725,-0.174542
3.44691,0.00732197,-0.0896446,-0.0117053,0.712658,-0.676524,-0.0625119,-0.17472
3.4479,0.00732197,-0.0896446,-0.0117053,0.712658,-0.676524,-0.0625119,-0.17472
3.44891,0.00753414,-0.0896384,-0.0117053,0.712572,-0.676556,-0.0626513,-0.174897
3.44991,0.00753414,-0.0896384,-0.0117053,0.712572,-0.676556,-0.0626513,-0.174897
3.4509,0.00774631,-0.0896322,-0.0117053,0.712486,-0.676588,-0.0627907,-0.175074
3.45191,0.00774631,-0.0896322,-0.0117053,0.712486,-0.676588,-0.0627907,-0.175074
3.4529,0.00795847,-0.0896257,-0.0117053,0.712399,-0.676619,-0.0629303,-0.175251
3.45391,0.00795847,-0.0896257,-0.0117053,0.712399,-0.676619,-0.0629303,-0.175251
3.45491,0.00817063,-0.0896191,-0.0117053,0.712209,-0.676741,-0.0625105,-0.175706
3.45591,0.00817063,-0.0896191,-0.0117053,0.712209,-0.676741,-0.0625105,-0.175706
3.45692,0.00838278,-0.0896123,-0.0117053,0.712122,-0.676773,-0.0626502,-0.175882
3.45791,0.00838278,-0.0896123,-0.0117053,0.712122,-0.676773,-0.0626502,-0.175882
3.45891,0.00859492,-0.0896053,-0.0117053,0.712148,-0.676846,-0.0623574,-0.175604
3.45991,0.00859492,-0.0896053,-0.0117053,0.712148,-0.676846,-0.0623574,-0.175604
3.46093,0.00880706,-0.0895981,-0.0117053,0.712061,-0.676878,-0.0624972,-0.175781
3.46191,0.00880706,-0.0895981,-0.0117053,0.712061,-0.676878,-0.0624972,-0.175781
3.46291,0.0090192,-0.0895908,-0.0117053,0.712386,-0.676449,-0.0625535,-0.176098
3.4639,0.0090192,-0.0895908,-0.0117053,0.712386,-0.676449,-0.0625535,-0.176098
3.46491,0.00923132,-0.0895833,-0.0117053,0.712299,-0.676481,-0.0626929,-0.176275
3.46591,0.00923132,-0.0895833,-0.0117053,0.712299,-0.676481,-0.0626929,-0.176275
3.4669,0.00933738,-0.0895795,-0.0117053,0.712086,-0.676437,-0.0634113,-0.177047
3.46791,0.00933738,-0.0895795,-0.0117053,0.712086,-0.676437,-0.0634113,-0.177047
3.4689,0.0095495,-0.0895717,-0.0117053,0.712112,-0.67651,-0.0631185,-0.176769
3.46991,0.0095495,-0.0895717,-0.0117053,0.712112,-0.67651,-0.0631185,-0.176769
3.47094,0.00976161,-0.0895638,-0.0117053,0.712025,-0.676542,-0.0632581,-0.176946
3.47191,0.00976161,-0.0895638,-0.0117053,0.712025,-0.676542,-0.0632581,-0.176946
3.47291,0.00997372,-0.0895556,-0.0117053,0.711938,-0.676574,-0.0633978,-0.177122
3.47391,0.00997372,-0.0895556,-0.0117053,0.711938,-0.676574,-0.0633978,-0.177122
3.4749,0.0101858,-0.0895474,-0.0117053,0.711742,-0.676701,-0.0629793,-0.177576
3.47591,0.0101858,-0.0895474,-0.0117053,0.711742,-0.676701,-0.0629793,-0.177576
3.4769,0.0102919,-0.0895432,-0.0117053,0.711641,-0.676697,-0.0632655,-0.177891
3.47792,0.0102919,-0.0895432,-0.0117053,0.711641,-0.676697,-0.0632655,-0.177891
3.47891,0.0105039,-0.0895346,-0.0117053,0.711667,-0.67677,-0.0629729,-0.177613
3.4799,0.0105039,-0.0895346,-0.0117053,0.711667,-0.67677,-0.0629729,-0.177613
3.48091,0.010716,-0.0895259,-0.0117053,0.711989,-0.676342,-0.0630256,-0.177934
3.48191,0.010716,-0.0895259,-0.0117053,0.711989,-0.676342,-0.0630256,-0.177934
3.4829,0.0109281,-0.089517,-0.0117053,0.711902,-0.676375,-0.0631652,-0.178111
3.48391,0.0109281,-0.089517,-0.0117053,0.711902,-0.676375,-0.0631652,-0.178111
3.48491,0.0111402,-0.0895079,-0.0117053,0.711814,-0.676408,-0.0633048,-0.178288
3.48591,0.0111402,-0.0895079,-0.0117053,0.711814,-0.676408,-0.0633048,-0.178288
3.48691,0.0112462,-0.0895033,-0.0117053,0.711713,-0.676404,-0.0635908,-0.178604
3.4879,0.0112462,-0.0895033,-0.0117053,0.711713,-0.676404,-0.0635908,-0.178604
3.48892,0.0114583,-0.089494,-0.0117053,0.711625,-0.676437,-0.0637306,-0.178781
3.48991,0.0114583,-0.089494,-0.0117053,0.711625,-0.676437,-0.0637306,-0.178781
3.4909,0.0116703,-0.0894845,-0.0117053,0.711536,-0.676469,-0.0638703,-0.178957
3.49191,0.0116703,-0.0894845,-0.0117053,0.711536,-0.676469,-0.0638703,-0.178957
3.49291,0.0118823,-0.0894748,-0.0117053,0.711448,-0.676502,-0.0640102,-0.179134
3.49392,0.0118823,-0.0894748,-0.0117053,0.711448,-0.676502,-0.0640102,-0.179134
3.49491,0.0119884,-0.0894699,-0.0117053,0.711347,-0.676498,-0.0642963,-0.179449
3.4959,0.0119884,-0.0894699,-0.0117053,0.711347,-0.676498,-0.0642963,-0.179449
3.49691,0.0122004,-0.0894599,-0.0117053,0.711373,-0.676572,-0.0640038,-0.179171
3.49792,0.0122004,-0.0894599,-0.0117053,0.711373,-0.676572,-0.0640038,-0.179171
3.4989,0.0124124,-0.0894498,-0.0117053,0.711285,-0.676604,-0.0641438,-0.179348
3.49991,0.0124124,-0.0894498,-0.0117053,0.711285,-0.676604,-0.0641438,-0.179348
3.5009,0.0126244,-0.0894395,-0.0117053,0.711197,-0.676637,-0.0642838,-0.179524
3.50191,0.0126244,-0.0894395,-0.0117053,0.711197,-0.676637,-0.0642838,-0.179524
3.50291,0.0128364,-0.089429,-0.0117053,0.711108,-0.67667,-0.0644239,-0.1797
3.5039,0.0128364,-0.089429,-0.0117053,0.711108,-0.67667,-0.0644239,-0.1797
3.50492,0.0129424,-0.0894237,-0.0117053,0.711007,-0.676666,-0.0647102,-0.180016
3.50591,0.0129424,-0.0894237,-0.0117053,0.711007,-0.676666,-0.0647102,-0.180016
3.5069,0.0131544,-0.089413,-0.0117053,0.710918,-0.676698,-0.0648504,-0.180192
3.50791,0.0131544,-0.089413,-0.0117053,0.710918,-0.676698,-0.0648504,-0.180192
3.50893,0.0133664,-0.0894021,-0.0117053,0.711353,-0.676313,-0.0644652,-0.180064
3.50991,0.0133664,-0.0894021,-0.0117053,0.711353,-0.676313,-0.0644652,-0.180064
3.51091,0.0135783,-0.089391,-0.0117053,0.711264,-0.676345,-0.064605,-0.18024
3.51192,0.0135783,-0.089391,-0.0117053,0.711264,-0.676345,-0.064605,-0.18024
3.51291,0.0137903,-0.0893798,-0.0117053,0.711175,-0.676378,-0.0647449,-0.180417
3.51391,0.0137903,-0.0893798,-0.0117053,0.711175,-0.676378,-0.0647449,-0.180417
3.5149,0.0138963,-0.0893741,-0.0117053,0.711073,-0.676374,-0.065031,-0.180732
3.51591,0.0138963,-0.0893741,-0.0117053,0.711073,-0.676374,-0.065031,-0.180732
3.5169,0.0141082,-0.0893625,-0.0117053,0.7111,-0.676448,-0.0647386,-0.180454
3.51791,0.0141082,-0.0893625,-0.0117053,0.7111,-0.676448,-0.0647386,-0.180454
3.51891,0.0143202,-0.0893509,-0.0117053,0.711011,-0.676481,-0.0648786,-0.18063
3.51994,0.0143202,-0.0893509,-0.0117053,0.711011,-0.676481,-0.0648786,-0.18063
3.52091,0.0145321,-0.089339,-0.0117053,0.710922,-0.676514,-0.0650187,-0.180807
3.52191,0.0145321,-0.089339,-0.0117053,0.710922,-0.676514,-0.0650187,-0.180807
3.5229,0.0146381,-0.089333,-0.0117053,0.710936,-0.676551,-0.0648725,-0.180667
3.52391,0.0146381,-0.089333,-0.0117053,0.710936,-0.676551,-0.0648725,-0.180667
3.52491,0.01485,-0.0893209,-0.0117053,0.710847,-0.676584,-0.0650126,-0.180844
3.52591,0.01485,-0.0893209,-0.0117053,0.710847,-0.676584,-0.0650126,-0.180844
3.52691,0.0150619,-0.0893086,-0.0117053,0.710758,-0.676617,-0.0651528,-0.18102
3.5279,0.0150619,-0.0893086,-0.0117053,0.710758,-0.676617,-0.0651528,-0.18102
3.52891,0.0152738,-0.0892961,-0.0117053,0.710669,-0.676649,-0.0652931,-0.181196
3.52991,0.0152738,-0.0892961,-0.0117053,0.710669,-0.676649,-0.0652931,-0.181196
3.5309,0.0153797,-0.0892898,-0.0117053,0.710682,-0.676687,-0.065147,-0.181057
3.53191,0.0153797,-0.0892898,-0.0117053,0.710682,-0.676687,-0.065147,-0.181057
3.53293,0.0155916,-0.0892771,-0.0117053,0.710594,-0.676719,-0.0652873,-0.181233
3.53391,0.0155916,-0.0892771,-0.0117053,0.710594,-0.676719,-0.0652873,-0.181233
3.53491,0.0158023,-0.0892455,-0.0117563,0.710756,-0.67665,-0.0649498,-0.180976
3.53591,0.0158023,-0.0892455,-0.0117563,0.710756,-0.67665,-0.0649498,-0.180976
3.53691,0.0159082,-0.0892389,-0.0117563,0.710653,-0.676646,-0.0652362,-0.181292
3.53791,0.0159082,-0.0892389,-0.0117563,0.710653,-0.676646,-0.0652362,-0.181292
3.5389,0.0161201,-0.0892258,-0.0117563,0.710564,-0.676679,-0.0653765,-0.181468
3.53991,0.0161201,-0.0892258,-0.0117563,0.710564,-0.676679,-0.0653765,-0.181468
3.5409,0.0163319,-0.0892124,-0.0117563,0.710997,-0.676295,-0.0649859,-0.181345
3.54191,0.0163319,-0.0892124,-0.0117563,0.710997,-0.676295,-0.0649859,-0.181345
3.54291,0.0164378,-0.0892057,-0.0117563,0.710488,-0.676749,-0.0653708,-0.181504
3.5439,0.0164378,-0.0892057,-0.0117563,0.710488,-0.676749,-0.0653708,-0.181504
3.54491,0.0166496,-0.0891921,-0.0117563,0.710805,-0.676323,-0.065412,-0.181836
3.54591,0.0166496,-0.0891921,-0.0117563,0.710805,-0.676323,-0.065412,-0.181836
3.54693,0.0168614,-0.0891783,-0.0117563,0.710715,-0.676356,-0.065552,-0.182012
3.54791,0.0168614,-0.0891783,-0.0117563,0.710715,-0.676356,-0.065552,-0.182012
3.54892,0.0169673,-0.0891713,-0.0117563,0.710729,-0.676394,-0.0654059,-0.181873
3.54991,0.0169673,-0.0891713,-0.0117563,0.710729,-0.676394,-0.0654059,-0.181873
3.55091,0.0171791,-0.0891573,-0.0117563,0.71064,-0.676427,-0.065546,-0.182049
3.55191,0.0171791,-0.0891573,-0.0117563,0.71064,-0.676427,-0.065546,-0.182049
3.55291,0.0173908,-0.0891431,-0.0117563,0.710666,-0.676502,-0.0652538,-0.181771
3.55391,0.0173908,-0.0891431,-0.0117563,0.710666,-0.676502,-0.0652538,-0.181771
3.5549,0.0174967,-0.0891359,-0.0117563,0.710564,-0.676497,-0.0655401,-0.182086
3.55592,0.0174967,-0.0891359,-0.0117563,0.710564,-0.676497,-0.0655401,-0.182086
3.55691,0.0177085,-0.0891214,-0.0117563,0.710474,-0.67653,-0.0656803,-0.182262
3.55791,0.0177085,-0.0891214,-0.0117563,0.710474,-0.67653,-0.0656803,-0.182262
3.55891,0.0179202,-0.0891068,-0.0117563,0.710501,-0.676605,-0.0653882,-0.181984
3.5599,0.0179202,-0.0891068,-0.0117563,0.710501,-0.676605,-0.0653882,-0.181984
3.56091,0.0180261,-0.0890994,-0.0117563,0.710398,-0.676601,-0.0656746,-0.182299
3.56192,0.0180261,-0.0890994,-0.0117563,0.710398,-0.676601,-0.0656746,-0.182299
3.5629,0.0182378,-0.0890845,-0.0117563,0.710309,-0.676634,-0.065815,-0.182475
3.56391,0.0182378,-0.0890845,-0.0117563,0.710309,-0.676634,-0.065815,-0.182475
3.56493,0.0184495,-0.0890694,-0.0117563,0.71074,-0.676251,-0.0654204,-0.182356
3.56591,0.0184495,-0.0890694,-0.0117563,0.71074,-0.676251,-0.0654204,-0.182356
3.56691,0.0185553,-0.0890618,-0.0117563,0.710637,-0.676247,-0.0657065,-0.182671
3.56791,0.0185553,-0.0890618,-0.0117563,0.710637,-0.676247,-0.0657065,-0.182671
3.56891,0.018767,-0.0890465,-0.0117563,0.710664,-0.676322,-0.0654143,-0.182393
3.56991,0.018767,-0.0890465,-0.0117563,0.710664,-0.676322,-0.0654143,-0.182393
3.5709,0.0189787,-0.0890309,-0.0117563,0.710574,-0.676355,-0.0655544,-0.182569
3.57191,0.0189787,-0.0890309,-0.0117563,0.710574,-0.676355,-0.0655544,-0.182569
3.5729,0.0191904,-0.0890152,-0.0117563,0.710601,-0.67643,-0.0652622,-0.182291
3.57391,0.0191904,-0.0890152,-0.0117563,0.710601,-0.67643,-0.0652622,-0.182291
3.57491,0.019402,-0.0889994,-0.0117563,0.710511,-0.676463,-0.0654024,-0.182467
3.57592,0.019402,-0.0889994,-0.0117563,0.710511,-0.676463,-0.0654024,-0.182467
3.57691,0.0195078,-0.0889914,-0.0117563,0.710408,-0.676459,-0.0656887,-0.182782
3.57791,0.0195078,-0.0889914,-0.0117563,0.710408,-0.676459,-0.0656887,-0.182782
3.5789,0.0197195,-0.0889752,-0.0117563,0.710318,-0.676492,-0.065829,-0.182958
3.57991,0.0197195,-0.0889752,-0.0117563,0.710318,-0.676492,-0.065829,-0.182958
3.58093,0.0199311,-0.0889589,-0.0117563,0.710345,-0.676567,-0.0655369,-0.18268
3.58191,0.0199311,-0.0889589,-0.0117563,0.710345,-0.676567,-0.0655369,-0.18268
3.58291,0.0201427,-0.0889425,-0.0117563,0.710255,-0.6766,-0.0656773,-0.182856
3.5839,0.0201427,-0.0889425,-0.0117563,0.710255,-0.6766,-0.0656773,-0.182856
3.58491,0.0203543,-0.0889258,-0.0117563,0.710165,-0.676634,-0.0658178,-0.183031
3.58591,0.0203543,-0.0889258,-0.0117563,0.710165,-0.676634,-0.0658178,-0.183031
3.5869,0.0204601,-0.0889174,-0.0117563,0.710062,-0.676629,-0.0661043,-0.183346
3.58791,0.0204601,-0.0889174,-0.0117563,0.710062,-0.676629,-0.0661043,-0.183346
3.5889,0.0206716,-0.0889005,-0.0117563,0.710089,-0.676704,-0.0658123,-0.183068
3.58991,0.0206716,-0.0889005,-0.0117563,0.710089,-0.676704,-0.0658123,-0.183068
3.59091,0.0208832,-0.0888834,-0.0117563,0.709999,-0.676738,-0.0659529,-0.183243
3.59192,0.0208832,-0.0888834,-0.0117563,0.709999,-0.676738,-0.0659529,-0.183243
3.59291,0.0210947,-0.0888661,-0.0117563,0.709909,-0.676771,-0.0660935,-0.183419
3.59392,0.0210947,-0.0888661,-0.0117563,0.709909,-0.676771,-0.0660935,-0.183419
3.5949,0.0213063,-0.0888487,-0.0117563,0.709819,-0.676804,-0.0662342,-0.183594
3.59591,0.0213063,-0.0888487,-0.0117563,0.709819,-0.676804,-0.0662342,-0.183594
3.5969,0.021412,-0.0888399,-0.0117563,0.709832,-0.676842,-0.0660883,-0.183455
3.59791,0.021412,-0.0888399,-0.0117563,0.709832,-0.676842,-0.0660883,-0.183455
3.59891,0.0216235,-0.0888222,-0.0117563,0.710144,-0.676419,-0.0661205,-0.183795
3.5999,0.0216235,-0.0888222,-0.0117563,0.710144,-0.676419,-0.0661205,-0.183795
3.60092,0.021835,-0.0888044,-0.0117563,0.710054,-0.676452,-0.0662609,-0.183971
3.60191,0.021835,-0.0888044,-0.0117563,0.710054,-0.676452,-0.0662609,-0.183971
3.6029,0.0220465,-0.0887863,-0.0117563,0.710081,-0.676528,-0.0659689,-0.183693
3.60392,0.0220465,-0.0887863,-0.0117563,0.710081,-0.676528,-0.0659689,-0.183693
3.60491,0.0221522,-0.0887772,-0.0117563,0.709977,-0.676523,-0.0662553,-0.184008
3.60591,0.0221522,-0.0887772,-0.0117563,0.709977,-0.676523,-0.0662553,-0.184008
3.60691,0.0223637,-0.0887589,-0.0117563,0.709485,-0.677012,-0.0665058,-0.184017
3.60792,0.0223637,-0.0887589,-0.0117563,0.709485,-0.677012,-0.0665058,-0.184017
3.60891,0.0225751,-0.0887404,-0.0117563,0.709796,-0.67659,-0.0665364,-0.184359
3.60991,0.0225751,-0.0887404,-0.0117563,0.709796,-0.67659,-0.0665364,-0.184359
3.6109,0.0227865,-0.0887218,-0.0117563,0.709824,-0.676666,-0.0662446,-0.184081
3.6119,0.0227865,-0.0887218,-0.0117563,0.709824,-0.676666,-0.0662446,-0.184081
3.6129,0.0228922,-0.0887124,-0.0117563,0.70972,-0.676661,-0.0665311,-0.184395
3.61391,0.0228922,-0.0887124,-0.0117563,0.70972,-0.676661,-0.0665311,-0.184395
3.61491,0.0231036,-0.0886935,-0.0117563,0.709629,-0.676694,-0.0666718,-0.184571
3.61591,0.0231036,-0.0886935,-0.0117563,0.709629,-0.676694,-0.0666718,-0.184571
3.61691,0.0232093,-0.088684,-0.0117563,0.709643,-0.676732,-0.0665259,-0.184431
3.61791,0.0232093,-0.088684,-0.0117563,0.709643,-0.676732,-0.0665259,-0.184431
3.6189,0.0234207,-0.0886648,-0.0117563,0.709552,-0.676766,-0.0666667,-0.184607
3.61992,0.0234207,-0.0886648,-0.0117563,0.709552,-0.676766,-0.0666667,-0.184607
3.6209,0.0236321,-0.0886454,-0.0117563,0.709462,-0.676799,-0.0668076,-0.184782
3.62191,0.0236321,-0.0886454,-0.0117563,0.709462,-0.676799,-0.0668076,-0.184782
3.62291,0.0237377,-0.0886357,-0.0117563,0.709475,-0.676837,-0.0666617,-0.184643
3.62391,0.0237377,-0.0886357,-0.0117563,0.709475,-0.676837,-0.0666617,-0.184643
3.62491,0.0239491,-0.0886161,-0.0117563,0.709385,-0.67687,-0.0668026,-0.184818
3.62592,0.0239491,-0.0886161,-0.0117563,0.709385,-0.67687,-0.0668026,-0.184818
3.6269,0.0241604,-0.0885963,-0.0117563,0.709294,-0.676903,-0.0669436,-0.184993
3.62791,0.0241604,-0.0885963,-0.0117563,0.709294,-0.676903,-0.0669436,-0.184993
3.6289,0.0242661,-0.0885864,-0.0117563,0.709308,-0.676941,-0.0667978,-0.184854
3.62991,0.0242661,-0.0885864,-0.0117563,0.709308,-0.676941,-0.0667978,-0.184854
3.63091,0.0244774,-0.0885663,-0.0117563,0.709217,-0.676975,-0.0669388,-0.185029
3.6319,0.0244774,-0.0885663,-0.0117563,0.709217,-0.676975,-0.0669388,-0.185029
3.63293,0.0246886,-0.0885461,-0.0117563,0.709126,-0.677008,-0.0670799,-0.185204
3.63392,0.0246886,-0.0885461,-0.0117563,0.709126,-0.677008,-0.0670799,-0.185204
3.6349,0.0247943,-0.0885359,-0.0117563,0.70914,-0.677046,-0.0669341,-0.185065
3.63593,0.0247943,-0.0885359,-0.0117563,0.70914,-0.677046,-0.0669341,-0.185065
3.63689,0.0250055,-0.0885154,-0.0117563,0.709049,-0.677079,-0.0670753,-0.185239
3.63792,0.0250055,-0.0885154,-0.0117563,0.709049,-0.677079,-0.0670753,-0.185239
3.63892,0.0251111,-0.0885051,-0.0117563,0.708944,-0.677075,-0.0673623,-0.185553
3.6399,0.0251111,-0.0885051,-0.0117563,0.708944,-0.677075,-0.0673623,-0.185553
3.64091,0.0253224,-0.0884844,-0.0117563,0.708854,-0.677108,-0.0675036,-0.185728
3.64191,0.0253224,-0.0884844,-0.0117563,0.708854,-0.677108,-0.0675036,-0.185728
3.6429,0.0255336,-0.0884635,-0.0117563,0.708881,-0.677184,-0.0672121,-0.18545
3.64392,0.0255336,-0.0884635,-0.0117563,0.708881,-0.677184,-0.0672121,-0.18545
3.6449,0.0256392,-0.088453,-0.0117563,0.708776,-0.677179,-0.0674992,-0.185763
3.64591,0.0256392,-0.088453,-0.0117563,0.708776,-0.677179,-0.0674992,-0.185763
3.64692,0.0258504,-0.0884318,-0.0117563,0.708822,-0.677088,-0.0681899,-0.185668
3.6479,0.0258504,-0.0884318,-0.0117563,0.708822,-0.677088,-0.0681899,-0.185668
3.64891,0.0260611,-0.088406,-0.0117021,0.708713,-0.677289,-0.0673492,-0.185659
3.64991,0.0260611,-0.088406,-0.0117021,0.708713,-0.677289,-0.0673492,-0.185659
3.6509,0.0261667,-0.0883953,-0.0117021,0.708745,-0.677159,-0.0681856,-0.185704
3.65191,0.0261667,-0.0883953,-0.0117021,0.708745,-0.677159,-0.0681856,-0.185704
3.6529,0.0263778,-0.0883737,-0.0117021,0.708655,-0.677192,-0.068327,-0.185878
3.65391,0.0263778,-0.0883737,-0.0117021,0.708655,-0.677192,-0.068327,-0.185878
3.65491,0.0264834,-0.0883628,-0.0117021,0.708412,-0.677312,-0.0680653,-0.186461
3.6559,0.0264834,-0.0883628,-0.0117021,0.708412,-0.677312,-0.0680653,-0.186461
3.65691,0.0266945,-0.088341,-0.0117021,0.70844,-0.677389,-0.067774,-0.186183
3.65791,0.0266945,-0.088341,-0.0117021,0.70844,-0.677389,-0.067774,-0.186183
3.6589,0.0268,-0.08833,-0.0117021,0.708335,-0.677384,-0.0680613,-0.186496
3.65991,0.0268,-0.08833,-0.0117021,0.708335,-0.677384,-0.0680613,-0.186496
3.66091,0.0270111,-0.0883078,-0.0117021,0.708382,-0.67729,-0.0687516,-0.186401
3.66191,0.0270111,-0.0883078,-0.0117021,0.708382,-0.67729,-0.0687516,-0.186401
3.66291,0.0272222,-0.0882855,-0.0117021,0.708809,-0.676914,-0.0683408,-0.186298
3.66393,0.0272222,-0.0882855,-0.0117021,0.708809,-0.676914,-0.0683408,-0.186298
3.66491,0.0273277,-0.0882743,-0.0117021,0.708306,-0.677361,-0.0687476,-0.186436
3.66591,0.0273277,-0.0882743,-0.0117021,0.708306,-0.677361,-0.0687476,-0.186436
3.6669,0.0275387,-0.0882517,-0.0117021,0.708215,-0.677394,-0.0688894,-0.18661
3.66791,0.0275387,-0.0882517,-0.0117021,0.708215,-0.677394,-0.0688894,-0.18661
3.6689,0.0276442,-0.0882404,-0.0117021,0.708627,-0.67698,-0.0686234,-0.186647
3.66991,0.0276442,-0.0882404,-0.0117021,0.708627,-0.67698,-0.0686234,-0.186647
3.67091,0.0278553,-0.0882176,-0.0117021,0.708138,-0.677465,-0.0688856,-0.186645
3.6719,0.0278553,-0.0882176,-0.0117021,0.708138,-0.677465,-0.0688856,-0.186645
3.67291,0.0279608,-0.0882061,-0.0117021,0.70843,-0.677007,-0.0690518,-0.187135
3.67391,0.0279608,-0.0882061,-0.0117021,0.70843,-0.677007,-0.0690518,-0.187135
3.6749,0.0281717,-0.088183,-0.0117021,0.708459,-0.677084,-0.0687605,-0.186857
3.67592,0.0281717,-0.088183,-0.0117021,0.708459,-0.677084,-0.0687605,-0.186857
3.6769,0.0282772,-0.0881714,-0.0117021,0.708353,-0.677078,-0.0690476,-0.187171
3.67791,0.0282772,-0.0881714,-0.0117021,0.708353,-0.677078,-0.0690476,-0.187171
3.67891,0.0284882,-0.0881481,-0.0117021,0.708262,-0.677111,-0.0691892,-0.187345
3.6799,0.0284882,-0.0881481,-0.0117021,0.708262,-0.677111,-0.0691892,-0.187345
3.68092,0.0286991,-0.0881246,-0.0117021,0.70829,-0.677188,-0.0688979,-0.187066
3.68191,0.0286991,-0.0881246,-0.0117021,0.70829,-0.677188,-0.0688979,-0.187066
3.6829,0.0288046,-0.0881127,-0.0117021,0.708185,-0.677183,-0.0691851,-0.18738
3.68391,0.0288046,-0.0881127,-0.0117021,0.708185,-0.677183,-0.0691851,-0.18738
3.68493,0.0290155,-0.088089,-0.0117021,0.708094,-0.677215,-0.0693268,-0.187554
3.68591,0.0290155,-0.088089,-0.0117021,0.708094,-0.677215,-0.0693268,-0.187554
3.68691,0.0291209,-0.088077,-0.0117021,0.707988,-0.67721,-0.0696141,-0.187867
3.6879,0.0291209,-0.088077,-0.0117021,0.707988,-0.67721,-0.0696141,-0.187867
3.68891,0.0293318,-0.088053,-0.0117021,0.707896,-0.677242,-0.0697559,-0.188041
3.68991,0.0293318,-0.088053,-0.0117021,0.707896,-0.677242,-0.0697559,-0.188041
3.6909,0.0294372,-0.0880409,-0.0117021,0.707514,-0.677732,-0.0697344,-0.187723
3.6919,0.0294372,-0.0880409,-0.0117021,0.707514,-0.677732,-0.0697344,-0.187723
3.6929,0.0296481,-0.0880166,-0.0117021,0.707423,-0.677765,-0.0698767,-0.187896
3.69391,0.0296481,-0.0880166,-0.0117021,0.707423,-0.677765,-0.0698767,-0.187896
3.69491,0.0297535,-0.0880044,-0.0117021,0.707317,-0.677759,-0.0701645,-0.188209
3.6959,0.0297535,-0.0880044,-0.0117021,0.707317,-0.677759,-0.0701645,-0.188209
3.69691,0.0299643,-0.0879798,-0.0117021,0.707226,-0.677791,-0.0703069,-0.188382
3.69791,0.0299643,-0.0879798,-0.0117021,0.707226,-0.677791,-0.0703069,-0.188382
3.6989,0.0300697,-0.0879675,-0.0117021,0.707119,-0.677785,-0.0705947,-0.188695
3.69991,0.0300697,-0.0879675,-0.0117021,0.707119,-0.677785,-0.0705947,-0.188695
3.7009,0.0302805,-0.0879427,-0.0117021,0.707148,-0.677863,-0.070304,-0.188416
3.70191,0.0302805,-0.0879427,-0.0117021,0.707148,-0.677863,-0.070304,-0.188416
3.70291,0.0303859,-0.0879302,-0.0117021,0.707042,-0.677856,-0.0705919,-0.188729
3.70393,0.0303859,-0.0879302,-0.0117021,0.707042,-0.677856,-0.0705919,-0.188729
3.70491,0.0305966,-0.0879051,-0.0117021,0.706951,-0.677889,-0.0707344,-0.188902
3.70591,0.0305966,-0.0879051,-0.0117021,0.706951,-0.677889,-0.0707344,-0.188902
3.7069,0.030702,-0.0878925,-0.0117021,0.70699,-0.677748,-0.0715685,-0.188948
3.7079,0.030702,-0.0878925,-0.0117021,0.70699,-0.677748,-0.0715685,-0.188948
3.7089,0.0309127,-0.0878672,-0.0117021,0.706898,-0.67778,-0.071711,-0.189121
3.70991,0.0309127,-0.0878672,-0.0117021,0.706898,-0.67778,-0.071711,-0.189121
3.71091,0.0310181,-0.0878544,-0.0117021,0.706792,-0.677773,-0.0719989,-0.189433
3.7119,0.0310181,-0.0878544,-0.0117021,0.706792,-0.677773,-0.0719989,-0.189433
3.71291,0.0312288,-0.0878288,-0.0117021,0.706305,-0.678254,-0.07227,-0.189423
3.71391,0.0312288,-0.0878288,-0.0117021,0.706305,-0.678254,-0.07227,-0.189423
3.7149,0.0313341,-0.087816,-0.0117021,0.706199,-0.678247,-0.0725583,-0.189735
3.71591,0.0313341,-0.087816,-0.0117021,0.706199,-0.678247,-0.0725583,-0.189735
3.7169,0.0315448,-0.0877901,-0.0117021,0.706108,-0.678278,-0.0727015,-0.189907
3.71791,0.0315448,-0.0877901,-0.0117021,0.706108,-0.678278,-0.0727015,-0.189907
3.71891,0.0316501,-0.0877771,-0.0117021,0.706123,-0.678317,-0.0725563,-0.189768
3.71992,0.0316501,-0.0877771,-0.0117021,0.706123,-0.678317,-0.0725563,-0.189768
3.72091,0.0318607,-0.087751,-0.0117021,0.706031,-0.678349,-0.0726996,-0.18994
3.72191,0.0318607,-0.087751,-0.0117021,0.706031,-0.678349,-0.0726996,-0.18994
3.7229,0.031966,-0.0877379,-0.0117021,0.705925,-0.678342,-0.072988,-0.190252
3.7239,0.031966,-0.0877379,-0.0117021,0.705925,-0.678342,-0.072988,-0.190252
3.7249,0.0321766,-0.0877115,-0.0117021,0.705438,-0.678822,-0.073262,-0.190239
3.72591,0.0321766,-0.0877115,-0.0117021,0.705438,-0.678822,-0.073262,-0.190239
3.72691,0.0322819,-0.0876983,-0.0117021,0.70548,-0.678675,-0.0740961,-0.190285
3.7279,0.0322819,-0.0876983,-0.0117021,0.70548,-0.678675,-0.0740961,-0.190285
3.72891,0.0324925,-0.0876716,-0.0117021,0.705388,-0.678706,-0.0742398,-0.190457
3.72991,0.0324925,-0.0876716,-0.0117021,0.705388,-0.678706,-0.0742398,-0.190457
3.7309,0.0325977,-0.0876583,-0.0117021,0.705282,-0.678698,-0.0745286,-0.190768
3.73191,0.0325977,-0.0876583,-0.0117021,0.705282,-0.678698,-0.0745286,-0.190768
3.7329,0.0328083,-0.0876314,-0.0117021,0.704796,-0.679176,-0.0748049,-0.190753
3.73391,0.0328083,-0.0876314,-0.0117021,0.704796,-0.679176,-0.0748049,-0.190753
3.73492,0.0329135,-0.0876179,-0.0117021,0.704811,-0.679215,-0.07466,-0.190614
3.7359,0.0329135,-0.0876179,-0.0117021,0.704811,-0.679215,-0.07466,-0.190614
3.73693,0.033124,-0.0875907,-0.0117021,0.70472,-0.679246,-0.0748044,-0.190785
3.73793,0.033124,-0.0875907,-0.0117021,0.70472,-0.679246,-0.0748044,-0.190785
3.7389,0.0332293,-0.0875771,-0.0117021,0.704614,-0.679237,-0.0750936,-0.191095
3.7399,0.0332293,-0.0875771,-0.0117021,0.704614,-0.679237,-0.0750936,-0.191095
3.7409,0.0333345,-0.0875634,-0.0117021,0.704112,-0.679675,-0.0755166,-0.191218
3.74191,0.0333345,-0.0875634,-0.0117021,0.704112,-0.679675,-0.0755166,-0.191218
3.74291,0.0335449,-0.0875359,-0.0117021,0.704171,-0.679564,-0.0762061,-0.191125
3.7439,0.0335449,-0.0875359,-0.0117021,0.704171,-0.679564,-0.0762061,-0.191125
3.74491,0.0336502,-0.087522,-0.0117021,0.703914,-0.679697,-0.0759513,-0.191699
3.74591,0.0336502,-0.087522,-0.0117021,0.703914,-0.679697,-0.0759513,-0.191699
3.74692,0.0338606,-0.0874943,-0.0117021,0.703823,-0.679727,-0.0760963,-0.191869
3.74791,0.0338606,-0.0874943,-0.0117021,0.703823,-0.679727,-0.0760963,-0.191869
3.7489,0.0339652,-0.0874759,-0.0116479,0.703867,-0.679574,-0.0769302,-0.191916
3.74991,0.0339652,-0.0874759,-0.0116479,0.703867,-0.679574,-0.0769302,-0.191916
3.75091,0.0340704,-0.0874619,-0.0116479,0.703489,-0.68006,-0.0769211,-0.191587
3.75193,0.0340704,-0.0874619,-0.0116479,0.703489,-0.68006,-0.0769211,-0.191587
3.75291,0.0342807,-0.0874338,-0.0116479,0.703398,-0.680089,-0.0770665,-0.191757
3.75392,0.0342807,-0.0874338,-0.0116479,0.703398,-0.680089,-0.0770665,-0.191757
3.7549,0.0343859,-0.0874197,-0.0116479,0.703291,-0.680079,-0.0773566,-0.192067
3.7559,0.0343859,-0.0874197,-0.0116479,0.703291,-0.680079,-0.0773566,-0.192067
3.7569,0.0344911,-0.0874055,-0.0116479,0.703184,-0.680069,-0.0776467,-0.192377
3.75791,0.0344911,-0.0874055,-0.0116479,0.703184,-0.680069,-0.0776467,-0.192377
3.75892,0.0347039,-0.0873956,-0.0115969,0.702961,-0.680239,-0.0778498,-0.192511
3.7599,0.0347039,-0.0873956,-0.0115969,0.702961,-0.680239,-0.0778498,-0.192511
3.76092,0.0348091,-0.0873814,-0.0115969,0.70246,-0.680673,-0.0782776,-0.192629
3.76191,0.0348091,-0.0873814,-0.0115969,0.70246,-0.680673,-0.0782776,-0.192629
3.7629,0.0349142,-0.087367,-0.0115969,0.702476,-0.680713,-0.0781331,-0.192489
3.76391,0.0349142,-0.087367,-0.0115969,0.702476,-0.680713,-0.0781331,-0.192489
3.7649,0.0351245,-0.0873382,-0.0115969,0.702385,-0.680742,-0.0782794,-0.192658
3.76591,0.0351245,-0.0873382,-0.0115969,0.702385,-0.680742,-0.0782794,-0.192658
3.76691,0.0352297,-0.0873238,-0.0115969,0.702278,-0.680732,-0.0785701,-0.192967
3.7679,0.0352297,-0.0873238,-0.0115969,0.702278,-0.680732,-0.0785701,-0.192967
3.76891,0.0353348,-0.0873092,-0.0115969,0.702171,-0.680721,-0.0788609,-0.193276
3.76991,0.0353348,-0.0873092,-0.0115969,0.702171,-0.680721,-0.0788609,-0.193276
3.7709,0.0354399,-0.0872947,-0.0115969,0.701794,-0.681205,-0.0788553,-0.192943
3.77191,0.0354399,-0.0872947,-0.0115969,0.701794,-0.681205,-0.0788553,-0.192943
3.7729,0.0356502,-0.0872655,-0.0115969,0.701703,-0.681234,-0.0790022,-0.193112
3.77391,0.0356502,-0.0872655,-0.0115969,0.701703,-0.681234,-0.0790022,-0.193112
3.77491,0.0357553,-0.0872508,-0.0115969,0.701596,-0.681223,-0.0792933,-0.19342
3.7759,0.0357553,-0.0872508,-0.0115969,0.701596,-0.681223,-0.0792933,-0.19342
3.77691,0.0358604,-0.0872361,-0.0115969,0.701488,-0.681212,-0.0795845,-0.193728
3.77791,0.0358604,-0.0872361,-0.0115969,0.701488,-0.681212,-0.0795845,-0.193728
3.77891,0.0360705,-0.0872065,-0.0115969,0.701521,-0.681292,-0.0792961,-0.193448
3.77991,0.0360705,-0.0872065,-0.0115969,0.701521,-0.681292,-0.0792961,-0.193448
3.7809,0.0361756,-0.0871916,-0.0115969,0.701413,-0.681281,-0.0795873,-0.193757
3.78191,0.0361756,-0.0871916,-0.0115969,0.701413,-0.681281,-0.0795873,-0.193757
3.78291,0.0362807,-0.0871767,-0.0115969,0.700913,-0.681713,-0.0800194,-0.19387
3.7839,0.0362807,-0.0871767,-0.0115969,0.700913,-0.681713,-0.0800194,-0.19387
3.78491,0.0363858,-0.0871618,-0.0115969,0.70093,-0.681753,-0.0798753,-0.19373
3.78591,0.0363858,-0.0871618,-0.0115969,0.70093,-0.681753,-0.0798753,-0.19373
3.7869,0.0365959,-0.0871318,-0.0115969,0.700683,-0.681931,-0.0794801,-0.194157
3.78792,0.0365959,-0.0871318,-0.0115969,0.700683,-0.681931,-0.0794801,-0.194157
3.78893,0.0367009,-0.0871167,-0.0115969,0.700575,-0.68192,-0.0797719,-0.194464
3.78991,0.0367009,-0.0871167,-0.0115969,0.700575,-0.68192,-0.0797719,-0.194464
3.79091,0.036806,-0.0871016,-0.0115969,0.700591,-0.68196,-0.0796279,-0.194324
3.7919,0.036806,-0.0871016,-0.0115969,0.700591,-0.68196,-0.0796279,-0.194324
3.79291,0.037016,-0.0870712,-0.0115969,0.7005,-0.681989,-0.0797757,-0.194491
3.79391,0.037016,-0.0870712,-0.0115969,0.7005,-0.681989,-0.0797757,-0.194491
3.7949,0.0371211,-0.087056,-0.0115969,0.700516,-0.682029,-0.0796317,-0.194351
3.79591,0.0371211,-0.087056,-0.0115969,0.700516,-0.682029,-0.0796317,-0.194351
3.7969,0.0372261,-0.0870407,-0.0115969,0.700408,-0.682018,-0.0799236,-0.194659
3.79791,0.0372261,-0.0870407,-0.0115969,0.700408,-0.682018,-0.0799236,-0.194659
3.79891,0.0373311,-0.0870254,-0.0115969,0.700425,-0.682058,-0.0797796,-0.194518
3.79993,0.0373311,-0.0870254,-0.0115969,0.700425,-0.682058,-0.0797796,-0.194518
3.80091,0.0375411,-0.0869946,-0.0115969,0.700333,-0.682087,-0.0799276,-0.194686
3.80191,0.0375411,-0.0869946,-0.0115969,0.700333,-0.682087,-0.0799276,-0.194686
3.8029,0.0376461,-0.0869791,-0.0115969,0.70035,-0.682127,-0.0797836,-0.194545
3.80393,0.0376461,-0.0869791,-0.0115969,0.70035,-0.682127,-0.0797836,-0.194545
3.8049,0.0377511,-0.0869636,-0.0115969,0.700084,-0.682268,-0.0795336,-0.195111
3.80591,0.0377511,-0.0869636,-0.0115969,0.700084,-0.682268,-0.0795336,-0.195111
3.80691,0.0379611,-0.0869325,-0.0115969,0.699992,-0.682297,-0.0796819,-0.195278
3.80792,0.0379611,-0.0869325,-0.0115969,0.699992,-0.682297,-0.0796819,-0.195278
3.80891,0.038066,-0.0869169,-0.0115969,0.700008,-0.682337,-0.079538,-0.195138
3.80991,0.038066,-0.0869169,-0.0115969,0.700008,-0.682337,-0.079538,-0.195138
3.8109,0.0382759,-0.0868855,-0.0115969,0.699916,-0.682366,-0.0796863,-0.195305
3.81191,0.0382759,-0.0868855,-0.0115969,0.699916,-0.682366,-0.0796863,-0.195305
3.8129,0.0383809,-0.0868697,-0.0115969,0.699807,-0.682356,-0.0799785,-0.195612
3.81391,0.0383809,-0.0868697,-0.0115969,0.699807,-0.682356,-0.0799785,-0.195612
3.81491,0.0384858,-0.0868539,-0.0115969,0.699824,-0.682396,-0.0798347,-0.195471
3.81589,0.0384858,-0.0868539,-0.0115969,0.699824,-0.682396,-0.0798347,-0.195471
3.81691,0.0386957,-0.0868222,-0.0115969,0.699732,-0.682425,-0.0799831,-0.195638
3.81791,0.0386957,-0.0868222,-0.0115969,0.699732,-0.682425,-0.0799831,-0.195638
3.8189,0.0388006,-0.0868062,-0.0115969,0.699588,-0.682619,-0.0792979,-0.195755
3.81993,0.0388006,-0.0868062,-0.0115969,0.699588,-0.682619,-0.0792979,-0.195755
3.8209,0.0390104,-0.0867743,-0.0115969,0.69962,-0.682699,-0.0790103,-0.195475
3.82191,0.0390104,-0.0867743,-0.0115969,0.69962,-0.682699,-0.0790103,-0.195475
3.82291,0.0391154,-0.0867582,-0.0115969,0.699512,-0.682689,-0.0793028,-0.195782
3.8239,0.0391154,-0.0867582,-0.0115969,0.699512,-0.682689,-0.0793028,-0.195782
3.82491,0.0392202,-0.0867421,-0.0115969,0.699528,-0.682729,-0.079159,-0.195641
3.82591,0.0392202,-0.0867421,-0.0115969,0.699528,-0.682729,-0.079159,-0.195641
3.8269,0.0394293,-0.0867053,-0.0115426,0.699435,-0.682759,-0.0793077,-0.195808
3.82791,0.0394293,-0.0867053,-0.0115426,0.699435,-0.682759,-0.0793077,-0.195808
3.8289,0.0395342,-0.0866891,-0.0115426,0.699452,-0.682799,-0.0791639,-0.195667
3.82991,0.0395342,-0.0866891,-0.0115426,0.699452,-0.682799,-0.0791639,-0.195667
3.83091,0.0397439,-0.0866565,-0.0115426,0.699359,-0.682829,-0.0793128,-0.195833
3.8319,0.0397439,-0.0866565,-0.0115426,0.699359,-0.682829,-0.0793128,-0.195833
3.83291,0.0398488,-0.0866401,-0.0115426,0.699376,-0.682869,-0.079169,-0.195693
3.83391,0.0398488,-0.0866401,-0.0115426,0.699376,-0.682869,-0.079169,-0.195693
3.8349,0.0399536,-0.0866237,-0.0115426,0.699267,-0.682859,-0.0794617,-0.196
3.83593,0.0399536,-0.0866237,-0.0115426,0.699267,-0.682859,-0.0794617,-0.196
3.8369,0.0401633,-0.0865908,-0.0115426,0.699299,-0.682939,-0.0791742,-0.195719
3.83791,0.0401633,-0.0865908,-0.0115426,0.699299,-0.682939,-0.0791742,-0.195719
3.83891,0.0402682,-0.0865742,-0.0115426,0.698926,-0.68342,-0.0791776,-0.195375
3.8399,0.0402682,-0.0865742,-0.0115426,0.698926,-0.68342,-0.0791776,-0.195375
3.84091,0.040373,-0.0865576,-0.0115426,0.698817,-0.683409,-0.0794707,-0.195682
3.84191,0.040373,-0.0865576,-0.0115426,0.698817,-0.683409,-0.0794707,-0.195682
3.84293,0.0405826,-0.0865243,-0.0115426,0.698725,-0.683439,-0.0796202,-0.195847
3.84392,0.0405826,-0.0865243,-0.0115426,0.698725,-0.683439,-0.0796202,-0.195847
3.8449,0.0406874,-0.0865076,-0.0115426,0.698741,-0.683479,-0.0794766,-0.195707
3.84589,0.0406874,-0.0865076,-0.0115426,0.698741,-0.683479,-0.0794766,-0.195707
3.84688,0.0406874,-0.0865076,-0.0115426,0.698741,-0.683479,-0.0794766,-0.195707
3.8479,0.0407922,-0.0864909,-0.0115426,0.698632,-0.683468,-0.0797698,-0.196013
3.84893,0.0407922,-0.0864909,-0.0115426,0.698632,-0.683468,-0.0797698,-0.196013
3.84991,0.040897,-0.0864741,-0.0115426,0.698648,-0.683509,-0.0796262,-0.195872
3.85092,0.040897,-0.0864741,-0.0115426,0.698648,-0.683509,-0.0796262,-0.195872
3.85191,0.0411065,-0.0864404,-0.0115426,0.698681,-0.683589,-0.0793389,-0.195591
3.85291,0.0411065,-0.0864404,-0.0115426,0.698681,-0.683589,-0.0793389,-0.195591
3.85391,0.0412113,-0.0864234,-0.0115426,0.698697,-0.683629,-0.0791952,-0.195451
3.85491,0.0412113,-0.0864234,-0.0115426,0.698697,-0.683629,-0.0791952,-0.195451
3.85595,0.0413161,-0.0864065,-0.0115426,0.698199,-0.684058,-0.0796377,-0.195551
3.8569,0.0413161,-0.0864065,-0.0115426,0.698199,-0.684058,-0.0796377,-0.195551
3.85799,0.0414208,-0.0863895,-0.0115426,0.698216,-0.684098,-0.0794941,-0.195411
3.85891,0.0414208,-0.0863895,-0.0115426,0.698216,-0.684098,-0.0794941,-0.195411
3.8599,0.0415255,-0.0863724,-0.0115426,0.698107,-0.684087,-0.0797878,-0.195716
3.86092,0.0415255,-0.0863724,-0.0115426,0.698107,-0.684087,-0.0797878,-0.195716
3.8619,0.0416303,-0.0863553,-0.0115426,0.698124,-0.684128,-0.0796443,-0.195576
3.86292,0.0416303,-0.0863553,-0.0115426,0.698124,-0.684128,-0.0796443,-0.195576
3.86392,0.041735,-0.0863382,-0.0115426,0.69814,-0.684168,-0.0795008,-0.195435
3.86491,0.041735,-0.0863382,-0.0115426,0.69814,-0.684168,-0.0795008,-0.195435
3.86593,0.0418397,-0.086321,-0.0115426,0.698031,-0.684157,-0.0797945,-0.195741
3.86692,0.0418397,-0.086321,-0.0115426,0.698031,-0.684157,-0.0797945,-0.195741
3.86791,0.0420492,-0.0862865,-0.0115426,0.698064,-0.684237,-0.0795075,-0.195459
3.86892,0.0420492,-0.0862865,-0.0115426,0.698064,-0.684237,-0.0795075,-0.195459
3.86991,0.0421539,-0.0862692,-0.0115426,0.697691,-0.684716,-0.0795143,-0.195112
3.87092,0.0421539,-0.0862692,-0.0115426,0.697691,-0.684716,-0.0795143,-0.195112
3.87192,0.0422586,-0.0862518,-0.0115426,0.697708,-0.684756,-0.0793708,-0.194972
3.87291,0.0422586,-0.0862518,-0.0115426,0.697708,-0.684756,-0.0793708,-0.194972
3.87392,0.0423633,-0.0862344,-0.0115426,0.697599,-0.684745,-0.0796651,-0.195277
3.87492,0.0423633,-0.0862344,-0.0115426,0.697599,-0.684745,-0.0796651,-0.195277
3.87591,0.0424679,-0.086217,-0.0115426,0.697616,-0.684785,-0.0795216,-0.195136
3.87692,0.0424679,-0.086217,-0.0115426,0.697616,-0.684785,-0.0795216,-0.195136
3.87791,0.0425726,-0.0861995,-0.0115426,0.697632,-0.684825,-0.0793782,-0.194995
3.87891,0.0425726,-0.0861995,-0.0115426,0.697632,-0.684825,-0.0793782,-0.194995
3.87993,0.0426773,-0.086182,-0.0115426,0.697523,-0.684815,-0.0796725,-0.1953
3.88094,0.0426773,-0.086182,-0.0115426,0.697523,-0.684815,-0.0796725,-0.1953
3.88194,0.0427819,-0.0861644,-0.0115426,0.697374,-0.685014,-0.0789897,-0.195413
3.88294,0.0427819,-0.0861644,-0.0115426,0.697374,-0.685014,-0.0789897,-0.195413
3.88394,0.0429912,-0.0861291,-0.0115426,0.697017,-0.685532,-0.0788542,-0.194924
3.88493,0.0429912,-0.0861291,-0.0115426,0.697017,-0.685532,-0.0788542,-0.194924
3.88591,0.0430959,-0.0861114,-0.0115426,0.696909,-0.685521,-0.079149,-0.195228
3.8869,0.0430959,-0.0861114,-0.0115426,0.696909,-0.685521,-0.079149,-0.195228
3.88793,0.0432005,-0.0860937,-0.0115426,0.696925,-0.685561,-0.0790058,-0.195087
3.88893,0.0432005,-0.0860937,-0.0115426,0.696925,-0.685561,-0.0790058,-0.195087
3.88993,0.0433051,-0.0860759,-0.0115426,0.696941,-0.685602,-0.0788625,-0.194946
3.89091,0.0434097,-0.0860581,-0.0115426,0.696833,-0.685591,-0.0791574,-0.195251
3.8919,0.0434097,-0.0860581,-0.0115426,0.696833,-0.685591,-0.0791574,-0.195251
3.89292,0.0435144,-0.0860402,-0.0115426,0.696682,-0.685791,-0.0784749,-0.195363
3.8939,0.0435144,-0.0860402,-0.0115426,0.696682,-0.685791,-0.0784749,-0.195363
3.8949,0.0437235,-0.0860043,-0.0115426,0.696714,-0.685872,-0.0781884,-0.195081
3.89591,0.0437235,-0.0860043,-0.0115426,0.696714,-0.685872,-0.0781884,-0.195081
3.89691,0.0438281,-0.0859863,-0.0115426,0.696217,-0.686298,-0.0786361,-0.195175
3.89791,0.0438281,-0.0859863,-0.0115426,0.696217,-0.686298,-0.0786361,-0.195175
3.89891,0.0439327,-0.0859683,-0.0115426,0.696233,-0.686338,-0.078493,-0.195034
3.8999,0.0439327,-0.0859683,-0.0115426,0.696233,-0.686338,-0.078493,-0.195034
3.90092,0.0440365,-0.0859458,-0.0114884,0.696249,-0.686378,-0.0783498,-0.194893
3.9019,0.0440365,-0.0859458,-0.0114884,0.696249,-0.686378,-0.0783498,-0.194893
3.9029,0.0442456,-0.0859095,-0.0114884,0.696281,-0.686458,-0.0780635,-0.194611
3.90391,0.0442456,-0.0859095,-0.0114884,0.696281,-0.686458,-0.0780635,-0.194611
3.90491,0.0443502,-0.0858913,-0.0114884,0.696173,-0.686448,-0.0783591,-0.194915
3.90591,0.0443502,-0.0858913,-0.0114884,0.696173,-0.686448,-0.0783591,-0.194915
3.90691,0.0444547,-0.085873,-0.0114884,0.696189,-0.686489,-0.078216,-0.194774
3.9079,0.0444547,-0.085873,-0.0114884,0.696189,-0.686489,-0.078216,-0.194774
3.90891,0.0446638,-0.0858363,-0.0114884,0.696052,-0.68673,-0.0773909,-0.194744
3.9099,0.0446638,-0.0858363,-0.0114884,0.696052,-0.68673,-0.0773909,-0.194744
3.91092,0.0447683,-0.085818,-0.0114884,0.695943,-0.68672,-0.0776867,-0.195047
3.91191,0.0447683,-0.085818,-0.0114884,0.695943,-0.68672,-0.0776867,-0.195047
3.91291,0.0448728,-0.0857995,-0.0114884,0.695959,-0.68676,-0.0775436,-0.194906
3.91391,0.0448728,-0.0857995,-0.0114884,0.695959,-0.68676,-0.0775436,-0.194906
3.91491,0.0449773,-0.0857811,-0.0114884,0.695975,-0.6868,-0.0774005,-0.194765
3.9159,0.0449773,-0.0857811,-0.0114884,0.695975,-0.6868,-0.0774005,-0.194765
3.91691,0.0451863,-0.085744,-0.0114884,0.695619,-0.687316,-0.0772682,-0.194271
3.91793,0.0451863,-0.085744,-0.0114884,0.695619,-0.687316,-0.0772682,-0.194271
3.9189,0.0452908,-0.0857254,-0.0114884,0.695511,-0.687306,-0.0775645,-0.194574
3.91991,0.0452908,-0.0857254,-0.0114884,0.695511,-0.687306,-0.0775645,-0.194574
3.92093,0.0453952,-0.0857067,-0.0114884,0.695356,-0.687508,-0.0768829,-0.194684
3.92192,0.0453952,-0.0857067,-0.0114884,0.695356,-0.687508,-0.0768829,-0.194684
3.92291,0.0456042,-0.0856693,-0.0114884,0.695388,-0.687588,-0.076597,-0.194401
3.9239,0.0456042,-0.0856693,-0.0114884,0.695388,-0.687588,-0.076597,-0.194401
3.92491,0.0457086,-0.0856505,-0.0114884,0.695403,-0.687628,-0.076454,-0.19426
3.9259,0.0457086,-0.0856505,-0.0114884,0.695403,-0.687628,-0.076454,-0.19426
3.92692,0.045813,-0.0856317,-0.0114884,0.695295,-0.687619,-0.0767505,-0.194563
3.92793,0.045813,-0.0856317,-0.0114884,0.695295,-0.687619,-0.0767505,-0.194563
3.92891,0.0459175,-0.0856129,-0.0114884,0.695311,-0.687659,-0.0766076,-0.194421
3.92991,0.0459175,-0.0856129,-0.0114884,0.695311,-0.687659,-0.0766076,-0.194421
3.93091,0.0461263,-0.085575,-0.0114884,0.695342,-0.687739,-0.0763217,-0.194139
3.93191,0.0461263,-0.085575,-0.0114884,0.695342,-0.687739,-0.0763217,-0.194139
3.93292,0.0462307,-0.085556,-0.0114884,0.695062,-0.687892,-0.0760801,-0.194692
3.9339,0.0462307,-0.085556,-0.0114884,0.695062,-0.687892,-0.0760801,-0.194692
3.9349,0.0463351,-0.085537,-0.0114884,0.695077,-0.687932,-0.0759372,-0.194551
3.93591,0.0463351,-0.085537,-0.0114884,0.695077,-0.687932,-0.0759372,-0.194551
3.9369,0.0465439,-0.0854988,-0.0114884,0.695108,-0.688012,-0.0756514,-0.194268
3.93791,0.0465439,-0.0854988,-0.0114884,0.695108,-0.688012,-0.0756514,-0.194268
3.93891,0.0466483,-0.0854796,-0.0114884,0.695124,-0.688052,-0.0755085,-0.194127
3.9399,0.0466483,-0.0854796,-0.0114884,0.695124,-0.688052,-0.0755085,-0.194127
3.94091,0.0467527,-0.0854604,-0.0114884,0.695015,-0.688044,-0.0758054,-0.19443
3.9419,0.0467527,-0.0854604,-0.0114884,0.695015,-0.688044,-0.0758054,-0.19443
3.94293,0.046857,-0.0854412,-0.0114884,0.695031,-0.688084,-0.0756625,-0.194288
3.94391,0.046857,-0.0854412,-0.0114884,0.695031,-0.688084,-0.0756625,-0.194288
3.94491,0.0470657,-0.0854026,-0.0114884,0.694889,-0.688327,-0.0748389,-0.194255
3.94591,0.0470657,-0.0854026,-0.0114884,0.694889,-0.688327,-0.0748389,-0.194255
3.9469,0.0471701,-0.0853832,-0.0114884,0.694904,-0.688367,-0.074696,-0.194114
3.9479,0.0471701,-0.0853832,-0.0114884,0.694904,-0.688367,-0.074696,-0.194114
3.94891,0.0472744,-0.0853638,-0.0114884,0.694919,-0.688407,-0.0745531,-0.193972
3.94994,0.0472744,-0.0853638,-0.0114884,0.694919,-0.688407,-0.0745531,-0.193972
3.9509,0.0473787,-0.0853443,-0.0114884,0.694811,-0.688399,-0.0748503,-0.194275
3.95191,0.0473787,-0.0853443,-0.0114884,0.694811,-0.688399,-0.0748503,-0.194275
3.9529,0.0475873,-0.0853053,-0.0114884,0.694841,-0.688479,-0.0745646,-0.193992
3.95391,0.0475873,-0.0853053,-0.0114884,0.694841,-0.688479,-0.0745646,-0.193992
3.95491,0.0476916,-0.0852857,-0.0114884,0.694857,-0.688519,-0.0744217,-0.19385
3.95589,0.0476916,-0.0852857,-0.0114884,0.694857,-0.688519,-0.0744217,-0.19385
3.95691,0.0477959,-0.0852661,-0.0114884,0.694697,-0.688722,-0.0737413,-0.193959
3.95789,0.0477959,-0.0852661,-0.0114884,0.694697,-0.688722,-0.0737413,-0.193959
3.95892,0.0480045,-0.0852267,-0.0114884,0.694728,-0.688802,-0.0734557,-0.193675
3.95991,0.0480045,-0.0852267,-0.0114884,0.694728,-0.688802,-0.0734557,-0.193675
3.96091,0.0481088,-0.0852069,-0.0114884,0.694619,-0.688794,-0.0737531,-0.193978
3.96191,0.0481088,-0.0852069,-0.0114884,0.694619,-0.688794,-0.0737531,-0.193978
3.96291,0.048213,-0.0851871,-0.0114884,0.694634,-0.688834,-0.0736103,-0.193836
3.9639,0.048213,-0.0851871,-0.0114884,0.694634,-0.688834,-0.0736103,-0.193836
3.96491,0.0483173,-0.0851672,-0.0114884,0.694649,-0.688874,-0.0734675,-0.193695
3.9659,0.0483173,-0.0851672,-0.0114884,0.694649,-0.688874,-0.0734675,-0.193695
3.9669,0.0485257,-0.0851274,-0.0114884,0.694504,-0.689118,-0.0726447,-0.193661
3.96793,0.0485257,-0.0851274,-0.0114884,0.694504,-0.689118,-0.0726447,-0.193661
3.9689,0.04863,-0.0851074,-0.0114884,0.694395,-0.689111,-0.0729424,-0.193963
3.96992,0.04863,-0.0851074,-0.0114884,0.694395,-0.689111,-0.0729424,-0.193963
3.97091,0.0487342,-0.0850874,-0.0114884,0.69441,-0.689151,-0.0727996,-0.193821
3.9719,0.0487342,-0.0850874,-0.0114884,0.69441,-0.689151,-0.0727996,-0.193821
3.97291,0.0488384,-0.0850674,-0.0114884,0.69481,-0.688757,-0.0724992,-0.193898
3.9739,0.0488384,-0.0850674,-0.0114884,0.69481,-0.688757,-0.0724992,-0.193898
3.9749,0.0490468,-0.0850271,-0.0114884,0.694331,-0.689224,-0.0728118,-0.19384
3.97591,0.0490468,-0.0850271,-0.0114884,0.694331,-0.689224,-0.0728118,-0.19384
3.97691,0.049151,-0.0850069,-0.0114884,0.69473,-0.688831,-0.0725109,-0.193917
3.97791,0.049151,-0.0850069,-0.0114884,0.69473,-0.688831,-0.0725109,-0.193917
3.97891,0.0492551,-0.0849867,-0.0114884,0.694568,-0.689035,-0.0718316,-0.194025
3.97994,0.0492551,-0.0849867,-0.0114884,0.694568,-0.689035,-0.0718316,-0.194025
3.98091,0.0493593,-0.0849664,-0.0114884,0.694583,-0.689075,-0.0716887,-0.193883
3.98194,0.0493593,-0.0849664,-0.0114884,0.694583,-0.689075,-0.0716887,-0.193883
3.9829,0.0495676,-0.0849257,-0.0114884,0.694612,-0.689155,-0.0714031,-0.1936
3.98391,0.0495676,-0.0849257,-0.0114884,0.694612,-0.689155,-0.0714031,-0.1936
3.9849,0.0496718,-0.0849053,-0.0114884,0.694627,-0.689195,-0.0712603,-0.193458
3.98591,0.0496718,-0.0849053,-0.0114884,0.694627,-0.689195,-0.0712603,-0.193458
3.98691,0.0497759,-0.0848849,-0.0114884,0.694902,-0.688756,-0.0713993,-0.193981
3.9879,0.0497759,-0.0848849,-0.0114884,0.694902,-0.688756,-0.0713993,-0.193981
3.98891,0.04988,-0.0848644,-0.0114884,0.694917,-0.688796,-0.0712564,-0.193839
3.98992,0.04988,-0.0848644,-0.0114884,0.694917,-0.688796,-0.0712564,-0.193839
3.99091,0.0500883,-0.0848233,-0.0114884,0.694767,-0.689041,-0.0704347,-0.193805
3.99191,0.0500883,-0.0848233,-0.0114884,0.694767,-0.689041,-0.0704347,-0.193805
3.99291,0.0501924,-0.0848027,-0.0114884,0.694658,-0.689035,-0.0707323,-0.194107
3.99391,0.0501924,-0.0848027,-0.0114884,0.694658,-0.689035,-0.0707323,-0.194107
3.99491,0.0502964,-0.084782,-0.0114884,0.694672,-0.689075,-0.0705895,-0.193966
3.9959,0.0502964,-0.084782,-0.0114884,0.694672,-0.689075,-0.0705895,-0.193966
3.99691,0.0504005,-0.0847613,-0.0114884,0.694687,-0.689115,-0.0704466,-0.193824
3.9979,0.0504005,-0.0847613,-0.0114884,0.694687,-0.689115,-0.0704466,-0.193824
3.99889,0.0505046,-0.0847406,-0.0114884,0.694701,-0.689155,-0.0703038,-0.193682
3.99991,0.0505046,-0.0847406,-0.0114884,0.694701,-0.689155,-0.0703038,-0.193682
4.0009,0.0507127,-0.084699,-0.0114884,0.695113,-0.688802,-0.0698586,-0.19362
4.00191,0.0507127,-0.084699,-0.0114884,0.695113,-0.688802,-0.0698586,-0.19362
4.00291,0.0508168,-0.0846781,-0.0114884,0.694824,-0.688963,-0.0696206,-0.194172
4.00389,0.0508168,-0.0846781,-0.0114884,0.694824,-0.688963,-0.0696206,-0.194172
4.00491,0.0509208,-0.0846572,-0.0114884,0.694838,-0.689003,-0.0694778,-0.19403
4.0059,0.0509208,-0.0846572,-0.0114884,0.694838,-0.689003,-0.0694778,-0.19403
4.00692,0.0510248,-0.0846362,-0.0114884,0.694852,-0.689043,-0.0693349,-0.193889
4.00791,0.0510248,-0.0846362,-0.0114884,0.694852,-0.689043,-0.0693349,-0.193889
4.00891,0.0511289,-0.0846152,-0.0114884,0.694743,-0.689038,-0.0696325,-0.194191
4.00991,0.0511289,-0.0846152,-0.0114884,0.694743,-0.689038,-0.0696325,-0.194191
4.01091,0.0513369,-0.0845731,-0.0114884,0.694771,-0.689118,-0.0693468,-0.193908
4.0119,0.0513369,-0.0845731,-0.0114884,0.694771,-0.689118,-0.0693468,-0.193908
4.01291,0.0514409,-0.0845519,-0.0114884,0.694785,-0.689158,-0.069204,-0.193766
4.01393,0.0514409,-0.0845519,-0.0114884,0.694785,-0.689158,-0.069204,-0.193766
4.0149,0.0515449,-0.0845308,-0.0114884,0.694676,-0.689154,-0.0695016,-0.194068
4.01591,0.0515449,-0.0845308,-0.0114884,0.694676,-0.689154,-0.0695016,-0.194068
4.0169,0.0516489,-0.0845095,-0.0114884,0.69469,-0.689193,-0.0693588,-0.193927
4.01791,0.0516489,-0.0845095,-0.0114884,0.69469,-0.689193,-0.0693588,-0.193927
4.01891,0.0517528,-0.0844883,-0.0114884,0.694704,-0.689233,-0.069216,-0.193785
4.01989,0.0517528,-0.0844883,-0.0114884,0.694704,-0.689233,-0.069216,-0.193785
4.02091,0.0518568,-0.084467,-0.0114884,0.694595,-0.689229,-0.0695137,-0.194087
4.02189,0.0518568,-0.084467,-0.0114884,0.694595,-0.689229,-0.0695137,-0.194087
4.0229,0.0519607,-0.0844456,-0.0114884,0.694991,-0.688837,-0.0692095,-0.194169
4.02391,0.0519607,-0.0844456,-0.0114884,0.694991,-0.688837,-0.0692095,-0.194169
4.02491,0.0520647,-0.0844242,-0.0114884,0.694441,-0.689476,-0.0686935,-0.194052
4.02591,0.0520647,-0.0844242,-0.0114884,0.694441,-0.689476,-0.0686935,-0.194052
4.02691,0.0522726,-0.0843813,-0.0114884,0.694345,-0.689512,-0.0688487,-0.194212
4.02792,0.0522726,-0.0843813,-0.0114884,0.694345,-0.689512,-0.0688487,-0.194212
4.02891,0.0523765,-0.0843598,-0.0114884,0.694359,-0.689552,-0.0687059,-0.19407
4.0299,0.0523765,-0.0843598,-0.0114884,0.694359,-0.689552,-0.0687059,-0.19407
4.03089,0.0524804,-0.0843383,-0.0114884,0.694249,-0.689548,-0.0690039,-0.194373
4.03191,0.0524804,-0.0843383,-0.0114884,0.694249,-0.689548,-0.0690039,-0.194373
4.0329,0.0525843,-0.0843167,-0.0114884,0.694263,-0.689587,-0.0688612,-0.194231
4.03391,0.0525843,-0.0843167,-0.0114884,0.694263,-0.689587,-0.0688612,-0.194231
4.03491,0.0526882,-0.084295,-0.0114884,0.694278,-0.689627,-0.0687184,-0.194089
4.0359,0.0526882,-0.084295,-0.0114884,0.694278,-0.689627,-0.0687184,-0.194089
4.03691,0.0527921,-0.0842733,-0.0114884,0.694549,-0.689192,-0.0688538,-0.194616
4.03789,0.0527921,-0.0842733,-0.0114884,0.694549,-0.689192,-0.0688538,-0.194616
4.03892,0.0528959,-0.0842516,-0.0114884,0.694182,-0.689663,-0.0688738,-0.194249
4.03991,0.0528959,-0.0842516,-0.0114884,0.694182,-0.689663,-0.0688738,-0.194249
4.04091,0.0529998,-0.0842298,-0.0114884,0.694072,-0.689659,-0.0691719,-0.194551
4.04191,0.0529998,-0.0842298,-0.0114884,0.694072,-0.689659,-0.0691719,-0.194551
4.04291,0.0532075,-0.0841862,-0.0114884,0.6941,-0.689739,-0.0688865,-0.194267
4.0439,0.0532075,-0.0841862,-0.0114884,0.6941,-0.689739,-0.0688865,-0.194267
4.04491,0.0533113,-0.0841643,-0.0114884,0.69393,-0.689948,-0.06821,-0.194373
4.0459,0.0533113,-0.0841643,-0.0114884,0.69393,-0.689948,-0.06821,-0.194373
4.04689,0.0534152,-0.0841423,-0.0114884,0.6942,-0.689514,-0.0683448,-0.194901
4.04791,0.0534152,-0.0841423,-0.0114884,0.6942,-0.689514,-0.0683448,-0.194901
4.04889,0.053519,-0.0841203,-0.0114884,0.693833,-0.689984,-0.0683657,-0.194533
4.04991,0.053519,-0.0841203,-0.0114884,0.693833,-0.689984,-0.0683657,-0.194533
4.05091,0.0536228,-0.0840983,-0.0114884,0.694228,-0.689594,-0.0680594,-0.194618
4.05189,0.0536228,-0.0840983,-0.0114884,0.694228,-0.689594,-0.0680594,-0.194618
4.05291,0.0537266,-0.0840762,-0.0114884,0.694118,-0.68959,-0.0683574,-0.19492
4.05389,0.0537266,-0.0840762,-0.0114884,0.694118,-0.68959,-0.0683574,-0.19492
4.0549,0.0538304,-0.0840541,-0.0114884,0.693751,-0.690061,-0.0683788,-0.19455
4.05591,0.0538304,-0.0840541,-0.0114884,0.693751,-0.690061,-0.0683788,-0.19455
4.0569,0.0539342,-0.084032,-0.0114884,0.694021,-0.689627,-0.0685128,-0.19508
4.05791,0.0539342,-0.084032,-0.0114884,0.694021,-0.689627,-0.0685128,-0.19508
4.05891,0.0540379,-0.0840098,-0.0114884,0.693655,-0.690097,-0.0685347,-0.19471
4.05989,0.0540379,-0.0840098,-0.0114884,0.693655,-0.690097,-0.0685347,-0.19471
4.06091,0.0541417,-0.0839875,-0.0114884,0.693358,-0.690264,-0.0683001,-0.195258
4.0619,0.0541417,-0.0839875,-0.0114884,0.693358,-0.690264,-0.0683001,-0.195258
4.0629,0.0543492,-0.0839429,-0.0114884,0.693953,-0.689743,-0.0683829,-0.194956
4.06392,0.0543492,-0.0839429,-0.0114884,0.693953,-0.689743,-0.0683829,-0.194956
4.0649,0.054453,-0.0839205,-0.0114884,0.69378,-0.689954,-0.0677075,-0.195061
4.06592,0.054453,-0.0839205,-0.0114884,0.69378,-0.689954,-0.0677075,-0.195061
4.06691,0.0545567,-0.0838981,-0.0114884,0.693669,-0.689951,-0.0680059,-0.195362
4.06789,0.0545567,-0.0838981,-0.0114884,0.693669,-0.689951,-0.0680059,-0.195362
4.06891,0.0546604,-0.0838757,-0.0114884,0.693683,-0.689991,-0.0678633,-0.19522
4.06989,0.0546604,-0.0838757,-0.0114884,0.693683,-0.689991,-0.0678633,-0.19522
4.07089,0.0547641,-0.0838532,-0.0114884,0.693572,-0.689987,-0.0681617,-0.195522
4.0719,0.0547641,-0.0838532,-0.0114884,0.693572,-0.689987,-0.0681617,-0.195522
4.0729,0.0548678,-0.0838306,-0.0114884,0.693586,-0.690028,-0.0680191,-0.19538
4.07391,0.0548678,-0.0838306,-0.0114884,0.693586,-0.690028,-0.0680191,-0.19538
4.07491,0.0549715,-0.0838081,-0.0114884,0.6936,-0.690068,-0.0678765,-0.195238
4.07589,0.0549715,-0.0838081,-0.0114884,0.6936,-0.690068,-0.0678765,-0.195238
4.07691,0.0550752,-0.0837854,-0.0114884,0.693489,-0.690064,-0.068175,-0.19554
4.07792,0.0550752,-0.0837854,-0.0114884,0.693489,-0.690064,-0.068175,-0.19554
4.07889,0.0551789,-0.0837628,-0.0114884,0.693503,-0.690105,-0.0680324,-0.195398
4.07991,0.0551789,-0.0837628,-0.0114884,0.693503,-0.690105,-0.0680324,-0.195398
4.08089,0.0552825,-0.0837401,-0.0114884,0.693517,-0.690145,-0.0678898,-0.195256
4.08191,0.0552825,-0.0837401,-0.0114884,0.693517,-0.690145,-0.0678898,-0.195256
4.08291,0.0554898,-0.0836945,-0.0114884,0.69342,-0.690182,-0.0680458,-0.195415
4.08389,0.0554898,-0.0836945,-0.0114884,0.69342,-0.690182,-0.0680458,-0.195415
4.08491,0.0555935,-0.0836717,-0.0114884,0.693434,-0.690222,-0.0679032,-0.195273
4.08589,0.0555935,-0.0836717,-0.0114884,0.693434,-0.690222,-0.0679032,-0.195273
4.08691,0.0556971,-0.0836488,-0.0114884,0.693827,-0.689833,-0.0675937,-0.195362
4.08792,0.0556971,-0.0836488,-0.0114884,0.693827,-0.689833,-0.0675937,-0.195362
4.08891,0.0558007,-0.0836259,-0.0114884,0.693148,-0.690431,-0.0675276,-0.195678
4.08991,0.0558007,-0.0836259,-0.0114884,0.693148,-0.690431,-0.0675276,-0.195678
4.09091,0.0559043,-0.0836029,-0.0114884,0.693162,-0.690472,-0.0673851,-0.195536
4.09191,0.0559043,-0.0836029,-0.0114884,0.693162,-0.690472,-0.0673851,-0.195536
4.09288,0.0559043,-0.0836029,-0.0114884,0.693162,-0.690472,-0.0673851,-0.195536
4.09392,0.0560079,-0.0835799,-0.0114884,0.693554,-0.690083,-0.0670753,-0.195626
4.0949,0.0560079,-0.0835799,-0.0114884,0.693554,-0.690083,-0.0670753,-0.195626
4.09589,0.0561115,-0.0835568,-0.0114884,0.693443,-0.69008,-0.0673738,-0.195927
4.09687,0.0561115,-0.0835568,-0.0114884,0.693443,-0.69008,-0.0673738,-0.195927
4.0979,0.0563186,-0.0835106,-0.0114884,0.69347,-0.690161,-0.0670887,-0.195644
4.09889,0.0563186,-0.0835106,-0.0114884,0.69347,-0.690161,-0.0670887,-0.195644
4.0999,0.0564222,-0.0834874,-0.0114884,0.693484,-0.690201,-0.0669461,-0.195502
4.10087,0.0564222,-0.0834874,-0.0114884,0.693484,-0.690201,-0.0669461,-0.195502
4.10188,0.0565258,-0.0834642,-0.0114884,0.693373,-0.690198,-0.0672447,-0.195803
4.10288,0.0565258,-0.0834642,-0.0114884,0.693373,-0.690198,-0.0672447,-0.195803
4.10389,0.0566293,-0.0834409,-0.0114884,0.693387,-0.690238,-0.0671021,-0.195661
4.1049,0.0566293,-0.0834409,-0.0114884,0.693387,-0.690238,-0.0671021,-0.195661
4.10589,0.0567328,-0.0834176,-0.0114884,0.693275,-0.690236,-0.0674008,-0.195962
4.10689,0.0567328,-0.0834176,-0.0114884,0.693275,-0.690236,-0.0674008,-0.195962
4.10788,0.0568364,-0.0833943,-0.0114884,0.693289,-0.690276,-0.0672582,-0.19582
4.10888,0.0568364,-0.0833943,-0.0114884,0.693289,-0.690276,-0.0672582,-0.19582
4.10988,0.0569399,-0.0833709,-0.0114884,0.693178,-0.690273,-0.0675569,-0.196122
4.11089,0.0569399,-0.0833709,-0.0114884,0.693178,-0.690273,-0.0675569,-0.196122
4.1119,0.0571469,-0.083324,-0.0114884,0.693205,-0.690354,-0.0672719,-0.195838
4.11289,0.0571469,-0.083324,-0.0114884,0.693205,-0.690354,-0.0672719,-0.195838
4.11392,0.0572503,-0.0833005,-0.0114884,0.693094,-0.690351,-0.0675706,-0.196139
4.11491,0.0572503,-0.0833005,-0.0114884,0.693094,-0.690351,-0.0675706,-0.196139
4.1159,0.0573538,-0.0832769,-0.0114884,0.693108,-0.690391,-0.0674281,-0.195997
4.11693,0.0573538,-0.0832769,-0.0114884,0.693108,-0.690391,-0.0674281,-0.195997
4.1179,0.0574573,-0.0832533,-0.0114884,0.693122,-0.690432,-0.0672856,-0.195855
4.11893,0.0574573,-0.0832533,-0.0114884,0.693122,-0.690432,-0.0672856,-0.195855
4.11994,0.0575607,-0.0832296,-0.0114884,0.692818,-0.690604,-0.0670542,-0.1964
4.12095,0.0575607,-0.0832296,-0.0114884,0.692818,-0.690604,-0.0670542,-0.1964
4.12191,0.0576642,-0.0832059,-0.0114884,0.692832,-0.690644,-0.0669118,-0.196258
4.12294,0.0576642,-0.0832059,-0.0114884,0.692832,-0.690644,-0.0669118,-0.196258
4.12393,0.057871,-0.0831584,-0.0114884,0.692734,-0.690682,-0.0670684,-0.196417
4.12493,0.057871,-0.0831584,-0.0114884,0.692734,-0.690682,-0.0670684,-0.196417
4.12593,0.0579745,-0.0831346,-0.0114884,0.692747,-0.690723,-0.0669259,-0.196275
4.12693,0.0579745,-0.0831346,-0.0114884,0.692747,-0.690723,-0.0669259,-0.196275
4.12795,0.0580779,-0.0831108,-0.0114884,0.692636,-0.69072,-0.067225,-0.196576
4.12893,0.0580779,-0.0831108,-0.0114884,0.692636,-0.69072,-0.067225,-0.196576
4.12996,0.0581813,-0.0830869,-0.0114884,0.69265,-0.690761,-0.0670826,-0.196434
4.13094,0.0581813,-0.0830869,-0.0114884,0.69265,-0.690761,-0.0670826,-0.196434
4.13193,0.0582846,-0.0830629,-0.0114884,0.692538,-0.690758,-0.0673818,-0.196734
4.13293,0.0582846,-0.0830629,-0.0114884,0.692538,-0.690758,-0.0673818,-0.196734
4.13396,0.058388,-0.0830389,-0.0114884,0.692552,-0.690799,-0.0672394,-0.196592
4.13493,0.058388,-0.0830389,-0.0114884,0.692552,-0.690799,-0.0672394,-0.196592
4.13595,0.0585947,-0.0829908,-0.0114884,0.692579,-0.690879,-0.0669546,-0.196308
4.13695,0.0585947,-0.0829908,-0.0114884,0.692579,-0.690879,-0.0669546,-0.196308
4.13794,0.0586981,-0.0829667,-0.0114884,0.692467,-0.690877,-0.0672538,-0.196609
4.13894,0.0586981,-0.0829667,-0.0114884,0.692467,-0.690877,-0.0672538,-0.196609
4.13994,0.0588014,-0.0829426,-0.0114884,0.692481,-0.690917,-0.0671114,-0.196467
4.14092,0.0588014,-0.0829426,-0.0114884,0.692481,-0.690917,-0.0671114,-0.196467
4.14193,0.0589047,-0.0829184,-0.0114884,0.692369,-0.690915,-0.0674107,-0.196767
4.14291,0.0589047,-0.0829184,-0.0114884,0.692369,-0.690915,-0.0674107,-0.196767
4.14395,0.0590081,-0.0828941,-0.0114884,0.692257,-0.690912,-0.06771,-0.197068
4.14501,0.0590081,-0.0828941,-0.0114884,0.692257,-0.690912,-0.06771,-0.197068
4.14594,0.0592147,-0.0828455,-0.0114884,0.692285,-0.690993,-0.0674253,-0.196784
4.14692,0.0592147,-0.0828455,-0.0114884,0.692285,-0.690993,-0.0674253,-0.196784
4.1479,0.059318,-0.0828211,-0.0114884,0.691978,-0.691168,-0.0671959,-0.197327
4.14894,0.059318,-0.0828211,-0.0114884,0.691978,-0.691168,-0.0671959,-0.197327
4.14992,0.0594212,-0.0827967,-0.0114884,0.691991,-0.691209,-0.0670536,-0.197185
4.1509,0.0594212,-0.0827967,-0.0114884,0.691991,-0.691209,-0.0670536,-0.197185
4.15191,0.0595245,-0.0827723,-0.0114884,0.691879,-0.691207,-0.0673532,-0.197485
4.15291,0.0595245,-0.0827723,-0.0114884,0.691879,-0.691207,-0.0673532,-0.197485
4.15391,0.0596278,-0.0827478,-0.0114884,0.691767,-0.691204,-0.0676528,-0.197785
4.15491,0.0596278,-0.0827478,-0.0114884,0.691767,-0.691204,-0.0676528,-0.197785
4.1559,0.0598342,-0.0826986,-0.0114884,0.691794,-0.691285,-0.0673683,-0.197501
4.15692,0.0598342,-0.0826986,-0.0114884,0.691794,-0.691285,-0.0673683,-0.197501
4.15792,0.0599375,-0.082674,-0.0114884,0.691682,-0.691283,-0.0676679,-0.197801
4.15891,0.0599375,-0.082674,-0.0114884,0.691682,-0.691283,-0.0676679,-0.197801
4.15992,0.0600407,-0.0826493,-0.0114884,0.691943,-0.690855,-0.067793,-0.198341
4.16092,0.0600407,-0.0826493,-0.0114884,0.691943,-0.690855,-0.067793,-0.198341
4.16191,0.0601439,-0.0826246,-0.0114884,0.691457,-0.691277,-0.0682673,-0.198401
4.16291,0.0601439,-0.0826246,-0.0114884,0.691457,-0.691277,-0.0682673,-0.198401
4.1639,0.0602471,-0.0825999,-0.0114884,0.691344,-0.691275,-0.068567,-0.198701
4.1649,0.0602471,-0.0825999,-0.0114884,0.691344,-0.691275,-0.068567,-0.198701
4.1659,0.0604534,-0.0825502,-0.0114884,0.691372,-0.691356,-0.0682827,-0.198416
4.1669,0.0604534,-0.0825502,-0.0114884,0.691372,-0.691356,-0.0682827,-0.198416
4.16791,0.0605566,-0.0825254,-0.0114884,0.691433,-0.691109,-0.0678794,-0.199199
4.16891,0.0605566,-0.0825254,-0.0114884,0.691433,-0.691109,-0.0678794,-0.199199
4.16991,0.0606598,-0.0825004,-0.0114884,0.691519,-0.690925,-0.0687061,-0.199257
4.17091,0.0606598,-0.0825004,-0.0114884,0.691519,-0.690925,-0.0687061,-0.199257
4.1719,0.0607629,-0.0824755,-0.0114884,0.690961,-0.691573,-0.0682129,-0.199115
4.1729,0.060865,-0.0824461,-0.0114342,0.690848,-0.69157,-0.0685128,-0.199414
4.17391,0.060865,-0.0824461,-0.0114342,0.690848,-0.69157,-0.0685128,-0.199414
4.1749,0.0609681,-0.082421,-0.0114342,0.690735,-0.691567,-0.0688129,-0.199713
4.17592,0.0609681,-0.082421,-0.0114342,0.690735,-0.691567,-0.0688129,-0.199713
4.1769,0.0611743,-0.0823708,-0.0114342,0.691135,-0.691225,-0.068352,-0.199671
4.17791,0.0611743,-0.0823708,-0.0114342,0.691135,-0.691225,-0.068352,-0.199671
4.17891,0.0612774,-0.0823456,-0.0114342,0.691021,-0.691222,-0.0686517,-0.199971
4.17989,0.0612774,-0.0823456,-0.0114342,0.691021,-0.691222,-0.0686517,-0.199971
4.18092,0.0613805,-0.0823204,-0.0114342,0.691036,-0.691263,-0.0685096,-0.199829
4.18189,0.0613805,-0.0823204,-0.0114342,0.691036,-0.691263,-0.0685096,-0.199829
4.18292,0.0614835,-0.0822951,-0.0114342,0.690922,-0.69126,-0.0688094,-0.200129
4.18391,0.0614835,-0.0822951,-0.0114342,0.690922,-0.69126,-0.0688094,-0.200129
4.18491,0.0615866,-0.0822698,-0.0114342,0.690808,-0.691257,-0.0691092,-0.200428
4.1859,0.0615866,-0.0822698,-0.0114342,0.690808,-0.691257,-0.0691092,-0.200428
4.18693,0.0616897,-0.0822445,-0.0114342,0.690621,-0.691482,-0.068441,-0.200526
4.18793,0.0616897,-0.0822445,-0.0114342,0.690621,-0.691482,-0.068441,-0.200526
4.1889,0.0618957,-0.0821937,-0.0114342,0.690521,-0.691521,-0.0685991,-0.200683
4.18991,0.0618957,-0.0821937,-0.0114342,0.690521,-0.691521,-0.0685991,-0.200683
4.19089,0.0619987,-0.0821682,-0.0114342,0.690535,-0.691562,-0.0684571,-0.200541
4.19191,0.0619987,-0.0821682,-0.0114342,0.690535,-0.691562,-0.0684571,-0.200541
4.19289,0.0621017,-0.0821427,-0.0114342,0.690421,-0.691559,-0.0687572,-0.20084
4.19391,0.0621017,-0.0821427,-0.0114342,0.690421,-0.691559,-0.0687572,-0.20084
4.19491,0.0622047,-0.0821171,-0.0114342,0.690806,-0.691177,-0.0684364,-0.200943
4.19589,0.0622047,-0.0821171,-0.0114342,0.690806,-0.691177,-0.0684364,-0.200943
4.1969,0.0623077,-0.0820915,-0.0114342,0.690692,-0.691174,-0.0687362,-0.201242
4.19795,0.0623077,-0.0820915,-0.0114342,0.690692,-0.691174,-0.0687362,-0.201242
4.1989,0.0625137,-0.0820402,-0.0114342,0.69072,-0.691257,-0.0684522,-0.200958
4.19991,0.0625137,-0.0820402,-0.0114342,0.69072,-0.691257,-0.0684522,-0.200958
4.20091,0.0626155,-0.0820101,-0.01138,0.690605,-0.691255,-0.068752,-0.201257
4.20191,0.0626155,-0.0820101,-0.01138,0.690605,-0.691255,-0.068752,-0.201257
4.20291,0.0627185,-0.0819843,-0.01138,0.690288,-0.691437,-0.0685269,-0.201796
4.2039,0.0627185,-0.0819843,-0.01138,0.690288,-0.691437,-0.0685269,-0.201796
4.2049,0.0628214,-0.0819585,-0.01138,0.690302,-0.691479,-0.0683849,-0.201654
4.20591,0.0628214,-0.0819585,-0.01138,0.690302,-0.691479,-0.0683849,-0.201654
4.20689,0.0629243,-0.0819326,-0.01138,0.690316,-0.69152,-0.068243,-0.201512
4.20791,0.0629243,-0.0819326,-0.01138,0.690316,-0.69152,-0.068243,-0.201512
4.20891,0.0631301,-0.0818808,-0.01138,0.690215,-0.691559,-0.0684012,-0.201669
4.20991,0.0631301,-0.0818808,-0.01138,0.690215,-0.691559,-0.0684012,-0.201669
4.2109,0.063233,-0.0818548,-0.01138,0.690229,-0.691601,-0.0682593,-0.201527
4.21192,0.063233,-0.0818548,-0.01138,0.690229,-0.691601,-0.0682593,-0.201527
4.2129,0.0633359,-0.0818288,-0.01138,0.690114,-0.691598,-0.0685595,-0.201826
4.21391,0.0633359,-0.0818288,-0.01138,0.690114,-0.691598,-0.0685595,-0.201826
4.21491,0.0634388,-0.0818027,-0.01138,0.690128,-0.69164,-0.0684176,-0.201683
4.21591,0.0634388,-0.0818027,-0.01138,0.690128,-0.69164,-0.0684176,-0.201683
4.21691,0.0635416,-0.0817766,-0.01138,0.689809,-0.691824,-0.0681934,-0.202221
4.2179,0.0635416,-0.0817766,-0.01138,0.689809,-0.691824,-0.0681934,-0.202221
4.21891,0.0637473,-0.0817243,-0.01138,0.690205,-0.691485,-0.0677286,-0.202185
4.21992,0.0637473,-0.0817243,-0.01138,0.690205,-0.691485,-0.0677286,-0.202185
4.22089,0.0638501,-0.081698,-0.01138,0.69009,-0.691483,-0.0680287,-0.202484
4.22191,0.0638501,-0.081698,-0.01138,0.69009,-0.691483,-0.0680287,-0.202484
4.2229,0.0639529,-0.0816718,-0.01138,0.690104,-0.691524,-0.0678868,-0.202341
4.22391,0.0639529,-0.0816718,-0.01138,0.690104,-0.691524,-0.0678868,-0.202341
4.2249,0.0640557,-0.0816454,-0.01138,0.690118,-0.691566,-0.0677449,-0.202199
4.22591,0.0640557,-0.0816454,-0.01138,0.690118,-0.691566,-0.0677449,-0.202199
4.2269,0.0641585,-0.0816191,-0.01138,0.690002,-0.691564,-0.0680451,-0.202498
4.22789,0.0641585,-0.0816191,-0.01138,0.690002,-0.691564,-0.0680451,-0.202498
4.22889,0.0643641,-0.0815662,-0.01138,0.69003,-0.691647,-0.0677614,-0.202214
4.22991,0.0643641,-0.0815662,-0.01138,0.69003,-0.691647,-0.0677614,-0.202214
4.23089,0.0644668,-0.0815397,-0.01138,0.689915,-0.691646,-0.0680616,-0.202513
4.23191,0.0644668,-0.0815397,-0.01138,0.689915,-0.691646,-0.0680616,-0.202513
4.23291,0.0645696,-0.0815132,-0.01138,0.689929,-0.691687,-0.0679197,-0.20237
4.23391,0.0645696,-0.0815132,-0.01138,0.689929,-0.691687,-0.0679197,-0.20237
4.23491,0.0646723,-0.0814866,-0.01138,0.689813,-0.691685,-0.06822,-0.202669
4.23589,0.0646723,-0.0814866,-0.01138,0.689813,-0.691685,-0.06822,-0.202669
4.2369,0.0647751,-0.08146,-0.01138,0.689827,-0.691727,-0.0680782,-0.202527
4.23791,0.0647751,-0.08146,-0.01138,0.689827,-0.691727,-0.0680782,-0.202527
4.23889,0.0649805,-0.0814067,-0.01138,0.689855,-0.69181,-0.0677945,-0.202242
4.23991,0.0649805,-0.0814067,-0.01138,0.689855,-0.69181,-0.0677945,-0.202242
4.24092,0.0650832,-0.0813799,-0.01138,0.689533,-0.691997,-0.067572,-0.202779
4.24191,0.0650832,-0.0813799,-0.01138,0.689533,-0.691997,-0.067572,-0.202779
4.24291,0.0651859,-0.0813531,-0.01138,0.689546,-0.692038,-0.0674302,-0.202637
4.24393,0.0651859,-0.0813531,-0.01138,0.689546,-0.692038,-0.0674302,-0.202637
4.24493,0.0652885,-0.0813263,-0.01138,0.689927,-0.691659,-0.067105,-0.202745
4.24591,0.0652885,-0.0813263,-0.01138,0.689927,-0.691659,-0.067105,-0.202745
4.24694,0.0654938,-0.0812725,-0.01138,0.689458,-0.69212,-0.0674473,-0.202651
4.24791,0.0654938,-0.0812725,-0.01138,0.689458,-0.69212,-0.0674473,-0.202651
4.2489,0.0655965,-0.0812456,-0.01138,0.689839,-0.691741,-0.0671216,-0.20276
4.24991,0.0655965,-0.0812456,-0.01138,0.689839,-0.691741,-0.0671216,-0.20276
4.25091,0.0656991,-0.0812186,-0.01138,0.689853,-0.691783,-0.0669797,-0.202617
4.25189,0.0656991,-0.0812186,-0.01138,0.689853,-0.691783,-0.0669797,-0.202617
4.25294,0.0658017,-0.0811916,-0.01138,0.689737,-0.691781,-0.0672801,-0.202916
4.25391,0.0658017,-0.0811916,-0.01138,0.689737,-0.691781,-0.0672801,-0.202916
4.25489,0.0660069,-0.0811374,-0.01138,0.689764,-0.691865,-0.0669965,-0.202632
4.25591,0.0660069,-0.0811374,-0.01138,0.689764,-0.691865,-0.0669965,-0.202632
4.25693,0.0661095,-0.0811102,-0.01138,0.689778,-0.691906,-0.0668546,-0.202489
4.25791,0.0661095,-0.0811102,-0.01138,0.689778,-0.691906,-0.0668546,-0.202489
4.25891,0.0662121,-0.081083,-0.01138,0.689792,-0.691948,-0.0667128,-0.202347
4.2599,0.0662121,-0.081083,-0.01138,0.689792,-0.691948,-0.0667128,-0.202347
4.26091,0.0663146,-0.0810557,-0.01138,0.689676,-0.691947,-0.0670133,-0.202646
4.26191,0.0663146,-0.0810557,-0.01138,0.689676,-0.691947,-0.0670133,-0.202646
4.2629,0.0664172,-0.0810285,-0.01138,0.68969,-0.691989,-0.0668715,-0.202503
4.26391,0.0664172,-0.0810285,-0.01138,0.68969,-0.691989,-0.0668715,-0.202503
4.26491,0.0665197,-0.0810011,-0.01138,0.689574,-0.691987,-0.067172,-0.202802
4.2659,0.0665197,-0.0810011,-0.01138,0.689574,-0.691987,-0.067172,-0.202802
4.26691,0.0666223,-0.0809738,-0.01138,0.689378,-0.692219,-0.0665086,-0.202897
4.26789,0.0666223,-0.0809738,-0.01138,0.689378,-0.692219,-0.0665086,-0.202897
4.2689,0.0668273,-0.0809189,-0.01138,0.689616,-0.692112,-0.0667467,-0.202375
4.26991,0.0668273,-0.0809189,-0.01138,0.689616,-0.692112,-0.0667467,-0.202375
4.27089,0.0669298,-0.0808914,-0.01138,0.689289,-0.692302,-0.0665259,-0.20291
4.27191,0.0669298,-0.0808914,-0.01138,0.689289,-0.692302,-0.0665259,-0.20291
4.27292,0.0670322,-0.0808638,-0.01138,0.689514,-0.692153,-0.0669055,-0.202531
4.27391,0.0670322,-0.0808638,-0.01138,0.689514,-0.692153,-0.0669055,-0.202531
4.27491,0.0671347,-0.0808363,-0.01138,0.689317,-0.692385,-0.0662425,-0.202626
4.27589,0.0671347,-0.0808363,-0.01138,0.689317,-0.692385,-0.0662425,-0.202626
4.2769,0.0672372,-0.0808086,-0.01138,0.689201,-0.692385,-0.0665433,-0.202924
4.27791,0.0672372,-0.0808086,-0.01138,0.689201,-0.692385,-0.0665433,-0.202924
4.27892,0.0673396,-0.080781,-0.01138,0.689214,-0.692426,-0.0664016,-0.202781
4.27991,0.0673396,-0.080781,-0.01138,0.689214,-0.692426,-0.0664016,-0.202781
4.28089,0.0674421,-0.0807532,-0.01138,0.689228,-0.692468,-0.0662599,-0.202639
4.28191,0.0674421,-0.0807532,-0.01138,0.689228,-0.692468,-0.0662599,-0.202639
4.28291,0.0675445,-0.0807255,-0.01138,0.689112,-0.692467,-0.0665608,-0.202937
4.28389,0.0675445,-0.0807255,-0.01138,0.689112,-0.692467,-0.0665608,-0.202937
4.28492,0.0677493,-0.0806699,-0.01138,0.689139,-0.692551,-0.0662775,-0.202652
4.28591,0.0677493,-0.0806699,-0.01138,0.689139,-0.692551,-0.0662775,-0.202652
4.28689,0.0678517,-0.080642,-0.01138,0.689153,-0.692592,-0.0661358,-0.20251
4.28791,0.0678517,-0.080642,-0.01138,0.689153,-0.692592,-0.0661358,-0.20251
4.28891,0.0679541,-0.0806141,-0.01138,0.689166,-0.692634,-0.0659941,-0.202368
4.28991,0.0679541,-0.0806141,-0.01138,0.689166,-0.692634,-0.0659941,-0.202368
4.2909,0.0680564,-0.0805861,-0.01138,0.689051,-0.692633,-0.0662951,-0.202666
4.29189,0.0680564,-0.0805861,-0.01138,0.689051,-0.692633,-0.0662951,-0.202666
4.29292,0.0681588,-0.0805581,-0.01138,0.689064,-0.692675,-0.0661535,-0.202523
4.29391,0.0681588,-0.0805581,-0.01138,0.689064,-0.692675,-0.0661535,-0.202523
4.29489,0.0682611,-0.08053,-0.01138,0.689078,-0.692716,-0.0660118,-0.202381
4.29591,0.0682611,-0.08053,-0.01138,0.689078,-0.692716,-0.0660118,-0.202381
4.29689,0.0684658,-0.0804738,-0.01138,0.688976,-0.692758,-0.0661713,-0.202536
4.29791,0.0684658,-0.0804738,-0.01138,0.688976,-0.692758,-0.0661713,-0.202536
4.29891,0.0685681,-0.0804456,-0.01138,0.688989,-0.692799,-0.0660296,-0.202394
4.29989,0.0685681,-0.0804456,-0.01138,0.688989,-0.692799,-0.0660296,-0.202394
4.30092,0.0686704,-0.0804174,-0.01138,0.68879,-0.693033,-0.0653678,-0.202487
4.3019,0.0686704,-0.0804174,-0.01138,0.68879,-0.693033,-0.0653678,-0.202487
4.30289,0.0687727,-0.0803892,-0.01138,0.688673,-0.693033,-0.0656692,-0.202785
4.30391,0.0687727,-0.0803892,-0.01138,0.688673,-0.693033,-0.0656692,-0.202785
4.30492,0.068875,-0.0803609,-0.01138,0.688687,-0.693075,-0.0655276,-0.202642
4.30591,0.068875,-0.0803609,-0.01138,0.688687,-0.693075,-0.0655276,-0.202642
4.30691,0.0690795,-0.0803041,-0.01138,0.688714,-0.693158,-0.0652444,-0.202357
4.30792,0.0690795,-0.0803041,-0.01138,0.688714,-0.693158,-0.0652444,-0.202357
4.3089,0.0691817,-0.0802757,-0.01138,0.688727,-0.6932,-0.0651028,-0.202215
4.30991,0.0691817,-0.0802757,-0.01138,0.688727,-0.6932,-0.0651028,-0.202215
4.3109,0.069284,-0.0802472,-0.01138,0.688611,-0.693199,-0.0654043,-0.202512
4.31191,0.069284,-0.0802472,-0.01138,0.688611,-0.693199,-0.0654043,-0.202512
4.31289,0.0693862,-0.0802187,-0.01138,0.688625,-0.693241,-0.0652627,-0.20237
4.31391,0.0693862,-0.0802187,-0.01138,0.688625,-0.693241,-0.0652627,-0.20237
4.31491,0.0694884,-0.0801902,-0.01138,0.688509,-0.693241,-0.0655642,-0.202667
4.31589,0.0694884,-0.0801902,-0.01138,0.688509,-0.693241,-0.0655642,-0.202667
4.31689,0.0696928,-0.0801329,-0.01138,0.688536,-0.693324,-0.0652811,-0.202382
4.31791,0.0696928,-0.0801329,-0.01138,0.688536,-0.693324,-0.0652811,-0.202382
4.31889,0.0697949,-0.0801043,-0.01138,0.688549,-0.693366,-0.0651395,-0.20224
4.31991,0.0697949,-0.0801043,-0.01138,0.688549,-0.693366,-0.0651395,-0.20224
4.32089,0.0698971,-0.0800756,-0.01138,0.688433,-0.693366,-0.0654412,-0.202537
4.32191,0.0698971,-0.0800756,-0.01138,0.688433,-0.693366,-0.0654412,-0.202537
4.32291,0.0701014,-0.080018,-0.01138,0.68846,-0.693449,-0.0651581,-0.202252
4.32393,0.0701014,-0.080018,-0.01138,0.68846,-0.693449,-0.0651581,-0.202252
4.32492,0.0702035,-0.0799891,-0.01138,0.688473,-0.69349,-0.0650165,-0.20211
4.32591,0.0702035,-0.0799891,-0.01138,0.688473,-0.69349,-0.0650165,-0.20211
4.32689,0.0703056,-0.0799603,-0.01138,0.688357,-0.69349,-0.0653183,-0.202407
4.32791,0.0703056,-0.0799603,-0.01138,0.688357,-0.69349,-0.0653183,-0.202407
4.32889,0.0704077,-0.0799313,-0.01138,0.688733,-0.693115,-0.0649861,-0.202523
4.32991,0.0704077,-0.0799313,-0.01138,0.688733,-0.693115,-0.0649861,-0.202523
4.33091,0.0706119,-0.0798733,-0.01138,0.688181,-0.69381,-0.0643749,-0.202213
4.33189,0.0706119,-0.0798733,-0.01138,0.688181,-0.69381,-0.0643749,-0.202213
4.33289,0.0707139,-0.0798443,-0.01138,0.688282,-0.693615,-0.0651955,-0.202277
4.33391,0.0707139,-0.0798443,-0.01138,0.688282,-0.693615,-0.0651955,-0.202277
4.33489,0.070816,-0.0798152,-0.01138,0.688078,-0.693852,-0.0645355,-0.202368
4.33591,0.070816,-0.0798152,-0.01138,0.688078,-0.693852,-0.0645355,-0.202368
4.33691,0.070918,-0.079786,-0.01138,0.687962,-0.693852,-0.0648375,-0.202665
4.33791,0.070918,-0.079786,-0.01138,0.687962,-0.693852,-0.0648375,-0.202665
4.3389,0.07102,-0.0797569,-0.01138,0.687976,-0.693894,-0.0646961,-0.202522
4.33989,0.07102,-0.0797569,-0.01138,0.687976,-0.693894,-0.0646961,-0.202522
4.34092,0.0712241,-0.0796984,-0.01138,0.688002,-0.693977,-0.0644132,-0.202237
4.3419,0.0712241,-0.0796984,-0.01138,0.688002,-0.693977,-0.0644132,-0.202237
4.34289,0.0713261,-0.0796691,-0.01138,0.687886,-0.693977,-0.0647153,-0.202534
4.34391,0.0713261,-0.0796691,-0.01138,0.687886,-0.693977,-0.0647153,-0.202534
4.34489,0.071428,-0.0796397,-0.01138,0.687899,-0.694019,-0.0645739,-0.202391
4.34591,0.071428,-0.0796397,-0.01138,0.687899,-0.694019,-0.0645739,-0.202391
4.34694,0.07153,-0.0796103,-0.01138,0.687783,-0.694019,-0.0648761,-0.202688
4.34789,0.07153,-0.0796103,-0.01138,0.687783,-0.694019,-0.0648761,-0.202688
4.34889,0.071632,-0.0795809,-0.01138,0.687797,-0.694061,-0.0647347,-0.202546
4.34993,0.071632,-0.0795809,-0.01138,0.687797,-0.694061,-0.0647347,-0.202546
4.35089,0.0717339,-0.0795514,-0.01138,0.68781,-0.694103,-0.0645932,-0.202403
4.35189,0.0717339,-0.0795514,-0.01138,0.68781,-0.694103,-0.0645932,-0.202403
4.35289,0.0719377,-0.0794923,-0.01138,0.687707,-0.694144,-0.0647541,-0.202557
4.35388,0.0719377,-0.0794923,-0.01138,0.687707,-0.694144,-0.0647541,-0.202557
4.35491,0.0720396,-0.0794627,-0.01138,0.68772,-0.694186,-0.0646127,-0.202414
4.3559,0.0720396,-0.0794627,-0.01138,0.68772,-0.694186,-0.0646127,-0.202414
4.35691,0.0721415,-0.0794331,-0.01138,0.687604,-0.694186,-0.064915,-0.202711
4.35791,0.0721415,-0.0794331,-0.01138,0.687604,-0.694186,-0.064915,-0.202711
4.35895,0.0722434,-0.0794034,-0.01138,0.687257,-0.694643,-0.064967,-0.202306
4.35991,0.0722434,-0.0794034,-0.01138,0.687257,-0.694643,-0.064967,-0.202306
4.3609,0.0723453,-0.0793737,-0.01138,0.68736,-0.694445,-0.065787,-0.202371
4.36192,0.0723453,-0.0793737,-0.01138,0.68736,-0.694445,-0.065787,-0.202371
4.36294,0.0724472,-0.0793439,-0.01138,0.687154,-0.694685,-0.0651284,-0.20246
4.36392,0.0724472,-0.0793439,-0.01138,0.687154,-0.694685,-0.0651284,-0.20246
4.36491,0.072549,-0.0793141,-0.01138,0.687168,-0.694727,-0.0649872,-0.202317
4.36591,0.072549,-0.0793141,-0.01138,0.687168,-0.694727,-0.0649872,-0.202317
4.3669,0.0726508,-0.0792842,-0.01138,0.687052,-0.694727,-0.0652899,-0.202613
4.36791,0.0726508,-0.0792842,-0.01138,0.687052,-0.694727,-0.0652899,-0.202613
4.3689,0.0728545,-0.0792244,-0.01138,0.687079,-0.69481,-0.0650074,-0.202328
4.36989,0.0728545,-0.0792244,-0.01138,0.687079,-0.69481,-0.0650074,-0.202328
4.3709,0.0729563,-0.0791944,-0.01138,0.686963,-0.69481,-0.0653103,-0.202624
4.37192,0.0729563,-0.0791944,-0.01138,0.686963,-0.69481,-0.0653103,-0.202624
4.37291,0.073058,-0.0791644,-0.01138,0.686836,-0.695067,-0.0658807,-0.201986
4.37391,0.073058,-0.0791644,-0.01138,0.686836,-0.695067,-0.0658807,-0.201986
4.3749,0.0731598,-0.0791343,-0.01138,0.6865,-0.695265,-0.065667,-0.202513
4.37591,0.0731598,-0.0791343,-0.01138,0.6865,-0.695265,-0.065667,-0.202513
4.37689,0.0732616,-0.0791042,-0.01138,0.686734,-0.695108,-0.0660425,-0.202139
4.37791,0.0732616,-0.0791042,-0.01138,0.686734,-0.695108,-0.0660425,-0.202139
4.37891,0.0733633,-0.0790741,-0.01138,0.686527,-0.695349,-0.0653847,-0.202227
4.37991,0.0733633,-0.0790741,-0.01138,0.686527,-0.695349,-0.0653847,-0.202227
4.38091,0.0735668,-0.0790137,-0.01138,0.686645,-0.69519,-0.0660633,-0.20215
4.3819,0.0735668,-0.0790137,-0.01138,0.686645,-0.69519,-0.0660633,-0.20215
4.3829,0.0736685,-0.0789834,-0.01138,0.686659,-0.695232,-0.0659221,-0.202007
4.38391,0.0736685,-0.0789834,-0.01138,0.686659,-0.695232,-0.0659221,-0.202007
4.3849,0.0737702,-0.0789531,-0.01138,0.686543,-0.695231,-0.0662254,-0.202303
4.38589,0.0737702,-0.0789531,-0.01138,0.686543,-0.695231,-0.0662254,-0.202303
4.3869,0.0738719,-0.0789227,-0.01138,0.686336,-0.695473,-0.065568,-0.20239
4.38791,0.0738719,-0.0789227,-0.01138,0.686336,-0.695473,-0.065568,-0.20239
4.38891,0.0740752,-0.0788619,-0.01138,0.686363,-0.695556,-0.0652858,-0.202104
4.3899,0.0740752,-0.0788619,-0.01138,0.686363,-0.695556,-0.0652858,-0.202104
4.39094,0.0741768,-0.0788314,-0.01138,0.686469,-0.695355,-0.0661052,-0.20217
4.39191,0.0741768,-0.0788314,-0.01138,0.686469,-0.695355,-0.0661052,-0.20217
4.39289,0.0742785,-0.0788009,-0.01138,0.686123,-0.695809,-0.0661608,-0.201761
4.39391,0.0742785,-0.0788009,-0.01138,0.686123,-0.695809,-0.0661608,-0.201761
4.39491,0.0743801,-0.0787703,-0.01138,0.686007,-0.695808,-0.0664645,-0.202057
4.39591,0.0743801,-0.0787703,-0.01138,0.686007,-0.695808,-0.0664645,-0.202057
4.39691,0.0745833,-0.0787091,-0.01138,0.686035,-0.695891,-0.0661825,-0.20177
4.39793,0.0745833,-0.0787091,-0.01138,0.686035,-0.695891,-0.0661825,-0.20177
4.3989,0.0746849,-0.0786784,-0.01138,0.685919,-0.695891,-0.0664862,-0.202066
4.39989,0.0746849,-0.0786784,-0.01138,0.685919,-0.695891,-0.0664862,-0.202066
4.40089,0.0747865,-0.0786477,-0.01138,0.685933,-0.695932,-0.0663452,-0.201923
4.40189,0.0747865,-0.0786477,-0.01138,0.685933,-0.695932,-0.0663452,-0.201923
4.40289,0.0749896,-0.0785861,-0.01138,0.685831,-0.695973,-0.066508,-0.202075
4.40391,0.0749896,-0.0785861,-0.01138,0.685831,-0.695973,-0.066508,-0.202075
4.40491,0.0750911,-0.0785552,-0.01138,0.685845,-0.696014,-0.066367,-0.201932
4.4059,0.0750911,-0.0785552,-0.01138,0.685845,-0.696014,-0.066367,-0.201932
4.40692,0.0751926,-0.0785243,-0.01138,0.685858,-0.696056,-0.066226,-0.201789
4.40791,0.0751926,-0.0785243,-0.01138,0.685858,-0.696056,-0.066226,-0.201789
4.40889,0.0753956,-0.0784624,-0.01138,0.685757,-0.696096,-0.0663889,-0.201941
4.40991,0.0753956,-0.0784624,-0.01138,0.685757,-0.696096,-0.0663889,-0.201941
4.41091,0.0754971,-0.0784314,-0.01138,0.68577,-0.696138,-0.0662479,-0.201798
4.4119,0.0754971,-0.0784314,-0.01138,0.68577,-0.696138,-0.0662479,-0.201798
4.41291,0.0755986,-0.0784003,-0.01138,0.685655,-0.696137,-0.0665519,-0.202093
4.41389,0.0755986,-0.0784003,-0.01138,0.685655,-0.696137,-0.0665519,-0.202093
4.4149,0.0757,-0.0783692,-0.01138,0.685539,-0.696136,-0.0668559,-0.202388
4.4159,0.0757,-0.0783692,-0.01138,0.685539,-0.696136,-0.0668559,-0.202388
4.41689,0.0759029,-0.0783069,-0.01138,0.685567,-0.696219,-0.066574,-0.202102
4.41789,0.0759029,-0.0783069,-0.01138,0.685567,-0.696219,-0.066574,-0.202102
4.41889,0.0760043,-0.0782756,-0.01138,0.685451,-0.696218,-0.0668781,-0.202397
4.41991,0.0760043,-0.0782756,-0.01138,0.685451,-0.696218,-0.0668781,-0.202397
4.42091,0.0761057,-0.0782444,-0.01138,0.685465,-0.69626,-0.0667371,-0.202254
4.42189,0.0761057,-0.0782444,-0.01138,0.685465,-0.69626,-0.0667371,-0.202254
4.42289,0.0762071,-0.078213,-0.01138,0.685349,-0.696258,-0.0670413,-0.202549
4.42391,0.0762071,-0.078213,-0.01138,0.685349,-0.696258,-0.0670413,-0.202549
4.42489,0.0764099,-0.0781503,-0.01138,0.685152,-0.696546,-0.0662454,-0.20249
4.42591,0.0764099,-0.0781503,-0.01138,0.685152,-0.696546,-0.0662454,-0.20249
4.42691,0.0765112,-0.0781188,-0.01138,0.685261,-0.69634,-0.0670636,-0.202557
4.42791,0.0765112,-0.0781188,-0.01138,0.685261,-0.69634,-0.0670636,-0.202557
4.42891,0.0766126,-0.0780874,-0.01138,0.685145,-0.696339,-0.0673678,-0.202852
4.4299,0.0766126,-0.0780874,-0.01138,0.685145,-0.696339,-0.0673678,-0.202852
4.43089,0.0767139,-0.0780558,-0.01138,0.684934,-0.696586,-0.0667133,-0.202936
4.43189,0.0767139,-0.0780558,-0.01138,0.684934,-0.696586,-0.0667133,-0.202936
4.43292,0.0769165,-0.0779927,-0.01138,0.684701,-0.696831,-0.067592,-0.20259
4.43389,0.0769165,-0.0779927,-0.01138,0.684701,-0.696831,-0.067592,-0.20259
4.43489,0.0770178,-0.077961,-0.01138,0.684715,-0.696873,-0.0674512,-0.202447
4.43591,0.0770178,-0.077961,-0.01138,0.684715,-0.696873,-0.0674512,-0.202447
4.43691,0.0771191,-0.0779293,-0.01138,0.684955,-0.696462,-0.0675539,-0.203012
4.43789,0.0771191,-0.0779293,-0.01138,0.684955,-0.696462,-0.0675539,-0.203012
4.43889,0.0772203,-0.0778976,-0.01138,0.684969,-0.696503,-0.067413,-0.202869
4.4399,0.0772203,-0.0778976,-0.01138,0.684969,-0.696503,-0.067413,-0.202869
4.44089,0.0774228,-0.077834,-0.01138,0.684511,-0.696953,-0.0677791,-0.202749
4.44191,0.0774228,-0.077834,-0.01138,0.684511,-0.696953,-0.0677791,-0.202749
4.44291,0.0775241,-0.0778021,-0.01138,0.684525,-0.696994,-0.0676383,-0.202606
4.44391,0.0775241,-0.0778021,-0.01138,0.684525,-0.696994,-0.0676383,-0.202606
4.4449,0.0776253,-0.0777702,-0.01138,0.68441,-0.696993,-0.0679431,-0.2029
4.4459,0.0776253,-0.0777702,-0.01138,0.68441,-0.696993,-0.0679431,-0.2029
4.44689,0.0778277,-0.0777063,-0.01138,0.684308,-0.697033,-0.0681072,-0.203051
4.44789,0.0778277,-0.0777063,-0.01138,0.684308,-0.697033,-0.0681072,-0.203051
4.44892,0.0779288,-0.0776743,-0.01138,0.684322,-0.697074,-0.0679665,-0.202907
4.44989,0.0779288,-0.0776743,-0.01138,0.684322,-0.697074,-0.0679665,-0.202907
4.45089,0.07803,-0.0776422,-0.01138,0.683978,-0.69728,-0.0677589,-0.203427
4.45192,0.07803,-0.0776422,-0.01138,0.683978,-0.69728,-0.0677589,-0.203427
4.45291,0.0782323,-0.077578,-0.01138,0.684234,-0.697156,-0.0679901,-0.202915
4.4539,0.0782323,-0.077578,-0.01138,0.684234,-0.697156,-0.0679901,-0.202915
4.45489,0.0783334,-0.0775458,-0.01138,0.684118,-0.697154,-0.068295,-0.203209
4.45591,0.0783334,-0.0775458,-0.01138,0.684118,-0.697154,-0.068295,-0.203209
4.45689,0.0784345,-0.0775136,-0.01138,0.684132,-0.697196,-0.0681543,-0.203065
4.4579,0.0784345,-0.0775136,-0.01138,0.684132,-0.697196,-0.0681543,-0.203065
4.45891,0.0786367,-0.077449,-0.01138,0.684031,-0.697236,-0.0683187,-0.203216
4.4599,0.0786367,-0.077449,-0.01138,0.684031,-0.697236,-0.0683187,-0.203216
4.46091,0.0787377,-0.0774166,-0.01138,0.684045,-0.697278,-0.0681781,-0.203073
4.4619,0.0787377,-0.0774166,-0.01138,0.684045,-0.697278,-0.0681781,-0.203073
4.46289,0.0788388,-0.0773842,-0.01138,0.683929,-0.697276,-0.0684831,-0.203366
4.4639,0.0788388,-0.0773842,-0.01138,0.683929,-0.697276,-0.0684831,-0.203366
4.46489,0.0790408,-0.0773193,-0.01138,0.683957,-0.697359,-0.0682019,-0.20308
4.46589,0.0790408,-0.0773193,-0.01138,0.683957,-0.697359,-0.0682019,-0.20308
4.46689,0.0791419,-0.0772868,-0.01138,0.683841,-0.697358,-0.068507,-0.203374
4.46792,0.0791419,-0.0772868,-0.01138,0.683841,-0.697358,-0.068507,-0.203374
4.46891,0.0793438,-0.0772216,-0.01138,0.683869,-0.697441,-0.0682258,-0.203087
4.46989,0.0793438,-0.0772216,-0.01138,0.683869,-0.697441,-0.0682258,-0.203087
4.47089,0.0794448,-0.077189,-0.01138,0.683753,-0.697439,-0.068531,-0.20338
4.47191,0.0794448,-0.077189,-0.01138,0.683753,-0.697439,-0.068531,-0.20338
4.47289,0.0795458,-0.0771563,-0.01138,0.683767,-0.697481,-0.0683904,-0.203237
4.47387,0.0795458,-0.0771563,-0.01138,0.683767,-0.697481,-0.0683904,-0.203237
4.47491,0.0797476,-0.0770908,-0.01138,0.683795,-0.697565,-0.0681093,-0.20295
4.47591,0.0797476,-0.0770908,-0.01138,0.683795,-0.697565,-0.0681093,-0.20295
4.47691,0.0798486,-0.077058,-0.01138,0.683809,-0.697606,-0.0679687,-0.202807
4.47789,0.0798486,-0.077058,-0.01138,0.683809,-0.697606,-0.0679687,-0.202807
4.47889,0.0799495,-0.0770251,-0.01138,0.683694,-0.697604,-0.068274,-0.2031
4.47991,0.0799495,-0.0770251,-0.01138,0.683694,-0.697604,-0.068274,-0.2031
4.4809,0.0801512,-0.0769593,-0.01138,0.683722,-0.697688,-0.0679929,-0.202814
4.48189,0.0801512,-0.0769593,-0.01138,0.683722,-0.697688,-0.0679929,-0.202814
4.48289,0.0802521,-0.0769263,-0.01138,0.683606,-0.697686,-0.0682982,-0.203107
4.48391,0.0802521,-0.0769263,-0.01138,0.683606,-0.697686,-0.0682982,-0.203107
4.48491,0.080353,-0.0768933,-0.01138,0.68362,-0.697728,-0.0681577,-0.202964
4.48589,0.080353,-0.0768933,-0.01138,0.68362,-0.697728,-0.0681577,-0.202964
4.48689,0.0805546,-0.0768271,-0.01138,0.683648,-0.697811,-0.0678766,-0.202677
4.48791,0.0805546,-0.0768271,-0.01138,0.683648,-0.697811,-0.0678766,-0.202677
4.4889,0.0806554,-0.076794,-0.01138,0.683662,-0.697853,-0.067736,-0.202533
4.48989,0.0806554,-0.076794,-0.01138,0.683662,-0.697853,-0.067736,-0.202533
4.49091,0.0807562,-0.0767608,-0.01138,0.683778,-0.697639,-0.0685516,-0.202603
4.49191,0.0807562,-0.0767608,-0.01138,0.683778,-0.697639,-0.0685516,-0.202603
4.49291,0.0809578,-0.0766943,-0.01138,0.683806,-0.697722,-0.0682705,-0.202317
4.49392,0.0809578,-0.0766943,-0.01138,0.683806,-0.697722,-0.0682705,-0.202317
4.49489,0.0810585,-0.076661,-0.01138,0.68382,-0.697764,-0.0681299,-0.202173
4.49589,0.0810585,-0.076661,-0.01138,0.68382,-0.697764,-0.0681299,-0.202173
4.49692,0.0811593,-0.0766276,-0.01138,0.683834,-0.697806,-0.0679893,-0.20203
4.49789,0.0811593,-0.0766276,-0.01138,0.683834,-0.697806,-0.0679893,-0.20203
4.49889,0.0813607,-0.0765608,-0.01138,0.68338,-0.69825,-0.0683628,-0.201903
4.49991,0.0813607,-0.0765608,-0.01138,0.68338,-0.69825,-0.0683628,-0.201903
4.50091,0.0814614,-0.0765273,-0.01138,0.683394,-0.698292,-0.0682222,-0.201759
4.5019,0.0814614,-0.0765273,-0.01138,0.683394,-0.698292,-0.0682222,-0.201759
4.50289,0.0815621,-0.0764938,-0.01138,0.683408,-0.698333,-0.0680817,-0.201616
4.50391,0.0815621,-0.0764938,-0.01138,0.683408,-0.698333,-0.0680817,-0.201616
4.50489,0.0817634,-0.0764266,-0.01138,0.683436,-0.698416,-0.0678007,-0.201329
4.50589,0.0817634,-0.0764266,-0.01138,0.683436,-0.698416,-0.0678007,-0.201329
4.50693,0.0818641,-0.076393,-0.01138,0.683554,-0.698201,-0.0686161,-0.2014
4.5079,0.0818641,-0.076393,-0.01138,0.683554,-0.698201,-0.0686161,-0.2014
4.50891,0.0819647,-0.0763593,-0.01138,0.683568,-0.698242,-0.0684756,-0.201256
4.5099,0.0819647,-0.0763593,-0.01138,0.683568,-0.698242,-0.0684756,-0.201256
4.51091,0.0821659,-0.0762918,-0.01138,0.683244,-0.698729,-0.0684041,-0.200692
4.5119,0.0821659,-0.0762918,-0.01138,0.683244,-0.698729,-0.0684041,-0.200692
4.5129,0.0822665,-0.076258,-0.01138,0.683258,-0.69877,-0.0682636,-0.200548
4.51389,0.0822665,-0.076258,-0.01138,0.683258,-0.69877,-0.0682636,-0.200548
4.51489,0.0823671,-0.0762242,-0.01138,0.683143,-0.698768,-0.0685698,-0.200841
4.51591,0.0823671,-0.0762242,-0.01138,0.683143,-0.698768,-0.0685698,-0.200841
4.5169,0.0825682,-0.0761563,-0.01138,0.683171,-0.69885,-0.0682889,-0.200554
4.51789,0.0825682,-0.0761563,-0.01138,0.683171,-0.69885,-0.0682889,-0.200554
4.51889,0.0826687,-0.0761224,-0.01138,0.683186,-0.698891,-0.0681484,-0.20041
4.5199,0.0826687,-0.0761224,-0.01138,0.683186,-0.698891,-0.0681484,-0.20041
4.5209,0.0827692,-0.0760884,-0.01138,0.6832,-0.698933,-0.068008,-0.200266
4.52189,0.0827692,-0.0760884,-0.01138,0.6832,-0.698933,-0.068008,-0.200266
4.5229,0.0829702,-0.0760202,-0.01138,0.683333,-0.698757,-0.0686827,-0.200194
4.52391,0.0829702,-0.0760202,-0.01138,0.683333,-0.698757,-0.0686827,-0.200194
4.52491,0.0830707,-0.0759861,-0.01138,0.682761,-0.699416,-0.0682441,-0.199993
4.5259,0.0830707,-0.0759861,-0.01138,0.682761,-0.699416,-0.0682441,-0.199993
4.52691,0.0831712,-0.0759519,-0.01138,0.683009,-0.699242,-0.0686127,-0.199628
4.52791,0.0831712,-0.0759519,-0.01138,0.683009,-0.699242,-0.0686127,-0.199628
4.52889,0.0833721,-0.0758834,-0.01138,0.683037,-0.699324,-0.0683319,-0.199341
4.5299,0.0833721,-0.0758834,-0.01138,0.683037,-0.699324,-0.0683319,-0.199341
4.5309,0.0834725,-0.0758491,-0.01138,0.682924,-0.699321,-0.0686385,-0.199634
4.53192,0.0834725,-0.0758491,-0.01138,0.682924,-0.699321,-0.0686385,-0.199634
4.53291,0.0835729,-0.0758148,-0.01138,0.682938,-0.699362,-0.068498,-0.19949
4.53389,0.0835729,-0.0758148,-0.01138,0.682938,-0.699362,-0.068498,-0.19949
4.53489,0.0837737,-0.0757459,-0.01138,0.682966,-0.699444,-0.0682172,-0.199202
4.53591,0.0837737,-0.0757459,-0.01138,0.682966,-0.699444,-0.0682172,-0.199202
4.53689,0.083874,-0.0757115,-0.01138,0.68298,-0.699485,-0.0680768,-0.199058
4.53789,0.083874,-0.0757115,-0.01138,0.68298,-0.699485,-0.0680768,-0.199058
4.53891,0.0839744,-0.075677,-0.01138,0.682994,-0.699526,-0.0679364,-0.198915
4.53991,0.0839744,-0.075677,-0.01138,0.682994,-0.699526,-0.0679364,-0.198915
4.54091,0.0840747,-0.0756424,-0.01138,0.682764,-0.699709,-0.0689637,-0.198708
4.5419,0.0840747,-0.0756424,-0.01138,0.682764,-0.699709,-0.0689637,-0.198708
4.54291,0.0842754,-0.0755732,-0.01138,0.682557,-0.700007,-0.0681746,-0.19864
4.54391,0.0842754,-0.0755732,-0.01138,0.682557,-0.700007,-0.0681746,-0.19864
4.54489,0.0843756,-0.0755385,-0.01138,0.682806,-0.699832,-0.0685426,-0.198276
4.54591,0.0843756,-0.0755385,-0.01138,0.682806,-0.699832,-0.0685426,-0.198276
4.54689,0.0844759,-0.0755038,-0.01138,0.68282,-0.699873,-0.0684022,-0.198132
4.54791,0.0844759,-0.0755038,-0.01138,0.68282,-0.699873,-0.0684022,-0.198132
4.54891,0.0846764,-0.0754342,-0.01138,0.682722,-0.69991,-0.0685688,-0.198281
4.54992,0.0846764,-0.0754342,-0.01138,0.682722,-0.69991,-0.0685688,-0.198281
4.55089,0.0847767,-0.0753994,-0.01138,0.682736,-0.699951,-0.0684284,-0.198137
4.55191,0.0847767,-0.0753994,-0.01138,0.682736,-0.699951,-0.0684284,-0.198137
4.55289,0.0848769,-0.0753645,-0.01138,0.68275,-0.699992,-0.068288,-0.197993
4.55396,0.0848769,-0.0753645,-0.01138,0.68275,-0.699992,-0.068288,-0.197993
4.55491,0.0850773,-0.0752946,-0.01138,0.682778,-0.700073,-0.0680073,-0.197705
4.5559,0.0850773,-0.0752946,-0.01138,0.682778,-0.700073,-0.0680073,-0.197705
4.5569,0.0851775,-0.0752596,-0.01138,0.682665,-0.70007,-0.0683144,-0.197998
4.55789,0.0851775,-0.0752596,-0.01138,0.682665,-0.70007,-0.0683144,-0.197998
4.5589,0.0852776,-0.0752246,-0.01138,0.682679,-0.700111,-0.068174,-0.197854
4.55991,0.0852776,-0.0752246,-0.01138,0.682679,-0.700111,-0.068174,-0.197854
4.56089,0.0853778,-0.0751895,-0.01138,0.683044,-0.699751,-0.0678198,-0.197991
4.5619,0.0853778,-0.0751895,-0.01138,0.683044,-0.699751,-0.0678198,-0.197991
4.56289,0.0855781,-0.0751192,-0.01138,0.683072,-0.699832,-0.067539,-0.197703
4.56391,0.0855781,-0.0751192,-0.01138,0.683072,-0.699832,-0.067539,-0.197703
4.56491,0.0856719,-0.0750663,-0.011431,0.683081,-0.699703,-0.0677605,-0.198055
4.56589,0.0856719,-0.0750663,-0.011431,0.683081,-0.699703,-0.0677605,-0.198055
4.56691,0.085772,-0.0750311,-0.011431,0.683094,-0.699743,-0.06762,-0.197911
4.56791,0.085772,-0.0750311,-0.011431,0.683094,-0.699743,-0.06762,-0.197911
4.56889,0.0859722,-0.0749605,-0.011431,0.683122,-0.699825,-0.0673391,-0.197623
4.56989,0.0859722,-0.0749605,-0.011431,0.683122,-0.699825,-0.0673391,-0.197623
4.57091,0.0860722,-0.0749251,-0.011431,0.683136,-0.699865,-0.0671987,-0.197479
4.57191,0.0860722,-0.0749251,-0.011431,0.683136,-0.699865,-0.0671987,-0.197479
4.5729,0.0861722,-0.0748897,-0.011431,0.683024,-0.699863,-0.0675056,-0.197772
4.57392,0.0861722,-0.0748897,-0.011431,0.683024,-0.699863,-0.0675056,-0.197772
4.57491,0.0863722,-0.0748187,-0.011431,0.683051,-0.699944,-0.0672247,-0.197484
4.57591,0.0863722,-0.0748187,-0.011431,0.683051,-0.699944,-0.0672247,-0.197484
4.57689,0.0864722,-0.0747832,-0.011431,0.683065,-0.699985,-0.0670843,-0.19734
4.57789,0.0864722,-0.0747832,-0.011431,0.683065,-0.699985,-0.0670843,-0.19734
4.57889,0.0865722,-0.0747476,-0.011431,0.683079,-0.700025,-0.0669439,-0.197196
4.57991,0.0865722,-0.0747476,-0.011431,0.683079,-0.700025,-0.0669439,-0.197196
4.58091,0.0867721,-0.0746763,-0.011431,0.683091,-0.699882,-0.0663887,-0.197846
4.58189,0.0867721,-0.0746763,-0.011431,0.683091,-0.699882,-0.0663887,-0.197846
4.58289,0.086872,-0.0746406,-0.011431,0.683105,-0.699923,-0.0662483,-0.197702
4.58391,0.086872,-0.0746406,-0.011431,0.683105,-0.699923,-0.0662483,-0.197702
4.5849,0.0870718,-0.0745691,-0.011431,0.683132,-0.700004,-0.0659674,-0.197415
4.58589,0.0870718,-0.0745691,-0.011431,0.683132,-0.700004,-0.0659674,-0.197415
4.58691,0.0871654,-0.0745156,-0.011482,0.683266,-0.699918,-0.0657409,-0.19733
4.5879,0.0871654,-0.0745156,-0.011482,0.683266,-0.699918,-0.0657409,-0.19733
4.58891,0.0872652,-0.0744798,-0.011482,0.68328,-0.699959,-0.0656004,-0.197186
4.5899,0.0872652,-0.0744798,-0.011482,0.68328,-0.699959,-0.0656004,-0.197186
4.5909,0.0874649,-0.0744079,-0.011482,0.683181,-0.699998,-0.0657669,-0.197335
4.5919,0.0874649,-0.0744079,-0.011482,0.683181,-0.699998,-0.0657669,-0.197335
4.59292,0.0875647,-0.0743719,-0.011482,0.683543,-0.699639,-0.0654101,-0.197475
4.5939,0.0875647,-0.0743719,-0.011482,0.683543,-0.699639,-0.0654101,-0.197475
4.59489,0.0877643,-0.0742999,-0.011482,0.683221,-0.70012,-0.0653455,-0.196903
4.59592,0.0877643,-0.0742999,-0.011482,0.683221,-0.70012,-0.0653455,-0.196903
4.5969,0.0878641,-0.0742637,-0.011482,0.683583,-0.699761,-0.0649885,-0.197044
4.59789,0.0878641,-0.0742637,-0.011482,0.683583,-0.699761,-0.0649885,-0.197044
4.59889,0.0880636,-0.0741914,-0.011482,0.683484,-0.6998,-0.0651547,-0.197193
4.5999,0.0880636,-0.0741914,-0.011482,0.683484,-0.6998,-0.0651547,-0.197193
4.60089,0.0881633,-0.0741552,-0.011482,0.683497,-0.699841,-0.0650142,-0.197049
4.60189,0.0881633,-0.0741552,-0.011482,0.683497,-0.699841,-0.0650142,-0.197049
4.60291,0.0883627,-0.0740826,-0.011482,0.683524,-0.699921,-0.0647331,-0.196761
4.6039,0.0883627,-0.0740826,-0.011482,0.683524,-0.699921,-0.0647331,-0.196761
4.6049,0.0884559,-0.0740286,-0.011533,0.683657,-0.699836,-0.0645061,-0.196677
4.60589,0.0884559,-0.0740286,-0.011533,0.683657,-0.699836,-0.0645061,-0.196677
4.6069,0.0886552,-0.0739558,-0.011533,0.683558,-0.699875,-0.0646723,-0.196826
4.60791,0.0886552,-0.0739558,-0.011533,0.683558,-0.699875,-0.0646723,-0.196826
4.6089,0.0887549,-0.0739193,-0.011533,0.683571,-0.699916,-0.0645317,-0.196682
4.60989,0.0887549,-0.0739193,-0.011533,0.683571,-0.699916,-0.0645317,-0.196682
4.61089,0.0888545,-0.0738828,-0.011533,0.683932,-0.699557,-0.0641734,-0.196824
4.61191,0.0888545,-0.0738828,-0.011533,0.683932,-0.699557,-0.0641734,-0.196824
4.6129,0.0890537,-0.0738096,-0.011533,0.683958,-0.699638,-0.0638921,-0.196536
4.61393,0.0890537,-0.0738096,-0.011533,0.683958,-0.699638,-0.0638921,-0.196536
4.61489,0.0891532,-0.073773,-0.011533,0.683971,-0.699678,-0.0637515,-0.196392
4.61591,0.0891532,-0.073773,-0.011533,0.683971,-0.699678,-0.0637515,-0.196392
4.61689,0.0893523,-0.0736996,-0.011533,0.683872,-0.699718,-0.0639175,-0.196542
4.61789,0.0893523,-0.0736996,-0.011533,0.683872,-0.699718,-0.0639175,-0.196542
4.61891,0.0894518,-0.0736628,-0.011533,0.683885,-0.699759,-0.0637769,-0.196398
4.6199,0.0894518,-0.0736628,-0.011533,0.683885,-0.699759,-0.0637769,-0.196398
4.62091,0.0895514,-0.073626,-0.011533,0.683898,-0.699799,-0.0636363,-0.196254
4.6219,0.0895514,-0.073626,-0.011533,0.683898,-0.699799,-0.0636363,-0.196254
4.62291,0.0897503,-0.0735523,-0.011533,0.683924,-0.69988,-0.0633551,-0.195966
4.62391,0.0897503,-0.0735523,-0.011533,0.683924,-0.69988,-0.0633551,-0.195966
4.62489,0.0898498,-0.0735154,-0.011533,0.683812,-0.699879,-0.0636618,-0.196259
4.6259,0.0898498,-0.0735154,-0.011533,0.683812,-0.699879,-0.0636618,-0.196259
4.62693,0.0899492,-0.0734784,-0.011533,0.683825,-0.69992,-0.0635212,-0.196116
4.6279,0.0899492,-0.0734784,-0.011533,0.683825,-0.69992,-0.0635212,-0.196116
4.6289,0.0901481,-0.0734043,-0.011533,0.683851,-0.7,-0.06324,-0.195828
4.6299,0.0901481,-0.0734043,-0.011533,0.683851,-0.7,-0.06324,-0.195828
4.63089,0.0902475,-0.0733672,-0.011533,0.683739,-0.7,-0.0635469,-0.196121
4.6319,0.0902475,-0.0733672,-0.011533,0.683739,-0.7,-0.0635469,-0.196121
4.63289,0.0903469,-0.0733301,-0.011533,0.683752,-0.70004,-0.0634063,-0.195977
4.6339,0.0903469,-0.0733301,-0.011533,0.683752,-0.70004,-0.0634063,-0.195977
4.6349,0.090539,-0.0732381,-0.011584,0.683897,-0.699995,-0.0630377,-0.19575
4.6359,0.090539,-0.0732381,-0.011584,0.683897,-0.699995,-0.0630377,-0.19575
4.63691,0.0906383,-0.0732009,-0.011584,0.683785,-0.699995,-0.0633446,-0.196043
4.63789,0.0906383,-0.0732009,-0.011584,0.683785,-0.699995,-0.0633446,-0.196043
4.6389,0.0907377,-0.0731636,-0.011584,0.684143,-0.699637,-0.0629837,-0.196187
4.63991,0.0907377,-0.0731636,-0.011584,0.684143,-0.699637,-0.0629837,-0.196187
4.6409,0.090837,-0.0731263,-0.011584,0.684031,-0.699637,-0.0632903,-0.19648
4.6419,0.090837,-0.0731263,-0.011584,0.684031,-0.699637,-0.0632903,-0.19648
4.64289,0.0910355,-0.0730515,-0.011584,0.684057,-0.699718,-0.063009,-0.196193
4.64391,0.0910355,-0.0730515,-0.011584,0.684057,-0.699718,-0.063009,-0.196193
4.64491,0.0911348,-0.073014,-0.011584,0.684069,-0.699758,-0.0628684,-0.196049
4.64591,0.0911348,-0.073014,-0.011584,0.684069,-0.699758,-0.0628684,-0.196049
4.6469,0.091234,-0.0729765,-0.011584,0.683957,-0.699758,-0.063175,-0.196342
4.64792,0.091234,-0.0729765,-0.011584,0.683957,-0.699758,-0.063175,-0.196342
4.64893,0.0914324,-0.0729014,-0.011584,0.683857,-0.699799,-0.0633411,-0.196491
4.64991,0.0914324,-0.0729014,-0.011584,0.683857,-0.699799,-0.0633411,-0.196491
4.65095,0.0915316,-0.0728638,-0.011584,0.68387,-0.699839,-0.0632005,-0.196347
4.65194,0.0915316,-0.0728638,-0.011584,0.68387,-0.699839,-0.0632005,-0.196347
4.65294,0.0916308,-0.0728261,-0.011584,0.683758,-0.699839,-0.0635072,-0.196641
4.65392,0.0916308,-0.0728261,-0.011584,0.683758,-0.699839,-0.0635072,-0.196641
4.65493,0.09173,-0.0727885,-0.011584,0.683771,-0.699879,-0.0633666,-0.196497
4.65592,0.09173,-0.0727885,-0.011584,0.683771,-0.699879,-0.0633666,-0.196497
4.65691,0.0919283,-0.0727129,-0.011584,0.683671,-0.69992,-0.0635328,-0.196646
4.6579,0.0919283,-0.0727129,-0.011584,0.683671,-0.69992,-0.0635328,-0.196646
4.6589,0.0920274,-0.0726751,-0.011584,0.683684,-0.69996,-0.0633923,-0.196502
4.65991,0.0920274,-0.0726751,-0.011584,0.683684,-0.69996,-0.0633923,-0.196502
4.6609,0.0921265,-0.0726372,-0.011584,0.683572,-0.69996,-0.0636991,-0.196795
4.66189,0.0921265,-0.0726372,-0.011584,0.683572,-0.69996,-0.0636991,-0.196795
4.6629,0.0923246,-0.0725614,-0.011584,0.683598,-0.700041,-0.063418,-0.196507
4.6639,0.0923246,-0.0725614,-0.011584,0.683598,-0.700041,-0.063418,-0.196507
4.66489,0.0924237,-0.0725234,-0.011584,0.683485,-0.70004,-0.063725,-0.1968
4.66589,0.0924237,-0.0725234,-0.011584,0.683485,-0.70004,-0.063725,-0.1968
4.6669,0.0925227,-0.0724854,-0.011584,0.683498,-0.700081,-0.0635844,-0.196656
4.6679,0.0925227,-0.0724854,-0.011584,0.683498,-0.700081,-0.0635844,-0.196656
4.66891,0.0927208,-0.0724092,-0.011584,0.683741,-0.699725,-0.0635272,-0.197096
4.6699,0.0927208,-0.0724092,-0.011584,0.683741,-0.699725,-0.0635272,-0.197096
4.67091,0.0928198,-0.0723711,-0.011584,0.683286,-0.700121,-0.0640579,-0.197098
4.67191,0.0928198,-0.0723711,-0.011584,0.683286,-0.700121,-0.0640579,-0.197098
4.6729,0.0929187,-0.0723329,-0.011584,0.683299,-0.700161,-0.0639174,-0.196954
4.6739,0.0929187,-0.0723329,-0.011584,0.683299,-0.700161,-0.0639174,-0.196954
4.67489,0.0931166,-0.0722564,-0.011584,0.683541,-0.699806,-0.0638595,-0.197395
4.67591,0.0931166,-0.0722564,-0.011584,0.683541,-0.699806,-0.0638595,-0.197395
4.67691,0.0932156,-0.0722181,-0.011584,0.683555,-0.699847,-0.063719,-0.197251
4.67792,0.0932156,-0.0722181,-0.011584,0.683555,-0.699847,-0.063719,-0.197251
4.6789,0.0933145,-0.0721797,-0.011584,0.683441,-0.699846,-0.0640258,-0.197544
4.67992,0.0933145,-0.0721797,-0.011584,0.683441,-0.699846,-0.0640258,-0.197544
4.6809,0.0934134,-0.0721413,-0.011584,0.683455,-0.699887,-0.0638853,-0.1974
4.6819,0.0934134,-0.0721413,-0.011584,0.683455,-0.699887,-0.0638853,-0.1974
4.68292,0.0936111,-0.0720644,-0.011584,0.683355,-0.699927,-0.0640516,-0.197549
4.68392,0.0936111,-0.0720644,-0.011584,0.683355,-0.699927,-0.0640516,-0.197549
4.68492,0.09371,-0.0720259,-0.011584,0.683242,-0.699927,-0.0643585,-0.197842
4.6859,0.09371,-0.0720259,-0.011584,0.683242,-0.699927,-0.0643585,-0.197842
4.68691,0.0938088,-0.0719874,-0.011584,0.683504,-0.699739,-0.064717,-0.197485
4.68791,0.0938088,-0.0719874,-0.011584,0.683504,-0.699739,-0.064717,-0.197485
4.6889,0.0939076,-0.0719488,-0.011584,0.683517,-0.699779,-0.0645765,-0.197341
4.6899,0.0939076,-0.0719488,-0.011584,0.683517,-0.699779,-0.0645765,-0.197341
4.69089,0.0941052,-0.0718715,-0.011584,0.683417,-0.699819,-0.0647428,-0.19749
4.69192,0.0941052,-0.0718715,-0.011584,0.683417,-0.699819,-0.0647428,-0.19749
4.69291,0.094204,-0.0718327,-0.011584,0.683304,-0.699818,-0.0650496,-0.197783
4.6939,0.094204,-0.0718327,-0.011584,0.683304,-0.699818,-0.0650496,-0.197783
4.69495,0.0943027,-0.071794,-0.011584,0.683318,-0.699859,-0.0649091,-0.197639
4.69592,0.0943027,-0.071794,-0.011584,0.683318,-0.699859,-0.0649091,-0.197639
4.69693,0.0944015,-0.0717552,-0.011584,0.683205,-0.699858,-0.065216,-0.197932
4.6979,0.0944015,-0.0717552,-0.011584,0.683205,-0.699858,-0.065216,-0.197932
4.69892,0.0945002,-0.0717164,-0.011584,0.683218,-0.699899,-0.0650755,-0.197788
4.69992,0.0945002,-0.0717164,-0.011584,0.683218,-0.699899,-0.0650755,-0.197788
4.70092,0.0946976,-0.0716385,-0.011584,0.683118,-0.699938,-0.0652419,-0.197937
4.7019,0.0946976,-0.0716385,-0.011584,0.683118,-0.699938,-0.0652419,-0.197937
4.70291,0.0947963,-0.0715996,-0.011584,0.683132,-0.699979,-0.0651015,-0.197793
4.70391,0.0947963,-0.0715996,-0.011584,0.683132,-0.699979,-0.0651015,-0.197793
4.7049,0.0948949,-0.0715606,-0.011584,0.683019,-0.699978,-0.0654085,-0.198086
4.7059,0.0948949,-0.0715606,-0.011584,0.683019,-0.699978,-0.0654085,-0.198086
4.70689,0.0949936,-0.0715216,-0.011584,0.682905,-0.699977,-0.0657155,-0.198378
4.70791,0.0949936,-0.0715216,-0.011584,0.682905,-0.699977,-0.0657155,-0.198378
4.70891,0.0950922,-0.0714825,-0.011584,0.682919,-0.700018,-0.0655751,-0.198234
4.70994,0.0950922,-0.0714825,-0.011584,0.682919,-0.700018,-0.0655751,-0.198234
4.71092,0.0951908,-0.0714434,-0.011584,0.682932,-0.700059,-0.0654347,-0.19809
4.71191,0.0951908,-0.0714434,-0.011584,0.682932,-0.700059,-0.0654347,-0.19809
4.71289,0.095388,-0.071365,-0.011584,0.682833,-0.700098,-0.0656013,-0.198239
4.71391,0.095388,-0.071365,-0.011584,0.682833,-0.700098,-0.0656013,-0.198239
4.7149,0.0954866,-0.0713257,-0.011584,0.682719,-0.700097,-0.0659084,-0.198532
4.7159,0.0954866,-0.0713257,-0.011584,0.682719,-0.700097,-0.0659084,-0.198532
4.7169,0.0955851,-0.0712865,-0.011584,0.682733,-0.700138,-0.0657681,-0.198388
4.7179,0.0955851,-0.0712865,-0.011584,0.682733,-0.700138,-0.0657681,-0.198388
4.71891,0.0956836,-0.0712471,-0.011584,0.682871,-0.699904,-0.0665719,-0.198469
4.7199,0.0956836,-0.0712471,-0.011584,0.682871,-0.699904,-0.0665719,-0.198469
4.72089,0.0957822,-0.0712078,-0.011584,0.682885,-0.699944,-0.0664315,-0.198325
4.72189,0.0957822,-0.0712078,-0.011584,0.682885,-0.699944,-0.0664315,-0.198325
4.72289,0.0959791,-0.0711289,-0.011584,0.682533,-0.700217,-0.0661018,-0.198684
4.72391,0.0959791,-0.0711289,-0.011584,0.682533,-0.700217,-0.0661018,-0.198684
4.7249,0.0960776,-0.0710894,-0.011584,0.68242,-0.700215,-0.066409,-0.198977
4.72592,0.0960776,-0.0710894,-0.011584,0.68242,-0.700215,-0.066409,-0.198977
4.72692,0.096176,-0.0710499,-0.011584,0.682686,-0.700023,-0.0667648,-0.198623
4.72791,0.096176,-0.0710499,-0.011584,0.682686,-0.700023,-0.0667648,-0.198623
4.72889,0.0962745,-0.0710103,-0.011584,0.68232,-0.700255,-0.066576,-0.199125
4.72991,0.0962745,-0.0710103,-0.011584,0.68232,-0.700255,-0.066576,-0.199125
4.73091,0.0963729,-0.0709707,-0.011584,0.682586,-0.700062,-0.0669316,-0.198771
4.7319,0.0963729,-0.0709707,-0.011584,0.682586,-0.700062,-0.0669316,-0.198771
4.7329,0.0964713,-0.0709311,-0.011584,0.682473,-0.70006,-0.0672387,-0.199063
4.73392,0.0964713,-0.0709311,-0.011584,0.682473,-0.70006,-0.0672387,-0.199063
4.7349,0.0965697,-0.0708914,-0.011584,0.682487,-0.7001,-0.0670984,-0.198919
4.7359,0.0965697,-0.0708914,-0.011584,0.682487,-0.7001,-0.0670984,-0.198919
4.73692,0.0967664,-0.0708119,-0.011584,0.682387,-0.700139,-0.0672653,-0.199068
4.73789,0.0967664,-0.0708119,-0.011584,0.682387,-0.700139,-0.0672653,-0.199068
4.73889,0.0968647,-0.0707721,-0.011584,0.682274,-0.700137,-0.0675725,-0.19936
4.73989,0.0968647,-0.0707721,-0.011584,0.682274,-0.700137,-0.0675725,-0.19936
4.74091,0.096963,-0.0707322,-0.011584,0.682288,-0.700178,-0.0674323,-0.199216
4.7419,0.096963,-0.0707322,-0.011584,0.682288,-0.700178,-0.0674323,-0.199216
4.74289,0.0970613,-0.0706923,-0.011584,0.682174,-0.700176,-0.0677395,-0.199508
4.74391,0.0970613,-0.0706923,-0.011584,0.682174,-0.700176,-0.0677395,-0.199508
4.74489,0.0972579,-0.0706124,-0.011584,0.682074,-0.700215,-0.0679066,-0.199656
4.74591,0.0972579,-0.0706124,-0.011584,0.682074,-0.700215,-0.0679066,-0.199656
4.74691,0.0973491,-0.070555,-0.011635,0.682205,-0.700132,-0.0676749,-0.199577
4.7479,0.0973491,-0.070555,-0.011635,0.682205,-0.700132,-0.0676749,-0.199577
4.74891,0.0974473,-0.0705149,-0.011635,0.682427,-0.69974,-0.0677488,-0.200169
4.74991,0.0974473,-0.0705149,-0.011635,0.682427,-0.69974,-0.0677488,-0.200169
4.7509,0.0975455,-0.0704749,-0.011635,0.682105,-0.700171,-0.0678419,-0.199726
4.7519,0.0975455,-0.0704749,-0.011635,0.682105,-0.700171,-0.0678419,-0.199726
4.75294,0.0977419,-0.0703946,-0.011635,0.682006,-0.70021,-0.068009,-0.199874
4.75393,0.0977419,-0.0703946,-0.011635,0.682006,-0.70021,-0.068009,-0.199874
4.75489,0.09784,-0.0703543,-0.011635,0.68202,-0.700251,-0.0678688,-0.19973
4.75589,0.09784,-0.0703543,-0.011635,0.68202,-0.700251,-0.0678688,-0.19973
4.75693,0.097931,-0.0702967,-0.0116859,0.682022,-0.700125,-0.0680843,-0.200087
4.75789,0.097931,-0.0702967,-0.0116859,0.682022,-0.700125,-0.0680843,-0.200087
4.75889,0.0980292,-0.0702564,-0.0116859,0.681908,-0.700123,-0.0683916,-0.200379
4.75991,0.0980292,-0.0702564,-0.0116859,0.681908,-0.700123,-0.0683916,-0.200379
4.76092,0.0981273,-0.0702161,-0.0116859,0.681922,-0.700164,-0.0682514,-0.200235
4.76191,0.0981273,-0.0702161,-0.0116859,0.681922,-0.700164,-0.0682514,-0.200235
4.76291,0.0983234,-0.0701353,-0.0116859,0.681488,-0.700591,-0.0686535,-0.200083
4.7639,0.0983234,-0.0701353,-0.0116859,0.681488,-0.700591,-0.0686535,-0.200083
4.7649,0.0984143,-0.0700774,-0.0117369,0.681618,-0.700509,-0.0684212,-0.200004
4.7659,0.0984143,-0.0700774,-0.0117369,0.681618,-0.700509,-0.0684212,-0.200004
4.76691,0.0985123,-0.0700369,-0.0117369,0.681504,-0.700507,-0.0687289,-0.200296
4.76791,0.0985123,-0.0700369,-0.0117369,0.681504,-0.700507,-0.0687289,-0.200296
4.7689,0.0986103,-0.0699964,-0.0117369,0.681391,-0.700504,-0.0690365,-0.200588
4.7699,0.0986103,-0.0699964,-0.0117369,0.681391,-0.700504,-0.0690365,-0.200588
4.77089,0.0987011,-0.0699384,-0.0117878,0.681187,-0.70081,-0.0690398,-0.200208
4.77189,0.0987011,-0.0699384,-0.0117878,0.681187,-0.70081,-0.0690398,-0.200208
4.77291,0.0988971,-0.0698571,-0.0117878,0.681215,-0.700892,-0.0687597,-0.19992
4.77389,0.0988971,-0.0698571,-0.0117878,0.681215,-0.700892,-0.0687597,-0.19992
4.77489,0.098995,-0.0698164,-0.0117878,0.681101,-0.700889,-0.0690676,-0.200211
4.77592,0.098995,-0.0698164,-0.0117878,0.681101,-0.700889,-0.0690676,-0.200211
4.7769,0.0990929,-0.0697757,-0.0117878,0.680988,-0.700886,-0.0693756,-0.200502
4.77792,0.0990929,-0.0697757,-0.0117878,0.680988,-0.700886,-0.0693756,-0.200502
4.77892,0.0991836,-0.0697175,-0.0118388,0.680784,-0.701192,-0.0693796,-0.200122
4.77992,0.0991836,-0.0697175,-0.0118388,0.680784,-0.701192,-0.0693796,-0.200122
4.78091,0.0992815,-0.0696767,-0.0118388,0.680671,-0.701189,-0.0696878,-0.200413
4.7819,0.0992815,-0.0696767,-0.0118388,0.680671,-0.701189,-0.0696878,-0.200413
4.78291,0.0993793,-0.0696359,-0.0118388,0.680557,-0.701185,-0.069996,-0.200704
4.78391,0.0993793,-0.0696359,-0.0118388,0.680557,-0.701185,-0.069996,-0.200704
4.7849,0.0995677,-0.0695366,-0.0118897,0.680701,-0.701145,-0.0696234,-0.200483
4.78592,0.0995677,-0.0695366,-0.0118897,0.680701,-0.701145,-0.0696234,-0.200483
4.7869,0.0996655,-0.0694956,-0.0118897,0.680255,-0.701528,-0.0701692,-0.20047
4.7879,0.0996655,-0.0694956,-0.0118897,0.680255,-0.701528,-0.0701692,-0.20047
4.78891,0.0997633,-0.0694546,-0.0118897,0.680141,-0.701524,-0.0704778,-0.200761
4.78989,0.0997633,-0.0694546,-0.0118897,0.680141,-0.701524,-0.0704778,-0.200761
4.79093,0.0998611,-0.0694136,-0.0118897,0.680155,-0.701566,-0.0703379,-0.200616
4.79191,0.0998611,-0.0694136,-0.0118897,0.680155,-0.701566,-0.0703379,-0.200616
4.79293,0.100049,-0.0693139,-0.0119407,0.679839,-0.701867,-0.070652,-0.200525
4.79392,0.100049,-0.0693139,-0.0119407,0.679839,-0.701867,-0.070652,-0.200525
4.79491,0.100147,-0.0692728,-0.0119407,0.679854,-0.701908,-0.0705122,-0.200381
4.79591,0.100147,-0.0692728,-0.0119407,0.679854,-0.701908,-0.0705122,-0.200381
4.79691,0.100245,-0.0692316,-0.0119407,0.67974,-0.701904,-0.0708211,-0.200671
4.79792,0.100245,-0.0692316,-0.0119407,0.67974,-0.701904,-0.0708211,-0.200671
4.79891,0.100342,-0.0691903,-0.0119407,0.679755,-0.701945,-0.0706813,-0.200527
4.79991,0.100342,-0.0691903,-0.0119407,0.679755,-0.701945,-0.0706813,-0.200527
4.80089,0.10044,-0.0691491,-0.0119407,0.679641,-0.701941,-0.0709902,-0.200817
4.80192,0.10044,-0.0691491,-0.0119407,0.679641,-0.701941,-0.0709902,-0.200817
4.80289,0.100538,-0.0691077,-0.0119407,0.679323,-0.702367,-0.0710897,-0.200368
4.80389,0.100538,-0.0691077,-0.0119407,0.679323,-0.702367,-0.0710897,-0.200368
4.80491,0.100726,-0.0690075,-0.0119916,0.67934,-0.702282,-0.0711659,-0.20058
4.80589,0.100726,-0.0690075,-0.0119916,0.67934,-0.702282,-0.0711659,-0.20058
4.80692,0.100823,-0.0689661,-0.0119916,0.679355,-0.702323,-0.0710262,-0.200436
4.8079,0.100823,-0.0689661,-0.0119916,0.679355,-0.702323,-0.0710262,-0.200436
4.80889,0.100921,-0.0689246,-0.0119916,0.679241,-0.702319,-0.0713354,-0.200726
4.80991,0.100921,-0.0689246,-0.0119916,0.679241,-0.702319,-0.0713354,-0.200726
4.8109,0.101018,-0.0688831,-0.0119916,0.679127,-0.702315,-0.0716447,-0.201016
4.8119,0.101018,-0.0688831,-0.0119916,0.679127,-0.702315,-0.0716447,-0.201016
4.8129,0.101116,-0.0688415,-0.0119916,0.679142,-0.702356,-0.0715051,-0.200871
4.8139,0.101116,-0.0688415,-0.0119916,0.679142,-0.702356,-0.0715051,-0.200871
4.81491,0.101213,-0.0687999,-0.0119916,0.679085,-0.702537,-0.0720973,-0.20022
4.8159,0.101213,-0.0687999,-0.0119916,0.679085,-0.702537,-0.0720973,-0.20022
4.81691,0.101408,-0.0687166,-0.0119916,0.678986,-0.702573,-0.0722672,-0.200365
4.81792,0.101408,-0.0687166,-0.0119916,0.678986,-0.702573,-0.0722672,-0.200365
4.81889,0.101498,-0.0686575,-0.0120425,0.678857,-0.702737,-0.0715425,-0.200489
4.81989,0.101498,-0.0686575,-0.0120425,0.678857,-0.702737,-0.0715425,-0.200489
4.8209,0.101596,-0.0686157,-0.0120425,0.679004,-0.702488,-0.0723431,-0.200578
4.82189,0.101596,-0.0686157,-0.0120425,0.679004,-0.702488,-0.0723431,-0.200578
4.8229,0.101693,-0.0685739,-0.0120425,0.678687,-0.702911,-0.072445,-0.200127
4.8239,0.101693,-0.0685739,-0.0120425,0.678687,-0.702911,-0.072445,-0.200127
4.82491,0.101791,-0.0685321,-0.0120425,0.678574,-0.702906,-0.0727547,-0.200416
4.8259,0.101791,-0.0685321,-0.0120425,0.678574,-0.702906,-0.0727547,-0.200416
4.82691,0.101888,-0.0684902,-0.0120425,0.678589,-0.702947,-0.0726152,-0.200272
4.8279,0.101888,-0.0684902,-0.0120425,0.678589,-0.702947,-0.0726152,-0.200272
4.82891,0.101985,-0.0684483,-0.0120425,0.678476,-0.702942,-0.072925,-0.200561
4.82992,0.101985,-0.0684483,-0.0120425,0.678476,-0.702942,-0.072925,-0.200561
4.83091,0.10218,-0.0683643,-0.0120425,0.678506,-0.703025,-0.072646,-0.200272
4.8319,0.10218,-0.0683643,-0.0120425,0.678506,-0.703025,-0.072646,-0.200272
4.83289,0.10227,-0.0683049,-0.0120934,0.678508,-0.702898,-0.0728616,-0.200629
4.83389,0.10227,-0.0683049,-0.0120934,0.678508,-0.702898,-0.0728616,-0.200629
4.8349,0.102367,-0.0682628,-0.0120934,0.678193,-0.703321,-0.0729647,-0.200177
4.83589,0.102367,-0.0682628,-0.0120934,0.678193,-0.703321,-0.0729647,-0.200177
4.8369,0.102464,-0.0682207,-0.0120934,0.67808,-0.703315,-0.0732749,-0.200466
4.83792,0.102464,-0.0682207,-0.0120934,0.67808,-0.703315,-0.0732749,-0.200466
4.8389,0.102562,-0.0681785,-0.0120934,0.678095,-0.703357,-0.0731355,-0.200321
4.8399,0.102562,-0.0681785,-0.0120934,0.678095,-0.703357,-0.0731355,-0.200321
4.84089,0.102659,-0.0681363,-0.0120934,0.677982,-0.703351,-0.0734456,-0.20061
4.84189,0.102659,-0.0681363,-0.0120934,0.677982,-0.703351,-0.0734456,-0.20061
4.84288,0.102756,-0.0680941,-0.0120934,0.677997,-0.703392,-0.0733062,-0.200465
4.84388,0.102756,-0.0680941,-0.0120934,0.677997,-0.703392,-0.0733062,-0.200465
4.84489,0.102853,-0.0680518,-0.0120934,0.677883,-0.703386,-0.0736164,-0.200754
4.84587,0.102853,-0.0680518,-0.0120934,0.677883,-0.703386,-0.0736164,-0.200754
4.8469,0.102951,-0.0680095,-0.0120934,0.677569,-0.703808,-0.0737208,-0.2003
4.84789,0.102951,-0.0680095,-0.0120934,0.677569,-0.703808,-0.0737208,-0.2003
4.8489,0.103048,-0.0679672,-0.0120934,0.677456,-0.703802,-0.0740314,-0.200588
4.84989,0.103048,-0.0679672,-0.0120934,0.677456,-0.703802,-0.0740314,-0.200588
4.85089,0.103145,-0.0679248,-0.0120934,0.677471,-0.703843,-0.0738921,-0.200444
4.85189,0.103145,-0.0679248,-0.0120934,0.677471,-0.703843,-0.0738921,-0.200444
4.85291,0.103339,-0.0678399,-0.0120934,0.677501,-0.703926,-0.0736135,-0.200154
4.8539,0.103339,-0.0678399,-0.0120934,0.677501,-0.703926,-0.0736135,-0.200154
4.85492,0.103436,-0.0677973,-0.0120934,0.677389,-0.70392,-0.0739242,-0.200442
4.85591,0.103436,-0.0677973,-0.0120934,0.677389,-0.70392,-0.0739242,-0.200442
4.85689,0.103533,-0.0677548,-0.0120934,0.677666,-0.703713,-0.0742742,-0.200101
4.85794,0.103533,-0.0677548,-0.0120934,0.677666,-0.703713,-0.0742742,-0.200101
4.85893,0.103631,-0.0677122,-0.0120934,0.677553,-0.703706,-0.0745847,-0.20039
4.85993,0.103631,-0.0677122,-0.0120934,0.677553,-0.703706,-0.0745847,-0.20039
4.86092,0.103728,-0.0676696,-0.0120934,0.677306,-0.703996,-0.0739564,-0.200441
4.86187,0.103728,-0.0676696,-0.0120934,0.677306,-0.703996,-0.0739564,-0.200441
4.86289,0.103825,-0.0676269,-0.0120934,0.677193,-0.70399,-0.0742671,-0.200729
4.86388,0.103825,-0.0676269,-0.0120934,0.677193,-0.70399,-0.0742671,-0.200729
4.86489,0.103922,-0.0675842,-0.0120934,0.677142,-0.704161,-0.0748623,-0.200078
4.86592,0.103922,-0.0675842,-0.0120934,0.677142,-0.704161,-0.0748623,-0.200078
4.86691,0.104108,-0.0674812,-0.0121443,0.677288,-0.704123,-0.0744886,-0.199858
4.86791,0.104108,-0.0674812,-0.0121443,0.677288,-0.704123,-0.0744886,-0.199858
4.86891,0.104205,-0.0674384,-0.0121443,0.677176,-0.704116,-0.0747995,-0.200146
4.86991,0.104205,-0.0674384,-0.0121443,0.677176,-0.704116,-0.0747995,-0.200146
4.8709,0.104302,-0.0673955,-0.0121443,0.677191,-0.704158,-0.0746602,-0.200001
4.8719,0.104302,-0.0673955,-0.0121443,0.677191,-0.704158,-0.0746602,-0.200001
4.87291,0.104399,-0.0673526,-0.0121443,0.677078,-0.704151,-0.0749711,-0.200289
4.87389,0.104399,-0.0673526,-0.0121443,0.677078,-0.704151,-0.0749711,-0.200289
4.87491,0.104496,-0.0673097,-0.0121443,0.677094,-0.704192,-0.0748319,-0.200145
4.87591,0.104496,-0.0673097,-0.0121443,0.677094,-0.704192,-0.0748319,-0.200145
4.8769,0.104593,-0.0672667,-0.0121443,0.676981,-0.704185,-0.0751428,-0.200433
4.87791,0.104593,-0.0672667,-0.0121443,0.676981,-0.704185,-0.0751428,-0.200433
4.87891,0.10469,-0.0672237,-0.0121443,0.676997,-0.704226,-0.0750036,-0.200288
4.8799,0.10469,-0.0672237,-0.0121443,0.676997,-0.704226,-0.0750036,-0.200288
4.8809,0.104786,-0.0671806,-0.0121443,0.677012,-0.704268,-0.0748644,-0.200143
4.88191,0.104786,-0.0671806,-0.0121443,0.677012,-0.704268,-0.0748644,-0.200143
4.8829,0.104883,-0.0671375,-0.0121443,0.676899,-0.704261,-0.0751754,-0.200431
4.88391,0.104883,-0.0671375,-0.0121443,0.676899,-0.704261,-0.0751754,-0.200431
4.88491,0.105077,-0.0670512,-0.0121443,0.67693,-0.704343,-0.074897,-0.200141
4.88591,0.105077,-0.0670512,-0.0121443,0.67693,-0.704343,-0.074897,-0.200141
4.8869,0.105174,-0.0670079,-0.0121443,0.676818,-0.704336,-0.0752081,-0.200429
4.88791,0.105174,-0.0670079,-0.0121443,0.676818,-0.704336,-0.0752081,-0.200429
4.88891,0.10527,-0.0669647,-0.0121443,0.676833,-0.704378,-0.0750689,-0.200284
4.8899,0.10527,-0.0669647,-0.0121443,0.676833,-0.704378,-0.0750689,-0.200284
4.89092,0.105367,-0.0669213,-0.0121443,0.676849,-0.704419,-0.0749298,-0.200139
4.89191,0.105367,-0.0669213,-0.0121443,0.676849,-0.704419,-0.0749298,-0.200139
4.8929,0.105464,-0.066878,-0.0121443,0.676409,-0.704789,-0.075489,-0.200114
4.89392,0.105464,-0.066878,-0.0121443,0.676409,-0.704789,-0.075489,-0.200114
4.8949,0.105561,-0.0668346,-0.0121443,0.676424,-0.70483,-0.0753499,-0.199969
4.89591,0.105561,-0.0668346,-0.0121443,0.676424,-0.70483,-0.0753499,-0.199969
4.8969,0.105657,-0.0667912,-0.0121443,0.676312,-0.704823,-0.0756614,-0.200256
4.8979,0.105657,-0.0667912,-0.0121443,0.676312,-0.704823,-0.0756614,-0.200256
4.8989,0.105754,-0.0667477,-0.0121443,0.676327,-0.704864,-0.0755223,-0.200112
4.89992,0.105754,-0.0667477,-0.0121443,0.676327,-0.704864,-0.0755223,-0.200112
4.90092,0.105851,-0.0667042,-0.0121443,0.676343,-0.704905,-0.0753833,-0.199967
4.90192,0.105851,-0.0667042,-0.0121443,0.676343,-0.704905,-0.0753833,-0.199967
4.9029,0.105947,-0.0666607,-0.0121443,0.676231,-0.704898,-0.0756948,-0.200254
4.90391,0.105947,-0.0666607,-0.0121443,0.676231,-0.704898,-0.0756948,-0.200254
4.9049,0.106044,-0.0666171,-0.0121443,0.676246,-0.704939,-0.0755557,-0.200109
4.9059,0.106044,-0.0666171,-0.0121443,0.676246,-0.704939,-0.0755557,-0.200109
4.90691,0.106237,-0.0665298,-0.0121443,0.676277,-0.705021,-0.0752777,-0.199819
4.90791,0.106237,-0.0665298,-0.0121443,0.676277,-0.705021,-0.0752777,-0.199819
4.90891,0.106334,-0.0664861,-0.0121443,0.676165,-0.705014,-0.0755893,-0.200106
4.90991,0.106334,-0.0664861,-0.0121443,0.676165,-0.705014,-0.0755893,-0.200106
4.91089,0.10643,-0.0664424,-0.0121443,0.67618,-0.705055,-0.0754503,-0.199961
4.91191,0.10643,-0.0664424,-0.0121443,0.67618,-0.705055,-0.0754503,-0.199961
4.91289,0.106527,-0.0663986,-0.0121443,0.676196,-0.705096,-0.0753112,-0.199817
4.91389,0.106527,-0.0663986,-0.0121443,0.676196,-0.705096,-0.0753112,-0.199817
4.9149,0.106623,-0.0663547,-0.0121443,0.676211,-0.705137,-0.0751722,-0.199672
4.91591,0.106623,-0.0663547,-0.0121443,0.676211,-0.705137,-0.0751722,-0.199672
4.9169,0.10672,-0.0663109,-0.0121443,0.676099,-0.70513,-0.0754839,-0.199959
4.9179,0.10672,-0.0663109,-0.0121443,0.676099,-0.70513,-0.0754839,-0.199959
4.91889,0.106816,-0.066267,-0.0121443,0.676381,-0.704918,-0.0758309,-0.199622
4.91991,0.106816,-0.066267,-0.0121443,0.676381,-0.704918,-0.0758309,-0.199622
4.92089,0.106913,-0.066223,-0.0121443,0.676397,-0.704959,-0.0756918,-0.199477
4.92189,0.106913,-0.066223,-0.0121443,0.676397,-0.704959,-0.0756918,-0.199477
4.92291,0.107009,-0.0661791,-0.0121443,0.676285,-0.704951,-0.0760034,-0.199764
4.9239,0.107009,-0.0661791,-0.0121443,0.676285,-0.704951,-0.0760034,-0.199764
4.9249,0.107106,-0.066135,-0.0121443,0.676301,-0.704992,-0.0758643,-0.199619
4.9259,0.107106,-0.066135,-0.0121443,0.676301,-0.704992,-0.0758643,-0.199619
4.92689,0.107202,-0.066091,-0.0121443,0.676316,-0.705033,-0.0757253,-0.199474
4.9279,0.107202,-0.066091,-0.0121443,0.676316,-0.705033,-0.0757253,-0.199474
4.92889,0.107298,-0.0660469,-0.0121443,0.676332,-0.705074,-0.0755862,-0.199329
4.92989,0.107298,-0.0660469,-0.0121443,0.676332,-0.705074,-0.0755862,-0.199329
4.93089,0.107395,-0.0660027,-0.0121443,0.675895,-0.705441,-0.0761489,-0.199301
4.9319,0.107395,-0.0660027,-0.0121443,0.675895,-0.705441,-0.0761489,-0.199301
4.9329,0.107491,-0.0659585,-0.0121443,0.67591,-0.705482,-0.07601,-0.199156
4.9339,0.107491,-0.0659585,-0.0121443,0.67591,-0.705482,-0.07601,-0.199156
4.93489,0.107588,-0.0659143,-0.0121443,0.675926,-0.705523,-0.075871,-0.199011
4.93591,0.107588,-0.0659143,-0.0121443,0.675926,-0.705523,-0.075871,-0.199011
4.93689,0.107684,-0.0658701,-0.0121443,0.675941,-0.705564,-0.075732,-0.198866
4.93789,0.107684,-0.0658701,-0.0121443,0.675941,-0.705564,-0.075732,-0.198866
4.9389,0.10778,-0.0658258,-0.0121443,0.67583,-0.705556,-0.076044,-0.199153
4.9399,0.10778,-0.0658258,-0.0121443,0.67583,-0.705556,-0.076044,-0.199153
4.9409,0.107876,-0.0657814,-0.0121443,0.675845,-0.705597,-0.0759051,-0.199008
4.94191,0.107876,-0.0657814,-0.0121443,0.675845,-0.705597,-0.0759051,-0.199008
4.94289,0.107973,-0.0657371,-0.0121443,0.675861,-0.705638,-0.0757661,-0.198863
4.94391,0.107973,-0.0657371,-0.0121443,0.675861,-0.705638,-0.0757661,-0.198863
4.94489,0.108165,-0.0656482,-0.0121443,0.675892,-0.70572,-0.0754882,-0.198572
4.94589,0.108165,-0.0656482,-0.0121443,0.675892,-0.70572,-0.0754882,-0.198572
4.94692,0.108165,-0.0656482,-0.0121443,0.676217,-0.705346,-0.0752363,-0.198889
4.9479,0.108165,-0.0656482,-0.0121443,0.676217,-0.705346,-0.0752363,-0.198889
4.9489,0.108358,-0.0655591,-0.0121443,0.675796,-0.705753,-0.0756614,-0.198714
4.9499,0.108358,-0.0655591,-0.0121443,0.675796,-0.705753,-0.0756614,-0.198714
4.95089,0.108454,-0.0655146,-0.0121443,0.675812,-0.705794,-0.0755225,-0.198569
4.9519,0.108454,-0.0655146,-0.0121443,0.675812,-0.705794,-0.0755225,-0.198569
4.95289,0.10855,-0.0654699,-0.0121443,0.675827,-0.705835,-0.0753835,-0.198424
4.95389,0.10855,-0.0654699,-0.0121443,0.675827,-0.705835,-0.0753835,-0.198424
4.9549,0.108646,-0.0654253,-0.0121443,0.675843,-0.705876,-0.0752446,-0.198279
4.9559,0.108646,-0.0654253,-0.0121443,0.675843,-0.705876,-0.0752446,-0.198279
4.95691,0.108742,-0.0653806,-0.0121443,0.675858,-0.705916,-0.0751056,-0.198134
4.95792,0.108742,-0.0653806,-0.0121443,0.675858,-0.705916,-0.0751056,-0.198134
4.95889,0.108838,-0.0653359,-0.0121443,0.675747,-0.705909,-0.0754179,-0.19842
4.95993,0.108838,-0.0653359,-0.0121443,0.675747,-0.705909,-0.0754179,-0.19842
4.96089,0.108934,-0.0652911,-0.0121443,0.675762,-0.70595,-0.0752789,-0.198275
4.96189,0.108934,-0.0652911,-0.0121443,0.675762,-0.70595,-0.0752789,-0.198275
4.96293,0.10903,-0.0652463,-0.0121443,0.675778,-0.705991,-0.07514,-0.19813
4.96391,0.10903,-0.0652463,-0.0121443,0.675778,-0.705991,-0.07514,-0.19813
4.96491,0.109126,-0.0652014,-0.0121443,0.675793,-0.706031,-0.0750011,-0.197985
4.9659,0.109126,-0.0652014,-0.0121443,0.675793,-0.706031,-0.0750011,-0.197985
4.96689,0.109222,-0.0651565,-0.0121443,0.675809,-0.706072,-0.0748621,-0.19784
4.9679,0.109222,-0.0651565,-0.0121443,0.675809,-0.706072,-0.0748621,-0.19784
4.96889,0.109318,-0.0651116,-0.0121443,0.675824,-0.706113,-0.0747232,-0.197695
4.96989,0.109318,-0.0651116,-0.0121443,0.675824,-0.706113,-0.0747232,-0.197695
4.9709,0.109414,-0.0650666,-0.0121443,0.675713,-0.706105,-0.0750356,-0.197981
4.97191,0.109414,-0.0650666,-0.0121443,0.675713,-0.706105,-0.0750356,-0.197981
4.97291,0.109502,-0.0650044,-0.0121952,0.675842,-0.706028,-0.074799,-0.197909
4.9739,0.109502,-0.0650044,-0.0121952,0.675842,-0.706028,-0.074799,-0.197909
4.97489,0.109598,-0.0649593,-0.0121952,0.675857,-0.706069,-0.0746601,-0.197763
4.9759,0.109598,-0.0649593,-0.0121952,0.675857,-0.706069,-0.0746601,-0.197763
4.97689,0.109694,-0.0649143,-0.0121952,0.675872,-0.706109,-0.0745211,-0.197618
4.97789,0.109694,-0.0649143,-0.0121952,0.675872,-0.706109,-0.0745211,-0.197618
4.9789,0.10979,-0.0648691,-0.0121952,0.676158,-0.705893,-0.0748657,-0.197284
4.9799,0.10979,-0.0648691,-0.0121952,0.676158,-0.705893,-0.0748657,-0.197284
4.9809,0.109886,-0.064824,-0.0121952,0.676173,-0.705933,-0.0747267,-0.197139
4.9819,0.109886,-0.064824,-0.0121952,0.676173,-0.705933,-0.0747267,-0.197139
4.98289,0.109982,-0.0647788,-0.0121952,0.676189,-0.705974,-0.0745876,-0.196994
4.9839,0.109982,-0.0647788,-0.0121952,0.676189,-0.705974,-0.0745876,-0.196994
4.98489,0.110078,-0.0647335,-0.0121952,0.675807,-0.706224,-0.0744167,-0.197469
4.98589,0.110078,-0.0647335,-0.0121952,0.675807,-0.706224,-0.0744167,-0.197469
4.9869,0.110174,-0.0646882,-0.0121952,0.676093,-0.706007,-0.0747609,-0.197136
4.9879,0.110174,-0.0646882,-0.0121952,0.676093,-0.706007,-0.0747609,-0.197136
4.9889,0.110269,-0.0646429,-0.0121952,0.676109,-0.706048,-0.0746219,-0.196991
4.9899,0.110269,-0.0646429,-0.0121952,0.676109,-0.706048,-0.0746219,-0.196991
4.99089,0.110365,-0.0645975,-0.0121952,0.676124,-0.706088,-0.0744828,-0.196845
4.99191,0.110365,-0.0645975,-0.0121952,0.676124,-0.706088,-0.0744828,-0.196845
4.99289,0.110461,-0.0645521,-0.0121952,0.676139,-0.706129,-0.0743438,-0.1967
4.99389,0.110461,-0.0645521,-0.0121952,0.676139,-0.706129,-0.0743438,-0.1967
4.99491,0.110652,-0.0644612,-0.0121952,0.67617,-0.70621,-0.0740658,-0.19641
4.9959,0.110652,-0.0644612,-0.0121952,0.67617,-0.70621,-0.0740658,-0.19641
4.9969,0.110748,-0.0644157,-0.0121952,0.676185,-0.70625,-0.0739268,-0.196265
4.9979,0.110748,-0.0644157,-0.0121952,0.676185,-0.70625,-0.0739268,-0.196265
4.99889,0.110844,-0.0643701,-0.0121952,0.6762,-0.70629,-0.0737878,-0.196119
4.9999,0.110844,-0.0643701,-0.0121952,0.6762,-0.70629,-0.0737878,-0.196119
5.00089,0.110931,-0.0643073,-0.0122461,0.676328,-0.706213,-0.0735507,-0.196047
5.00189,0.110931,-0.0643073,-0.0122461,0.676328,-0.706213,-0.0735507,-0.196047
5.00291,0.111027,-0.0642617,-0.0122461,0.676218,-0.706206,-0.0738631,-0.196334
5.0039,0.111027,-0.0642617,-0.0122461,0.676218,-0.706206,-0.0738631,-0.196334
5.00491,0.111123,-0.064216,-0.0122461,0.676233,-0.706246,-0.0737241,-0.196189
5.0059,0.111123,-0.064216,-0.0122461,0.676233,-0.706246,-0.0737241,-0.196189
5.00689,0.111218,-0.0641703,-0.0122461,0.676248,-0.706286,-0.073585,-0.196044
5.0079,0.111218,-0.0641703,-0.0122461,0.676248,-0.706286,-0.073585,-0.196044
5.00889,0.111314,-0.0641246,-0.0122461,0.676263,-0.706327,-0.073446,-0.195899
5.00989,0.111314,-0.0641246,-0.0122461,0.676263,-0.706327,-0.073446,-0.195899
5.01091,0.111401,-0.0640616,-0.012297,0.676391,-0.706249,-0.0732088,-0.195826
5.0119,0.111401,-0.0640616,-0.012297,0.676391,-0.706249,-0.0732088,-0.195826
5.01291,0.111497,-0.0640157,-0.012297,0.676406,-0.706289,-0.0730697,-0.195681
5.0139,0.111497,-0.0640157,-0.012297,0.676406,-0.706289,-0.0730697,-0.195681
5.01489,0.111592,-0.0639699,-0.012297,0.676421,-0.70633,-0.0729307,-0.195536
5.01591,0.111592,-0.0639699,-0.012297,0.676421,-0.70633,-0.0729307,-0.195536
5.01689,0.111688,-0.063924,-0.012297,0.676311,-0.706323,-0.0732431,-0.195823
5.01789,0.111688,-0.063924,-0.012297,0.676311,-0.706323,-0.0732431,-0.195823
5.0189,0.111783,-0.063878,-0.012297,0.676326,-0.706363,-0.073104,-0.195678
5.01991,0.111783,-0.063878,-0.012297,0.676326,-0.706363,-0.073104,-0.195678
5.0209,0.111871,-0.0638148,-0.0123479,0.676453,-0.706286,-0.0728666,-0.195606
5.02191,0.111871,-0.0638148,-0.0123479,0.676453,-0.706286,-0.0728666,-0.195606
5.02289,0.111966,-0.0637688,-0.0123479,0.676468,-0.706326,-0.0727275,-0.195461
5.0239,0.111966,-0.0637688,-0.0123479,0.676468,-0.706326,-0.0727275,-0.195461
5.02489,0.112061,-0.0637228,-0.0123479,0.676483,-0.706366,-0.0725884,-0.195315
5.02589,0.112061,-0.0637228,-0.0123479,0.676483,-0.706366,-0.0725884,-0.195315
5.02691,0.112149,-0.0636594,-0.0123987,0.67661,-0.706289,-0.0723509,-0.195243
5.0279,0.112149,-0.0636594,-0.0123987,0.67661,-0.706289,-0.0723509,-0.195243
5.0289,0.112244,-0.0636133,-0.0123987,0.6765,-0.706283,-0.0726632,-0.195531
5.02991,0.112244,-0.0636133,-0.0123987,0.6765,-0.706283,-0.0726632,-0.195531
5.03089,0.112339,-0.0635671,-0.0123987,0.676515,-0.706323,-0.0725242,-0.195385
5.0319,0.112339,-0.0635671,-0.0123987,0.676515,-0.706323,-0.0725242,-0.195385
5.03289,0.112435,-0.0635209,-0.0123987,0.67653,-0.706363,-0.0723851,-0.19524
5.03389,0.112435,-0.0635209,-0.0123987,0.67653,-0.706363,-0.0723851,-0.19524
5.0349,0.112522,-0.0634575,-0.0124496,0.676336,-0.706655,-0.0724043,-0.194847
5.0359,0.112522,-0.0634575,-0.0124496,0.676336,-0.706655,-0.0724043,-0.194847
5.0369,0.112617,-0.0634112,-0.0124496,0.676351,-0.706695,-0.0722652,-0.194702
5.0379,0.112617,-0.0634112,-0.0124496,0.676351,-0.706695,-0.0722652,-0.194702
5.03889,0.112712,-0.0633648,-0.0124496,0.676639,-0.706475,-0.0726078,-0.194371
5.03991,0.112712,-0.0633648,-0.0124496,0.676639,-0.706475,-0.0726078,-0.194371
5.04089,0.112808,-0.0633185,-0.0124496,0.676381,-0.706775,-0.0719871,-0.194411
5.04189,0.112808,-0.0633185,-0.0124496,0.676381,-0.706775,-0.0719871,-0.194411
5.04293,0.112894,-0.0632548,-0.0125004,0.676508,-0.706698,-0.0717494,-0.194339
5.0439,0.112894,-0.0632548,-0.0125004,0.676508,-0.706698,-0.0717494,-0.194339
5.0449,0.11299,-0.0632084,-0.0125004,0.676398,-0.706692,-0.072062,-0.194626
5.0459,0.11299,-0.0632084,-0.0125004,0.676398,-0.706692,-0.072062,-0.194626
5.04689,0.113085,-0.0631619,-0.0125004,0.676687,-0.706471,-0.0724042,-0.194296
5.0479,0.113085,-0.0631619,-0.0125004,0.676687,-0.706471,-0.0724042,-0.194296
5.04889,0.11318,-0.0631154,-0.0125004,0.676428,-0.706772,-0.0717838,-0.194336
5.04989,0.11318,-0.0631154,-0.0125004,0.676428,-0.706772,-0.0717838,-0.194336
5.0509,0.113275,-0.0630688,-0.0125004,0.676717,-0.706551,-0.0721259,-0.194005
5.0519,0.113275,-0.0630688,-0.0125004,0.676717,-0.706551,-0.0721259,-0.194005
5.0529,0.113362,-0.063005,-0.0125513,0.676843,-0.706474,-0.071888,-0.193934
5.0539,0.113362,-0.063005,-0.0125513,0.676843,-0.706474,-0.071888,-0.193934
5.05489,0.113457,-0.0629584,-0.0125513,0.676858,-0.706514,-0.0717488,-0.193789
5.0559,0.113457,-0.0629584,-0.0125513,0.676858,-0.706514,-0.0717488,-0.193789
5.05689,0.113552,-0.0629117,-0.0125513,0.676429,-0.706876,-0.0723196,-0.193754
5.05789,0.113552,-0.0629117,-0.0125513,0.676429,-0.706876,-0.0723196,-0.193754
5.05891,0.113639,-0.0628478,-0.0126021,0.676556,-0.706798,-0.0720816,-0.193682
5.05991,0.113639,-0.0628478,-0.0126021,0.676556,-0.706798,-0.0720816,-0.193682
5.06092,0.113639,-0.0628478,-0.0126021,0.676556,-0.706798,-0.0720816,-0.193682
5.06192,0.113639,-0.0628478,-0.0126021,0.676556,-0.706798,-0.0720816,-0.193682
5.06289,0.113734,-0.062801,-0.0126021,0.676172,-0.707053,-0.0719134,-0.194154
5.06392,0.113734,-0.062801,-0.0126021,0.676172,-0.707053,-0.0719134,-0.194154
5.06488,0.113829,-0.0627542,-0.0126021,0.676461,-0.706832,-0.0722552,-0.193824
5.06588,0.113829,-0.0627542,-0.0126021,0.676461,-0.706832,-0.0722552,-0.193824
5.06689,0.113915,-0.0626902,-0.0126529,0.676588,-0.706755,-0.072017,-0.193753
5.0679,0.113915,-0.0626902,-0.0126529,0.676588,-0.706755,-0.072017,-0.193753
5.0689,0.11401,-0.0626433,-0.0126529,0.676603,-0.706794,-0.0718779,-0.193608
5.06991,0.11401,-0.0626433,-0.0126529,0.676603,-0.706794,-0.0718779,-0.193608
5.07089,0.114105,-0.0625964,-0.0126529,0.676618,-0.706834,-0.0717388,-0.193462
5.0719,0.114105,-0.0625964,-0.0126529,0.676618,-0.706834,-0.0717388,-0.193462
5.07289,0.114192,-0.0625322,-0.0127037,0.67662,-0.706711,-0.0719523,-0.193824
5.07389,0.114192,-0.0625322,-0.0127037,0.67662,-0.706711,-0.0719523,-0.193824
5.0749,0.114287,-0.0624852,-0.0127037,0.676635,-0.706751,-0.0718132,-0.193678
5.0759,0.114287,-0.0624852,-0.0127037,0.676635,-0.706751,-0.0718132,-0.193678
5.0769,0.114382,-0.0624382,-0.0127037,0.676331,-0.707158,-0.0719335,-0.19321
5.0779,0.114382,-0.0624382,-0.0127037,0.676331,-0.707158,-0.0719335,-0.19321
5.07889,0.114476,-0.0623912,-0.0127037,0.676345,-0.707198,-0.0717944,-0.193064
5.0799,0.114476,-0.0623912,-0.0127037,0.676345,-0.707198,-0.0717944,-0.193064
5.08089,0.114571,-0.0623441,-0.0127037,0.676237,-0.707191,-0.0721074,-0.193351
5.08189,0.114571,-0.0623441,-0.0127037,0.676237,-0.707191,-0.0721074,-0.193351
5.0829,0.114666,-0.0622969,-0.0127037,0.676252,-0.707231,-0.0719684,-0.193206
5.0839,0.114666,-0.0622969,-0.0127037,0.676252,-0.707231,-0.0719684,-0.193206
5.0849,0.114752,-0.0622325,-0.0127546,0.676378,-0.707154,-0.0717299,-0.193135
5.08591,0.114752,-0.0622325,-0.0127546,0.676378,-0.707154,-0.0717299,-0.193135
5.08689,0.114847,-0.0621853,-0.0127546,0.676269,-0.707148,-0.0720429,-0.193422
5.0879,0.114847,-0.0621853,-0.0127546,0.676269,-0.707148,-0.0720429,-0.193422
5.08889,0.114942,-0.0621381,-0.0127546,0.676284,-0.707188,-0.0719038,-0.193276
5.08989,0.114942,-0.0621381,-0.0127546,0.676284,-0.707188,-0.0719038,-0.193276
5.0909,0.115037,-0.0620908,-0.0127546,0.676299,-0.707227,-0.0717648,-0.193131
5.0919,0.115037,-0.0620908,-0.0127546,0.676299,-0.707227,-0.0717648,-0.193131
5.0929,0.115132,-0.0620435,-0.0127546,0.67619,-0.707221,-0.0720778,-0.193418
5.0939,0.115132,-0.0620435,-0.0127546,0.67619,-0.707221,-0.0720778,-0.193418
5.09489,0.115218,-0.0619789,-0.0128054,0.676316,-0.707144,-0.0718391,-0.193347
5.0959,0.115218,-0.0619789,-0.0128054,0.676316,-0.707144,-0.0718391,-0.193347
5.09689,0.115312,-0.0619315,-0.0128054,0.676331,-0.707184,-0.0717,-0.193202
5.09789,0.115312,-0.0619315,-0.0128054,0.676331,-0.707184,-0.0717,-0.193202
5.09891,0.115407,-0.061884,-0.0128054,0.676345,-0.707224,-0.071561,-0.193056
5.0999,0.115407,-0.061884,-0.0128054,0.676345,-0.707224,-0.071561,-0.193056
5.1009,0.115407,-0.061884,-0.0128054,0.676345,-0.707224,-0.071561,-0.193056
5.10191,0.115502,-0.0618366,-0.0128054,0.676237,-0.707217,-0.071874,-0.193343
5.10289,0.115502,-0.0618366,-0.0128054,0.676237,-0.707217,-0.071874,-0.193343
5.1039,0.115596,-0.061789,-0.0128054,0.675934,-0.707623,-0.0719962,-0.192873
5.10489,0.115691,-0.0617415,-0.0128054,0.676266,-0.707297,-0.0715959,-0.193052
5.10589,0.115691,-0.0617415,-0.0128054,0.676266,-0.707297,-0.0715959,-0.193052
5.10691,0.115777,-0.0616767,-0.0128561,0.676268,-0.707174,-0.071809,-0.193414
5.1079,0.115777,-0.0616767,-0.0128561,0.676268,-0.707174,-0.071809,-0.193414
5.1089,0.115871,-0.061629,-0.0128561,0.675966,-0.707579,-0.0719317,-0.192943
5.1099,0.115871,-0.061629,-0.0128561,0.675966,-0.707579,-0.0719317,-0.192943
5.11089,0.115966,-0.0615814,-0.0128561,0.675981,-0.707619,-0.0717927,-0.192798
5.1119,0.115966,-0.0615814,-0.0128561,0.675981,-0.707619,-0.0717927,-0.192798
5.11289,0.116061,-0.0615337,-0.0128561,0.675996,-0.707659,-0.0716537,-0.192652
5.11389,0.116061,-0.0615337,-0.0128561,0.675996,-0.707659,-0.0716537,-0.192652
5.1149,0.116146,-0.0614687,-0.0129069,0.676315,-0.707171,-0.0716048,-0.19334
5.1159,0.116146,-0.0614687,-0.0129069,0.676315,-0.707171,-0.0716048,-0.19334
5.1169,0.116241,-0.0614209,-0.0129069,0.676013,-0.707576,-0.0717279,-0.192869
5.11791,0.116241,-0.0614209,-0.0129069,0.676013,-0.707576,-0.0717279,-0.192869
5.11889,0.116335,-0.0613731,-0.0129069,0.676028,-0.707615,-0.071589,-0.192723
5.1199,0.116335,-0.0613731,-0.0129069,0.676028,-0.707615,-0.071589,-0.192723
5.12091,0.116421,-0.061308,-0.0129577,0.676153,-0.707539,-0.0713498,-0.192653
5.12189,0.116421,-0.061308,-0.0129577,0.676153,-0.707539,-0.0713498,-0.192653
5.1229,0.116515,-0.0612601,-0.0129577,0.676045,-0.707533,-0.071663,-0.19294
5.1239,0.116515,-0.0612601,-0.0129577,0.676045,-0.707533,-0.071663,-0.19294
5.1249,0.116601,-0.0611949,-0.0130085,0.67617,-0.707456,-0.0714237,-0.19287
5.1259,0.116601,-0.0611949,-0.0130085,0.67617,-0.707456,-0.0714237,-0.19287
5.12689,0.116695,-0.0611469,-0.0130085,0.676185,-0.707496,-0.0712847,-0.192724
5.1279,0.116695,-0.0611469,-0.0130085,0.676185,-0.707496,-0.0712847,-0.192724
5.12889,0.11679,-0.0610989,-0.0130085,0.676076,-0.70749,-0.0715979,-0.193011
5.12989,0.11679,-0.0610989,-0.0130085,0.676076,-0.70749,-0.0715979,-0.193011
5.1309,0.116875,-0.0610336,-0.0130592,0.676201,-0.707413,-0.0713584,-0.192941
5.1319,0.116875,-0.0610336,-0.0130592,0.676201,-0.707413,-0.0713584,-0.192941
5.1329,0.11697,-0.0609855,-0.0130592,0.675938,-0.707718,-0.0707411,-0.192974
5.1339,0.11697,-0.0609855,-0.0130592,0.675938,-0.707718,-0.0707411,-0.192974
5.13489,0.117055,-0.0609201,-0.01311,0.676341,-0.707376,-0.0709799,-0.192725
5.1359,0.117055,-0.0609201,-0.01311,0.676341,-0.707376,-0.0709799,-0.192725
5.13689,0.117149,-0.0608719,-0.01311,0.676356,-0.707416,-0.0708408,-0.19258
5.13802,0.117149,-0.0608719,-0.01311,0.676356,-0.707416,-0.0708408,-0.19258
5.1389,0.117244,-0.0608238,-0.01311,0.675968,-0.707676,-0.0706759,-0.193045
5.1399,0.117244,-0.0608238,-0.01311,0.675968,-0.707676,-0.0706759,-0.193045
5.1409,0.117329,-0.0607582,-0.0131607,0.676093,-0.707599,-0.0704362,-0.192975
5.1419,0.117329,-0.0607582,-0.0131607,0.676093,-0.707599,-0.0704362,-0.192975
5.14289,0.117329,-0.0607582,-0.0131607,0.676093,-0.707599,-0.0704362,-0.192975
5.1439,0.117329,-0.0607582,-0.0131607,0.676093,-0.707599,-0.0704362,-0.192975
5.14489,0.117423,-0.06071,-0.0131607,0.676108,-0.707639,-0.0702972,-0.19283
5.14589,0.117423,-0.06071,-0.0131607,0.676108,-0.707639,-0.0702972,-0.19283
5.1469,0.117508,-0.0606444,-0.0132115,0.676109,-0.707518,-0.0705097,-0.193192
5.1479,0.117508,-0.0606444,-0.0132115,0.676109,-0.707518,-0.0705097,-0.193192
5.1489,0.117603,-0.060596,-0.0132115,0.676124,-0.707557,-0.0703707,-0.193047
5.1499,0.117603,-0.060596,-0.0132115,0.676124,-0.707557,-0.0703707,-0.193047
5.15089,0.117697,-0.0605476,-0.0132115,0.676138,-0.707597,-0.0702317,-0.192901
5.1519,0.117697,-0.0605476,-0.0132115,0.676138,-0.707597,-0.0702317,-0.192901
5.15289,0.117791,-0.0604992,-0.0132115,0.676029,-0.707592,-0.070545,-0.193188
5.15387,0.117791,-0.0604992,-0.0132115,0.676029,-0.707592,-0.070545,-0.193188
5.15489,0.117885,-0.0604508,-0.0132115,0.676044,-0.707632,-0.070406,-0.193042
5.1559,0.117885,-0.0604508,-0.0132115,0.676044,-0.707632,-0.070406,-0.193042
5.1569,0.117979,-0.0604023,-0.0132115,0.676058,-0.707671,-0.070267,-0.192897
5.1579,0.117979,-0.0604023,-0.0132115,0.676058,-0.707671,-0.070267,-0.192897
5.1589,0.118064,-0.0603364,-0.0132622,0.676059,-0.70755,-0.0704792,-0.193259
5.15989,0.118064,-0.0603364,-0.0132622,0.676059,-0.70755,-0.0704792,-0.193259
5.16091,0.118158,-0.0602879,-0.0132622,0.676074,-0.70759,-0.0703402,-0.193114
5.16188,0.118158,-0.0602879,-0.0132622,0.676074,-0.70759,-0.0703402,-0.193114
5.16289,0.118252,-0.0602393,-0.0132622,0.676088,-0.70763,-0.0702012,-0.192968
5.16389,0.118252,-0.0602393,-0.0132622,0.676088,-0.70763,-0.0702012,-0.192968
5.16492,0.118346,-0.0601906,-0.0132622,0.676103,-0.707669,-0.0700622,-0.192823
5.16591,0.118346,-0.0601906,-0.0132622,0.676103,-0.707669,-0.0700622,-0.192823
5.16692,0.11844,-0.0601419,-0.0132622,0.675994,-0.707664,-0.0703755,-0.19311
5.16792,0.11844,-0.0601419,-0.0132622,0.675994,-0.707664,-0.0703755,-0.19311
5.16888,0.118534,-0.0600932,-0.0132622,0.676008,-0.707704,-0.0702366,-0.192964
5.16987,0.118534,-0.0600932,-0.0132622,0.676008,-0.707704,-0.0702366,-0.192964
5.1709,0.118619,-0.0600272,-0.0133129,0.676133,-0.707628,-0.0699962,-0.192895
5.17189,0.118619,-0.0600272,-0.0133129,0.676133,-0.707628,-0.0699962,-0.192895
5.17289,0.118713,-0.0599784,-0.0133129,0.676147,-0.707667,-0.0698572,-0.192749
5.1739,0.118713,-0.0599784,-0.0133129,0.676147,-0.707667,-0.0698572,-0.192749
5.1749,0.118807,-0.0599295,-0.0133129,0.676161,-0.707707,-0.0697182,-0.192604
5.1759,0.118807,-0.0599295,-0.0133129,0.676161,-0.707707,-0.0697182,-0.192604
5.1769,0.118901,-0.0598807,-0.0133129,0.676052,-0.707702,-0.0700315,-0.19289
5.17788,0.118901,-0.0598807,-0.0133129,0.676052,-0.707702,-0.0700315,-0.19289
5.17889,0.118995,-0.0598318,-0.0133129,0.675786,-0.708009,-0.0694162,-0.192921
5.1799,0.118995,-0.0598318,-0.0133129,0.675786,-0.708009,-0.0694162,-0.192921
5.18089,0.119079,-0.0597655,-0.0133636,0.675909,-0.707933,-0.0691757,-0.192852
5.18189,0.119079,-0.0597655,-0.0133636,0.675909,-0.707933,-0.0691757,-0.192852
5.1829,0.119173,-0.0597165,-0.0133636,0.676205,-0.707705,-0.069513,-0.19253
5.1839,0.119173,-0.0597165,-0.0133636,0.676205,-0.707705,-0.069513,-0.19253
5.1849,0.119267,-0.0596675,-0.0133636,0.676219,-0.707745,-0.069374,-0.192385
5.18588,0.119267,-0.0596675,-0.0133636,0.676219,-0.707745,-0.069374,-0.192385
5.1869,0.119361,-0.0596184,-0.0133636,0.676234,-0.707784,-0.069235,-0.192239
5.18789,0.119361,-0.0596184,-0.0133636,0.676234,-0.707784,-0.069235,-0.192239
5.1889,0.119454,-0.0595693,-0.0133636,0.675843,-0.708048,-0.0690724,-0.192701
5.18989,0.119454,-0.0595693,-0.0133636,0.675843,-0.708048,-0.0690724,-0.192701
5.19089,0.119539,-0.0595029,-0.0134144,0.676249,-0.707704,-0.0693076,-0.192457
5.1919,0.119539,-0.0595029,-0.0134144,0.676249,-0.707704,-0.0693076,-0.192457
5.1929,0.119633,-0.0594537,-0.0134144,0.675981,-0.708011,-0.0686927,-0.192487
5.19388,0.119633,-0.0594537,-0.0134144,0.675981,-0.708011,-0.0686927,-0.192487
5.1949,0.119726,-0.0594045,-0.0134144,0.675995,-0.708051,-0.0685537,-0.192341
5.1959,0.119726,-0.0594045,-0.0134144,0.675995,-0.708051,-0.0685537,-0.192341
5.19689,0.11982,-0.0593553,-0.0134144,0.676009,-0.70809,-0.0684147,-0.192195
5.1979,0.11982,-0.0593553,-0.0134144,0.676009,-0.70809,-0.0684147,-0.192195
5.19889,0.119914,-0.059306,-0.0134144,0.6759,-0.708086,-0.0687284,-0.192482
5.19989,0.119914,-0.059306,-0.0134144,0.6759,-0.708086,-0.0687284,-0.192482
5.2009,0.119998,-0.0592394,-0.0134651,0.676024,-0.70801,-0.0684874,-0.192413
5.2019,0.119998,-0.0592394,-0.0134651,0.676024,-0.70801,-0.0684874,-0.192413
5.20289,0.120092,-0.05919,-0.0134651,0.676038,-0.70805,-0.0683484,-0.192267
5.20387,0.120092,-0.05919,-0.0134651,0.676038,-0.70805,-0.0683484,-0.192267
5.2049,0.120185,-0.0591406,-0.0134651,0.676052,-0.708089,-0.0682095,-0.192122
5.20589,0.120185,-0.0591406,-0.0134651,0.676052,-0.708089,-0.0682095,-0.192122
5.2069,0.120279,-0.0590912,-0.0134651,0.675943,-0.708085,-0.0685231,-0.192408
5.20789,0.120279,-0.0590912,-0.0134651,0.675943,-0.708085,-0.0685231,-0.192408
5.20889,0.120363,-0.0590244,-0.0135157,0.676066,-0.70801,-0.068282,-0.192339
5.2099,0.120363,-0.0590244,-0.0135157,0.676066,-0.70801,-0.068282,-0.192339
5.21101,0.120457,-0.0589749,-0.0135157,0.67577,-0.70841,-0.0684106,-0.191862
5.21195,0.120457,-0.0589749,-0.0135157,0.67577,-0.70841,-0.0684106,-0.191862
5.2129,0.120643,-0.0588757,-0.0135157,0.676108,-0.708128,-0.067865,-0.191903
5.2139,0.120643,-0.0588757,-0.0135157,0.676108,-0.708128,-0.067865,-0.191903
5.21489,0.120643,-0.0588757,-0.0135157,0.675985,-0.708085,-0.0683176,-0.192335
5.2159,0.120643,-0.0588757,-0.0135157,0.675985,-0.708085,-0.0683176,-0.192335
5.21689,0.120737,-0.0588261,-0.0135157,0.675999,-0.708124,-0.0681786,-0.192189
5.2179,0.120737,-0.0588261,-0.0135157,0.675999,-0.708124,-0.0681786,-0.192189
5.2189,0.12083,-0.0587764,-0.0135157,0.676013,-0.708164,-0.0680396,-0.192044
5.21989,0.12083,-0.0587764,-0.0135157,0.676013,-0.708164,-0.0680396,-0.192044
5.2209,0.121017,-0.058677,-0.0135157,0.675609,-0.708559,-0.0684828,-0.191851
5.22189,0.121017,-0.058677,-0.0135157,0.675609,-0.708559,-0.0684828,-0.191851
5.22291,0.121008,-0.0586597,-0.0135664,0.675718,-0.708444,-0.0683804,-0.191928
5.22389,0.121008,-0.0586597,-0.0135664,0.675718,-0.708444,-0.0683804,-0.191928
5.22489,0.121195,-0.0585601,-0.0135664,0.675746,-0.708523,-0.0681025,-0.191637
5.2259,0.121195,-0.0585601,-0.0135664,0.675746,-0.708523,-0.0681025,-0.191637
5.2269,0.121195,-0.0585601,-0.0135664,0.675623,-0.708479,-0.0685554,-0.192069
5.22789,0.121195,-0.0585601,-0.0135664,0.675623,-0.708479,-0.0685554,-0.192069
5.22891,0.121381,-0.0584604,-0.0135664,0.675651,-0.708558,-0.0682775,-0.191778
5.2299,0.121381,-0.0584604,-0.0135664,0.675651,-0.708558,-0.0682775,-0.191778
5.23089,0.121474,-0.0584104,-0.0135664,0.675665,-0.708598,-0.0681386,-0.191632
5.2319,0.121474,-0.0584104,-0.0135664,0.675665,-0.708598,-0.0681386,-0.191632
5.23289,0.121568,-0.0583604,-0.0135664,0.675679,-0.708637,-0.0679997,-0.191486
5.2339,0.121568,-0.0583604,-0.0135664,0.675679,-0.708637,-0.0679997,-0.191486
5.2349,0.121661,-0.0583104,-0.0135664,0.675571,-0.708633,-0.0683137,-0.191772
5.23589,0.121661,-0.0583104,-0.0135664,0.675571,-0.708633,-0.0683137,-0.191772
5.2369,0.121754,-0.0582604,-0.0135664,0.675585,-0.708672,-0.0681748,-0.191627
5.23789,0.121754,-0.0582604,-0.0135664,0.675585,-0.708672,-0.0681748,-0.191627
5.2389,0.121847,-0.0582103,-0.0135664,0.675599,-0.708712,-0.0680359,-0.191481
5.23989,0.121847,-0.0582103,-0.0135664,0.675599,-0.708712,-0.0680359,-0.191481
5.24089,0.12194,-0.0581602,-0.0135664,0.675613,-0.708751,-0.067897,-0.191335
5.2419,0.12194,-0.0581602,-0.0135664,0.675613,-0.708751,-0.067897,-0.191335
5.24292,0.122033,-0.05811,-0.0135664,0.675627,-0.70879,-0.0677581,-0.19119
5.24391,0.122033,-0.05811,-0.0135664,0.675627,-0.70879,-0.0677581,-0.19119
5.2449,0.122127,-0.0580598,-0.0135664,0.675519,-0.708786,-0.0680723,-0.191476
5.2459,0.122127,-0.0580598,-0.0135664,0.675519,-0.708786,-0.0680723,-0.191476
5.24689,0.12222,-0.0580096,-0.0135664,0.675533,-0.708826,-0.0679334,-0.19133
5.2479,0.12222,-0.0580096,-0.0135664,0.675533,-0.708826,-0.0679334,-0.19133
5.24889,0.122313,-0.0579593,-0.0135664,0.675547,-0.708865,-0.0677945,-0.191184
5.2499,0.122313,-0.0579593,-0.0135664,0.675547,-0.708865,-0.0677945,-0.191184
5.2509,0.122406,-0.057909,-0.0135664,0.67556,-0.708904,-0.0676556,-0.191039
5.25189,0.122406,-0.057909,-0.0135664,0.67556,-0.708904,-0.0676556,-0.191039
5.2529,0.122499,-0.0578587,-0.0135664,0.675452,-0.7089,-0.0679699,-0.191325
5.25392,0.122499,-0.0578587,-0.0135664,0.675452,-0.7089,-0.0679699,-0.191325
5.2549,0.122582,-0.057791,-0.0136171,0.675575,-0.708825,-0.0677279,-0.191257
5.25589,0.122582,-0.057791,-0.0136171,0.675575,-0.708825,-0.0677279,-0.191257
5.25689,0.122675,-0.0577406,-0.0136171,0.675588,-0.708864,-0.067589,-0.191111
5.2579,0.122675,-0.0577406,-0.0136171,0.675588,-0.708864,-0.067589,-0.191111
5.25889,0.122768,-0.0576901,-0.0136171,0.675602,-0.708904,-0.0674501,-0.190965
5.26003,0.122768,-0.0576901,-0.0136171,0.675602,-0.708904,-0.0674501,-0.190965
5.2609,0.122861,-0.0576396,-0.0136171,0.675494,-0.7089,-0.0677643,-0.191251
5.2619,0.122861,-0.0576396,-0.0136171,0.675494,-0.7089,-0.0677643,-0.191251
5.26289,0.122954,-0.0575891,-0.0136171,0.675508,-0.708939,-0.0676254,-0.191105
5.2639,0.122954,-0.0575891,-0.0136171,0.675508,-0.708939,-0.0676254,-0.191105
5.26489,0.123047,-0.0575385,-0.0136171,0.675522,-0.708978,-0.0674866,-0.19096
5.2659,0.123047,-0.0575385,-0.0136171,0.675522,-0.708978,-0.0674866,-0.19096
5.2669,0.12314,-0.0574879,-0.0136171,0.675536,-0.709018,-0.0673477,-0.190814
5.26789,0.12314,-0.0574879,-0.0136171,0.675536,-0.709018,-0.0673477,-0.190814
5.2689,0.123233,-0.0574372,-0.0136171,0.67555,-0.709057,-0.0672088,-0.190668
5.26989,0.123233,-0.0574372,-0.0136171,0.67555,-0.709057,-0.0672088,-0.190668
5.2709,0.123326,-0.0573865,-0.0136171,0.675154,-0.709325,-0.0670509,-0.191124
5.27188,0.123326,-0.0573865,-0.0136171,0.675154,-0.709325,-0.0670509,-0.191124
5.27291,0.123418,-0.0573358,-0.0136171,0.675168,-0.709364,-0.066912,-0.190978
5.2739,0.123418,-0.0573358,-0.0136171,0.675168,-0.709364,-0.066912,-0.190978
5.27492,0.123511,-0.057285,-0.0136171,0.675182,-0.709404,-0.0667732,-0.190833
5.27589,0.123511,-0.057285,-0.0136171,0.675182,-0.709404,-0.0667732,-0.190833
5.27691,0.123604,-0.0572342,-0.0136171,0.675196,-0.709443,-0.0666344,-0.190687
5.27789,0.123604,-0.0572342,-0.0136171,0.675196,-0.709443,-0.0666344,-0.190687
5.27889,0.123697,-0.0571834,-0.0136171,0.675209,-0.709482,-0.0664956,-0.190541
5.2799,0.123697,-0.0571834,-0.0136171,0.675209,-0.709482,-0.0664956,-0.190541
5.28089,0.12379,-0.0571325,-0.0136171,0.675101,-0.709479,-0.0668103,-0.190827
5.2819,0.12379,-0.0571325,-0.0136171,0.675101,-0.709479,-0.0668103,-0.190827
5.2829,0.123882,-0.0570816,-0.0136171,0.675421,-0.709161,-0.0663996,-0.191018
5.28389,0.123882,-0.0570816,-0.0136171,0.675421,-0.709161,-0.0663996,-0.191018
5.2849,0.123975,-0.0570306,-0.0136171,0.675435,-0.7092,-0.0662607,-0.190872
5.28589,0.123975,-0.0570306,-0.0136171,0.675435,-0.7092,-0.0662607,-0.190872
5.2869,0.124058,-0.0569624,-0.0136678,0.675556,-0.709126,-0.0660181,-0.190804
5.28791,0.124058,-0.0569624,-0.0136678,0.675556,-0.709126,-0.0660181,-0.190804
5.28889,0.124151,-0.0569114,-0.0136678,0.67557,-0.709165,-0.0658792,-0.190658
5.2899,0.124151,-0.0569114,-0.0136678,0.67557,-0.709165,-0.0658792,-0.190658
5.29091,0.124243,-0.0568603,-0.0136678,0.675461,-0.709162,-0.0661936,-0.190944
5.29193,0.124243,-0.0568603,-0.0136678,0.675461,-0.709162,-0.0661936,-0.190944
5.2929,0.124336,-0.0568092,-0.0136678,0.675475,-0.709201,-0.0660547,-0.190799
5.29389,0.124336,-0.0568092,-0.0136678,0.675475,-0.709201,-0.0660547,-0.190799
5.29489,0.124429,-0.0567581,-0.0136678,0.675489,-0.70924,-0.0659159,-0.190653
5.2959,0.124429,-0.0567581,-0.0136678,0.675489,-0.70924,-0.0659159,-0.190653
5.29689,0.124521,-0.0567069,-0.0136678,0.675502,-0.709279,-0.065777,-0.190507
5.2979,0.124521,-0.0567069,-0.0136678,0.675502,-0.709279,-0.065777,-0.190507
5.2989,0.124614,-0.0566557,-0.0136678,0.675394,-0.709277,-0.0660915,-0.190793
5.29989,0.124614,-0.0566557,-0.0136678,0.675394,-0.709277,-0.0660915,-0.190793
5.30091,0.124706,-0.0566044,-0.0136678,0.675407,-0.709316,-0.0659526,-0.190647
5.30189,0.124706,-0.0566044,-0.0136678,0.675407,-0.709316,-0.0659526,-0.190647
5.3029,0.124799,-0.0565531,-0.0136678,0.675421,-0.709355,-0.0658138,-0.190501
5.30389,0.124799,-0.0565531,-0.0136678,0.675421,-0.709355,-0.0658138,-0.190501
5.30488,0.124891,-0.0565018,-0.0136678,0.675313,-0.709352,-0.0661283,-0.190787
5.3059,0.124891,-0.0565018,-0.0136678,0.675313,-0.709352,-0.0661283,-0.190787
5.30689,0.124984,-0.0564504,-0.0136678,0.675326,-0.709391,-0.0659895,-0.190641
5.30789,0.124984,-0.0564504,-0.0136678,0.675326,-0.709391,-0.0659895,-0.190641
5.3089,0.125076,-0.056399,-0.0136678,0.67534,-0.70943,-0.0658506,-0.190495
5.30989,0.125076,-0.056399,-0.0136678,0.67534,-0.70943,-0.0658506,-0.190495
5.31089,0.125159,-0.0563304,-0.0137184,0.675461,-0.709356,-0.0656075,-0.190428
5.3119,0.125159,-0.0563304,-0.0137184,0.675461,-0.709356,-0.0656075,-0.190428
5.31288,0.125251,-0.0562789,-0.0137184,0.675062,-0.709627,-0.065452,-0.190882
5.3139,0.125251,-0.0562789,-0.0137184,0.675062,-0.709627,-0.065452,-0.190882
5.3149,0.125344,-0.0562274,-0.0137184,0.675366,-0.709392,-0.0657832,-0.190568
5.31589,0.125344,-0.0562274,-0.0137184,0.675366,-0.709392,-0.0657832,-0.190568
5.3169,0.125436,-0.0561758,-0.0137184,0.675379,-0.709431,-0.0656444,-0.190422
5.31789,0.125436,-0.0561758,-0.0137184,0.675379,-0.709431,-0.0656444,-0.190422
5.3189,0.125528,-0.0561242,-0.0137184,0.675393,-0.70947,-0.0655055,-0.190276
5.31989,0.125528,-0.0561242,-0.0137184,0.675393,-0.70947,-0.0655055,-0.190276
5.32088,0.12562,-0.0560726,-0.0137184,0.67571,-0.709154,-0.0650926,-0.19047
5.3219,0.12562,-0.0560726,-0.0137184,0.67571,-0.709154,-0.0650926,-0.19047
5.32289,0.125713,-0.0560209,-0.0137184,0.675311,-0.709427,-0.0649376,-0.190924
5.32393,0.125713,-0.0560209,-0.0137184,0.675311,-0.709427,-0.0649376,-0.190924
5.3249,0.125805,-0.0559692,-0.0137184,0.675324,-0.709466,-0.0647987,-0.190778
5.32589,0.125805,-0.0559692,-0.0137184,0.675324,-0.709466,-0.0647987,-0.190778
5.32689,0.125897,-0.0559174,-0.0137184,0.675629,-0.70923,-0.0651292,-0.190464
5.3279,0.125897,-0.0559174,-0.0137184,0.675629,-0.70923,-0.0651292,-0.190464
5.32888,0.125989,-0.0558656,-0.0137184,0.675642,-0.709269,-0.0649903,-0.190318
5.3299,0.125989,-0.0558656,-0.0137184,0.675642,-0.709269,-0.0649903,-0.190318
5.3309,0.126072,-0.0557967,-0.0137691,0.675471,-0.70947,-0.0642775,-0.190419
5.33189,0.126072,-0.0557967,-0.0137691,0.675471,-0.70947,-0.0642775,-0.190419
5.3329,0.126164,-0.0557448,-0.0137691,0.675363,-0.709468,-0.0645921,-0.190705
5.33389,0.126164,-0.0557448,-0.0137691,0.675363,-0.709468,-0.0645921,-0.190705
5.3349,0.126256,-0.0556929,-0.0137691,0.675376,-0.709507,-0.0644533,-0.190559
5.33589,0.126256,-0.0556929,-0.0137691,0.675376,-0.709507,-0.0644533,-0.190559
5.33689,0.126348,-0.055641,-0.0137691,0.675389,-0.709546,-0.0643144,-0.190413
5.3379,0.126348,-0.055641,-0.0137691,0.675389,-0.709546,-0.0643144,-0.190413
5.33891,0.126348,-0.055641,-0.0137691,0.675267,-0.709505,-0.0647679,-0.190845
5.33989,0.126348,-0.055641,-0.0137691,0.675267,-0.709505,-0.0647679,-0.190845
5.3409,0.126533,-0.055537,-0.0137691,0.675294,-0.709583,-0.0644903,-0.190553
5.34189,0.126533,-0.055537,-0.0137691,0.675294,-0.709583,-0.0644903,-0.190553
5.34288,0.126625,-0.0554849,-0.0137691,0.675307,-0.709623,-0.0643514,-0.190407
5.3439,0.126625,-0.0554849,-0.0137691,0.675307,-0.709623,-0.0643514,-0.190407
5.34489,0.126707,-0.0554157,-0.0138197,0.675427,-0.709548,-0.0641076,-0.19034
5.3459,0.126707,-0.0554157,-0.0138197,0.675427,-0.709548,-0.0641076,-0.19034
5.3469,0.126707,-0.0554157,-0.0138197,0.675305,-0.709507,-0.0645611,-0.190772
5.34789,0.126707,-0.0554157,-0.0138197,0.675305,-0.709507,-0.0645611,-0.190772
5.3489,0.126891,-0.0553114,-0.0138197,0.675332,-0.709586,-0.0642834,-0.19048
5.34991,0.126891,-0.0553114,-0.0138197,0.675332,-0.709586,-0.0642834,-0.19048
5.3509,0.126891,-0.0553114,-0.0138197,0.675332,-0.709586,-0.0642834,-0.19048
5.35189,0.126891,-0.0553114,-0.0138197,0.675332,-0.709586,-0.0642834,-0.19048
5.35289,0.126983,-0.0552592,-0.0138197,0.675345,-0.709625,-0.0641446,-0.190334
5.3539,0.126983,-0.0552592,-0.0138197,0.675345,-0.709625,-0.0641446,-0.190334
5.35489,0.127075,-0.055207,-0.0138197,0.675358,-0.709664,-0.0640057,-0.190189
5.35589,0.127075,-0.055207,-0.0138197,0.675358,-0.709664,-0.0640057,-0.190189
5.3569,0.127167,-0.0551547,-0.0138197,0.67525,-0.709662,-0.0643205,-0.190474
5.35789,0.127167,-0.0551547,-0.0138197,0.67525,-0.709662,-0.0643205,-0.190474
5.35888,0.127249,-0.0550853,-0.0138704,0.675369,-0.709588,-0.0640764,-0.190408
5.3599,0.127249,-0.0550853,-0.0138704,0.675369,-0.709588,-0.0640764,-0.190408
5.36089,0.127341,-0.0550329,-0.0138704,0.675383,-0.709627,-0.0639376,-0.190262
5.3619,0.127341,-0.0550329,-0.0138704,0.675383,-0.709627,-0.0639376,-0.190262
5.3629,0.127433,-0.0549806,-0.0138704,0.675396,-0.709666,-0.0637987,-0.190116
5.36391,0.127433,-0.0549806,-0.0138704,0.675396,-0.709666,-0.0637987,-0.190116
5.3649,0.127524,-0.0549281,-0.0138704,0.675287,-0.709665,-0.0641134,-0.190402
5.36589,0.127524,-0.0549281,-0.0138704,0.675287,-0.709665,-0.0641134,-0.190402
5.36692,0.127616,-0.0548757,-0.0138704,0.6753,-0.709704,-0.0639746,-0.190256
5.36791,0.127616,-0.0548757,-0.0138704,0.6753,-0.709704,-0.0639746,-0.190256
5.36892,0.127616,-0.0548757,-0.0138704,0.6753,-0.709704,-0.0639746,-0.190256
5.36989,0.127698,-0.0548061,-0.013921,0.67542,-0.70963,-0.0637303,-0.19019
5.37088,0.127698,-0.0548061,-0.013921,0.67542,-0.70963,-0.0637303,-0.19019
5.37189,0.12779,-0.0547535,-0.013921,0.675433,-0.709669,-0.0635915,-0.190044
5.37288,0.12779,-0.0547535,-0.013921,0.675433,-0.709669,-0.0635915,-0.190044
5.37393,0.127973,-0.0546484,-0.013921,0.675459,-0.709747,-0.0633137,-0.189752
5.37489,0.127973,-0.0546484,-0.013921,0.675459,-0.709747,-0.0633137,-0.189752
5.37589,0.128065,-0.0545957,-0.013921,0.675057,-0.710023,-0.0631615,-0.190203
5.3769,0.128065,-0.0545957,-0.013921,0.675057,-0.710023,-0.0631615,-0.190203
5.37789,0.128157,-0.054543,-0.013921,0.67507,-0.710062,-0.0630227,-0.190057
5.37888,0.128157,-0.054543,-0.013921,0.67507,-0.710062,-0.0630227,-0.190057
5.37989,0.128238,-0.0544732,-0.0139716,0.675189,-0.709988,-0.0627782,-0.18999
5.38089,0.128238,-0.0544732,-0.0139716,0.675189,-0.709988,-0.0627782,-0.18999
5.38189,0.12833,-0.0544205,-0.0139716,0.675202,-0.710027,-0.0626394,-0.189844
5.3829,0.12833,-0.0544205,-0.0139716,0.675202,-0.710027,-0.0626394,-0.189844
5.38389,0.128422,-0.0543677,-0.0139716,0.675093,-0.710026,-0.0629544,-0.19013
5.38489,0.128422,-0.0543677,-0.0139716,0.675093,-0.710026,-0.0629544,-0.19013
5.38589,0.128513,-0.0543148,-0.0139716,0.675106,-0.710065,-0.0628156,-0.189984
5.38689,0.128513,-0.0543148,-0.0139716,0.675106,-0.710065,-0.0628156,-0.189984
5.38789,0.128595,-0.0542448,-0.0140222,0.675225,-0.709991,-0.0625709,-0.189918
5.38888,0.128595,-0.0542448,-0.0140222,0.675225,-0.709991,-0.0625709,-0.189918
5.38992,0.128686,-0.0541919,-0.0140222,0.675238,-0.71003,-0.0624321,-0.189772
5.39091,0.128686,-0.0541919,-0.0140222,0.675238,-0.71003,-0.0624321,-0.189772
5.39191,0.128778,-0.054139,-0.0140222,0.67525,-0.710069,-0.0622933,-0.189626
5.39289,0.128778,-0.054139,-0.0140222,0.67525,-0.710069,-0.0622933,-0.189626
5.39389,0.128869,-0.054086,-0.0140222,0.675142,-0.710068,-0.0626083,-0.189911
5.39489,0.128869,-0.054086,-0.0140222,0.675142,-0.710068,-0.0626083,-0.189911
5.39589,0.128961,-0.054033,-0.0140222,0.675155,-0.710107,-0.0624695,-0.189765
5.39689,0.128961,-0.054033,-0.0140222,0.675155,-0.710107,-0.0624695,-0.189765
5.39789,0.129052,-0.05398,-0.0140222,0.675168,-0.710146,-0.0623307,-0.189619
5.39889,0.129052,-0.05398,-0.0140222,0.675168,-0.710146,-0.0623307,-0.189619
5.39989,0.129144,-0.0539269,-0.0140222,0.67518,-0.710185,-0.0621919,-0.189473
5.40089,0.129144,-0.0539269,-0.0140222,0.67518,-0.710185,-0.0621919,-0.189473
5.40189,0.129225,-0.0538567,-0.0140728,0.675178,-0.710072,-0.0624009,-0.189839
5.4029,0.129225,-0.0538567,-0.0140728,0.675178,-0.710072,-0.0624009,-0.189839
5.40389,0.129317,-0.0538035,-0.0140728,0.675191,-0.710111,-0.062262,-0.189693
5.40489,0.129317,-0.0538035,-0.0140728,0.675191,-0.710111,-0.062262,-0.189693
5.40592,0.129408,-0.0537503,-0.0140728,0.674907,-0.710428,-0.0616575,-0.18971
5.40689,0.129408,-0.0537503,-0.0140728,0.674907,-0.710428,-0.0616575,-0.18971
5.40789,0.129499,-0.0536971,-0.0140728,0.675216,-0.710189,-0.0619844,-0.189401
5.40889,0.129499,-0.0536971,-0.0140728,0.675216,-0.710189,-0.0619844,-0.189401
5.40989,0.12959,-0.0536438,-0.0140728,0.674933,-0.710506,-0.0613799,-0.189418
5.41089,0.12959,-0.0536438,-0.0140728,0.674933,-0.710506,-0.0613799,-0.189418
5.41189,0.129682,-0.0535905,-0.0140728,0.674945,-0.710545,-0.0612412,-0.189272
5.41289,0.129682,-0.0535905,-0.0140728,0.674945,-0.710545,-0.0612412,-0.189272
5.41389,0.129763,-0.0535201,-0.0141234,0.674942,-0.710433,-0.0614501,-0.189637
5.41489,0.129763,-0.0535201,-0.0141234,0.674942,-0.710433,-0.0614501,-0.189637
5.41589,0.129854,-0.0534667,-0.0141234,0.674955,-0.710472,-0.0613114,-0.189491
5.41689,0.129854,-0.0534667,-0.0141234,0.674955,-0.710472,-0.0613114,-0.189491
5.41788,0.129945,-0.0534133,-0.0141234,0.674968,-0.71051,-0.0611726,-0.189345
5.41889,0.129945,-0.0534133,-0.0141234,0.674968,-0.71051,-0.0611726,-0.189345
5.41988,0.130128,-0.0533063,-0.0141234,0.674993,-0.710588,-0.0608951,-0.189053
5.42088,0.130128,-0.0533063,-0.0141234,0.674993,-0.710588,-0.0608951,-0.189053
5.42189,0.130219,-0.0532528,-0.0141234,0.675181,-0.710238,-0.060931,-0.189684
5.42288,0.130219,-0.0532528,-0.0141234,0.675181,-0.710238,-0.060931,-0.189684
5.42388,0.13031,-0.0531992,-0.0141234,0.675194,-0.710277,-0.0607922,-0.189538
5.42488,0.13031,-0.0531992,-0.0141234,0.675194,-0.710277,-0.0607922,-0.189538
5.42588,0.130391,-0.0531285,-0.014174,0.675311,-0.710203,-0.0605467,-0.189473
5.42688,0.130391,-0.0531285,-0.014174,0.675311,-0.710203,-0.0605467,-0.189473
5.42789,0.130482,-0.0530749,-0.014174,0.675324,-0.710242,-0.0604078,-0.189327
5.42889,0.130482,-0.0530749,-0.014174,0.675324,-0.710242,-0.0604078,-0.189327
5.42988,0.130573,-0.0530212,-0.014174,0.675336,-0.710281,-0.060269,-0.189181
5.43091,0.130573,-0.0530212,-0.014174,0.675336,-0.710281,-0.060269,-0.189181
5.43189,0.130664,-0.0529675,-0.014174,0.675348,-0.71032,-0.0601301,-0.189035
5.43288,0.130664,-0.0529675,-0.014174,0.675348,-0.71032,-0.0601301,-0.189035
5.43389,0.130755,-0.0529138,-0.014174,0.67524,-0.710321,-0.0604453,-0.18932
5.43489,0.130755,-0.0529138,-0.014174,0.67524,-0.710321,-0.0604453,-0.18932
5.43588,0.130846,-0.05286,-0.014174,0.675252,-0.710359,-0.0603065,-0.189174
5.43688,0.130846,-0.05286,-0.014174,0.675252,-0.710359,-0.0603065,-0.189174
5.43788,0.130927,-0.0527891,-0.0142246,0.67537,-0.710286,-0.0600608,-0.189109
5.43888,0.130927,-0.0527891,-0.0142246,0.67537,-0.710286,-0.0600608,-0.189109
5.43989,0.131018,-0.0527352,-0.0142246,0.675382,-0.710325,-0.0599219,-0.188963
5.44088,0.131018,-0.0527352,-0.0142246,0.675382,-0.710325,-0.0599219,-0.188963
5.44188,0.131109,-0.0526813,-0.0142246,0.675096,-0.710643,-0.059319,-0.188978
5.44288,0.131109,-0.0526813,-0.0142246,0.675096,-0.710643,-0.059319,-0.188978
5.44388,0.1312,-0.0526274,-0.0142246,0.675108,-0.710682,-0.0591802,-0.188832
5.44488,0.1312,-0.0526274,-0.0142246,0.675108,-0.710682,-0.0591802,-0.188832
5.44589,0.13129,-0.0525734,-0.0142246,0.675,-0.710683,-0.0594957,-0.189117
5.44688,0.13129,-0.0525734,-0.0142246,0.675,-0.710683,-0.0594957,-0.189117
5.44789,0.131371,-0.0525023,-0.0142751,0.675116,-0.71061,-0.0592498,-0.189052
5.44889,0.131371,-0.0525023,-0.0142751,0.675116,-0.71061,-0.0592498,-0.189052
5.44988,0.131462,-0.0524483,-0.0142751,0.675129,-0.710649,-0.059111,-0.188906
5.4509,0.131462,-0.0524483,-0.0142751,0.675129,-0.710649,-0.059111,-0.188906
5.45192,0.131553,-0.0523942,-0.0142751,0.675141,-0.710688,-0.0589722,-0.18876
5.45289,0.131553,-0.0523942,-0.0142751,0.675141,-0.710688,-0.0589722,-0.18876
5.45388,0.131643,-0.0523401,-0.0142751,0.675153,-0.710727,-0.0588334,-0.188613
5.45488,0.131643,-0.0523401,-0.0142751,0.675153,-0.710727,-0.0588334,-0.188613
5.45588,0.131734,-0.0522859,-0.0142751,0.675044,-0.710728,-0.0591488,-0.188899
5.45688,0.131734,-0.0522859,-0.0142751,0.675044,-0.710728,-0.0591488,-0.188899
5.45788,0.131825,-0.0522318,-0.0142751,0.675057,-0.710766,-0.0590101,-0.188753
5.45889,0.131825,-0.0522318,-0.0142751,0.675057,-0.710766,-0.0590101,-0.188753
5.4599,0.131916,-0.0521775,-0.0142751,0.675069,-0.710805,-0.0588713,-0.188607
5.46094,0.131916,-0.0521775,-0.0142751,0.675069,-0.710805,-0.0588713,-0.188607
5.4619,0.131996,-0.0521062,-0.0143257,0.675185,-0.710732,-0.0586251,-0.188541
5.4629,0.131996,-0.0521062,-0.0143257,0.675185,-0.710732,-0.0586251,-0.188541
5.4639,0.132087,-0.0520519,-0.0143257,0.675197,-0.710771,-0.0584863,-0.188395
5.46489,0.132087,-0.0520519,-0.0143257,0.675197,-0.710771,-0.0584863,-0.188395
5.46589,0.132177,-0.0519976,-0.0143257,0.675089,-0.710772,-0.0588018,-0.188681
5.46689,0.132177,-0.0519976,-0.0143257,0.675089,-0.710772,-0.0588018,-0.188681
5.46789,0.132268,-0.0519432,-0.0143257,0.675101,-0.710811,-0.058663,-0.188534
5.4689,0.132268,-0.0519432,-0.0143257,0.675101,-0.710811,-0.058663,-0.188534
5.46989,0.132358,-0.0518888,-0.0143257,0.675113,-0.71085,-0.0585242,-0.188388
5.47089,0.132358,-0.0518888,-0.0143257,0.675113,-0.71085,-0.0585242,-0.188388
5.47188,0.132449,-0.0518343,-0.0143257,0.675125,-0.710888,-0.0583854,-0.188242
5.47289,0.132449,-0.0518343,-0.0143257,0.675125,-0.710888,-0.0583854,-0.188242
5.47388,0.13263,-0.0517253,-0.0143257,0.675149,-0.710966,-0.0581078,-0.18795
5.4749,0.13263,-0.0517253,-0.0143257,0.675149,-0.710966,-0.0581078,-0.18795
5.47589,0.132721,-0.0516708,-0.0143257,0.67486,-0.711285,-0.0575064,-0.187963
5.47691,0.132721,-0.0516708,-0.0143257,0.67486,-0.711285,-0.0575064,-0.187963
5.47789,0.132811,-0.0516162,-0.0143257,0.674752,-0.711287,-0.0578223,-0.188248
5.47889,0.132811,-0.0516162,-0.0143257,0.674752,-0.711287,-0.0578223,-0.188248
5.47989,0.132811,-0.0516162,-0.0143257,0.674752,-0.711287,-0.0578223,-0.188248
5.48089,0.132901,-0.0515616,-0.0143257,0.674764,-0.711326,-0.0576836,-0.188102
5.48189,0.132901,-0.0515616,-0.0143257,0.674764,-0.711326,-0.0576836,-0.188102
5.48289,0.132992,-0.0515069,-0.0143257,0.674776,-0.711364,-0.0575449,-0.187956
5.48389,0.132992,-0.0515069,-0.0143257,0.674776,-0.711364,-0.0575449,-0.187956
5.48489,0.133082,-0.0514522,-0.0143257,0.674787,-0.711403,-0.0574061,-0.187809
5.48592,0.133173,-0.0513974,-0.0143257,0.674679,-0.711405,-0.0577221,-0.188094
5.48688,0.133173,-0.0513974,-0.0143257,0.674679,-0.711405,-0.0577221,-0.188094
5.48788,0.133173,-0.0513974,-0.0143257,0.674679,-0.711405,-0.0577221,-0.188094
5.48889,0.133263,-0.0513427,-0.0143257,0.674691,-0.711443,-0.0575834,-0.187948
5.48993,0.133353,-0.0512879,-0.0143257,0.674703,-0.711482,-0.0574447,-0.187802
5.49089,0.133353,-0.0512879,-0.0143257,0.674703,-0.711482,-0.0574447,-0.187802
5.49189,0.133444,-0.051233,-0.0143257,0.674715,-0.711521,-0.057306,-0.187656
5.49292,0.133444,-0.051233,-0.0143257,0.674715,-0.711521,-0.057306,-0.187656
5.49389,0.133534,-0.0511781,-0.0143257,0.674606,-0.711523,-0.0576221,-0.18794
5.49489,0.133534,-0.0511781,-0.0143257,0.674606,-0.711523,-0.0576221,-0.18794
5.49589,0.133624,-0.0511232,-0.0143257,0.674618,-0.711561,-0.0574834,-0.187794
5.49689,0.133624,-0.0511232,-0.0143257,0.674618,-0.711561,-0.0574834,-0.187794
5.49789,0.133704,-0.0510512,-0.0143763,0.674734,-0.711488,-0.0572366,-0.187729
5.49889,0.133704,-0.0510512,-0.0143763,0.674734,-0.711488,-0.0572366,-0.187729
5.49988,0.133794,-0.0509962,-0.0143763,0.674626,-0.71149,-0.0575526,-0.188014
5.50089,0.133794,-0.0509962,-0.0143763,0.674626,-0.71149,-0.0575526,-0.188014
5.50189,0.133884,-0.0509412,-0.0143763,0.674637,-0.711529,-0.0574139,-0.187868
5.50288,0.133884,-0.0509412,-0.0143763,0.674637,-0.711529,-0.0574139,-0.187868
5.50388,0.134065,-0.050831,-0.0143763,0.674238,-0.711852,-0.0571305,-0.188164
5.50489,0.134065,-0.050831,-0.0143763,0.674238,-0.711852,-0.0571305,-0.188164
5.50588,0.134155,-0.0507758,-0.0143763,0.674553,-0.711608,-0.0574527,-0.18786
5.50691,0.134155,-0.0507758,-0.0143763,0.674553,-0.711608,-0.0574527,-0.18786
5.50789,0.134245,-0.0507207,-0.0143763,0.674565,-0.711647,-0.057314,-0.187714
5.50891,0.134245,-0.0507207,-0.0143763,0.674565,-0.711647,-0.057314,-0.187714
5.50989,0.134335,-0.0506654,-0.0143763,0.674456,-0.711649,-0.0576302,-0.187999
5.51089,0.134335,-0.0506654,-0.0143763,0.674456,-0.711649,-0.0576302,-0.187999
5.51189,0.134425,-0.0506102,-0.0143763,0.674165,-0.71197,-0.0570311,-0.18801
5.51288,0.134425,-0.0506102,-0.0143763,0.674165,-0.71197,-0.0570311,-0.18801
5.51388,0.134515,-0.0505549,-0.0143763,0.674177,-0.712009,-0.0568925,-0.187863
5.51489,0.134515,-0.0505549,-0.0143763,0.674177,-0.712009,-0.0568925,-0.187863
5.51588,0.134605,-0.0504996,-0.0143763,0.674068,-0.712011,-0.057209,-0.188148
5.51688,0.134605,-0.0504996,-0.0143763,0.674068,-0.712011,-0.057209,-0.188148
5.51791,0.134695,-0.0504442,-0.0143763,0.67408,-0.71205,-0.0570704,-0.188001
5.51888,0.134695,-0.0504442,-0.0143763,0.67408,-0.71205,-0.0570704,-0.188001
5.51988,0.134785,-0.0503888,-0.0143763,0.673971,-0.712052,-0.057387,-0.188286
5.52088,0.134785,-0.0503888,-0.0143763,0.673971,-0.712052,-0.057387,-0.188286
5.52188,0.134875,-0.0503333,-0.0143763,0.673983,-0.71209,-0.0572484,-0.188139
5.52288,0.134875,-0.0503333,-0.0143763,0.673983,-0.71209,-0.0572484,-0.188139
5.52388,0.134965,-0.0502779,-0.0143763,0.673875,-0.712092,-0.057565,-0.188424
5.52491,0.134965,-0.0502779,-0.0143763,0.673875,-0.712092,-0.057565,-0.188424
5.52589,0.135055,-0.0502224,-0.0143763,0.673886,-0.712131,-0.0574265,-0.188277
5.52689,0.135055,-0.0502224,-0.0143763,0.673886,-0.712131,-0.0574265,-0.188277
5.52789,0.135145,-0.0501668,-0.0143763,0.673778,-0.712133,-0.0577431,-0.188562
5.52888,0.135145,-0.0501668,-0.0143763,0.673778,-0.712133,-0.0577431,-0.188562
5.52988,0.135234,-0.0501112,-0.0143763,0.673669,-0.712135,-0.0580598,-0.188846
5.53088,0.135234,-0.0501112,-0.0143763,0.673669,-0.712135,-0.0580598,-0.188846
5.53188,0.135324,-0.0500556,-0.0143763,0.673681,-0.712174,-0.0579213,-0.188699
5.53288,0.135324,-0.0500556,-0.0143763,0.673681,-0.712174,-0.0579213,-0.188699
5.53389,0.135414,-0.0499999,-0.0143763,0.673267,-0.71246,-0.0577794,-0.189139
5.53488,0.135414,-0.0499999,-0.0143763,0.673267,-0.71246,-0.0577794,-0.189139
5.53588,0.135504,-0.0499442,-0.0143763,0.673279,-0.712499,-0.0576409,-0.188992
5.53691,0.135504,-0.0499442,-0.0143763,0.673279,-0.712499,-0.0576409,-0.188992
5.53788,0.135594,-0.0498885,-0.0143763,0.67317,-0.712501,-0.0579579,-0.189276
5.53888,0.135594,-0.0498885,-0.0143763,0.67317,-0.712501,-0.0579579,-0.189276
5.53989,0.135683,-0.0498327,-0.0143763,0.673061,-0.712503,-0.058275,-0.18956
5.5409,0.135683,-0.0498327,-0.0143763,0.673061,-0.712503,-0.058275,-0.18956
5.5419,0.135773,-0.0497769,-0.0143763,0.673667,-0.711913,-0.0583079,-0.189613
5.54288,0.135773,-0.0497769,-0.0143763,0.673667,-0.711913,-0.0583079,-0.189613
5.54389,0.135863,-0.049721,-0.0143763,0.673251,-0.7122,-0.0581669,-0.190052
5.54488,0.135863,-0.049721,-0.0143763,0.673251,-0.7122,-0.0581669,-0.190052
5.54589,0.135952,-0.0496652,-0.0143763,0.673263,-0.71224,-0.0580285,-0.189905
5.54688,0.135952,-0.0496652,-0.0143763,0.673263,-0.71224,-0.0580285,-0.189905
5.54788,0.136042,-0.0496092,-0.0143763,0.673154,-0.712241,-0.0583453,-0.190189
5.54888,0.136042,-0.0496092,-0.0143763,0.673154,-0.712241,-0.0583453,-0.190189
5.54988,0.136132,-0.0495533,-0.0143763,0.673044,-0.712243,-0.0586622,-0.190473
5.55088,0.136132,-0.0495533,-0.0143763,0.673044,-0.712243,-0.0586622,-0.190473
5.5519,0.136221,-0.0494973,-0.0143763,0.673056,-0.712282,-0.0585238,-0.190327
5.55289,0.136221,-0.0494973,-0.0143763,0.673056,-0.712282,-0.0585238,-0.190327
5.55391,0.136311,-0.0494412,-0.0143763,0.672947,-0.712284,-0.0588407,-0.19061
5.55489,0.136311,-0.0494412,-0.0143763,0.672947,-0.712284,-0.0588407,-0.19061
5.55588,0.1364,-0.0493852,-0.0143763,0.673245,-0.711981,-0.0584146,-0.19082
5.5569,0.1364,-0.0493852,-0.0143763,0.673245,-0.711981,-0.0584146,-0.19082
5.55791,0.13649,-0.0493291,-0.0143763,0.673135,-0.711983,-0.0587313,-0.191104
5.55891,0.13649,-0.0493291,-0.0143763,0.673135,-0.711983,-0.0587313,-0.191104
5.55988,0.136579,-0.0492729,-0.0143763,0.672717,-0.712272,-0.058592,-0.191541
5.56088,0.136579,-0.0492729,-0.0143763,0.672717,-0.712272,-0.058592,-0.191541
5.56188,0.136669,-0.0492168,-0.0143763,0.672729,-0.712311,-0.0584537,-0.191394
5.56289,0.136669,-0.0492168,-0.0143763,0.672729,-0.712311,-0.0584537,-0.191394
5.56389,0.136758,-0.0491605,-0.0143763,0.672619,-0.712313,-0.0587707,-0.191678
5.56489,0.136758,-0.0491605,-0.0143763,0.672619,-0.712313,-0.0587707,-0.191678
5.56588,0.136848,-0.0491043,-0.0143763,0.672916,-0.712011,-0.0583439,-0.191888
5.56688,0.136848,-0.0491043,-0.0143763,0.672916,-0.712011,-0.0583439,-0.191888
5.56788,0.136937,-0.049048,-0.0143763,0.672928,-0.71205,-0.0582055,-0.191742
5.56888,0.136937,-0.049048,-0.0143763,0.672928,-0.71205,-0.0582055,-0.191742
5.56991,0.137026,-0.0489917,-0.0143763,0.672817,-0.712052,-0.0585223,-0.192026
5.57089,0.137026,-0.0489917,-0.0143763,0.672817,-0.712052,-0.0585223,-0.192026
5.57192,0.137105,-0.0489184,-0.0144268,0.672808,-0.711945,-0.0587286,-0.192392
5.5729,0.137105,-0.0489184,-0.0144268,0.672808,-0.711945,-0.0587286,-0.192392
5.57388,0.137195,-0.048862,-0.0144268,0.67282,-0.711984,-0.0585903,-0.192246
5.57488,0.137195,-0.048862,-0.0144268,0.67282,-0.711984,-0.0585903,-0.192246
5.57588,0.137284,-0.0488056,-0.0144268,0.672832,-0.712024,-0.0584519,-0.1921
5.57689,0.137284,-0.0488056,-0.0144268,0.672832,-0.712024,-0.0584519,-0.1921
5.57788,0.137373,-0.0487491,-0.0144268,0.672721,-0.712026,-0.0587687,-0.192383
5.57889,0.137373,-0.0487491,-0.0144268,0.672721,-0.712026,-0.0587687,-0.192383
5.57993,0.137462,-0.0486926,-0.0144268,0.672733,-0.712065,-0.0586304,-0.192237
5.58088,0.137462,-0.0486926,-0.0144268,0.672733,-0.712065,-0.0586304,-0.192237
5.58189,0.137552,-0.0486361,-0.0144268,0.672906,-0.711727,-0.0586573,-0.192879
5.58288,0.137552,-0.0486361,-0.0144268,0.672906,-0.711727,-0.0586573,-0.192879
5.58388,0.137641,-0.0485795,-0.0144268,0.672918,-0.711766,-0.0585189,-0.192732
5.58488,0.137641,-0.0485795,-0.0144268,0.672918,-0.711766,-0.0585189,-0.192732
5.58589,0.13773,-0.0485229,-0.0144268,0.672807,-0.711769,-0.0588356,-0.193016
5.58688,0.13773,-0.0485229,-0.0144268,0.672807,-0.711769,-0.0588356,-0.193016
5.58789,0.137819,-0.0484662,-0.0144268,0.672819,-0.711808,-0.0586972,-0.19287
5.58888,0.137819,-0.0484662,-0.0144268,0.672819,-0.711808,-0.0586972,-0.19287
5.58991,0.137898,-0.0483927,-0.0144773,0.672622,-0.712028,-0.0579943,-0.192959
5.59088,0.137898,-0.0483927,-0.0144773,0.672622,-0.712028,-0.0579943,-0.192959
5.59184,0.137987,-0.048336,-0.0144773,0.672821,-0.711741,-0.0587645,-0.193091
5.59288,0.137987,-0.048336,-0.0144773,0.672821,-0.711741,-0.0587645,-0.193091
5.59389,0.138076,-0.0482792,-0.0144773,0.672522,-0.71207,-0.0581729,-0.193096
5.59489,0.138076,-0.0482792,-0.0144773,0.672522,-0.71207,-0.0581729,-0.193096
5.59588,0.138165,-0.0482224,-0.0144773,0.672534,-0.71211,-0.0580346,-0.192949
5.59689,0.138165,-0.0482224,-0.0144773,0.672534,-0.71211,-0.0580346,-0.192949
5.59789,0.138254,-0.0481656,-0.0144773,0.672423,-0.712112,-0.0583516,-0.193233
5.59888,0.138254,-0.0481656,-0.0144773,0.672423,-0.712112,-0.0583516,-0.193233
5.59989,0.138343,-0.0481087,-0.0144773,0.672435,-0.712152,-0.0582133,-0.193086
5.60088,0.138343,-0.0481087,-0.0144773,0.672435,-0.712152,-0.0582133,-0.193086
5.60192,0.138432,-0.0480518,-0.0144773,0.672728,-0.711852,-0.057784,-0.193299
5.60289,0.138432,-0.0480518,-0.0144773,0.672728,-0.711852,-0.057784,-0.193299
5.6039,0.138521,-0.0479949,-0.0144773,0.672335,-0.712194,-0.058392,-0.193223
5.60491,0.138521,-0.0479949,-0.0144773,0.672335,-0.712194,-0.058392,-0.193223
5.6059,0.138599,-0.0479211,-0.0145279,0.672729,-0.711785,-0.057851,-0.193521
5.60688,0.138599,-0.0479211,-0.0145279,0.672729,-0.711785,-0.057851,-0.193521
5.60788,0.138688,-0.0478641,-0.0145279,0.672617,-0.711788,-0.0581677,-0.193804
5.6089,0.138688,-0.0478641,-0.0145279,0.672617,-0.711788,-0.0581677,-0.193804
5.6099,0.138777,-0.047807,-0.0145279,0.672629,-0.711828,-0.0580294,-0.193658
5.61088,0.138777,-0.047807,-0.0145279,0.672629,-0.711828,-0.0580294,-0.193658
5.6119,0.138866,-0.0477499,-0.0145279,0.672361,-0.712207,-0.0581828,-0.193151
5.61288,0.138866,-0.0477499,-0.0145279,0.672361,-0.712207,-0.0581828,-0.193151
5.61388,0.138955,-0.0476928,-0.0145279,0.672653,-0.711908,-0.0577528,-0.193365
5.61492,0.138955,-0.0476928,-0.0145279,0.672653,-0.711908,-0.0577528,-0.193365
5.61589,0.139043,-0.0476357,-0.0145279,0.672261,-0.712249,-0.0583616,-0.193288
5.61691,0.139043,-0.0476357,-0.0145279,0.672261,-0.712249,-0.0583616,-0.193288
5.61789,0.139121,-0.0475617,-0.0145784,0.672374,-0.71218,-0.0581117,-0.193226
5.61888,0.139121,-0.0475617,-0.0145784,0.672374,-0.71218,-0.0581117,-0.193226
5.61988,0.13921,-0.0475044,-0.0145784,0.672386,-0.71222,-0.0579735,-0.193079
5.62089,0.13921,-0.0475044,-0.0145784,0.672386,-0.71222,-0.0579735,-0.193079
5.62188,0.139299,-0.0474472,-0.0145784,0.672554,-0.711884,-0.057998,-0.193724
5.62291,0.139299,-0.0474472,-0.0145784,0.672554,-0.711884,-0.057998,-0.193724
5.62389,0.139388,-0.0473899,-0.0145784,0.672286,-0.712262,-0.0581523,-0.193216
5.62488,0.139388,-0.0473899,-0.0145784,0.672286,-0.712262,-0.0581523,-0.193216
5.62589,0.139465,-0.0473157,-0.0146289,0.672399,-0.712193,-0.0579022,-0.193154
5.62688,0.139465,-0.0473157,-0.0146289,0.672399,-0.712193,-0.0579022,-0.193154
5.62791,0.139554,-0.0472584,-0.0146289,0.672287,-0.712196,-0.0582192,-0.193437
5.62889,0.139554,-0.0472584,-0.0146289,0.672287,-0.712196,-0.0582192,-0.193437
5.62988,0.139643,-0.047201,-0.0146289,0.672299,-0.712236,-0.058081,-0.193291
5.63091,0.139643,-0.047201,-0.0146289,0.672299,-0.712236,-0.058081,-0.193291
5.63188,0.139731,-0.0471435,-0.0146289,0.671998,-0.712567,-0.0574916,-0.193293
5.63288,0.139731,-0.0471435,-0.0146289,0.671998,-0.712567,-0.0574916,-0.193293
5.63388,0.139731,-0.0471435,-0.0146289,0.671998,-0.712567,-0.0574916,-0.193293
5.63488,0.139809,-0.0470692,-0.0146794,0.672423,-0.712206,-0.0576925,-0.193083
5.63588,0.139809,-0.0470692,-0.0146794,0.672423,-0.712206,-0.0576925,-0.193083
5.63688,0.139898,-0.0470117,-0.0146794,0.671719,-0.712838,-0.0578518,-0.193152
5.63788,0.139898,-0.0470117,-0.0146794,0.671719,-0.712838,-0.0578518,-0.193152
5.63891,0.139975,-0.0469373,-0.0147299,0.671832,-0.71277,-0.0576015,-0.19309
5.63988,0.139975,-0.0469373,-0.0147299,0.671832,-0.71277,-0.0576015,-0.19309
5.64089,0.140064,-0.0468798,-0.0147299,0.671843,-0.712809,-0.0574634,-0.192943
5.64189,0.140064,-0.0468798,-0.0147299,0.671843,-0.712809,-0.0574634,-0.192943
5.64288,0.140152,-0.0468222,-0.0147299,0.672045,-0.71252,-0.0582317,-0.193079
5.64394,0.14023,-0.0467477,-0.0147804,0.672157,-0.712451,-0.0579813,-0.193017
5.64489,0.14023,-0.0467477,-0.0147804,0.672157,-0.712451,-0.0579813,-0.193017
5.64588,0.14023,-0.0467477,-0.0147804,0.671844,-0.712744,-0.0575305,-0.193164
5.64688,0.14023,-0.0467477,-0.0147804,0.671844,-0.712744,-0.0575305,-0.193164
5.64788,0.140307,-0.0466732,-0.0148309,0.671554,-0.712975,-0.0580295,-0.193169
5.64888,0.140307,-0.0466732,-0.0148309,0.671554,-0.712975,-0.0580295,-0.193169
5.64988,0.140396,-0.0466154,-0.0148309,0.671566,-0.713015,-0.0578914,-0.193022
5.65088,0.140396,-0.0466154,-0.0148309,0.671566,-0.713015,-0.0578914,-0.193022
5.65188,0.140473,-0.0465408,-0.0148813,0.671678,-0.712946,-0.057641,-0.19296
5.65289,0.140473,-0.0465408,-0.0148813,0.671678,-0.712946,-0.057641,-0.19296
5.65388,0.140561,-0.0464831,-0.0148813,0.671412,-0.713322,-0.057797,-0.19245
5.65491,0.140561,-0.0464831,-0.0148813,0.671412,-0.713322,-0.057797,-0.19245
5.65588,0.140639,-0.0464084,-0.0149318,0.671401,-0.713217,-0.0580024,-0.192818
5.65688,0.140639,-0.0464084,-0.0149318,0.671401,-0.713217,-0.0580024,-0.192818
5.65788,0.140727,-0.0463505,-0.0149318,0.671413,-0.713256,-0.0578644,-0.192671
5.65888,0.140727,-0.0463505,-0.0149318,0.671413,-0.713256,-0.0578644,-0.192671
5.65989,0.140804,-0.0462758,-0.0149823,0.671525,-0.713188,-0.0576138,-0.192609
5.66088,0.140804,-0.0462758,-0.0149823,0.671525,-0.713188,-0.0576138,-0.192609
5.66188,0.140892,-0.0462179,-0.0149823,0.671537,-0.713227,-0.0574757,-0.192463
5.66288,0.140892,-0.0462179,-0.0149823,0.671537,-0.713227,-0.0574757,-0.192463
5.66388,0.140881,-0.046201,-0.0150327,0.671513,-0.713083,-0.057819,-0.192977
5.66488,0.140881,-0.046201,-0.0150327,0.671513,-0.713083,-0.057819,-0.192977
5.66588,0.140969,-0.046143,-0.0150327,0.671248,-0.713458,-0.0579758,-0.192466
5.6669,0.140969,-0.046143,-0.0150327,0.671248,-0.713458,-0.0579758,-0.192466
5.66789,0.141047,-0.0460682,-0.0150831,0.67136,-0.713389,-0.0577251,-0.192405
5.66888,0.141047,-0.0460682,-0.0150831,0.67136,-0.713389,-0.0577251,-0.192405
5.66988,0.141135,-0.0460102,-0.0150831,0.671249,-0.713392,-0.0580431,-0.192687
5.67088,0.141135,-0.0460102,-0.0150831,0.671249,-0.713392,-0.0580431,-0.192687
5.67188,0.141212,-0.0459352,-0.0151336,0.671084,-0.713658,-0.0580876,-0.192261
5.67291,0.141212,-0.0459352,-0.0151336,0.671084,-0.713658,-0.0580876,-0.192261
5.67388,0.141212,-0.0459352,-0.0151336,0.671084,-0.713658,-0.0580876,-0.192261
5.67491,0.141212,-0.0459352,-0.0151336,0.671084,-0.713658,-0.0580876,-0.192261
5.67588,0.1413,-0.0458771,-0.0151336,0.671095,-0.713698,-0.0579496,-0.192114
5.67688,0.1413,-0.0458771,-0.0151336,0.671095,-0.713698,-0.0579496,-0.192114
5.67788,0.141377,-0.0458021,-0.015184,0.671084,-0.713593,-0.058155,-0.192482
5.67888,0.141377,-0.0458021,-0.015184,0.671084,-0.713593,-0.058155,-0.192482
5.67988,0.141465,-0.0457439,-0.015184,0.671096,-0.713632,-0.058017,-0.192335
5.68092,0.141465,-0.0457439,-0.015184,0.671096,-0.713632,-0.058017,-0.192335
5.68188,0.141542,-0.0456688,-0.0152344,0.670617,-0.714192,-0.0576115,-0.192051
5.68291,0.141542,-0.0456688,-0.0152344,0.670617,-0.714192,-0.0576115,-0.192051
5.68391,0.14163,-0.0456106,-0.0152344,0.670506,-0.714195,-0.0579301,-0.192333
5.68488,0.14163,-0.0456106,-0.0152344,0.670506,-0.714195,-0.0579301,-0.192333
5.68588,0.141706,-0.0455355,-0.0152848,0.670617,-0.714127,-0.0576792,-0.192271
5.68688,0.141706,-0.0455355,-0.0152848,0.670617,-0.714127,-0.0576792,-0.192271
5.68788,0.141706,-0.0455355,-0.0152848,0.670656,-0.714166,-0.0584254,-0.191764
5.68891,0.141706,-0.0455355,-0.0152848,0.670656,-0.714166,-0.0584254,-0.191764
5.68989,0.141783,-0.0454602,-0.0153352,0.670453,-0.714393,-0.0577242,-0.191844
5.69088,0.141783,-0.0454602,-0.0153352,0.670453,-0.714393,-0.0577242,-0.191844
5.69191,0.141871,-0.0454019,-0.0153352,0.670342,-0.714395,-0.058043,-0.192126
5.69288,0.141871,-0.0454019,-0.0153352,0.670342,-0.714395,-0.058043,-0.192126
5.69389,0.141948,-0.0453266,-0.0153856,0.670453,-0.714327,-0.057792,-0.192065
5.69489,0.141948,-0.0453266,-0.0153856,0.670453,-0.714327,-0.057792,-0.192065
5.69591,0.142024,-0.0452513,-0.015436,0.670565,-0.71426,-0.057541,-0.192003
5.69688,0.142024,-0.0452513,-0.015436,0.670565,-0.71426,-0.057541,-0.192003
5.69788,0.142024,-0.0452513,-0.015436,0.670289,-0.714593,-0.0578373,-0.191637
5.69888,0.142024,-0.0452513,-0.015436,0.670289,-0.714593,-0.0578373,-0.191637
5.69989,0.142101,-0.0451759,-0.0154864,0.670278,-0.714488,-0.0580431,-0.192004
5.70088,0.142101,-0.0451759,-0.0154864,0.670278,-0.714488,-0.0580431,-0.192004
5.70191,0.142189,-0.0451175,-0.0154864,0.67029,-0.714527,-0.0579053,-0.191857
5.70288,0.142189,-0.0451175,-0.0154864,0.67029,-0.714527,-0.0579053,-0.191857
5.70388,0.142265,-0.045042,-0.0155367,0.670401,-0.71446,-0.0576542,-0.191796
5.70488,0.142265,-0.045042,-0.0155367,0.670401,-0.71446,-0.0576542,-0.191796
5.70588,0.142353,-0.0449835,-0.0155367,0.670413,-0.714499,-0.0575164,-0.191649
5.70689,0.142353,-0.0449835,-0.0155367,0.670413,-0.714499,-0.0575164,-0.191649
5.70789,0.142341,-0.0449665,-0.0155871,0.670237,-0.714724,-0.0576999,-0.191368
5.70888,0.142341,-0.0449665,-0.0155871,0.670237,-0.714724,-0.0576999,-0.191368
5.70988,0.142418,-0.0448909,-0.0156374,0.670226,-0.71462,-0.0579056,-0.191735
5.71088,0.142418,-0.0448909,-0.0156374,0.670226,-0.71462,-0.0579056,-0.191735
5.7119,0.142505,-0.0448324,-0.0156374,0.669922,-0.714954,-0.0573178,-0.191727
5.71289,0.142505,-0.0448324,-0.0156374,0.669922,-0.714954,-0.0573178,-0.191727
5.71389,0.142582,-0.0447568,-0.0156878,0.670349,-0.714591,-0.0575166,-0.191527
5.71489,0.142582,-0.0447568,-0.0156878,0.670349,-0.714591,-0.0575166,-0.191527
5.71591,0.142658,-0.0446811,-0.0157381,0.670186,-0.714856,-0.0575626,-0.191099
5.71689,0.142658,-0.0446811,-0.0157381,0.670186,-0.714856,-0.0575626,-0.191099
5.71788,0.142658,-0.0446811,-0.0157381,0.66987,-0.715151,-0.0571124,-0.191237
5.71888,0.142658,-0.0446811,-0.0157381,0.66987,-0.715151,-0.0571124,-0.191237
5.71989,0.142734,-0.0446054,-0.0157884,0.670297,-0.714788,-0.0573114,-0.191038
5.72088,0.142734,-0.0446054,-0.0157884,0.670297,-0.714788,-0.0573114,-0.191038
5.72188,0.14281,-0.0445296,-0.0158387,0.670092,-0.715015,-0.05661,-0.191114
5.72288,0.14281,-0.0445296,-0.0158387,0.670092,-0.715015,-0.05661,-0.191114
5.72388,0.142898,-0.0444709,-0.0158387,0.669982,-0.715018,-0.0569292,-0.191396
5.72488,0.142898,-0.0444709,-0.0158387,0.669982,-0.715018,-0.0569292,-0.191396
5.72589,0.142886,-0.0444538,-0.015889,0.669807,-0.715243,-0.0571132,-0.191114
5.72689,0.142886,-0.0444538,-0.015889,0.669807,-0.715243,-0.0571132,-0.191114
5.72788,0.142974,-0.0443951,-0.015889,0.669819,-0.715282,-0.0569754,-0.190967
5.72888,0.142974,-0.0443951,-0.015889,0.669819,-0.715282,-0.0569754,-0.190967
5.72988,0.142974,-0.0443951,-0.015889,0.669819,-0.715282,-0.0569754,-0.190967
5.73089,0.14305,-0.0443192,-0.0159393,0.669929,-0.715215,-0.0567241,-0.190905
5.73188,0.14305,-0.0443192,-0.0159393,0.669929,-0.715215,-0.0567241,-0.190905
5.73289,0.143126,-0.0442433,-0.0159896,0.67004,-0.715147,-0.0564728,-0.190844
5.73388,0.143126,-0.0442433,-0.0159896,0.67004,-0.715147,-0.0564728,-0.190844
5.73488,0.143126,-0.0442433,-0.0159896,0.67004,-0.715147,-0.0564728,-0.190844
5.73588,0.143126,-0.0442433,-0.0159896,0.67004,-0.715147,-0.0564728,-0.190844
5.7369,0.143202,-0.0441673,-0.0160399,0.670151,-0.71508,-0.0562213,-0.190783
5.73788,0.143289,-0.0441084,-0.0160399,0.669767,-0.715414,-0.0568387,-0.190696
5.73888,0.143289,-0.0441084,-0.0160399,0.669767,-0.715414,-0.0568387,-0.190696
5.73989,0.143365,-0.0440324,-0.0160902,0.669878,-0.715346,-0.0565872,-0.190635
5.74088,0.143365,-0.0440324,-0.0160902,0.669878,-0.715346,-0.0565872,-0.190635
5.74189,0.143353,-0.0440153,-0.0161405,0.669977,-0.715239,-0.0564735,-0.190721
5.74288,0.143353,-0.0440153,-0.0161405,0.669977,-0.715239,-0.0564735,-0.190721
5.74389,0.143441,-0.0439563,-0.0161405,0.669988,-0.715279,-0.0563358,-0.190574
5.74488,0.143441,-0.0439563,-0.0161405,0.669988,-0.715279,-0.0563358,-0.190574
5.74592,0.143516,-0.0438802,-0.0161907,0.670099,-0.715211,-0.0560842,-0.190513
5.74689,0.143516,-0.0438802,-0.0161907,0.670099,-0.715211,-0.0560842,-0.190513
5.74788,0.143592,-0.043804,-0.016241,0.669936,-0.715474,-0.056131,-0.190083
5.74888,0.143592,-0.043804,-0.016241,0.669936,-0.715474,-0.056131,-0.190083
5.7499,0.143592,-0.043804,-0.016241,0.669936,-0.715474,-0.056131,-0.190083
5.75088,0.143592,-0.043804,-0.016241,0.669936,-0.715474,-0.056131,-0.190083
5.75189,0.143668,-0.0437278,-0.0162912,0.669609,-0.715666,-0.0558866,-0.190585
5.75289,0.143668,-0.0437278,-0.0162912,0.669609,-0.715666,-0.0558866,-0.190585
5.75388,0.143755,-0.0436687,-0.0162912,0.66962,-0.715706,-0.0557489,-0.190438
5.75488,0.143755,-0.0436687,-0.0162912,0.66962,-0.715706,-0.0557489,-0.190438
5.75591,0.14383,-0.0435925,-0.0163414,0.669458,-0.715968,-0.0557958,-0.190008
5.75688,0.14383,-0.0435925,-0.0163414,0.669458,-0.715968,-0.0557958,-0.190008
5.75788,0.143917,-0.0435333,-0.0163414,0.669469,-0.716007,-0.0556582,-0.18986
5.75889,0.143917,-0.0435333,-0.0163414,0.669469,-0.716007,-0.0556582,-0.18986
5.7599,0.143906,-0.0435161,-0.0163916,0.669568,-0.715901,-0.0555442,-0.189946
5.76088,0.143906,-0.0435161,-0.0163916,0.669568,-0.715901,-0.0555442,-0.189946
5.76193,0.143993,-0.0434569,-0.0163916,0.669458,-0.715904,-0.0558641,-0.190227
5.76289,0.143993,-0.0434569,-0.0163916,0.669458,-0.715904,-0.0558641,-0.190227
5.76389,0.144068,-0.0433805,-0.0164419,0.669568,-0.715837,-0.0556124,-0.190166
5.76488,0.144068,-0.0433805,-0.0164419,0.669568,-0.715837,-0.0556124,-0.190166
5.7659,0.144155,-0.0433213,-0.0164419,0.669308,-0.716205,-0.0557738,-0.189649
5.76688,0.144155,-0.0433213,-0.0164419,0.669308,-0.716205,-0.0557738,-0.189649
5.76789,0.144144,-0.0433041,-0.0164921,0.669406,-0.716099,-0.0556597,-0.189735
5.76888,0.144144,-0.0433041,-0.0164921,0.669406,-0.716099,-0.0556597,-0.189735
5.76988,0.144231,-0.0432448,-0.0164921,0.669296,-0.716102,-0.0559798,-0.190016
5.77088,0.144231,-0.0432448,-0.0164921,0.669296,-0.716102,-0.0559798,-0.190016
5.77188,0.144306,-0.0431683,-0.0165423,0.669135,-0.716364,-0.0560273,-0.189585
5.7729,0.144306,-0.0431683,-0.0165423,0.669135,-0.716364,-0.0560273,-0.189585
5.7739,0.144393,-0.0431089,-0.0165423,0.669146,-0.716403,-0.0558897,-0.189438
5.77489,0.144393,-0.0431089,-0.0165423,0.669146,-0.716403,-0.0558897,-0.189438
5.77592,0.144468,-0.0430324,-0.0165925,0.669135,-0.7163,-0.0560958,-0.189804
5.77688,0.144468,-0.0430324,-0.0165925,0.669135,-0.7163,-0.0560958,-0.189804
5.7779,0.144468,-0.0430324,-0.0165925,0.669135,-0.7163,-0.0560958,-0.189804
5.7789,0.144468,-0.0430324,-0.0165925,0.669135,-0.7163,-0.0560958,-0.189804
5.77992,0.144543,-0.0429557,-0.0166426,0.669124,-0.716197,-0.0563017,-0.190171
5.78088,0.144543,-0.0429557,-0.0166426,0.669124,-0.716197,-0.0563017,-0.190171
5.78188,0.14463,-0.0428963,-0.0166426,0.668864,-0.716564,-0.0564642,-0.189653
5.78288,0.14463,-0.0428963,-0.0166426,0.668864,-0.716564,-0.0564642,-0.189653
5.78388,0.144717,-0.0428368,-0.0166426,0.668558,-0.7169,-0.0558769,-0.189637
5.78491,0.144717,-0.0428368,-0.0166426,0.668558,-0.7169,-0.0558769,-0.189637
5.78588,0.144705,-0.0428196,-0.0166928,0.668535,-0.716758,-0.0562206,-0.190151
5.78688,0.144705,-0.0428196,-0.0166928,0.668535,-0.716758,-0.0562206,-0.190151
5.78791,0.144792,-0.04276,-0.0166928,0.668547,-0.716797,-0.0560831,-0.190003
5.78889,0.144792,-0.04276,-0.0166928,0.668547,-0.716797,-0.0560831,-0.190003
5.78991,0.144867,-0.0426833,-0.016743,0.668535,-0.716695,-0.0562892,-0.19037
5.79088,0.144867,-0.0426833,-0.016743,0.668535,-0.716695,-0.0562892,-0.19037
5.7919,0.144954,-0.0426237,-0.016743,0.668277,-0.717061,-0.0564522,-0.189851
5.79288,0.144954,-0.0426237,-0.016743,0.668277,-0.717061,-0.0564522,-0.189851
5.79388,0.14504,-0.0425641,-0.016743,0.668288,-0.7171,-0.0563148,-0.189704
5.7949,0.14504,-0.0425641,-0.016743,0.668288,-0.7171,-0.0563148,-0.189704
5.79588,0.145029,-0.0425468,-0.0167931,0.668265,-0.716958,-0.0566585,-0.190217
5.79688,0.145029,-0.0425468,-0.0167931,0.668265,-0.716958,-0.0566585,-0.190217
5.79788,0.145115,-0.0424872,-0.0167931,0.668277,-0.716997,-0.0565211,-0.19007
5.7989,0.145115,-0.0424872,-0.0167931,0.668277,-0.716997,-0.0565211,-0.19007
5.79988,0.14519,-0.0424103,-0.0168433,0.668265,-0.716895,-0.0567272,-0.190436
5.80088,0.14519,-0.0424103,-0.0168433,0.668265,-0.716895,-0.0567272,-0.190436
5.80189,0.145277,-0.0423505,-0.0168433,0.668007,-0.71726,-0.0568909,-0.189917
5.80288,0.145277,-0.0423505,-0.0168433,0.668007,-0.71726,-0.0568909,-0.189917
5.80391,0.145351,-0.0422735,-0.0168934,0.667995,-0.717157,-0.0570971,-0.190283
5.80491,0.145351,-0.0422735,-0.0168934,0.667995,-0.717157,-0.0570971,-0.190283
5.80588,0.145351,-0.0422735,-0.0168934,0.667995,-0.717157,-0.0570971,-0.190283
5.80691,0.145351,-0.0422735,-0.0168934,0.667995,-0.717157,-0.0570971,-0.190283
5.8079,0.145426,-0.0421965,-0.0169435,0.668105,-0.717091,-0.0568449,-0.190223
5.80888,0.145426,-0.0421965,-0.0169435,0.668105,-0.717091,-0.0568449,-0.190223
5.8099,0.145513,-0.0421367,-0.0169435,0.667995,-0.717094,-0.0571659,-0.190502
5.81091,0.145513,-0.0421367,-0.0169435,0.667995,-0.717094,-0.0571659,-0.190502
5.81188,0.145587,-0.0420596,-0.0169937,0.667836,-0.717353,-0.0572153,-0.190069
5.81288,0.145587,-0.0420596,-0.0169937,0.667836,-0.717353,-0.0572153,-0.190069
5.81388,0.145674,-0.0419997,-0.0169937,0.667726,-0.717355,-0.0575366,-0.190348
5.81491,0.145674,-0.0419997,-0.0169937,0.667726,-0.717355,-0.0575366,-0.190348
5.81588,0.145662,-0.0419824,-0.0170438,0.667824,-0.71725,-0.0574215,-0.190435
5.81691,0.145662,-0.0419824,-0.0170438,0.667824,-0.71725,-0.0574215,-0.190435
5.81788,0.145748,-0.0419225,-0.0170438,0.667836,-0.717289,-0.0572842,-0.190288
5.81888,0.145748,-0.0419225,-0.0170438,0.667836,-0.717289,-0.0572842,-0.190288
5.81988,0.145835,-0.0418625,-0.0170438,0.667407,-0.717591,-0.0571569,-0.190694
5.82091,0.145835,-0.0418625,-0.0170438,0.667407,-0.717591,-0.0571569,-0.190694
5.82191,0.145909,-0.0417853,-0.0170939,0.667517,-0.717525,-0.0569044,-0.190633
5.82291,0.145909,-0.0417853,-0.0170939,0.667517,-0.717525,-0.0569044,-0.190633
5.82389,0.145996,-0.0417253,-0.0170939,0.66726,-0.717889,-0.0570694,-0.190112
5.82488,0.145996,-0.0417253,-0.0170939,0.66726,-0.717889,-0.0570694,-0.190112
5.82588,0.14607,-0.0416479,-0.017144,0.667248,-0.717787,-0.0572758,-0.190478
5.8269,0.14607,-0.0416479,-0.017144,0.667248,-0.717787,-0.0572758,-0.190478
5.82789,0.146156,-0.0415879,-0.017144,0.66726,-0.717826,-0.0571386,-0.19033
5.82888,0.146156,-0.0415879,-0.017144,0.66726,-0.717826,-0.0571386,-0.19033
5.8299,0.146243,-0.0415277,-0.017144,0.66715,-0.717828,-0.0574602,-0.190609
5.8309,0.146243,-0.0415277,-0.017144,0.66715,-0.717828,-0.0574602,-0.190609
5.83188,0.146317,-0.0414503,-0.017194,0.66726,-0.717763,-0.0572075,-0.190549
5.8329,0.146317,-0.0414503,-0.017194,0.66726,-0.717763,-0.0572075,-0.190549
5.83388,0.146317,-0.0414503,-0.017194,0.66726,-0.717763,-0.0572075,-0.190549
5.83488,0.146317,-0.0414503,-0.017194,0.66726,-0.717763,-0.0572075,-0.190549
5.83588,0.146403,-0.0413901,-0.017194,0.667271,-0.717802,-0.0570704,-0.190401
5.83688,0.146403,-0.0413901,-0.017194,0.667271,-0.717802,-0.0570704,-0.190401
5.83788,0.146477,-0.0413126,-0.0172441,0.666992,-0.718023,-0.0575797,-0.190393
5.8389,0.146477,-0.0413126,-0.0172441,0.666992,-0.718023,-0.0575797,-0.190393
5.83989,0.146563,-0.0412524,-0.0172441,0.667004,-0.718062,-0.0574426,-0.190245
5.84089,0.146563,-0.0412524,-0.0172441,0.667004,-0.718062,-0.0574426,-0.190245
5.84188,0.14665,-0.0411921,-0.0172441,0.667015,-0.718101,-0.0573054,-0.190098
5.8429,0.14665,-0.0411921,-0.0172441,0.667015,-0.718101,-0.0573054,-0.190098
5.84388,0.146736,-0.0411318,-0.0172441,0.667027,-0.71814,-0.0571683,-0.18995
5.84488,0.146736,-0.0411318,-0.0172441,0.667027,-0.71814,-0.0571683,-0.18995
5.84588,0.146822,-0.0410714,-0.0172441,0.666917,-0.718143,-0.0574902,-0.190229
5.8469,0.146822,-0.0410714,-0.0172441,0.666917,-0.718143,-0.0574902,-0.190229
5.84788,0.146896,-0.0409937,-0.0172942,0.667027,-0.718077,-0.0572373,-0.190169
5.8489,0.146896,-0.0409937,-0.0172942,0.667027,-0.718077,-0.0572373,-0.190169
5.84988,0.146982,-0.0409333,-0.0172942,0.667039,-0.718116,-0.0571002,-0.190021
5.85088,0.146982,-0.0409333,-0.0172942,0.667039,-0.718116,-0.0571002,-0.190021
5.85188,0.147068,-0.0408728,-0.0172942,0.66673,-0.718456,-0.0565156,-0.189997
5.85288,0.147068,-0.0408728,-0.0172942,0.66673,-0.718456,-0.0565156,-0.189997
5.85391,0.147154,-0.0408124,-0.0172942,0.667062,-0.718195,-0.0568259,-0.189726
5.8549,0.147154,-0.0408124,-0.0172942,0.667062,-0.718195,-0.0568259,-0.189726
5.85589,0.14724,-0.0407518,-0.0172942,0.666365,-0.71882,-0.0570047,-0.189751
5.85688,0.14724,-0.0407518,-0.0172942,0.666365,-0.71882,-0.0570047,-0.189751
5.85788,0.147326,-0.0406913,-0.0172942,0.666377,-0.718859,-0.0568677,-0.189604
5.8589,0.147326,-0.0406913,-0.0172942,0.666377,-0.718859,-0.0568677,-0.189604
5.85988,0.1474,-0.0406134,-0.0173443,0.666486,-0.718794,-0.0566147,-0.189543
5.86088,0.1474,-0.0406134,-0.0173443,0.666486,-0.718794,-0.0566147,-0.189543
5.8619,0.147486,-0.0405528,-0.0173443,0.666498,-0.718833,-0.0564777,-0.189396
5.8629,0.147486,-0.0405528,-0.0173443,0.666498,-0.718833,-0.0564777,-0.189396
5.86389,0.147572,-0.0404921,-0.0173443,0.666509,-0.718872,-0.0563406,-0.189248
5.86491,0.147572,-0.0404921,-0.0173443,0.666509,-0.718872,-0.0563406,-0.189248
5.86588,0.147572,-0.0404921,-0.0173443,0.666509,-0.718872,-0.0563406,-0.189248
5.86689,0.147572,-0.0404921,-0.0173443,0.666509,-0.718872,-0.0563406,-0.189248
5.86788,0.147657,-0.0404314,-0.0173443,0.666521,-0.71891,-0.0562036,-0.1891
5.86891,0.147657,-0.0404314,-0.0173443,0.666521,-0.71891,-0.0562036,-0.1891
5.86991,0.147743,-0.0403707,-0.0173443,0.666411,-0.718913,-0.0565261,-0.189378
5.8709,0.147743,-0.0403707,-0.0173443,0.666411,-0.718913,-0.0565261,-0.189378
5.87188,0.147829,-0.0403099,-0.0173443,0.666423,-0.718952,-0.0563891,-0.18923
5.87288,0.147829,-0.0403099,-0.0173443,0.666423,-0.718952,-0.0563891,-0.18923
5.8739,0.147915,-0.0402491,-0.0173443,0.666435,-0.718991,-0.0562521,-0.189083
5.8749,0.147915,-0.0402491,-0.0173443,0.666435,-0.718991,-0.0562521,-0.189083
5.87593,0.148001,-0.0401883,-0.0173443,0.666446,-0.71903,-0.056115,-0.188935
5.87688,0.148001,-0.0401883,-0.0173443,0.666446,-0.71903,-0.056115,-0.188935
5.87788,0.148086,-0.0401274,-0.0173443,0.666192,-0.71939,-0.0562828,-0.18841
5.87891,0.148086,-0.0401274,-0.0173443,0.666192,-0.71939,-0.0562828,-0.18841
5.87993,0.148172,-0.0400665,-0.0173443,0.666204,-0.719429,-0.0561458,-0.188262
5.88091,0.148172,-0.0400665,-0.0173443,0.666204,-0.719429,-0.0561458,-0.188262
5.8819,0.148258,-0.0400055,-0.0173443,0.666095,-0.719431,-0.0564687,-0.18854
5.8829,0.148258,-0.0400055,-0.0173443,0.666095,-0.719431,-0.0564687,-0.18854
5.88391,0.148343,-0.0399445,-0.0173443,0.666227,-0.719506,-0.0558719,-0.187966
5.88489,0.148343,-0.0399445,-0.0173443,0.666227,-0.719506,-0.0558719,-0.187966
5.88589,0.148429,-0.0398835,-0.0173443,0.666118,-0.719509,-0.0561948,-0.188244
5.88692,0.148429,-0.0398835,-0.0173443,0.666118,-0.719509,-0.0561948,-0.188244
5.8879,0.148502,-0.0398053,-0.0173943,0.666227,-0.719444,-0.0559415,-0.188184
5.8889,0.148502,-0.0398053,-0.0173943,0.666227,-0.719444,-0.0559415,-0.188184
5.88989,0.148588,-0.0397442,-0.0173943,0.665916,-0.719784,-0.0553583,-0.188157
5.89089,0.148588,-0.0397442,-0.0173943,0.665916,-0.719784,-0.0553583,-0.188157
5.89189,0.148673,-0.0396831,-0.0173943,0.66625,-0.719521,-0.0556675,-0.187888
5.89291,0.148673,-0.0396831,-0.0173943,0.66625,-0.719521,-0.0556675,-0.187888
5.89388,0.148759,-0.0396219,-0.0173943,0.665996,-0.71988,-0.055836,-0.187363
5.8949,0.148759,-0.0396219,-0.0173943,0.665996,-0.71988,-0.055836,-0.187363
5.89591,0.148845,-0.0395607,-0.0173943,0.665685,-0.720219,-0.0552528,-0.187335
5.89689,0.148845,-0.0395607,-0.0173943,0.665685,-0.720219,-0.0552528,-0.187335
5.89789,0.14893,-0.0394995,-0.0173943,0.665696,-0.720258,-0.0551159,-0.187187
5.89889,0.14893,-0.0394995,-0.0173943,0.665696,-0.720258,-0.0551159,-0.187187
5.89991,0.149015,-0.0394382,-0.0173943,0.666031,-0.719995,-0.0554252,-0.186919
5.90089,0.149015,-0.0394382,-0.0173943,0.666031,-0.719995,-0.0554252,-0.186919
5.90189,0.149015,-0.0394382,-0.0173943,0.665588,-0.720261,-0.0554394,-0.187464
5.90291,0.149015,-0.0394382,-0.0173943,0.665588,-0.720261,-0.0554394,-0.187464
5.9039,0.149101,-0.0393769,-0.0173943,0.665599,-0.7203,-0.0553026,-0.187316
5.9049,0.149101,-0.0393769,-0.0173943,0.665599,-0.7203,-0.0553026,-0.187316
5.90589,0.149186,-0.0393156,-0.0173943,0.665611,-0.720338,-0.0551657,-0.187168
5.90689,0.149186,-0.0393156,-0.0173943,0.665611,-0.720338,-0.0551657,-0.187168
5.90789,0.149272,-0.0392543,-0.0173943,0.665503,-0.720341,-0.0554893,-0.187446
5.90889,0.149272,-0.0392543,-0.0173943,0.665503,-0.720341,-0.0554893,-0.187446
5.90989,0.149357,-0.0391929,-0.0173943,0.66525,-0.720698,-0.0556584,-0.186918
5.91091,0.149357,-0.0391929,-0.0173943,0.66525,-0.720698,-0.0556584,-0.186918
5.9119,0.149442,-0.0391314,-0.0173943,0.665261,-0.720737,-0.0555217,-0.18677
5.9129,0.149442,-0.0391314,-0.0173943,0.665261,-0.720737,-0.0555217,-0.18677
5.91388,0.149528,-0.03907,-0.0173943,0.665273,-0.720775,-0.0553849,-0.186622
5.91489,0.149528,-0.03907,-0.0173943,0.665273,-0.720775,-0.0553849,-0.186622
5.91591,0.149613,-0.0390085,-0.0173943,0.665165,-0.720778,-0.0557088,-0.186899
5.91688,0.149613,-0.0390085,-0.0173943,0.665165,-0.720778,-0.0557088,-0.186899
5.91789,0.149698,-0.0389469,-0.0173943,0.665176,-0.720817,-0.0555721,-0.186751
5.9189,0.149698,-0.0389469,-0.0173943,0.665176,-0.720817,-0.0555721,-0.186751
5.9199,0.149783,-0.0388853,-0.0173943,0.665188,-0.720855,-0.0554353,-0.186603
5.9209,0.149783,-0.0388853,-0.0173943,0.665188,-0.720855,-0.0554353,-0.186603
5.92189,0.149869,-0.0388237,-0.0173943,0.664816,-0.721175,-0.056066,-0.1865
5.92288,0.149869,-0.0388237,-0.0173943,0.664816,-0.721175,-0.056066,-0.1865
5.92388,0.149954,-0.0387621,-0.0173943,0.664828,-0.721214,-0.0559293,-0.186352
5.92488,0.149954,-0.0387621,-0.0173943,0.664828,-0.721214,-0.0559293,-0.186352
5.92588,0.150039,-0.0387004,-0.0173943,0.664839,-0.721252,-0.0557926,-0.186203
5.9269,0.150039,-0.0387004,-0.0173943,0.664839,-0.721252,-0.0557926,-0.186203
5.9279,0.150124,-0.0386387,-0.0173943,0.664732,-0.721255,-0.0561169,-0.18648
5.92889,0.150124,-0.0386387,-0.0173943,0.664732,-0.721255,-0.0561169,-0.18648
5.92988,0.150209,-0.038577,-0.0173943,0.664743,-0.721293,-0.0559803,-0.186332
5.93088,0.150209,-0.038577,-0.0173943,0.664743,-0.721293,-0.0559803,-0.186332
5.9319,0.150294,-0.0385152,-0.0173943,0.664635,-0.721295,-0.0563047,-0.186608
5.93288,0.150294,-0.0385152,-0.0173943,0.664635,-0.721295,-0.0563047,-0.186608
5.93388,0.150379,-0.0384533,-0.0173943,0.664647,-0.721334,-0.056168,-0.18646
5.93491,0.150379,-0.0384533,-0.0173943,0.664647,-0.721334,-0.056168,-0.18646
5.93589,0.150464,-0.0383915,-0.0173943,0.664539,-0.721336,-0.0564924,-0.186736
5.9369,0.150464,-0.0383915,-0.0173943,0.664539,-0.721336,-0.0564924,-0.186736
5.93788,0.150549,-0.0383296,-0.0173943,0.664288,-0.72169,-0.0566635,-0.186207
5.93888,0.150549,-0.0383296,-0.0173943,0.664288,-0.72169,-0.0566635,-0.186207
5.93988,0.150634,-0.0382677,-0.0173943,0.664181,-0.721692,-0.0569882,-0.186483
5.94088,0.150634,-0.0382677,-0.0173943,0.664181,-0.721692,-0.0569882,-0.186483
5.94188,0.150719,-0.0382057,-0.0173943,0.664193,-0.721731,-0.0568516,-0.186335
5.9429,0.150719,-0.0382057,-0.0173943,0.664193,-0.721731,-0.0568516,-0.186335
5.9439,0.150719,-0.0382057,-0.0173943,0.664193,-0.721731,-0.0568516,-0.186335
5.9449,0.150719,-0.0382057,-0.0173943,0.664193,-0.721731,-0.0568516,-0.186335
5.9459,0.150804,-0.0381437,-0.0173943,0.664085,-0.721733,-0.0571764,-0.186611
5.94688,0.150804,-0.0381437,-0.0173943,0.664085,-0.721733,-0.0571764,-0.186611
5.94788,0.150889,-0.0380817,-0.0173943,0.664097,-0.721771,-0.0570399,-0.186463
5.94891,0.150889,-0.0380817,-0.0173943,0.664097,-0.721771,-0.0570399,-0.186463
5.94988,0.150974,-0.0380196,-0.0173943,0.663989,-0.721773,-0.0573647,-0.186739
5.9509,0.150974,-0.0380196,-0.0173943,0.663989,-0.721773,-0.0573647,-0.186739
5.95189,0.151059,-0.0379575,-0.0173943,0.664001,-0.721811,-0.0572282,-0.18659
5.95289,0.151059,-0.0379575,-0.0173943,0.664001,-0.721811,-0.0572282,-0.18659
5.95388,0.151144,-0.0378954,-0.0173943,0.663632,-0.722127,-0.0578619,-0.186484
5.95488,0.151144,-0.0378954,-0.0173943,0.663632,-0.722127,-0.0578619,-0.186484
5.95588,0.151228,-0.0378332,-0.0173943,0.663644,-0.722166,-0.0577255,-0.186336
5.95688,0.151228,-0.0378332,-0.0173943,0.663644,-0.722166,-0.0577255,-0.186336
5.95788,0.151313,-0.037771,-0.0173943,0.663656,-0.722204,-0.057589,-0.186187
5.95891,0.151313,-0.037771,-0.0173943,0.663656,-0.722204,-0.057589,-0.186187
5.95989,0.151398,-0.0377088,-0.0173943,0.663549,-0.722205,-0.0579142,-0.186463
5.9609,0.151398,-0.0377088,-0.0173943,0.663549,-0.722205,-0.0579142,-0.186463
5.96188,0.151398,-0.0377088,-0.0173943,0.663549,-0.722205,-0.0579142,-0.186463
5.96288,0.151398,-0.0377088,-0.0173943,0.663549,-0.722205,-0.0579142,-0.186463
5.96388,0.151483,-0.0376465,-0.0173943,0.663561,-0.722244,-0.0577778,-0.186314
5.96488,0.151483,-0.0376465,-0.0173943,0.663561,-0.722244,-0.0577778,-0.186314
5.96588,0.151567,-0.0375842,-0.0173943,0.663453,-0.722245,-0.058103,-0.18659
5.9669,0.151567,-0.0375842,-0.0173943,0.663453,-0.722245,-0.058103,-0.18659
5.96789,0.151652,-0.0375219,-0.0173943,0.663465,-0.722283,-0.0579666,-0.186442
5.96889,0.151652,-0.0375219,-0.0173943,0.663465,-0.722283,-0.0579666,-0.186442
5.96988,0.151737,-0.0374595,-0.0173943,0.663358,-0.722285,-0.0582919,-0.186717
5.97089,0.151737,-0.0374595,-0.0173943,0.663358,-0.722285,-0.0582919,-0.186717
5.97188,0.151737,-0.0374595,-0.0173943,0.663358,-0.722285,-0.0582919,-0.186717
5.97288,0.151737,-0.0374595,-0.0173943,0.663358,-0.722285,-0.0582919,-0.186717
5.97388,0.151821,-0.0373971,-0.0173943,0.66337,-0.722323,-0.0581555,-0.186569
5.9749,0.151821,-0.0373971,-0.0173943,0.66337,-0.722323,-0.0581555,-0.186569
5.97589,0.151906,-0.0373346,-0.0173943,0.663003,-0.722637,-0.0587909,-0.186461
5.97689,0.151906,-0.0373346,-0.0173943,0.663003,-0.722637,-0.0587909,-0.186461
5.97788,0.15199,-0.0372722,-0.0173943,0.663015,-0.722675,-0.0586546,-0.186312
5.97888,0.15199,-0.0372722,-0.0173943,0.663015,-0.722675,-0.0586546,-0.186312
5.97989,0.152075,-0.0372097,-0.0173943,0.662581,-0.722982,-0.0585385,-0.1867
5.98089,0.152075,-0.0372097,-0.0173943,0.662581,-0.722982,-0.0585385,-0.1867
5.9819,0.152159,-0.0371471,-0.0173943,0.662593,-0.72302,-0.0584022,-0.186552
5.9829,0.152159,-0.0371471,-0.0173943,0.662593,-0.72302,-0.0584022,-0.186552
5.98389,0.152244,-0.0370845,-0.0173943,0.662932,-0.722752,-0.0587076,-0.18629
5.98489,0.152244,-0.0370845,-0.0173943,0.662932,-0.722752,-0.0587076,-0.18629
5.98588,0.152328,-0.0370219,-0.0173943,0.662825,-0.722753,-0.0590333,-0.186565
5.98688,0.152328,-0.0370219,-0.0173943,0.662825,-0.722753,-0.0590333,-0.186565
5.98789,0.152316,-0.0370049,-0.0174443,0.662593,-0.722958,-0.0584736,-0.186768
5.98888,0.152316,-0.0370049,-0.0174443,0.662593,-0.722958,-0.0584736,-0.186768
5.98988,0.1524,-0.0369422,-0.0174443,0.662605,-0.722997,-0.0583374,-0.186619
5.99089,0.1524,-0.0369422,-0.0174443,0.662605,-0.722997,-0.0583374,-0.186619
5.99189,0.152485,-0.0368796,-0.0174443,0.662498,-0.722998,-0.0586633,-0.186894
5.9929,0.152485,-0.0368796,-0.0174443,0.662498,-0.722998,-0.0586633,-0.186894
5.99388,0.152569,-0.0368168,-0.0174443,0.66251,-0.723036,-0.0585271,-0.186745
5.99488,0.152569,-0.0368168,-0.0174443,0.66251,-0.723036,-0.0585271,-0.186745
5.99588,0.152653,-0.0367541,-0.0174443,0.662522,-0.723075,-0.0583909,-0.186597
5.99688,0.152653,-0.0367541,-0.0174443,0.662522,-0.723075,-0.0583909,-0.186597
5.99791,0.152738,-0.0366913,-0.0174443,0.662415,-0.723076,-0.0587169,-0.186872
5.9989,0.152738,-0.0366913,-0.0174443,0.662415,-0.723076,-0.0587169,-0.186872
5.9999,0.152822,-0.0366285,-0.0174443,0.662168,-0.723425,-0.0588919,-0.186338
6.00089,0.152822,-0.0366285,-0.0174443,0.662168,-0.723425,-0.0588919,-0.186338
6.00188,0.152894,-0.0365486,-0.0174944,0.662276,-0.723362,-0.0586372,-0.186279
6.00288,0.152894,-0.0365486,-0.0174944,0.662276,-0.723362,-0.0586372,-0.186279
6.00389,0.152978,-0.0364857,-0.0174944,0.662169,-0.723363,-0.0589635,-0.186554
6.00488,0.152978,-0.0364857,-0.0174944,0.662169,-0.723363,-0.0589635,-0.186554
6.00588,0.153062,-0.0364228,-0.0174944,0.662181,-0.723401,-0.0588273,-0.186405
6.0069,0.153062,-0.0364228,-0.0174944,0.662181,-0.723401,-0.0588273,-0.186405
6.0079,0.153146,-0.0363599,-0.0174944,0.662193,-0.723439,-0.0586912,-0.186256
6.0089,0.153146,-0.0363599,-0.0174944,0.662193,-0.723439,-0.0586912,-0.186256
6.00988,0.153218,-0.0362799,-0.0175444,0.6623,-0.723377,-0.0584363,-0.186198
6.01088,0.153218,-0.0362799,-0.0175444,0.6623,-0.723377,-0.0584363,-0.186198
6.01191,0.153218,-0.0362799,-0.0175444,0.6623,-0.723377,-0.0584363,-0.186198
6.01288,0.153218,-0.0362799,-0.0175444,0.6623,-0.723377,-0.0584363,-0.186198
6.01388,0.153302,-0.0362169,-0.0175444,0.661935,-0.723687,-0.0590745,-0.186087
6.0149,0.153302,-0.0362169,-0.0175444,0.661935,-0.723687,-0.0590745,-0.186087
6.0159,0.153373,-0.0361368,-0.0175944,0.662043,-0.723625,-0.0588197,-0.186028
6.01689,0.153373,-0.0361368,-0.0175944,0.662043,-0.723625,-0.0588197,-0.186028
6.01788,0.153457,-0.0360737,-0.0175944,0.662055,-0.723663,-0.0586835,-0.18588
6.01888,0.153457,-0.0360737,-0.0175944,0.662055,-0.723663,-0.0586835,-0.18588
6.01988,0.153541,-0.0360106,-0.0175944,0.662067,-0.723701,-0.0585474,-0.185731
6.0209,0.153541,-0.0360106,-0.0175944,0.662067,-0.723701,-0.0585474,-0.185731
6.02188,0.153613,-0.0359305,-0.0176444,0.662055,-0.723601,-0.058755,-0.186096
6.0229,0.153613,-0.0359305,-0.0176444,0.662055,-0.723601,-0.058755,-0.186096
6.0239,0.153613,-0.0359305,-0.0176444,0.662055,-0.723601,-0.058755,-0.186096
6.0249,0.153613,-0.0359305,-0.0176444,0.662055,-0.723601,-0.058755,-0.186096
6.02588,0.153684,-0.0358503,-0.0176944,0.662162,-0.723539,-0.0584999,-0.186038
6.02688,0.153684,-0.0358503,-0.0176944,0.662162,-0.723539,-0.0584999,-0.186038
6.0279,0.153768,-0.0357871,-0.0176944,0.662174,-0.723577,-0.0583638,-0.185889
6.02888,0.153768,-0.0357871,-0.0176944,0.662174,-0.723577,-0.0583638,-0.185889
6.02989,0.153839,-0.0357068,-0.0177444,0.662024,-0.723824,-0.0584213,-0.185444
6.0309,0.153839,-0.0357068,-0.0177444,0.662024,-0.723824,-0.0584213,-0.185444
6.0319,0.153923,-0.0356436,-0.0177444,0.662036,-0.723862,-0.0582852,-0.185296
6.0329,0.153923,-0.0356436,-0.0177444,0.662036,-0.723862,-0.0582852,-0.185296
6.03388,0.154007,-0.0355802,-0.0177444,0.66193,-0.723863,-0.0586118,-0.18557
6.03488,0.154007,-0.0355802,-0.0177444,0.66193,-0.723863,-0.0586118,-0.18557
6.0359,0.153994,-0.0355632,-0.0177944,0.662143,-0.7238,-0.0580301,-0.185237
6.03688,0.153994,-0.0355632,-0.0177944,0.662143,-0.7238,-0.0580301,-0.185237
6.03788,0.154078,-0.0354999,-0.0177944,0.662037,-0.7238,-0.0583566,-0.185512
6.0389,0.154078,-0.0354999,-0.0177944,0.662037,-0.7238,-0.0583566,-0.185512
6.03989,0.154148,-0.0354195,-0.0178444,0.662144,-0.723738,-0.0581014,-0.185454
6.0409,0.154148,-0.0354195,-0.0178444,0.662144,-0.723738,-0.0581014,-0.185454
6.04188,0.154232,-0.0353561,-0.0178444,0.662156,-0.723776,-0.0579653,-0.185305
6.04288,0.154232,-0.0353561,-0.0178444,0.662156,-0.723776,-0.0579653,-0.185305
6.04388,0.154316,-0.0352927,-0.0178444,0.662167,-0.723814,-0.0578291,-0.185156
6.04488,0.154316,-0.0352927,-0.0178444,0.662167,-0.723814,-0.0578291,-0.185156
6.04589,0.154387,-0.0352122,-0.0178943,0.661945,-0.72406,-0.0571342,-0.185206
6.04689,0.154387,-0.0352122,-0.0178943,0.661945,-0.72406,-0.0571342,-0.185206
6.0479,0.154387,-0.0352122,-0.0178943,0.6619,-0.724023,-0.0583499,-0.185134
6.0489,0.154387,-0.0352122,-0.0178943,0.6619,-0.724023,-0.0583499,-0.185134
6.04988,0.154458,-0.0351316,-0.0179443,0.662006,-0.723961,-0.0580946,-0.185076
6.05088,0.154458,-0.0351316,-0.0179443,0.662006,-0.723961,-0.0580946,-0.185076
6.05191,0.154541,-0.0350681,-0.0179443,0.662018,-0.723999,-0.0579585,-0.184928
6.05288,0.154541,-0.0350681,-0.0179443,0.662018,-0.723999,-0.0579585,-0.184928
6.05389,0.154625,-0.0350046,-0.0179443,0.661701,-0.724346,-0.0573829,-0.184886
6.05489,0.154625,-0.0350046,-0.0179443,0.661701,-0.724346,-0.0573829,-0.184886
6.05589,0.154696,-0.0349239,-0.0179942,0.661807,-0.724283,-0.0571275,-0.184828
6.05689,0.154696,-0.0349239,-0.0179942,0.661807,-0.724283,-0.0571275,-0.184828
6.05788,0.154779,-0.0348603,-0.0179942,0.661819,-0.724321,-0.0569914,-0.184679
6.05888,0.154779,-0.0348603,-0.0179942,0.661819,-0.724321,-0.0569914,-0.184679
6.05992,0.15485,-0.0347796,-0.0180442,0.661925,-0.724259,-0.056736,-0.184621
6.06088,0.15485,-0.0347796,-0.0180442,0.661925,-0.724259,-0.056736,-0.184621
6.06188,0.154933,-0.0347159,-0.0180442,0.661937,-0.724297,-0.0565999,-0.184472
6.0629,0.154933,-0.0347159,-0.0180442,0.661937,-0.724297,-0.0565999,-0.184472
6.0639,0.15492,-0.0346989,-0.0180941,0.661913,-0.724161,-0.0569434,-0.184986
6.06489,0.15492,-0.0346989,-0.0180941,0.661913,-0.724161,-0.0569434,-0.184986
6.06591,0.155004,-0.0346351,-0.0180941,0.661788,-0.724542,-0.0566581,-0.184026
6.06688,0.155004,-0.0346351,-0.0180941,0.661788,-0.724542,-0.0566581,-0.184026
6.06788,0.155074,-0.0345543,-0.018144,0.661776,-0.724443,-0.0568657,-0.184391
6.06888,0.155074,-0.0345543,-0.018144,0.661776,-0.724443,-0.0568657,-0.184391
6.06988,0.155157,-0.0344906,-0.018144,0.661788,-0.724481,-0.0567297,-0.184242
6.0709,0.155157,-0.0344906,-0.018144,0.661788,-0.724481,-0.0567297,-0.184242
6.07189,0.155241,-0.0344267,-0.018144,0.6618,-0.724519,-0.0565936,-0.184093
6.0729,0.155241,-0.0344267,-0.018144,0.6618,-0.724519,-0.0565936,-0.184093
6.07388,0.155311,-0.0343458,-0.0181939,0.661906,-0.724457,-0.056338,-0.184035
6.07488,0.155311,-0.0343458,-0.0181939,0.661906,-0.724457,-0.056338,-0.184035
6.07588,0.155381,-0.0342649,-0.0182439,0.662012,-0.724395,-0.0560823,-0.183977
6.07688,0.155381,-0.0342649,-0.0182439,0.662012,-0.724395,-0.0560823,-0.183977
6.07788,0.155381,-0.0342649,-0.0182439,0.661757,-0.724701,-0.0563966,-0.183589
6.0789,0.155381,-0.0342649,-0.0182439,0.661757,-0.724701,-0.0563966,-0.183589
6.0799,0.155452,-0.0341839,-0.0182937,0.661863,-0.724639,-0.056141,-0.183531
6.08089,0.155452,-0.0341839,-0.0182937,0.661863,-0.724639,-0.056141,-0.183531
6.08191,0.155535,-0.03412,-0.0182937,0.661757,-0.724641,-0.0564681,-0.183805
6.08288,0.155535,-0.03412,-0.0182937,0.661757,-0.724641,-0.0564681,-0.183805
6.08389,0.155605,-0.0340389,-0.0183436,0.661863,-0.724579,-0.0562124,-0.183747
6.08491,0.155605,-0.0340389,-0.0183436,0.661863,-0.724579,-0.0562124,-0.183747
6.08589,0.155688,-0.0339749,-0.0183436,0.661875,-0.724617,-0.0560763,-0.183598
6.08689,0.155688,-0.0339749,-0.0183436,0.661875,-0.724617,-0.0560763,-0.183598
6.08789,0.155675,-0.0339578,-0.0183935,0.661969,-0.724517,-0.0559566,-0.183689
6.0889,0.155675,-0.0339578,-0.0183935,0.661969,-0.724517,-0.0559566,-0.183689
6.08992,0.155758,-0.0338938,-0.0183935,0.66198,-0.724554,-0.0558205,-0.183541
6.09088,0.155758,-0.0338938,-0.0183935,0.66198,-0.724554,-0.0558205,-0.183541
6.09188,0.155828,-0.0338126,-0.0184434,0.661832,-0.724798,-0.0558795,-0.183094
6.09288,0.155828,-0.0338126,-0.0184434,0.661832,-0.724798,-0.0558795,-0.183094
6.0939,0.155911,-0.0337486,-0.0184434,0.661727,-0.7248,-0.0562067,-0.183368
6.0949,0.155911,-0.0337486,-0.0184434,0.661727,-0.7248,-0.0562067,-0.183368
6.0959,0.155994,-0.0336844,-0.0184434,0.661407,-0.725147,-0.0556318,-0.183322
6.0969,0.155994,-0.0336844,-0.0184434,0.661407,-0.725147,-0.0556318,-0.183322
6.09788,0.156064,-0.0336032,-0.0184932,0.661844,-0.724776,-0.0558148,-0.183161
6.09888,0.156064,-0.0336032,-0.0184932,0.661844,-0.724776,-0.0558148,-0.183161
6.09992,0.156064,-0.0336032,-0.0184932,0.661513,-0.725085,-0.0553759,-0.183264
6.10088,0.156064,-0.0336032,-0.0184932,0.661513,-0.725085,-0.0553759,-0.183264
6.10187,0.156134,-0.0335219,-0.0185431,0.661365,-0.725329,-0.055435,-0.182816
6.10291,0.156134,-0.0335219,-0.0185431,0.661365,-0.725329,-0.055435,-0.182816
6.1039,0.156217,-0.0334577,-0.0185431,0.66159,-0.725021,-0.0562016,-0.182988
6.1049,0.156217,-0.0334577,-0.0185431,0.66159,-0.725021,-0.0562016,-0.182988
6.10589,0.156287,-0.0333763,-0.0185929,0.661365,-0.725269,-0.0555068,-0.183032
6.10688,0.156287,-0.0333763,-0.0185929,0.661365,-0.725269,-0.0555068,-0.183032
6.10788,0.15637,-0.033312,-0.0185929,0.661376,-0.725306,-0.0553708,-0.182883
6.10888,0.15637,-0.033312,-0.0185929,0.661376,-0.725306,-0.0553708,-0.182883
6.10988,0.156439,-0.0332306,-0.0186428,0.661229,-0.725549,-0.0554303,-0.182435
6.1109,0.156439,-0.0332306,-0.0186428,0.661229,-0.725549,-0.0554303,-0.182435
6.1119,0.156439,-0.0332306,-0.0186428,0.661112,-0.725513,-0.055894,-0.182858
6.11289,0.156439,-0.0332306,-0.0186428,0.661112,-0.725513,-0.055894,-0.182858
6.11388,0.156509,-0.0331491,-0.0186926,0.661218,-0.725451,-0.055638,-0.1828
6.11488,0.156509,-0.0331491,-0.0186926,0.661218,-0.725451,-0.055638,-0.1828
6.11588,0.156592,-0.0330847,-0.0186926,0.660977,-0.725793,-0.0558179,-0.18226
6.11687,0.156592,-0.0330847,-0.0186926,0.660977,-0.725793,-0.0558179,-0.18226
6.11787,0.156661,-0.0330032,-0.0187424,0.660965,-0.725696,-0.0560257,-0.182625
6.11891,0.156661,-0.0330032,-0.0187424,0.660965,-0.725696,-0.0560257,-0.182625
6.11988,0.156744,-0.0329388,-0.0187424,0.660977,-0.725733,-0.0558898,-0.182476
6.1209,0.156744,-0.0329388,-0.0187424,0.660977,-0.725733,-0.0558898,-0.182476
6.1219,0.156827,-0.0328743,-0.0187424,0.660988,-0.725771,-0.0557539,-0.182327
6.12288,0.156827,-0.0328743,-0.0187424,0.660988,-0.725771,-0.0557539,-0.182327
6.12387,0.156896,-0.0327927,-0.0187922,0.660977,-0.725673,-0.0559617,-0.182692
6.12486,0.156896,-0.0327927,-0.0187922,0.660977,-0.725673,-0.0559617,-0.182692
6.12586,0.156896,-0.0327927,-0.0187922,0.660725,-0.725976,-0.0562781,-0.182301
6.12686,0.156896,-0.0327927,-0.0187922,0.660725,-0.725976,-0.0562781,-0.182301
6.12788,0.156965,-0.032711,-0.018842,0.66083,-0.725915,-0.056022,-0.182243
6.12888,0.156965,-0.032711,-0.018842,0.66083,-0.725915,-0.056022,-0.182243
6.12991,0.157048,-0.0326464,-0.018842,0.660725,-0.725916,-0.0563501,-0.182516
6.13086,0.157048,-0.0326464,-0.018842,0.660725,-0.725916,-0.0563501,-0.182516
6.13186,0.157117,-0.0325647,-0.0188918,0.660831,-0.725855,-0.0560939,-0.182459
6.13286,0.157117,-0.0325647,-0.0188918,0.660831,-0.725855,-0.0560939,-0.182459
6.13386,0.1572,-0.0325001,-0.0188918,0.660474,-0.726159,-0.056739,-0.18234
6.1349,0.1572,-0.0325001,-0.0188918,0.660474,-0.726159,-0.056739,-0.18234
6.13587,0.157269,-0.0324183,-0.0189416,0.660463,-0.726061,-0.0569468,-0.182705
6.13686,0.157269,-0.0324183,-0.0189416,0.660463,-0.726061,-0.0569468,-0.182705
6.13786,0.157269,-0.0324183,-0.0189416,0.660463,-0.726061,-0.0569468,-0.182705
6.13888,0.157269,-0.0324183,-0.0189416,0.660463,-0.726061,-0.0569468,-0.182705
6.13987,0.157338,-0.0323364,-0.0189913,0.660568,-0.726,-0.0566905,-0.182648
6.14086,0.157338,-0.0323364,-0.0189913,0.660568,-0.726,-0.0566905,-0.182648
6.14186,0.157421,-0.0322717,-0.0189913,0.660212,-0.726303,-0.0573363,-0.182528
6.14287,0.157421,-0.0322717,-0.0189913,0.660212,-0.726303,-0.0573363,-0.182528
6.14393,0.15749,-0.0321898,-0.0190411,0.660318,-0.726242,-0.05708,-0.182471
6.14487,0.15749,-0.0321898,-0.0190411,0.660318,-0.726242,-0.05708,-0.182471
6.14587,0.157572,-0.032125,-0.0190411,0.659997,-0.726591,-0.0565063,-0.182419
6.1469,0.157572,-0.032125,-0.0190411,0.659997,-0.726591,-0.0565063,-0.182419
6.14788,0.157641,-0.032043,-0.0190909,0.660434,-0.726218,-0.0566878,-0.182265
6.14887,0.157641,-0.032043,-0.0190909,0.660434,-0.726218,-0.0566878,-0.182265
6.14988,0.157723,-0.0319782,-0.0190909,0.660079,-0.72652,-0.0573342,-0.182145
6.15088,0.157723,-0.0319782,-0.0190909,0.660079,-0.72652,-0.0573342,-0.182145
6.15188,0.157792,-0.0318961,-0.0191406,0.660184,-0.726459,-0.0570777,-0.182088
6.15288,0.157792,-0.0318961,-0.0191406,0.660184,-0.726459,-0.0570777,-0.182088
6.15388,0.157792,-0.0318961,-0.0191406,0.660068,-0.726422,-0.0575421,-0.18251
6.15491,0.157792,-0.0318961,-0.0191406,0.660068,-0.726422,-0.0575421,-0.18251
6.15592,0.157861,-0.0318141,-0.0191903,0.659841,-0.726674,-0.0568479,-0.182548
6.15693,0.157861,-0.0318141,-0.0191903,0.659841,-0.726674,-0.0568479,-0.182548
6.15789,0.157943,-0.0317491,-0.0191903,0.659852,-0.726711,-0.0567123,-0.182399
6.15889,0.157943,-0.0317491,-0.0191903,0.659852,-0.726711,-0.0567123,-0.182399
6.15991,0.158012,-0.031667,-0.0192401,0.659591,-0.726914,-0.0572386,-0.18237
6.16089,0.158012,-0.031667,-0.0192401,0.659591,-0.726914,-0.0572386,-0.18237
6.16189,0.158094,-0.031602,-0.0192401,0.659603,-0.726952,-0.057103,-0.18222
6.16291,0.158094,-0.031602,-0.0192401,0.659603,-0.726952,-0.057103,-0.18222
6.16389,0.158176,-0.031537,-0.0192401,0.659615,-0.726989,-0.0569673,-0.182071
6.16489,0.158176,-0.031537,-0.0192401,0.659615,-0.726989,-0.0569673,-0.182071
6.16588,0.158245,-0.0314547,-0.0192898,0.65972,-0.726928,-0.0567107,-0.182014
6.16691,0.158245,-0.0314547,-0.0192898,0.65972,-0.726928,-0.0567107,-0.182014
6.16789,0.158327,-0.0313896,-0.0192898,0.659615,-0.726929,-0.0570397,-0.182286
6.16888,0.158327,-0.0313896,-0.0192898,0.659615,-0.726929,-0.0570397,-0.182286
6.16989,0.158409,-0.0313245,-0.0192898,0.659627,-0.726967,-0.0569041,-0.182137
6.1709,0.158409,-0.0313245,-0.0192898,0.659627,-0.726967,-0.0569041,-0.182137
6.17189,0.158478,-0.0312422,-0.0193395,0.659483,-0.727206,-0.0569663,-0.181686
6.17289,0.158478,-0.0312422,-0.0193395,0.659483,-0.727206,-0.0569663,-0.181686
6.17388,0.15856,-0.031177,-0.0193395,0.659494,-0.727243,-0.0568307,-0.181536
6.17491,0.15856,-0.031177,-0.0193395,0.659494,-0.727243,-0.0568307,-0.181536
6.1759,0.158642,-0.0311118,-0.0193395,0.659506,-0.72728,-0.0566951,-0.181386
6.17688,0.158642,-0.0311118,-0.0193395,0.659506,-0.72728,-0.0566951,-0.181386
6.17789,0.15871,-0.0310293,-0.0193892,0.659495,-0.727183,-0.0569032,-0.181751
6.1789,0.15871,-0.0310293,-0.0193892,0.659495,-0.727183,-0.0569032,-0.181751
6.1799,0.158792,-0.030964,-0.0193892,0.659258,-0.727519,-0.0570869,-0.181207
6.18088,0.158792,-0.030964,-0.0193892,0.659258,-0.727519,-0.0570869,-0.181207
6.18188,0.158792,-0.030964,-0.0193892,0.659506,-0.727221,-0.0567676,-0.181602
6.18291,0.158792,-0.030964,-0.0193892,0.659506,-0.727221,-0.0567676,-0.181602
6.18388,0.15886,-0.0308815,-0.0194389,0.659363,-0.727459,-0.0568301,-0.18115
6.18488,0.15886,-0.0308815,-0.0194389,0.659363,-0.727459,-0.0568301,-0.18115
6.18588,0.158942,-0.0308162,-0.0194389,0.659374,-0.727496,-0.0566946,-0.181001
6.1869,0.158942,-0.0308162,-0.0194389,0.659374,-0.727496,-0.0566946,-0.181001
6.18788,0.159024,-0.0307508,-0.0194389,0.659052,-0.727846,-0.0561221,-0.180943
6.18888,0.159024,-0.0307508,-0.0194389,0.659052,-0.727846,-0.0561221,-0.180943
6.18988,0.159092,-0.0306682,-0.0194886,0.659041,-0.727749,-0.0563304,-0.181308
6.19089,0.159092,-0.0306682,-0.0194886,0.659041,-0.727749,-0.0563304,-0.181308
6.1919,0.159174,-0.0306028,-0.0194886,0.658805,-0.728084,-0.0565145,-0.180762
6.19289,0.159174,-0.0306028,-0.0194886,0.658805,-0.728084,-0.0565145,-0.180762
6.19388,0.159256,-0.0305373,-0.0194886,0.658817,-0.728122,-0.0563791,-0.180613
6.1949,0.159256,-0.0305373,-0.0194886,0.658817,-0.728122,-0.0563791,-0.180613
6.19588,0.159338,-0.0304718,-0.0194886,0.658828,-0.728159,-0.0562436,-0.180463
6.19688,0.159338,-0.0304718,-0.0194886,0.658828,-0.728159,-0.0562436,-0.180463
6.19788,0.159406,-0.0303891,-0.0195382,0.658933,-0.728098,-0.0559867,-0.180406
6.1989,0.159406,-0.0303891,-0.0195382,0.658933,-0.728098,-0.0559867,-0.180406
6.19991,0.159487,-0.0303235,-0.0195382,0.658944,-0.728135,-0.0558512,-0.180256
6.20088,0.159487,-0.0303235,-0.0195382,0.658944,-0.728135,-0.0558512,-0.180256
6.20191,0.159569,-0.0302579,-0.0195382,0.65884,-0.728137,-0.0561811,-0.180528
6.2029,0.159569,-0.0302579,-0.0195382,0.65884,-0.728137,-0.0561811,-0.180528
6.20389,0.159651,-0.0301923,-0.0195382,0.658852,-0.728174,-0.0560457,-0.180378
6.20488,0.159651,-0.0301923,-0.0195382,0.658852,-0.728174,-0.0560457,-0.180378
6.20588,0.159732,-0.0301266,-0.0195382,0.658863,-0.728211,-0.0559102,-0.180228
6.20689,0.159732,-0.0301266,-0.0195382,0.658863,-0.728211,-0.0559102,-0.180228
6.2079,0.159814,-0.0300609,-0.0195382,0.658875,-0.728248,-0.0557748,-0.180079
6.2089,0.159814,-0.0300609,-0.0195382,0.658875,-0.728248,-0.0557748,-0.180079
6.20988,0.159814,-0.0300609,-0.0195382,0.658628,-0.728544,-0.056095,-0.179682
6.2109,0.159814,-0.0300609,-0.0195382,0.658628,-0.728544,-0.056095,-0.179682
6.2119,0.159895,-0.0299952,-0.0195382,0.658639,-0.728581,-0.0559596,-0.179533
6.21288,0.159895,-0.0299952,-0.0195382,0.658639,-0.728581,-0.0559596,-0.179533
6.21388,0.159963,-0.0299123,-0.0195879,0.658743,-0.728521,-0.0557025,-0.179476
6.2149,0.159963,-0.0299123,-0.0195879,0.658743,-0.728521,-0.0557025,-0.179476
6.21588,0.160045,-0.0298465,-0.0195879,0.65842,-0.728871,-0.0551308,-0.179416
6.21688,0.160045,-0.0298465,-0.0195879,0.65842,-0.728871,-0.0551308,-0.179416
6.21788,0.160126,-0.0297807,-0.0195879,0.658432,-0.728908,-0.0549954,-0.179266
6.2189,0.160126,-0.0297807,-0.0195879,0.658432,-0.728908,-0.0549954,-0.179266
6.21988,0.160208,-0.0297148,-0.0195879,0.658443,-0.728945,-0.05486,-0.179116
6.22088,0.160208,-0.0297148,-0.0195879,0.658443,-0.728945,-0.05486,-0.179116
6.22188,0.160289,-0.0296489,-0.0195879,0.658208,-0.729278,-0.055045,-0.178569
6.22288,0.160289,-0.0296489,-0.0195879,0.658208,-0.729278,-0.055045,-0.178569
6.2239,0.16037,-0.029583,-0.0195879,0.658351,-0.728983,-0.0550553,-0.179237
6.2249,0.16037,-0.029583,-0.0195879,0.658351,-0.728983,-0.0550553,-0.179237
6.22588,0.160452,-0.029517,-0.0195879,0.658362,-0.72902,-0.0549199,-0.179088
6.2269,0.160452,-0.029517,-0.0195879,0.658362,-0.72902,-0.0549199,-0.179088
6.22788,0.160533,-0.029451,-0.0195879,0.658127,-0.729352,-0.0551052,-0.17854
6.22888,0.160533,-0.029451,-0.0195879,0.658127,-0.729352,-0.0551052,-0.17854
6.22988,0.160615,-0.029385,-0.0195879,0.658139,-0.729389,-0.0549699,-0.17839
6.2309,0.160615,-0.029385,-0.0195879,0.658139,-0.729389,-0.0549699,-0.17839
6.23191,0.160696,-0.0293189,-0.0195879,0.65815,-0.729426,-0.0548346,-0.17824
6.23292,0.160696,-0.0293189,-0.0195879,0.65815,-0.729426,-0.0548346,-0.17824
6.23388,0.160777,-0.0292528,-0.0195879,0.658161,-0.729462,-0.0546993,-0.17809
6.2349,0.160777,-0.0292528,-0.0195879,0.658161,-0.729462,-0.0546993,-0.17809
6.23589,0.160858,-0.0291867,-0.0195879,0.658173,-0.729499,-0.0545639,-0.17794
6.23688,0.160858,-0.0291867,-0.0195879,0.658173,-0.729499,-0.0545639,-0.17794
6.23788,0.160926,-0.0291034,-0.0196376,0.658276,-0.729439,-0.0543066,-0.177884
6.2389,0.160926,-0.0291034,-0.0196376,0.658276,-0.729439,-0.0543066,-0.177884
6.2399,0.161007,-0.0290373,-0.0196376,0.658287,-0.729475,-0.0541713,-0.177734
6.2409,0.161007,-0.0290373,-0.0196376,0.658287,-0.729475,-0.0541713,-0.177734
6.24188,0.161088,-0.028971,-0.0196376,0.657962,-0.729825,-0.0536005,-0.177672
6.2429,0.161088,-0.028971,-0.0196376,0.657962,-0.729825,-0.0536005,-0.177672
6.24391,0.161169,-0.0289048,-0.0196376,0.65786,-0.729827,-0.0539317,-0.177943
6.24488,0.161169,-0.0289048,-0.0196376,0.65786,-0.729827,-0.0539317,-0.177943
6.24588,0.16125,-0.0288385,-0.0196376,0.657626,-0.730158,-0.0541176,-0.177394
6.2469,0.16125,-0.0288385,-0.0196376,0.657626,-0.730158,-0.0541176,-0.177394
6.24788,0.16125,-0.0288385,-0.0196376,0.657871,-0.729864,-0.0537965,-0.177793
6.24888,0.16125,-0.0288385,-0.0196376,0.657871,-0.729864,-0.0537965,-0.177793
6.24988,0.161331,-0.0287722,-0.0196376,0.657637,-0.730195,-0.0539823,-0.177244
6.2509,0.161331,-0.0287722,-0.0196376,0.657637,-0.730195,-0.0539823,-0.177244
6.25188,0.161398,-0.0286887,-0.0196872,0.65774,-0.730134,-0.0537249,-0.177187
6.25288,0.161398,-0.0286887,-0.0196872,0.65774,-0.730134,-0.0537249,-0.177187
6.25388,0.161479,-0.0286223,-0.0196872,0.657751,-0.730171,-0.0535897,-0.177037
6.25488,0.161479,-0.0286223,-0.0196872,0.657751,-0.730171,-0.0535897,-0.177037
6.25588,0.16156,-0.0285559,-0.0196872,0.657762,-0.730207,-0.0534545,-0.176887
6.2569,0.16156,-0.0285559,-0.0196872,0.657762,-0.730207,-0.0534545,-0.176887
6.25788,0.161641,-0.0284895,-0.0196872,0.657773,-0.730244,-0.0533192,-0.176737
6.25889,0.161641,-0.0284895,-0.0196872,0.657773,-0.730244,-0.0533192,-0.176737
6.25988,0.161722,-0.028423,-0.0196872,0.657784,-0.73028,-0.053184,-0.176587
6.26088,0.161722,-0.028423,-0.0196872,0.657784,-0.73028,-0.053184,-0.176587
6.26188,0.161789,-0.0283394,-0.0197368,0.657887,-0.73022,-0.0529265,-0.17653
6.2629,0.161789,-0.0283394,-0.0197368,0.657887,-0.73022,-0.0529265,-0.17653
6.26388,0.16187,-0.0282729,-0.0197368,0.657561,-0.730569,-0.0523563,-0.176467
6.2649,0.16187,-0.0282729,-0.0197368,0.657561,-0.730569,-0.0523563,-0.176467
6.2659,0.161951,-0.0282063,-0.0197368,0.657572,-0.730606,-0.0522211,-0.176317
6.26689,0.161951,-0.0282063,-0.0197368,0.657572,-0.730606,-0.0522211,-0.176317
6.26789,0.162032,-0.0281397,-0.0197368,0.65792,-0.730328,-0.0525207,-0.17608
6.26888,0.162032,-0.0281397,-0.0197368,0.65792,-0.730328,-0.0525207,-0.17608
6.26988,0.162112,-0.028073,-0.0197368,0.65793,-0.730364,-0.0523854,-0.175929
6.27088,0.162112,-0.028073,-0.0197368,0.65793,-0.730364,-0.0523854,-0.175929
6.27188,0.162193,-0.0280063,-0.0197368,0.657697,-0.730694,-0.0525719,-0.17538
6.2729,0.162193,-0.0280063,-0.0197368,0.657697,-0.730694,-0.0525719,-0.17538
6.2739,0.162193,-0.0280063,-0.0197368,0.657697,-0.730694,-0.0525719,-0.17538
6.27489,0.162193,-0.0280063,-0.0197368,0.657697,-0.730694,-0.0525719,-0.17538
6.2759,0.162274,-0.0279396,-0.0197368,0.65737,-0.731043,-0.0520019,-0.175316
6.27688,0.162274,-0.0279396,-0.0197368,0.65737,-0.731043,-0.0520019,-0.175316
6.27788,0.162354,-0.0278729,-0.0197368,0.657381,-0.731079,-0.0518667,-0.175166
6.27889,0.162354,-0.0278729,-0.0197368,0.657381,-0.731079,-0.0518667,-0.175166
6.27988,0.162421,-0.0277891,-0.0197865,0.657371,-0.730986,-0.0520763,-0.175529
6.28088,0.162421,-0.0277891,-0.0197865,0.657371,-0.730986,-0.0520763,-0.175529
6.28189,0.162502,-0.0277223,-0.0197865,0.657382,-0.731022,-0.0519412,-0.175379
6.28289,0.162502,-0.0277223,-0.0197865,0.657382,-0.731022,-0.0519412,-0.175379
6.28388,0.162582,-0.0276554,-0.0197865,0.657393,-0.731058,-0.051806,-0.175229
6.28491,0.162582,-0.0276554,-0.0197865,0.657393,-0.731058,-0.051806,-0.175229
6.28591,0.162663,-0.0275886,-0.0197865,0.657403,-0.731094,-0.0516709,-0.175078
6.28688,0.162663,-0.0275886,-0.0197865,0.657403,-0.731094,-0.0516709,-0.175078
6.28788,0.162743,-0.0275217,-0.0197865,0.657414,-0.73113,-0.0515357,-0.174928
6.2889,0.162743,-0.0275217,-0.0197865,0.657414,-0.73113,-0.0515357,-0.174928
6.28988,0.162824,-0.0274547,-0.0197865,0.657425,-0.731166,-0.0514005,-0.174778
6.29089,0.162824,-0.0274547,-0.0197865,0.657425,-0.731166,-0.0514005,-0.174778
6.29188,0.16289,-0.0273707,-0.0198361,0.657527,-0.731106,-0.0511427,-0.174721
6.2929,0.16289,-0.0273707,-0.0198361,0.657527,-0.731106,-0.0511427,-0.174721
6.29388,0.162971,-0.0273037,-0.0198361,0.657537,-0.731141,-0.0510075,-0.174571
6.2949,0.162971,-0.0273037,-0.0198361,0.657537,-0.731141,-0.0510075,-0.174571
6.29588,0.163051,-0.0272367,-0.0198361,0.657304,-0.731469,-0.0511946,-0.17402
6.29688,0.163051,-0.0272367,-0.0198361,0.657304,-0.731469,-0.0511946,-0.17402
6.29789,0.163132,-0.0271696,-0.0198361,0.657315,-0.731505,-0.0510595,-0.17387
6.2989,0.163132,-0.0271696,-0.0198361,0.657315,-0.731505,-0.0510595,-0.17387
6.29989,0.163132,-0.0271696,-0.0198361,0.657204,-0.731472,-0.051527,-0.17429
6.30089,0.163132,-0.0271696,-0.0198361,0.657204,-0.731472,-0.051527,-0.17429
6.30188,0.163212,-0.0271025,-0.0198361,0.657325,-0.731541,-0.0509243,-0.173719
6.30288,0.163212,-0.0271025,-0.0198361,0.657325,-0.731541,-0.0509243,-0.173719
6.30388,0.163278,-0.0270184,-0.0198857,0.657428,-0.73148,-0.0506664,-0.173663
6.3049,0.163278,-0.0270184,-0.0198857,0.657428,-0.73148,-0.0506664,-0.173663
6.30588,0.163358,-0.0269512,-0.0198857,0.657327,-0.731483,-0.0509988,-0.173932
6.30689,0.163358,-0.0269512,-0.0198857,0.657327,-0.731483,-0.0509988,-0.173932
6.3079,0.163439,-0.0268841,-0.0198857,0.657337,-0.731519,-0.0508637,-0.173782
6.30888,0.163439,-0.0268841,-0.0198857,0.657337,-0.731519,-0.0508637,-0.173782
6.30988,0.163519,-0.0268168,-0.0198857,0.657348,-0.731555,-0.0507285,-0.173632
6.3109,0.163519,-0.0268168,-0.0198857,0.657348,-0.731555,-0.0507285,-0.173632
6.31188,0.163585,-0.0267326,-0.0199353,0.657111,-0.731809,-0.0500369,-0.173659
6.31288,0.163585,-0.0267326,-0.0199353,0.657111,-0.731809,-0.0500369,-0.173659
6.3139,0.163585,-0.0267326,-0.0199353,0.65745,-0.731495,-0.0504705,-0.173575
6.31489,0.163585,-0.0267326,-0.0199353,0.65745,-0.731495,-0.0504705,-0.173575
6.31589,0.163665,-0.0266653,-0.0199353,0.65746,-0.73153,-0.0503354,-0.173425
6.31688,0.163665,-0.0266653,-0.0199353,0.65746,-0.73153,-0.0503354,-0.173425
6.31788,0.163745,-0.026598,-0.0199353,0.65747,-0.731566,-0.0502002,-0.173274
6.31888,0.163745,-0.026598,-0.0199353,0.65747,-0.731566,-0.0502002,-0.173274
6.31988,0.163811,-0.0265136,-0.0199849,0.657233,-0.73182,-0.0495086,-0.173302
6.3209,0.163811,-0.0265136,-0.0199849,0.657233,-0.73182,-0.0495086,-0.173302
6.32188,0.163891,-0.0264463,-0.0199849,0.657243,-0.731855,-0.0493735,-0.173151
6.32289,0.163891,-0.0264463,-0.0199849,0.657243,-0.731855,-0.0493735,-0.173151
6.32388,0.163891,-0.0264463,-0.0199849,0.657582,-0.731541,-0.0498069,-0.173068
6.3249,0.163891,-0.0264463,-0.0199849,0.657582,-0.731541,-0.0498069,-0.173068
6.32588,0.163957,-0.0263618,-0.0200345,0.657103,-0.732085,-0.0494382,-0.172693
6.32689,0.163957,-0.0263618,-0.0200345,0.657103,-0.732085,-0.0494382,-0.172693
6.32788,0.164037,-0.0262944,-0.0200345,0.657113,-0.732121,-0.0493031,-0.172543
6.32888,0.164037,-0.0262944,-0.0200345,0.657113,-0.732121,-0.0493031,-0.172543
6.32989,0.164037,-0.0262944,-0.0200345,0.657113,-0.732121,-0.0493031,-0.172543
6.3309,0.164037,-0.0262944,-0.0200345,0.657113,-0.732121,-0.0493031,-0.172543
6.33189,0.164117,-0.0262269,-0.0200345,0.657123,-0.732156,-0.049168,-0.172392
6.33288,0.164117,-0.0262269,-0.0200345,0.657123,-0.732156,-0.049168,-0.172392
6.33388,0.164197,-0.0261594,-0.0200345,0.657133,-0.732192,-0.0490329,-0.172241
6.33488,0.164197,-0.0261594,-0.0200345,0.657133,-0.732192,-0.0490329,-0.172241
6.33588,0.164263,-0.0260749,-0.0200841,0.657234,-0.732131,-0.0487748,-0.172185
6.3369,0.164263,-0.0260749,-0.0200841,0.657234,-0.732131,-0.0487748,-0.172185
6.33788,0.164263,-0.0260749,-0.0200841,0.657234,-0.732131,-0.0487748,-0.172185
6.33889,0.164263,-0.0260749,-0.0200841,0.657234,-0.732131,-0.0487748,-0.172185
6.33992,0.164343,-0.0260073,-0.0200841,0.657244,-0.732167,-0.0486396,-0.172034
6.3409,0.164343,-0.0260073,-0.0200841,0.657244,-0.732167,-0.0486396,-0.172034
6.34188,0.164408,-0.0259227,-0.0201336,0.657346,-0.732106,-0.0483814,-0.171978
6.3429,0.164408,-0.0259227,-0.0201336,0.657346,-0.732106,-0.0483814,-0.171978
6.34388,0.164408,-0.0259227,-0.0201336,0.657346,-0.732106,-0.0483814,-0.171978
6.34488,0.164408,-0.0259227,-0.0201336,0.657346,-0.732106,-0.0483814,-0.171978
6.34589,0.164488,-0.0258551,-0.0201336,0.657356,-0.732142,-0.0482463,-0.171827
6.34689,0.164488,-0.0258551,-0.0201336,0.657356,-0.732142,-0.0482463,-0.171827
6.34788,0.164568,-0.0257875,-0.0201336,0.657365,-0.732177,-0.0481111,-0.171677
6.34888,0.164568,-0.0257875,-0.0201336,0.657365,-0.732177,-0.0481111,-0.171677
6.34988,0.164554,-0.0257705,-0.0201832,0.657457,-0.732081,-0.047988,-0.171771
6.35088,0.164554,-0.0257705,-0.0201832,0.657457,-0.732081,-0.047988,-0.171771
6.35188,0.164633,-0.0257028,-0.0201832,0.657466,-0.732116,-0.0478528,-0.17162
6.35289,0.164633,-0.0257028,-0.0201832,0.657466,-0.732116,-0.0478528,-0.17162
6.35388,0.164713,-0.0256351,-0.0201832,0.657476,-0.732152,-0.0477176,-0.17147
6.35489,0.164713,-0.0256351,-0.0201832,0.657476,-0.732152,-0.0477176,-0.17147
6.35588,0.164778,-0.0255503,-0.0202327,0.657577,-0.732091,-0.0474592,-0.171414
6.35689,0.164778,-0.0255503,-0.0202327,0.657577,-0.732091,-0.0474592,-0.171414
6.35788,0.164778,-0.0255503,-0.0202327,0.657577,-0.732091,-0.0474592,-0.171414
6.35889,0.164778,-0.0255503,-0.0202327,0.657577,-0.732091,-0.0474592,-0.171414
6.35988,0.164858,-0.0254826,-0.0202327,0.657587,-0.732126,-0.047324,-0.171263
6.36088,0.164858,-0.0254826,-0.0202327,0.657587,-0.732126,-0.047324,-0.171263
6.36189,0.164938,-0.0254147,-0.0202327,0.657147,-0.732446,-0.0472241,-0.171614
6.3629,0.164938,-0.0254147,-0.0202327,0.657147,-0.732446,-0.0472241,-0.171614
6.36389,0.164923,-0.0253977,-0.0202823,0.657238,-0.73235,-0.0471007,-0.171708
6.36488,0.164923,-0.0253977,-0.0202823,0.657238,-0.73235,-0.0471007,-0.171708
6.36588,0.165003,-0.0253299,-0.0202823,0.657247,-0.732385,-0.0469656,-0.171558
6.36688,0.165003,-0.0253299,-0.0202823,0.657247,-0.732385,-0.0469656,-0.171558
6.36788,0.165003,-0.0253299,-0.0202823,0.657247,-0.732385,-0.0469656,-0.171558
6.3689,0.165003,-0.0253299,-0.0202823,0.657247,-0.732385,-0.0469656,-0.171558
6.36988,0.165083,-0.025262,-0.0202823,0.657257,-0.73242,-0.0468304,-0.171407
6.37089,0.165083,-0.025262,-0.0202823,0.657257,-0.73242,-0.0468304,-0.171407
6.37191,0.165148,-0.0251771,-0.0203318,0.657467,-0.73239,-0.0461038,-0.170931
6.37288,0.165148,-0.0251771,-0.0203318,0.657467,-0.73239,-0.0461038,-0.170931
6.37388,0.165148,-0.0251771,-0.0203318,0.657358,-0.73236,-0.0465719,-0.171351
6.3749,0.165148,-0.0251771,-0.0203318,0.657358,-0.73236,-0.0465719,-0.171351
6.37588,0.165227,-0.0251092,-0.0203318,0.657367,-0.732395,-0.0464367,-0.1712
6.37688,0.165227,-0.0251092,-0.0203318,0.657367,-0.732395,-0.0464367,-0.1712
6.37789,0.165213,-0.0250922,-0.0203813,0.657458,-0.732299,-0.0463133,-0.171294
6.37889,0.165213,-0.0250922,-0.0203813,0.657458,-0.732299,-0.0463133,-0.171294
6.3799,0.165292,-0.0250243,-0.0203813,0.657467,-0.732335,-0.0461781,-0.171144
6.38088,0.165292,-0.0250243,-0.0203813,0.657467,-0.732335,-0.0461781,-0.171144
6.38188,0.165372,-0.0249563,-0.0203813,0.657477,-0.73237,-0.046043,-0.170993
6.38288,0.165372,-0.0249563,-0.0203813,0.657477,-0.73237,-0.046043,-0.170993
6.38388,0.165357,-0.0249393,-0.0204308,0.657568,-0.732274,-0.0459195,-0.171087
6.38489,0.165357,-0.0249393,-0.0204308,0.657568,-0.732274,-0.0459195,-0.171087
6.3859,0.165437,-0.0248712,-0.0204308,0.657577,-0.732309,-0.0457843,-0.170937
6.38692,0.165437,-0.0248712,-0.0204308,0.657577,-0.732309,-0.0457843,-0.170937
6.38789,0.165437,-0.0248712,-0.0204308,0.657577,-0.732309,-0.0457843,-0.170937
6.38888,0.165437,-0.0248712,-0.0204308,0.657577,-0.732309,-0.0457843,-0.170937
6.38988,0.165502,-0.0247862,-0.0204803,0.657677,-0.732249,-0.0455256,-0.170881
6.39091,0.165502,-0.0247862,-0.0204803,0.657677,-0.732249,-0.0455256,-0.170881
6.39191,0.165502,-0.0247862,-0.0204803,0.657677,-0.732249,-0.0455256,-0.170881
6.39294,0.165502,-0.0247862,-0.0204803,0.657677,-0.732249,-0.0455256,-0.170881
6.39389,0.165487,-0.0247691,-0.0205298,0.657768,-0.732153,-0.0454021,-0.170975
6.3949,0.165487,-0.0247691,-0.0205298,0.657768,-0.732153,-0.0454021,-0.170975
6.39589,0.165566,-0.0247011,-0.0205298,0.657777,-0.732188,-0.0452668,-0.170824
6.39692,0.165566,-0.0247011,-0.0205298,0.657777,-0.732188,-0.0452668,-0.170824
6.39789,0.165552,-0.024684,-0.0205793,0.657868,-0.732092,-0.0451433,-0.170919
6.39889,0.165552,-0.024684,-0.0205793,0.657868,-0.732092,-0.0451433,-0.170919
6.3999,0.165631,-0.024616,-0.0205793,0.657637,-0.732416,-0.0453323,-0.170365
6.40089,0.165631,-0.024616,-0.0205793,0.657637,-0.732416,-0.0453323,-0.170365
6.40189,0.165616,-0.0245989,-0.0206288,0.657967,-0.732032,-0.0448845,-0.170862
6.4029,0.165616,-0.0245989,-0.0206288,0.657967,-0.732032,-0.0448845,-0.170862
6.40391,0.165696,-0.0245308,-0.0206288,0.657977,-0.732067,-0.0447492,-0.170712
6.40489,0.165696,-0.0245308,-0.0206288,0.657977,-0.732067,-0.0447492,-0.170712
6.40588,0.165681,-0.0245137,-0.0206782,0.657726,-0.732285,-0.0441931,-0.170886
6.40688,0.165681,-0.0245137,-0.0206782,0.657726,-0.732285,-0.0441931,-0.170886
6.4079,0.165681,-0.0245137,-0.0206782,0.657487,-0.732574,-0.0445173,-0.170482
6.40889,0.165681,-0.0245137,-0.0206782,0.657487,-0.732574,-0.0445173,-0.170482
6.40988,0.165746,-0.0244285,-0.0207277,0.657825,-0.732225,-0.0439343,-0.170829
6.4109,0.165746,-0.0244285,-0.0207277,0.657825,-0.732225,-0.0439343,-0.170829
6.41188,0.165746,-0.0244285,-0.0207277,0.657587,-0.732514,-0.0442585,-0.170426
6.41288,0.165746,-0.0244285,-0.0207277,0.657587,-0.732514,-0.0442585,-0.170426
6.41388,0.165825,-0.0243603,-0.0207277,0.657834,-0.73226,-0.043799,-0.170679
6.41488,0.165825,-0.0243603,-0.0207277,0.657834,-0.73226,-0.043799,-0.170679
6.41591,0.16581,-0.0243433,-0.0207771,0.657686,-0.732453,-0.0439996,-0.170369
6.41688,0.16581,-0.0243433,-0.0207771,0.657686,-0.732453,-0.0439996,-0.170369
6.41788,0.165796,-0.0243262,-0.0208266,0.657777,-0.732357,-0.043876,-0.170464
6.4189,0.165796,-0.0243262,-0.0208266,0.657777,-0.732357,-0.043876,-0.170464
6.41988,0.165875,-0.024258,-0.0208266,0.657786,-0.732392,-0.0437407,-0.170313
6.4209,0.165875,-0.024258,-0.0208266,0.657786,-0.732392,-0.0437407,-0.170313
6.4219,0.165875,-0.024258,-0.0208266,0.658024,-0.732103,-0.0434164,-0.170717
6.42288,0.165875,-0.024258,-0.0208266,0.658024,-0.732103,-0.0434164,-0.170717
6.4239,0.165939,-0.0241726,-0.020876,0.657885,-0.732331,-0.0434818,-0.170257
6.42491,0.165939,-0.0241726,-0.020876,0.657885,-0.732331,-0.0434818,-0.170257
6.42589,0.165939,-0.0241726,-0.020876,0.658123,-0.732042,-0.0431574,-0.17066
6.42691,0.165939,-0.0241726,-0.020876,0.658123,-0.732042,-0.0431574,-0.17066
6.42788,0.166004,-0.0240873,-0.0209254,0.658222,-0.731982,-0.0428983,-0.170604
6.42888,0.166004,-0.0240873,-0.0209254,0.658222,-0.731982,-0.0428983,-0.170604
6.42988,0.166004,-0.0240873,-0.0209254,0.657984,-0.732271,-0.0432228,-0.1702
6.43088,0.166004,-0.0240873,-0.0209254,0.657984,-0.732271,-0.0432228,-0.1702
6.4319,0.165989,-0.0240702,-0.0209748,0.658313,-0.731886,-0.0427746,-0.170698
6.43288,0.165989,-0.0240702,-0.0209748,0.658313,-0.731886,-0.0427746,-0.170698
6.43388,0.166068,-0.0240019,-0.0209748,0.658083,-0.73221,-0.0429638,-0.170144
6.43489,0.166068,-0.0240019,-0.0209748,0.658083,-0.73221,-0.0429638,-0.170144
6.43588,0.166053,-0.0239848,-0.0210242,0.657832,-0.732428,-0.0424074,-0.170316
6.43688,0.166053,-0.0239848,-0.0210242,0.657832,-0.732428,-0.0424074,-0.170316
6.43788,0.166132,-0.0239165,-0.0210242,0.657841,-0.732463,-0.0422722,-0.170166
6.43888,0.166132,-0.0239165,-0.0210242,0.657841,-0.732463,-0.0422722,-0.170166
6.43989,0.166117,-0.0238993,-0.0210736,0.657931,-0.732367,-0.0421484,-0.17026
6.44091,0.166117,-0.0238993,-0.0210736,0.657931,-0.732367,-0.0421484,-0.17026
6.44188,0.166117,-0.0238993,-0.0210736,0.657931,-0.732367,-0.0421484,-0.17026
6.4429,0.166117,-0.0238993,-0.0210736,0.657931,-0.732367,-0.0421484,-0.17026
6.44388,0.166182,-0.0238138,-0.021123,0.65803,-0.732306,-0.0418893,-0.170203
6.44491,0.166182,-0.0238138,-0.021123,0.65803,-0.732306,-0.0418893,-0.170203
6.44588,0.166182,-0.0238138,-0.021123,0.65803,-0.732306,-0.0418893,-0.170203
6.44688,0.166182,-0.0238138,-0.021123,0.65803,-0.732306,-0.0418893,-0.170203
6.4479,0.166167,-0.0237967,-0.0211724,0.65812,-0.732211,-0.0417654,-0.170298
6.44888,0.166167,-0.0237967,-0.0211724,0.65812,-0.732211,-0.0417654,-0.170298
6.44988,0.166231,-0.0237112,-0.0212217,0.658219,-0.73215,-0.0415063,-0.170241
6.4509,0.166231,-0.0237112,-0.0212217,0.658219,-0.73215,-0.0415063,-0.170241
6.45188,0.166231,-0.0237112,-0.0212217,0.658219,-0.73215,-0.0415063,-0.170241
6.45289,0.166231,-0.0237112,-0.0212217,0.658219,-0.73215,-0.0415063,-0.170241
6.45388,0.166231,-0.0237112,-0.0212217,0.658219,-0.73215,-0.0415063,-0.170241
6.45488,0.166231,-0.0237112,-0.0212217,0.658219,-0.73215,-0.0415063,-0.170241
6.4559,0.166216,-0.023694,-0.0212711,0.657967,-0.732368,-0.0409497,-0.170413
6.45691,0.166216,-0.023694,-0.0212711,0.657967,-0.732368,-0.0409497,-0.170413
6.45792,0.16628,-0.0236084,-0.0213204,0.658065,-0.732307,-0.0406905,-0.170356
6.45895,0.16628,-0.0236084,-0.0213204,0.658065,-0.732307,-0.0406905,-0.170356
6.45988,0.16628,-0.0236084,-0.0213204,0.658065,-0.732307,-0.0406905,-0.170356
6.46088,0.16628,-0.0236084,-0.0213204,0.658065,-0.732307,-0.0406905,-0.170356
6.46188,0.166265,-0.0235912,-0.0213698,0.658155,-0.732211,-0.0405666,-0.17045
6.46288,0.166265,-0.0235912,-0.0213698,0.658155,-0.732211,-0.0405666,-0.17045
6.46389,0.166265,-0.0235912,-0.0213698,0.658155,-0.732211,-0.0405666,-0.17045
6.46488,0.166265,-0.0235912,-0.0213698,0.658155,-0.732211,-0.0405666,-0.17045
6.46588,0.166329,-0.0235056,-0.0214191,0.658254,-0.73215,-0.0403073,-0.170394
6.46689,0.166329,-0.0235056,-0.0214191,0.658254,-0.73215,-0.0403073,-0.170394
6.46788,0.166329,-0.0235056,-0.0214191,0.658254,-0.73215,-0.0403073,-0.170394
6.46888,0.166329,-0.0235056,-0.0214191,0.658254,-0.73215,-0.0403073,-0.170394
6.46988,0.166314,-0.0234883,-0.0214684,0.658344,-0.732054,-0.0401834,-0.170488
6.47088,0.166314,-0.0234883,-0.0214684,0.658344,-0.732054,-0.0401834,-0.170488
6.4719,0.166314,-0.0234883,-0.0214684,0.658344,-0.732054,-0.0401834,-0.170488
6.4729,0.166314,-0.0234883,-0.0214684,0.658344,-0.732054,-0.0401834,-0.170488
6.47388,0.166378,-0.0234027,-0.0215177,0.658442,-0.731993,-0.0399241,-0.170431
6.4749,0.166378,-0.0234027,-0.0215177,0.658442,-0.731993,-0.0399241,-0.170431
6.47588,0.166378,-0.0234027,-0.0215177,0.658442,-0.731993,-0.0399241,-0.170431
6.47692,0.166378,-0.0234027,-0.0215177,0.658442,-0.731993,-0.0399241,-0.170431
6.47788,0.166363,-0.0233854,-0.021567,0.658532,-0.731897,-0.0398001,-0.170525
6.47888,0.166363,-0.0233854,-0.021567,0.658532,-0.731897,-0.0398001,-0.170525
6.47989,0.166363,-0.0233854,-0.021567,0.658189,-0.73221,-0.0393672,-0.170602
6.48088,0.166363,-0.0233854,-0.021567,0.658189,-0.73221,-0.0393672,-0.170602
6.48188,0.166427,-0.0232997,-0.0216163,0.658287,-0.732149,-0.0391078,-0.170545
6.48289,0.166427,-0.0232997,-0.0216163,0.658287,-0.732149,-0.0391078,-0.170545
6.48388,0.166427,-0.0232997,-0.0216163,0.658287,-0.732149,-0.0391078,-0.170545
6.48489,0.166427,-0.0232997,-0.0216163,0.658287,-0.732149,-0.0391078,-0.170545
6.48588,0.166412,-0.0232825,-0.0216656,0.658377,-0.732053,-0.0389838,-0.170639
6.48688,0.166412,-0.0232825,-0.0216656,0.658377,-0.732053,-0.0389838,-0.170639
6.48789,0.166412,-0.0232825,-0.0216656,0.658377,-0.732053,-0.0389838,-0.170639
6.48892,0.166412,-0.0232825,-0.0216656,0.658377,-0.732053,-0.0389838,-0.170639
6.48988,0.166476,-0.0231967,-0.0217149,0.658475,-0.731992,-0.0387244,-0.170583
6.4909,0.166476,-0.0231967,-0.0217149,0.658475,-0.731992,-0.0387244,-0.170583
6.49189,0.166476,-0.0231967,-0.0217149,0.658239,-0.732281,-0.039049,-0.170178
6.4929,0.166476,-0.0231967,-0.0217149,0.658239,-0.732281,-0.039049,-0.170178
6.49389,0.166461,-0.0231794,-0.0217641,0.658329,-0.732185,-0.038925,-0.170272
6.49488,0.166461,-0.0231794,-0.0217641,0.658329,-0.732185,-0.038925,-0.170272
6.49589,0.166539,-0.0231109,-0.0217641,0.658337,-0.73222,-0.0387896,-0.170121
6.49688,0.166539,-0.0231109,-0.0217641,0.658337,-0.73222,-0.0387896,-0.170121
6.49789,0.166524,-0.0230936,-0.0218134,0.658084,-0.732437,-0.0382324,-0.17029
6.49889,0.166524,-0.0230936,-0.0218134,0.658084,-0.732437,-0.0382324,-0.17029
6.49989,0.166524,-0.0230936,-0.0218134,0.658427,-0.732124,-0.0386656,-0.170215
6.50088,0.166524,-0.0230936,-0.0218134,0.658427,-0.732124,-0.0386656,-0.170215
6.50188,0.166524,-0.0230936,-0.0218134,0.658084,-0.732437,-0.0382324,-0.17029
6.50287,0.166524,-0.0230936,-0.0218134,0.658084,-0.732437,-0.0382324,-0.17029
6.50392,0.166603,-0.0230251,-0.0218134,0.658435,-0.732159,-0.0385302,-0.170065
6.50488,0.166603,-0.0230251,-0.0218134,0.658435,-0.732159,-0.0385302,-0.170065
6.50588,0.166588,-0.0230078,-0.0218626,0.658182,-0.732376,-0.037973,-0.170234
6.5069,0.166588,-0.0230078,-0.0218626,0.658182,-0.732376,-0.037973,-0.170234
6.50788,0.166588,-0.0230078,-0.0218626,0.658182,-0.732376,-0.037973,-0.170234
6.5089,0.166588,-0.0230078,-0.0218626,0.658182,-0.732376,-0.037973,-0.170234
6.50988,0.166588,-0.0230078,-0.0218626,0.658182,-0.732376,-0.037973,-0.170234
6.51088,0.166588,-0.0230078,-0.0218626,0.658182,-0.732376,-0.037973,-0.170234
6.51189,0.166652,-0.0229219,-0.0219118,0.658044,-0.732604,-0.0380382,-0.169771
6.51288,0.166652,-0.0229219,-0.0219118,0.658044,-0.732604,-0.0380382,-0.169771
6.51388,0.166652,-0.0229219,-0.0219118,0.658044,-0.732604,-0.0380382,-0.169771
6.5149,0.166652,-0.0229219,-0.0219118,0.658044,-0.732604,-0.0380382,-0.169771
6.51588,0.166652,-0.0229219,-0.0219118,0.658044,-0.732604,-0.0380382,-0.169771
6.51689,0.166652,-0.0229219,-0.0219118,0.658044,-0.732604,-0.0380382,-0.169771
6.51788,0.166652,-0.0229219,-0.0219118,0.658044,-0.732604,-0.0380382,-0.169771
6.51887,0.166652,-0.0229219,-0.0219118,0.658044,-0.732604,-0.0380382,-0.169771
6.51989,0.166715,-0.0228361,-0.0219611,0.658142,-0.732543,-0.0377787,-0.169715
6.5209,0.166715,-0.0228361,-0.0219611,0.658142,-0.732543,-0.0377787,-0.169715
6.52188,0.166715,-0.0228361,-0.0219611,0.658142,-0.732543,-0.0377787,-0.169715
6.5229,0.166715,-0.0228361,-0.0219611,0.658142,-0.732543,-0.0377787,-0.169715
6.52388,0.1667,-0.0228187,-0.0220103,0.657996,-0.732735,-0.0379793,-0.169403
6.52488,0.1667,-0.0228187,-0.0220103,0.657996,-0.732735,-0.0379793,-0.169403
6.52588,0.1667,-0.0228187,-0.0220103,0.657996,-0.732735,-0.0379793,-0.169403
6.52688,0.1667,-0.0228187,-0.0220103,0.657996,-0.732735,-0.0379793,-0.169403
6.5279,0.166779,-0.0227501,-0.0220103,0.658004,-0.73277,-0.037844,-0.169253
6.52888,0.166779,-0.0227501,-0.0220103,0.658004,-0.73277,-0.037844,-0.169253
6.52988,0.166763,-0.0227328,-0.0220595,0.658094,-0.732674,-0.0377199,-0.169346
6.53089,0.166763,-0.0227328,-0.0220595,0.658094,-0.732674,-0.0377199,-0.169346
6.53188,0.166763,-0.0227328,-0.0220595,0.658094,-0.732674,-0.0377199,-0.169346
6.53288,0.166763,-0.0227328,-0.0220595,0.658094,-0.732674,-0.0377199,-0.169346
6.53388,0.166763,-0.0227328,-0.0220595,0.658094,-0.732674,-0.0377199,-0.169346
6.53487,0.166763,-0.0227328,-0.0220595,0.658094,-0.732674,-0.0377199,-0.169346
6.53589,0.166748,-0.0227154,-0.0221087,0.658184,-0.732578,-0.0375957,-0.16944
6.53688,0.166748,-0.0227154,-0.0221087,0.658184,-0.732578,-0.0375957,-0.16944
6.53788,0.166827,-0.0226468,-0.0221087,0.658191,-0.732613,-0.0374604,-0.16929
6.53889,0.166827,-0.0226468,-0.0221087,0.658191,-0.732613,-0.0374604,-0.16929
6.53988,0.166827,-0.0226468,-0.0221087,0.658191,-0.732613,-0.0374604,-0.16929
6.54088,0.166827,-0.0226468,-0.0221087,0.658191,-0.732613,-0.0374604,-0.16929
6.54188,0.166812,-0.0226294,-0.0221579,0.658281,-0.732517,-0.0373362,-0.169384
6.54288,0.166812,-0.0226294,-0.0221579,0.658281,-0.732517,-0.0373362,-0.169384
6.54389,0.166812,-0.0226294,-0.0221579,0.658281,-0.732517,-0.0373362,-0.169384
6.54488,0.166812,-0.0226294,-0.0221579,0.658281,-0.732517,-0.0373362,-0.169384
6.54588,0.16689,-0.0225608,-0.0221579,0.658289,-0.732552,-0.0372009,-0.169233
6.5469,0.16689,-0.0225608,-0.0221579,0.658289,-0.732552,-0.0372009,-0.169233
6.54788,0.166875,-0.0225434,-0.022207,0.658378,-0.732456,-0.0370767,-0.169327
6.54889,0.166875,-0.0225434,-0.022207,0.658378,-0.732456,-0.0370767,-0.169327
6.54988,0.166875,-0.0225434,-0.022207,0.658143,-0.732744,-0.0374017,-0.168921
6.55087,0.166875,-0.0225434,-0.022207,0.658143,-0.732744,-0.0374017,-0.168921
6.55189,0.166875,-0.0225434,-0.022207,0.658036,-0.732769,-0.0366431,-0.1694
6.55288,0.166875,-0.0225434,-0.022207,0.658036,-0.732769,-0.0366431,-0.1694
6.55388,0.166875,-0.0225434,-0.022207,0.658143,-0.732744,-0.0374017,-0.168921
6.5549,0.166875,-0.0225434,-0.022207,0.658143,-0.732744,-0.0374017,-0.168921
6.55588,0.16686,-0.022526,-0.0222562,0.658233,-0.732648,-0.0372775,-0.169015
6.55688,0.16686,-0.022526,-0.0222562,0.658233,-0.732648,-0.0372775,-0.169015
6.55788,0.16686,-0.022526,-0.0222562,0.658233,-0.732648,-0.0372775,-0.169015
6.55888,0.16686,-0.022526,-0.0222562,0.658233,-0.732648,-0.0372775,-0.169015
6.55989,0.166938,-0.0224573,-0.0222562,0.657898,-0.732996,-0.0367084,-0.168938
6.56088,0.166938,-0.0224573,-0.0222562,0.657898,-0.732996,-0.0367084,-0.168938
6.56188,0.166938,-0.0224573,-0.0222562,0.657898,-0.732996,-0.0367084,-0.168938
6.5629,0.166938,-0.0224573,-0.0222562,0.657898,-0.732996,-0.0367084,-0.168938
6.56388,0.166923,-0.0224399,-0.0223054,0.657988,-0.7329,-0.0365841,-0.169031
6.56488,0.166923,-0.0224399,-0.0223054,0.657988,-0.7329,-0.0365841,-0.169031
6.56588,0.166923,-0.0224399,-0.0223054,0.657988,-0.7329,-0.0365841,-0.169031
6.56687,0.166923,-0.0224399,-0.0223054,0.657988,-0.7329,-0.0365841,-0.169031
6.56789,0.167001,-0.0223713,-0.0223054,0.657995,-0.732934,-0.0364488,-0.168881
6.5689,0.167001,-0.0223713,-0.0223054,0.657995,-0.732934,-0.0364488,-0.168881
6.56988,0.166986,-0.0223538,-0.0223545,0.658085,-0.732838,-0.0363246,-0.168975
6.5709,0.166986,-0.0223538,-0.0223545,0.658085,-0.732838,-0.0363246,-0.168975
6.57188,0.166986,-0.0223538,-0.0223545,0.658085,-0.732838,-0.0363246,-0.168975
6.57288,0.166986,-0.0223538,-0.0223545,0.658085,-0.732838,-0.0363246,-0.168975
6.57388,0.166986,-0.0223538,-0.0223545,0.658085,-0.732838,-0.0363246,-0.168975
