t,x,y,z,qw,qx,qy,qz
-0.000142529,0.00888904,0.0263157,0.00270575,0.930861,-0.353922,0.083864,0.0346987
0.000809378,0.00888904,0.0263157,0.00270575,0.930838,-0.353869,0.0840902,0.0352937
0.00180609,0.00888904,0.0263157,0.00270575,0.930838,-0.353869,0.0840902,0.0352937
0.00286598,0.00888904,0.0263157,0.00270575,0.930861,-0.353922,0.083864,0.0346987
0.0038461,0.00888904,0.0263157,0.00270575,0.930861,-0.353922,0.083864,0.0346987
0.00485511,0.00888904,0.0263157,0.00270575,0.930861,-0.353922,0.083864,0.0346987
0.00585058,0.00888904,0.0263157,0.00270575,0.930861,-0.353922,0.083864,0.0346987
0.00685394,0.00888904,0.0263157,0.00270575,0.930861,-0.353922,0.083864,0.0346987
0.00785217,0.00888904,0.0263157,0.00270575,0.930861,-0.353922,0.083864,0.0346987
0.0088567,0.00888904,0.0263157,0.00270575,0.930861,-0.353922,0.083864,0.0346987
0.00984922,0.00888904,0.0263157,0.00270575,0.930861,-0.353922,0.083864,0.0346987
0.0108264,0.00888904,0.0263157,0.00270575,0.930861,-0.353922,0.083864,0.0346987
0.0118459,0.00888904,0.0263157,0.00270575,0.930861,-0.353922,0.083864,0.0346987
0.0128496,0.00888904,0.0263157,0.00270575,0.930861,-0.353922,0.083864,0.0346987
0.0138543,0.00888904,0.0263157,0.00270575,0.930861,-0.353922,0.083864,0.0346987
0.014848,0.00894745,0.0263193,0.00270575,0.930844,-0.353915,0.0840554,0.0347715
0.0158284,0.00894745,0.0263193,0.00270575,0.930844,-0.353915,0.0840554,0.0347715
0.0168619,0.00894745,0.0263193,0.00270575,0.930844,-0.353915,0.0840554,0.0347715
0.0178584,0.00894745,0.0263193,0.00270575,0.930844,-0.353915,0.0840554,0.0347715
0.0188468,0.00894745,0.0263193,0.00270575,0.930844,-0.353915,0.0840554,0.0347715
0.0198408,0.00894745,0.0263193,0.00270575,0.930844,-0.353915,0.0840554,0.0347715
0.0208571,0.00894745,0.0263193,0.00270575,0.930844,-0.353915,0.0840554,0.0347715
0.0218591,0.00894745,0.0263193,0.00270575,0.930844,-0.353915,0.0840554,0.0347715
0.0228569,0.00894433,0.0263687,0.00268334,0.930916,-0.353725,0.0840529,0.0347767
0.0238508,0.00894433,0.0263687,0.00268334,0.930916,-0.353725,0.0840529,0.0347767
0.0248481,0.00894433,0.0263687,0.00268334,0.930916,-0.353725,0.0840529,0.0347767
0.0258553,0.00894433,0.0263687,0.00268334,0.930916,-0.353725,0.0840529,0.0347767
0.0268461,0.00894433,0.0263687,0.00268334,0.930916,-0.353725,0.0840529,0.0347767
0.0278447,0.00894433,0.0263687,0.00268334,0.930916,-0.353725,0.0840529,0.0347767
0.0288487,0.00894433,0.0263687,0.00268334,0.930916,-0.353725,0.0840529,0.0347767
0.0298425,0.00894433,0.0263687,0.00268334,0.930916,-0.353725,0.0840529,0.0347767
0.0308608,0.00894433,0.0263687,0.00268334,0.93087,-0.353698,0.0846886,0.0347364
0.0318493,0.00894433,0.0263687,0.00268334,0.93087,-0.353698,0.0846886,0.0347364
0.0328548,0.00894433,0.0263687,0.00268334,0.930916,-0.353725,0.0840529,0.0347767
0.0338588,0.00894433,0.0263687,0.00268334,0.930916,-0.353725,0.0840529,0.0347767
0.0348556,0.00894433,0.0263687,0.00268334,0.930916,-0.353725,0.0840529,0.0347767
0.0358531,0.00894433,0.0263687,0.00268334,0.930916,-0.353725,0.0840529,0.0347767
0.0368232,0.00894433,0.0263687,0.00268334,0.930916,-0.353725,0.0840529,0.0347767
0.03784,0.00894433,0.0263687,0.00268334,0.930916,-0.353725,0.0840529,0.0347767
0.0388474,0.00894433,0.0263687,0.00268334,0.930916,-0.353725,0.0840529,0.0347767
0.0398526,0.00894433,0.0263687,0.00268334,0.930916,-0.353725,0.0840529,0.0347767
0.0408461,0.00894433,0.0263687,0.00268334,0.93087,-0.353698,0.0846886,0.0347364
0.0418511,0.00894433,0.0263687,0.00268334,0.93087,-0.353698,0.0846886,0.0347364
0.0428696,0.00894692,0.0263277,0.00264772,0.930916,-0.353725,0.0840529,0.0347767
0.0438605,0.00894692,0.0263277,0.00264772,0.930916,-0.353725,0.0840529,0.0347767
0.0448617,0.00894692,0.0263277,0.00264772,0.93087,-0.353698,0.0846886,0.0347364
0.0458618,0.00894692,0.0263277,0.00264772,0.93087,-0.353698,0.0846886,0.0347364
0.0468536,0.00894692,0.0263277,0.00264772,0.93087,-0.353698,0.0846886,0.0347364
0.0478473,0.00894692,0.0263277,0.00264772,0.93087,-0.353698,0.0846886,0.0347364
0.0488564,0.0089495,0.0262866,0.00261208,0.93087,-0.353698,0.0846886,0.0347364
0.0498609,0.0089495,0.0262866,0.00261208,0.93087,-0.353698,0.0846886,0.0347364
0.0508329,0.00894639,0.026336,0.00258969,0.930942,-0.353507,0.084686,0.0347417
0.0518359,0.00894639,0.026336,0.00258969,0.930942,-0.353507,0.084686,0.0347417
0.052862,0.00894898,0.026295,0.00255403,0.930942,-0.353507,0.084686,0.0347417
0.0538508,0.00894898,0.026295,0.00255403,0.930942,-0.353507,0.084686,0.0347417
0.05486,0.00894845,0.0263034,0.00249599,0.931015,-0.353317,0.0846835,0.034747
0.0558502,0.00894845,0.0263034,0.00249599,0.931015,-0.353317,0.0846835,0.034747
0.056861,0.00894791,0.0263119,0.00243794,0.931087,-0.353127,0.084681,0.0347523
0.0578494,0.00894791,0.0263119,0.00243794,0.931087,-0.353127,0.084681,0.0347523
0.0588258,0.0089505,0.0262709,0.00240224,0.930858,-0.353722,0.0846924,0.0347936
0.0598615,0.0089505,0.0262709,0.00240224,0.930858,-0.353722,0.0846924,0.0347936
0.0608578,0.00894996,0.0262794,0.00234418,0.931137,-0.352882,0.084904,0.0353527
0.0618606,0.00894996,0.0262794,0.00234418,0.931137,-0.352882,0.084904,0.0353527
0.0628533,0.00894685,0.0263288,0.00232187,0.930981,-0.353287,0.0849131,0.0353992
0.0638671,0.00894685,0.0263288,0.00232187,0.930981,-0.353287,0.0849131,0.0353992
0.0648648,0.00894889,0.0262964,0.00222808,0.931053,-0.353097,0.0849104,0.0354046
0.0658528,0.00894889,0.0262964,0.00222808,0.931053,-0.353097,0.0849104,0.0354046
0.0668576,0.00894835,0.026305,0.00217004,0.931125,-0.352906,0.0849077,0.0354099
0.0678494,0.00894835,0.026305,0.00217004,0.931125,-0.352906,0.0849077,0.0354099
0.0688592,0.00894781,0.0263135,0.002112,0.931174,-0.352661,0.0851305,0.0360105
0.0698445,0.00894781,0.0263135,0.002112,0.931174,-0.352661,0.0851305,0.0360105
0.0708491,0.00894727,0.0263221,0.00205396,0.931018,-0.353067,0.0851398,0.0360569
0.071841,0.00894727,0.0263221,0.00205396,0.931018,-0.353067,0.0851398,0.0360569
0.0728657,0.00894984,0.0262812,0.00201814,0.931018,-0.353067,0.0851398,0.0360569
0.0738502,0.00894984,0.0262812,0.00201814,0.931018,-0.353067,0.0851398,0.0360569
0.0748529,0.0089493,0.0262899,0.00196009,0.931067,-0.352822,0.0853625,0.0366574
0.0758482,0.0089493,0.0262899,0.00196009,0.931067,-0.352822,0.0853625,0.0366574
0.0768495,0.00894875,0.0262985,0.00190204,0.93114,-0.352631,0.0853596,0.0366628
0.0778423,0.00894875,0.0262985,0.00190204,0.93114,-0.352631,0.0853596,0.0366628
0.0788496,0.00895078,0.0262664,0.0018081,0.931212,-0.352441,0.0853566,0.0366682
0.0798515,0.00895078,0.0262664,0.0018081,0.931212,-0.352441,0.0853566,0.0366682
0.0808493,0.00895335,0.0262256,0.0017722,0.930983,-0.353036,0.0853691,0.0367091
0.0818563,0.00895335,0.0262256,0.0017722,0.930983,-0.353036,0.0853691,0.0367091
0.0828576,0.0089528,0.0262343,0.00171413,0.931032,-0.352791,0.0855917,0.0373097
0.0838608,0.0089528,0.0262343,0.00171413,0.931032,-0.352791,0.0855917,0.0373097
0.0848638,0.00895225,0.0262431,0.00165605,0.930876,-0.353196,0.0856014,0.0373559
0.0858559,0.00895225,0.0262431,0.00165605,0.930876,-0.353196,0.0856014,0.0373559
0.0868477,0.00895481,0.0262023,0.0016201,0.930876,-0.353196,0.0856014,0.0373559
0.0878489,0.00895481,0.0262023,0.0016201,0.930876,-0.353196,0.0856014,0.0373559
0.0888318,0.00895426,0.0262111,0.00156202,0.930719,-0.353601,0.0856111,0.0374021
0.0898523,0.00895426,0.0262111,0.00156202,0.930719,-0.353601,0.0856111,0.0374021
0.0908586,0.00895426,0.0262111,0.00156202,0.930695,-0.353546,0.0858371,0.037997
0.0918529,0.00895426,0.0262111,0.00156202,0.930695,-0.353546,0.0858371,0.037997
0.0928569,0.00895371,0.0262199,0.00150394,0.930538,-0.353951,0.085847,0.0380431
0.0938538,0.00895371,0.0262199,0.00150394,0.930538,-0.353951,0.085847,0.0380431
0.09487,0.00895371,0.0262199,0.00150394,0.930538,-0.353951,0.085847,0.0380431
0.0958563,0.00895371,0.0262199,0.00150394,0.930538,-0.353951,0.085847,0.0380431
0.0968507,0.00895315,0.0262288,0.00144586,0.930611,-0.353761,0.0858438,0.0380486
0.0978519,0.00895315,0.0262288,0.00144586,0.930611,-0.353761,0.0858438,0.0380486
0.0988547,0.00895315,0.0262288,0.00144586,0.930381,-0.354356,0.0858569,0.0380891
0.0998497,0.00895315,0.0262288,0.00144586,0.930381,-0.354356,0.0858569,0.0380891
0.100822,0.00895315,0.0262288,0.00144586,0.930357,-0.354301,0.0860833,0.0386838
0.101849,0.00895315,0.0262288,0.00144586,0.930357,-0.354301,0.0860833,0.0386838
0.102843,0.00895315,0.0262288,0.00144586,0.930127,-0.354896,0.0860968,0.0387242
0.103842,0.00895315,0.0262288,0.00144586,0.930127,-0.354896,0.0860968,0.0387242
0.104852,0.00895571,0.0261881,0.00140984,0.930127,-0.354896,0.0860968,0.0387242
0.105848,0.00895571,0.0261881,0.00140984,0.930127,-0.354896,0.0860968,0.0387242
0.106861,0.00895571,0.0261881,0.00140984,0.930173,-0.354926,0.0854609,0.0387592
0.107849,0.00895571,0.0261881,0.00140984,0.930173,-0.354926,0.0854609,0.0387592
0.108853,0.00895571,0.0261881,0.00140984,0.929943,-0.35552,0.0854742,0.0387992
0.109854,0.00895571,0.0261881,0.00140984,0.929943,-0.35552,0.0854742,0.0387992
0.11086,0.00895571,0.0261881,0.00140984,0.929943,-0.35552,0.0854742,0.0387992
0.111851,0.00895571,0.0261881,0.00140984,0.929943,-0.35552,0.0854742,0.0387992
0.112851,0.00889725,0.0261844,0.00140984,0.92973,-0.356123,0.0852964,0.0387659
0.113858,0.00889725,0.0261844,0.00140984,0.92973,-0.356123,0.0852964,0.0387659
0.11486,0.00889725,0.0261844,0.00140984,0.929705,-0.356069,0.085524,0.0393602
0.115849,0.00889725,0.0261844,0.00140984,0.929705,-0.356069,0.085524,0.0393602
0.116858,0.00889725,0.0261844,0.00140984,0.92975,-0.356099,0.0848881,0.0393943
0.117853,0.00889725,0.0261844,0.00140984,0.92975,-0.356099,0.0848881,0.0393943
0.118847,0.00889725,0.0261844,0.00140984,0.92975,-0.356099,0.0848881,0.0393943
0.119831,0.00889725,0.0261844,0.00140984,0.92975,-0.356099,0.0848881,0.0393943
0.120844,0.00889725,0.0261844,0.00140984,0.92952,-0.356693,0.0849018,0.0394336
0.121841,0.00889725,0.0261844,0.00140984,0.92952,-0.356693,0.0849018,0.0394336
0.122828,0.00889725,0.0261844,0.00140984,0.92952,-0.356693,0.0849018,0.0394336
0.123826,0.00889725,0.0261844,0.00140984,0.92952,-0.356693,0.0849018,0.0394336
0.124848,0.00889725,0.0261844,0.00140984,0.92952,-0.356693,0.0849018,0.0394336
0.125822,0.00889725,0.0261844,0.00140984,0.92952,-0.356693,0.0849018,0.0394336
0.126854,0.00889725,0.0261844,0.00140984,0.929333,-0.357318,0.0842794,0.0395062
0.127856,0.00889725,0.0261844,0.00140984,0.929333,-0.357318,0.0842794,0.0395062
0.128845,0.00889725,0.0261844,0.00140984,0.929333,-0.357318,0.0842794,0.0395062
0.129863,0.00889725,0.0261844,0.00140984,0.929333,-0.357318,0.0842794,0.0395062
0.130868,0.00889725,0.0261844,0.00140984,0.929333,-0.357318,0.0842794,0.0395062
0.131849,0.00889725,0.0261844,0.00140984,0.929333,-0.357318,0.0842794,0.0395062
0.13286,0.0088388,0.0261808,0.00140984,0.929351,-0.357326,0.0840883,0.0394327
0.133853,0.0088388,0.0261808,0.00140984,0.929351,-0.357326,0.0840883,0.0394327
0.134827,0.0088388,0.0261808,0.00140984,0.929119,-0.35792,0.084102,0.0394714
0.135864,0.0088388,0.0261808,0.00140984,0.929119,-0.35792,0.084102,0.0394714
0.13684,0.0088388,0.0261808,0.00140984,0.929119,-0.35792,0.084102,0.0394714
0.137851,0.0088388,0.0261808,0.00140984,0.929119,-0.35792,0.084102,0.0394714
0.138855,0.0088388,0.0261808,0.00140984,0.929164,-0.35795,0.0834659,0.0395044
0.139853,0.0088388,0.0261808,0.00140984,0.929164,-0.35795,0.0834659,0.0395044
0.140849,0.0088388,0.0261808,0.00140984,0.929138,-0.357896,0.0836947,0.0400983
0.141861,0.0088388,0.0261808,0.00140984,0.929138,-0.357896,0.0836947,0.0400983
0.142852,0.0088388,0.0261808,0.00140984,0.929208,-0.357979,0.0828298,0.0395373
0.143849,0.0088388,0.0261808,0.00140984,0.929208,-0.357979,0.0828298,0.0395373
0.144851,0.00878034,0.0261772,0.00140984,0.928949,-0.358552,0.0832885,0.0394689
0.145857,0.00878034,0.0261772,0.00140984,0.928949,-0.358552,0.0832885,0.0394689
0.146855,0.00878034,0.0261772,0.00140984,0.928967,-0.358529,0.0828815,0.0400952
0.147842,0.00878034,0.0261772,0.00140984,0.928967,-0.358529,0.0828815,0.0400952
0.148856,0.00878034,0.0261772,0.00140984,0.928967,-0.358529,0.0828815,0.0400952
0.149847,0.00878034,0.0261772,0.00140984,0.928967,-0.358529,0.0828815,0.0400952
0.150848,0.00878034,0.0261772,0.00140984,0.928967,-0.358529,0.0828815,0.0400952
0.151862,0.00878034,0.0261772,0.00140984,0.928967,-0.358529,0.0828815,0.0400952
0.152855,0.00878034,0.0261772,0.00140984,0.929011,-0.358559,0.0822454,0.0401277
0.153853,0.00878034,0.0261772,0.00140984,0.929011,-0.358559,0.0822454,0.0401277
0.154857,0.00878034,0.0261772,0.00140984,0.929011,-0.358559,0.0822454,0.0401277
0.155849,0.00878034,0.0261772,0.00140984,0.929011,-0.358559,0.0822454,0.0401277
0.156857,0.00878034,0.0261772,0.00140984,0.929011,-0.358559,0.0822454,0.0401277
0.157854,0.00878034,0.0261772,0.00140984,0.929011,-0.358559,0.0822454,0.0401277
0.158852,0.00878034,0.0261772,0.00140984,0.928778,-0.359153,0.0822593,0.0401649
0.159846,0.00878034,0.0261772,0.00140984,0.928778,-0.359153,0.0822593,0.0401649
0.160847,0.00878034,0.0261772,0.00140984,0.928778,-0.359153,0.0822593,0.0401649
0.16186,0.00878034,0.0261772,0.00140984,0.928778,-0.359153,0.0822593,0.0401649
0.162856,0.00878034,0.0261772,0.00140984,0.929054,-0.358589,0.0816092,0.0401602
0.163844,0.00878034,0.0261772,0.00140984,0.929054,-0.358589,0.0816092,0.0401602
0.164849,0.00878034,0.0261772,0.00140984,0.929054,-0.358589,0.0816092,0.0401602
0.165848,0.00878034,0.0261772,0.00140984,0.929054,-0.358589,0.0816092,0.0401602
0.166852,0.00878034,0.0261772,0.00140984,0.929054,-0.358589,0.0816092,0.0401602
0.167849,0.00878034,0.0261772,0.00140984,0.929054,-0.358589,0.0816092,0.0401602
0.168857,0.00878034,0.0261772,0.00140984,0.929028,-0.358536,0.0818384,0.040754
0.169823,0.00878034,0.0261772,0.00140984,0.929028,-0.358536,0.0818384,0.040754
0.17088,0.00878034,0.0261772,0.00140984,0.929071,-0.358566,0.0812022,0.0407866
0.171851,0.00878034,0.0261772,0.00140984,0.929071,-0.358566,0.0812022,0.0407866
0.172863,0.00878034,0.0261772,0.00140984,0.929303,-0.357972,0.0811878,0.0407503
0.173853,0.00878034,0.0261772,0.00140984,0.929303,-0.357972,0.0811878,0.0407503
0.17485,0.00878034,0.0261772,0.00140984,0.929345,-0.358002,0.0805516,0.0407832
0.17586,0.00878034,0.0261772,0.00140984,0.929345,-0.358002,0.0805516,0.0407832
0.176875,0.00878034,0.0261772,0.00140984,0.929345,-0.358002,0.0805516,0.0407832
0.177862,0.00878034,0.0261772,0.00140984,0.929345,-0.358002,0.0805516,0.0407832
0.178862,0.00878034,0.0261772,0.00140984,0.929319,-0.35795,0.0807804,0.0413772
0.179849,0.00878034,0.0261772,0.00140984,0.929319,-0.35795,0.0807804,0.0413772
0.180856,0.00878034,0.0261772,0.00140984,0.929361,-0.357981,0.0801442,0.0414101
0.181857,0.00878034,0.0261772,0.00140984,0.929361,-0.357981,0.0801442,0.0414101
0.182853,0.00878034,0.0261772,0.00140984,0.929619,-0.357437,0.079901,0.0407807
0.183854,0.00878034,0.0261772,0.00140984,0.929619,-0.357437,0.079901,0.0407807
0.184857,0.00878034,0.0261772,0.00140984,0.929593,-0.357386,0.0801295,0.0413749
0.18586,0.00878034,0.0261772,0.00140984,0.929593,-0.357386,0.0801295,0.0413749
0.186856,0.00878034,0.0261772,0.00140984,0.929634,-0.357416,0.0794932,0.0414082
0.187851,0.00878034,0.0261772,0.00140984,0.929634,-0.357416,0.0794932,0.0414082
0.188858,0.00878034,0.0261772,0.00140984,0.929866,-0.356821,0.0794785,0.0413733
0.189859,0.00878034,0.0261772,0.00140984,0.929866,-0.356821,0.0794785,0.0413733
0.190851,0.0088388,0.0261808,0.00140984,0.929849,-0.356813,0.0796697,0.0414466
0.191855,0.0088388,0.0261808,0.00140984,0.929849,-0.356813,0.0796697,0.0414466
0.192871,0.0088388,0.0261808,0.00140984,0.929891,-0.356843,0.0790334,0.0414803
0.193866,0.0088388,0.0261808,0.00140984,0.929891,-0.356843,0.0790334,0.0414803
0.194855,0.0088388,0.0261808,0.00140984,0.929891,-0.356843,0.0790334,0.0414803
0.195848,0.0088388,0.0261808,0.00140984,0.929891,-0.356843,0.0790334,0.0414803
0.196857,0.00883627,0.0262215,0.00144586,0.930121,-0.356248,0.0790187,0.0414457
0.197852,0.00883627,0.0262215,0.00144586,0.930121,-0.356248,0.0790187,0.0414457
0.198852,0.00889471,0.0262251,0.00144586,0.930146,-0.356269,0.0785737,0.041553
0.199857,0.00889471,0.0262251,0.00144586,0.930146,-0.356269,0.0785737,0.041553
0.200849,0.00889471,0.0262251,0.00144586,0.930146,-0.356269,0.0785737,0.041553
0.201828,0.00889471,0.0262251,0.00144586,0.930146,-0.356269,0.0785737,0.041553
0.202853,0.00889471,0.0262251,0.00144586,0.930146,-0.356269,0.0785737,0.041553
0.203862,0.00889471,0.0262251,0.00144586,0.930146,-0.356269,0.0785737,0.041553
0.204831,0.00895315,0.0262288,0.00144586,0.930171,-0.35629,0.0781286,0.0416604
0.205853,0.00895315,0.0262288,0.00144586,0.930171,-0.35629,0.0781286,0.0416604
0.206846,0.00895315,0.0262288,0.00144586,0.930401,-0.355695,0.0781141,0.0416263
0.207854,0.00895315,0.0262288,0.00144586,0.930401,-0.355695,0.0781141,0.0416263
0.208855,0.00895315,0.0262288,0.00144586,0.930401,-0.355695,0.0781141,0.0416263
0.209857,0.00895315,0.0262288,0.00144586,0.930401,-0.355695,0.0781141,0.0416263
0.210864,0.00895315,0.0262288,0.00144586,0.930415,-0.355675,0.0777051,0.0422555
0.21185,0.00895315,0.0262288,0.00144586,0.930415,-0.355675,0.0777051,0.0422555
0.212869,0.00901159,0.0262325,0.00144586,0.930399,-0.355666,0.0778964,0.0423286
0.213855,0.00901159,0.0262325,0.00144586,0.930399,-0.355666,0.0778964,0.0423286
0.214847,0.00900844,0.026282,0.00142381,0.930742,-0.35491,0.0772412,0.0423335
0.215855,0.00900844,0.026282,0.00142381,0.930742,-0.35491,0.0772412,0.0423335
0.216846,0.00900844,0.026282,0.00142381,0.930742,-0.35491,0.0772412,0.0423335
0.217854,0.00900844,0.026282,0.00142381,0.930742,-0.35491,0.0772412,0.0423335
0.218857,0.00900844,0.026282,0.00142381,0.930742,-0.35491,0.0772412,0.0423335
0.219854,0.00900844,0.026282,0.00142381,0.930742,-0.35491,0.0772412,0.0423335
0.220851,0.00906686,0.0262858,0.00142381,0.930766,-0.354931,0.0767962,0.0424412
0.221837,0.00906686,0.0262858,0.00142381,0.930766,-0.354931,0.0767962,0.0424412
0.222831,0.00906686,0.0262858,0.00142381,0.930766,-0.354931,0.0767962,0.0424412
0.223823,0.00906686,0.0262858,0.00142381,0.930766,-0.354931,0.0767962,0.0424412
0.224864,0.0090637,0.0263353,0.00140178,0.930839,-0.35474,0.0767922,0.0424448
0.225858,0.0090637,0.0263353,0.00140178,0.930839,-0.35474,0.0767922,0.0424448
0.22685,0.0090637,0.0263353,0.00140178,0.931108,-0.354174,0.076141,0.0424468
0.227843,0.0090637,0.0263353,0.00140178,0.931108,-0.354174,0.076141,0.0424468
0.228871,0.0090637,0.0263353,0.00140178,0.931108,-0.354174,0.076141,0.0424468
0.229856,0.0090637,0.0263353,0.00140178,0.931108,-0.354174,0.076141,0.0424468
0.230846,0.0090637,0.0263353,0.00140178,0.931147,-0.354203,0.0755046,0.0424818
0.231853,0.0090637,0.0263353,0.00140178,0.931147,-0.354203,0.0755046,0.0424818
0.232864,0.00911891,0.0263886,0.00137976,0.931204,-0.354004,0.075692,0.0425578
0.233855,0.00911891,0.0263886,0.00137976,0.931204,-0.354004,0.075692,0.0425578
0.234862,0.00911891,0.0263886,0.00137976,0.931243,-0.354033,0.0750557,0.0425927
0.23585,0.00911891,0.0263886,0.00137976,0.931243,-0.354033,0.0750557,0.0425927
0.236867,0.00911891,0.0263886,0.00137976,0.931243,-0.354033,0.0750557,0.0425927
0.237846,0.00911891,0.0263886,0.00137976,0.931243,-0.354033,0.0750557,0.0425927
0.238857,0.00911891,0.0263886,0.00137976,0.931281,-0.354062,0.0744192,0.0426275
0.239853,0.00911891,0.0263886,0.00137976,0.931281,-0.354062,0.0744192,0.0426275
0.240856,0.00911572,0.0264382,0.00135777,0.931354,-0.353871,0.0744152,0.0426305
0.241854,0.00911572,0.0264382,0.00135777,0.931354,-0.353871,0.0744152,0.0426305
0.242856,0.00911572,0.0264382,0.00135777,0.931354,-0.353871,0.0744152,0.0426305
0.243851,0.00911572,0.0264382,0.00135777,0.931354,-0.353871,0.0744152,0.0426305
0.244855,0.00911572,0.0264382,0.00135777,0.931392,-0.3539,0.0737787,0.0426652
0.24586,0.00911572,0.0264382,0.00135777,0.931392,-0.3539,0.0737787,0.0426652
0.246848,0.00911572,0.0264382,0.00135777,0.931621,-0.353304,0.073764,0.0426341
0.24782,0.00911572,0.0264382,0.00135777,0.931621,-0.353304,0.073764,0.0426341
0.24885,0.00911254,0.0264878,0.0013358,0.931693,-0.353114,0.0737599,0.0426369
0.249852,0.00911254,0.0264878,0.0013358,0.931693,-0.353114,0.0737599,0.0426369
0.25084,0.00911254,0.0264878,0.0013358,0.931731,-0.353142,0.0731234,0.0426718
0.25185,0.00911254,0.0264878,0.0013358,0.931731,-0.353142,0.0731234,0.0426718
0.252848,0.00911254,0.0264878,0.0013358,0.931731,-0.353142,0.0731234,0.0426718
0.253844,0.00911254,0.0264878,0.0013358,0.931731,-0.353142,0.0731234,0.0426718
0.254852,0.00910935,0.0265374,0.00131385,0.931841,-0.35298,0.0724829,0.0427093
0.255854,0.00910935,0.0265374,0.00131385,0.931841,-0.35298,0.0724829,0.0427093
0.256857,0.00910935,0.0265374,0.00131385,0.931841,-0.35298,0.0724829,0.0427093
0.257859,0.00910935,0.0265374,0.00131385,0.931841,-0.35298,0.0724829,0.0427093
0.25882,0.00911197,0.0264967,0.00127783,0.931841,-0.35298,0.0724829,0.0427093
0.259849,0.00911197,0.0264967,0.00127783,0.931841,-0.35298,0.0724829,0.0427093
0.260905,0.00910878,0.0265464,0.0012559,0.93195,-0.352818,0.0718422,0.0427465
0.261852,0.00910878,0.0265464,0.0012559,0.93195,-0.352818,0.0718422,0.0427465
0.262848,0.00910878,0.0265464,0.0012559,0.93195,-0.352818,0.0718422,0.0427465
0.263854,0.00910878,0.0265464,0.0012559,0.93195,-0.352818,0.0718422,0.0427465
0.264844,0.00910878,0.0265464,0.0012559,0.931987,-0.352846,0.0712057,0.0427812
0.265834,0.00910878,0.0265464,0.0012559,0.931987,-0.352846,0.0712057,0.0427812
0.26684,0.00910559,0.026596,0.00123399,0.932059,-0.352655,0.0712016,0.0427835
0.267838,0.00910559,0.026596,0.00123399,0.932059,-0.352655,0.0712016,0.0427835
0.268846,0.00910559,0.026596,0.00123399,0.932287,-0.352059,0.0711869,0.042754
0.269846,0.00910559,0.026596,0.00123399,0.932287,-0.352059,0.0711869,0.042754
0.270856,0.00910559,0.026596,0.00123399,0.932095,-0.352683,0.070565,0.042818
0.271859,0.00910559,0.026596,0.00123399,0.932095,-0.352683,0.070565,0.042818
0.272852,0.00910559,0.026596,0.00123399,0.932095,-0.352683,0.070565,0.042818
0.273829,0.00910559,0.026596,0.00123399,0.932095,-0.352683,0.070565,0.042818
0.274849,0.0091082,0.0265553,0.00119795,0.932323,-0.352087,0.0705503,0.0427889
0.275834,0.0091082,0.0265553,0.00119795,0.932323,-0.352087,0.0705503,0.0427889
0.276867,0.0091082,0.0265553,0.00119795,0.932359,-0.352115,0.0699136,0.0428237
0.277811,0.0091082,0.0265553,0.00119795,0.932359,-0.352115,0.0699136,0.0428237
0.278844,0.00910502,0.0266049,0.00117606,0.932431,-0.351924,0.0699095,0.0428258
0.279855,0.00910502,0.0266049,0.00117606,0.932431,-0.351924,0.0699095,0.0428258
0.280851,0.00910502,0.0266049,0.00117606,0.932431,-0.351924,0.0699095,0.0428258
0.281846,0.00910502,0.0266049,0.00117606,0.932431,-0.351924,0.0699095,0.0428258
0.282851,0.00910502,0.0266049,0.00117606,0.932467,-0.351952,0.0692729,0.0428605
0.283844,0.00910502,0.0266049,0.00117606,0.932467,-0.351952,0.0692729,0.0428605
0.28485,0.00910502,0.0266049,0.00117606,0.932467,-0.351952,0.0692729,0.0428605
0.285855,0.00910502,0.0266049,0.00117606,0.932467,-0.351952,0.0692729,0.0428605
0.286854,0.00910502,0.0266049,0.00117606,0.932467,-0.351952,0.0692729,0.0428605
0.287858,0.00910502,0.0266049,0.00117606,0.932467,-0.351952,0.0692729,0.0428605
0.28885,0.00910502,0.0266049,0.00117606,0.932502,-0.351979,0.0686362,0.0428952
0.289856,0.00910502,0.0266049,0.00117606,0.932502,-0.351979,0.0686362,0.0428952
0.290857,0.00910502,0.0266049,0.00117606,0.932502,-0.351979,0.0686362,0.0428952
0.29185,0.00910502,0.0266049,0.00117606,0.932502,-0.351979,0.0686362,0.0428952
0.292866,0.00910502,0.0266049,0.00117606,0.932502,-0.351979,0.0686362,0.0428952
0.293856,0.00910502,0.0266049,0.00117606,0.932502,-0.351979,0.0686362,0.0428952
0.29485,0.00910502,0.0266049,0.00117606,0.932502,-0.351979,0.0686362,0.0428952
0.295858,0.00910502,0.0266049,0.00117606,0.932502,-0.351979,0.0686362,0.0428952
0.296851,0.00910502,0.0266049,0.00117606,0.932502,-0.351979,0.0686362,0.0428952
0.297847,0.00910502,0.0266049,0.00117606,0.932502,-0.351979,0.0686362,0.0428952
0.298849,0.00910502,0.0266049,0.00117606,0.932502,-0.351979,0.0686362,0.0428952
0.29985,0.00910502,0.0266049,0.00117606,0.932502,-0.351979,0.0686362,0.0428952
0.300823,0.00910502,0.0266049,0.00117606,0.932537,-0.352006,0.0679995,0.0429299
0.301861,0.00910502,0.0266049,0.00117606,0.932537,-0.352006,0.0679995,0.0429299
0.302852,0.00910502,0.0266049,0.00117606,0.932537,-0.352006,0.0679995,0.0429299
0.30386,0.00910502,0.0266049,0.00117606,0.932537,-0.352006,0.0679995,0.0429299
0.30485,0.00910502,0.0266049,0.00117606,0.932537,-0.352006,0.0679995,0.0429299
0.305856,0.00910502,0.0266049,0.00117606,0.932537,-0.352006,0.0679995,0.0429299
0.30686,0.00910502,0.0266049,0.00117606,0.932537,-0.352006,0.0679995,0.0429299
0.307849,0.00910502,0.0266049,0.00117606,0.932537,-0.352006,0.0679995,0.0429299
0.308874,0.00910502,0.0266049,0.00117606,0.932571,-0.352034,0.0673627,0.0429646
0.30983,0.00910502,0.0266049,0.00117606,0.932571,-0.352034,0.0673627,0.0429646
0.310856,0.00910502,0.0266049,0.00117606,0.932571,-0.352034,0.0673627,0.0429646
0.31185,0.00910502,0.0266049,0.00117606,0.932571,-0.352034,0.0673627,0.0429646
0.312851,0.00910502,0.0266049,0.00117606,0.932571,-0.352034,0.0673627,0.0429646
0.313851,0.00910502,0.0266049,0.00117606,0.932571,-0.352034,0.0673627,0.0429646
0.314853,0.00910502,0.0266049,0.00117606,0.932605,-0.35206,0.066726,0.0429992
0.31585,0.00910502,0.0266049,0.00117606,0.932605,-0.35206,0.066726,0.0429992
0.316845,0.00910183,0.0266546,0.00115419,0.932677,-0.35187,0.0667218,0.0430006
0.317844,0.00910183,0.0266546,0.00115419,0.932677,-0.35187,0.0667218,0.0430006
0.318851,0.00916009,0.0266583,0.00115419,0.932663,-0.351861,0.0669136,0.043073
0.319856,0.00916009,0.0266583,0.00115419,0.932663,-0.351861,0.0669136,0.043073
0.32085,0.00916009,0.0266583,0.00115419,0.932663,-0.351861,0.0669136,0.043073
0.321849,0.00916009,0.0266583,0.00115419,0.932663,-0.351861,0.0669136,0.043073
0.32282,0.00916009,0.0266583,0.00115419,0.932697,-0.351888,0.0662768,0.0431075
0.323846,0.00916009,0.0266583,0.00115419,0.932697,-0.351888,0.0662768,0.0431075
0.324852,0.00916009,0.0266583,0.00115419,0.932697,-0.351888,0.0662768,0.0431075
0.325845,0.00916009,0.0266583,0.00115419,0.932697,-0.351888,0.0662768,0.0431075
0.326806,0.00916009,0.0266583,0.00115419,0.932697,-0.351888,0.0662768,0.0431075
0.327859,0.00916009,0.0266583,0.00115419,0.932697,-0.351888,0.0662768,0.0431075
0.328866,0.00916009,0.0266583,0.00115419,0.932697,-0.351888,0.0662768,0.0431075
0.329855,0.00916009,0.0266583,0.00115419,0.932697,-0.351888,0.0662768,0.0431075
0.330847,0.00916009,0.0266583,0.00115419,0.932731,-0.351915,0.06564,0.043142
0.331844,0.00916009,0.0266583,0.00115419,0.932731,-0.351915,0.06564,0.043142
0.332852,0.00916009,0.0266583,0.00115419,0.932731,-0.351915,0.06564,0.043142
0.333854,0.00916009,0.0266583,0.00115419,0.932731,-0.351915,0.06564,0.043142
0.334844,0.00915688,0.026708,0.00113234,0.932803,-0.351724,0.0656358,0.0431431
0.335857,0.00915688,0.026708,0.00113234,0.932803,-0.351724,0.0656358,0.0431431
0.336847,0.00915688,0.026708,0.00113234,0.932803,-0.351724,0.0656358,0.0431431
0.337848,0.00915688,0.026708,0.00113234,0.932803,-0.351724,0.0656358,0.0431431
0.338848,0.00915688,0.026708,0.00113234,0.932836,-0.351751,0.064999,0.0431774
0.339851,0.00915688,0.026708,0.00113234,0.932836,-0.351751,0.064999,0.0431774
0.340862,0.00915688,0.026708,0.00113234,0.932836,-0.351751,0.064999,0.0431774
0.341851,0.00915688,0.026708,0.00113234,0.932836,-0.351751,0.064999,0.0431774
0.342852,0.00915367,0.0267576,0.00111052,0.932908,-0.35156,0.0649948,0.0431784
0.343859,0.00915367,0.0267576,0.00111052,0.932908,-0.35156,0.0649948,0.0431784
0.344861,0.00915367,0.0267576,0.00111052,0.932713,-0.352183,0.0643724,0.0432378
0.34585,0.00915367,0.0267576,0.00111052,0.932713,-0.352183,0.0643724,0.0432378
0.346853,0.00915367,0.0267576,0.00111052,0.932713,-0.352183,0.0643724,0.0432378
0.347846,0.00915367,0.0267576,0.00111052,0.932713,-0.352183,0.0643724,0.0432378
0.34885,0.00915367,0.0267576,0.00111052,0.932713,-0.352183,0.0643724,0.0432378
0.349824,0.00915367,0.0267576,0.00111052,0.932713,-0.352183,0.0643724,0.0432378
0.350846,0.00915046,0.0268073,0.00108871,0.932817,-0.352019,0.0637313,0.0432722
0.351859,0.00915046,0.0268073,0.00108871,0.932817,-0.352019,0.0637313,0.0432722
0.352857,0.00915046,0.0268073,0.00108871,0.93259,-0.352616,0.0637457,0.043297
0.353851,0.00915046,0.0268073,0.00108871,0.93259,-0.352616,0.0637457,0.043297
0.354855,0.00914725,0.026857,0.00106692,0.932662,-0.352425,0.0637415,0.0432977
0.355847,0.00914725,0.026857,0.00106692,0.932662,-0.352425,0.0637415,0.0432977
0.35686,0.00914725,0.026857,0.00106692,0.932694,-0.352451,0.0631045,0.0433308
0.357808,0.00914725,0.026857,0.00106692,0.932694,-0.352451,0.0631045,0.0433308
0.358843,0.00914725,0.026857,0.00106692,0.932694,-0.352451,0.0631045,0.0433308
0.359858,0.00914725,0.026857,0.00106692,0.932694,-0.352451,0.0631045,0.0433308
0.360857,0.00914404,0.0269067,0.00104515,0.932539,-0.352858,0.0631147,0.0433557
0.36186,0.00914404,0.0269067,0.00104515,0.932539,-0.352858,0.0631147,0.0433557
0.362852,0.00914404,0.0269067,0.00104515,0.93257,-0.352884,0.0624777,0.0433883
0.363848,0.00914404,0.0269067,0.00104515,0.93257,-0.352884,0.0624777,0.0433883
0.364845,0.00914404,0.0269067,0.00104515,0.932342,-0.35348,0.062492,0.0434122
0.365848,0.00914404,0.0269067,0.00104515,0.932342,-0.35348,0.062492,0.0434122
0.366849,0.00914404,0.0269067,0.00104515,0.932342,-0.35348,0.062492,0.0434122
0.367876,0.00914404,0.0269067,0.00104515,0.932342,-0.35348,0.062492,0.0434122
0.368864,0.00914404,0.0269067,0.00104515,0.932373,-0.353506,0.0618549,0.0434443
0.369849,0.00914404,0.0269067,0.00104515,0.932373,-0.353506,0.0618549,0.0434443
0.37086,0.00914404,0.0269067,0.00104515,0.932373,-0.353506,0.0618549,0.0434443
0.371858,0.00914404,0.0269067,0.00104515,0.932373,-0.353506,0.0618549,0.0434443
0.372863,0.00914404,0.0269067,0.00104515,0.932145,-0.354102,0.0618692,0.0434678
0.373851,0.00914404,0.0269067,0.00104515,0.932145,-0.354102,0.0618692,0.0434678
0.374853,0.00914404,0.0269067,0.00104515,0.932145,-0.354102,0.0618692,0.0434678
0.375875,0.00914404,0.0269067,0.00104515,0.932145,-0.354102,0.0618692,0.0434678
0.376855,0.00914404,0.0269067,0.00104515,0.932176,-0.354128,0.0612321,0.0434995
0.377844,0.00914404,0.0269067,0.00104515,0.932176,-0.354128,0.0612321,0.0434995
0.378858,0.00914083,0.0269564,0.0010234,0.932248,-0.353938,0.0612279,0.0434997
0.379849,0.00914083,0.0269564,0.0010234,0.932248,-0.353938,0.0612279,0.0434997
0.380849,0.00914083,0.0269564,0.0010234,0.93202,-0.354534,0.0612421,0.0435228
0.381845,0.00914083,0.0269564,0.0010234,0.93202,-0.354534,0.0612421,0.0435228
0.382847,0.00914083,0.0269564,0.0010234,0.93202,-0.354534,0.0612421,0.0435228
0.383858,0.00914083,0.0269564,0.0010234,0.93202,-0.354534,0.0612421,0.0435228
0.384851,0.00914083,0.0269564,0.0010234,0.93205,-0.35456,0.0606049,0.0435539
0.385853,0.00914083,0.0269564,0.0010234,0.93205,-0.35456,0.0606049,0.0435539
0.386878,0.00914083,0.0269564,0.0010234,0.93205,-0.35456,0.0606049,0.0435539
0.387849,0.00914083,0.0269564,0.0010234,0.93205,-0.35456,0.0606049,0.0435539
0.388881,0.00914083,0.0269564,0.0010234,0.93205,-0.35456,0.0606049,0.0435539
0.389849,0.00914083,0.0269564,0.0010234,0.93205,-0.35456,0.0606049,0.0435539
0.390848,0.00914083,0.0269564,0.0010234,0.931821,-0.355156,0.0606191,0.0435766
0.39186,0.00914083,0.0269564,0.0010234,0.931821,-0.355156,0.0606191,0.0435766
0.392853,0.00913761,0.0270061,0.00100168,0.931924,-0.354991,0.0599777,0.0436072
0.393889,0.00913761,0.0270061,0.00100168,0.931924,-0.354991,0.0599777,0.0436072
0.394849,0.00913761,0.0270061,0.00100168,0.931924,-0.354991,0.0599777,0.0436072
0.395851,0.00913761,0.0270061,0.00100168,0.931924,-0.354991,0.0599777,0.0436072
0.396851,0.00913761,0.0270061,0.00100168,0.931924,-0.354991,0.0599777,0.0436072
0.397855,0.00913761,0.0270061,0.00100168,0.931924,-0.354991,0.0599777,0.0436072
0.398854,0.00913761,0.0270061,0.00100168,0.931924,-0.354991,0.0599777,0.0436072
0.399858,0.00913761,0.0270061,0.00100168,0.931924,-0.354991,0.0599777,0.0436072
0.400807,0.00913761,0.0270061,0.00100168,0.931924,-0.354991,0.0599777,0.0436072
0.401828,0.00913761,0.0270061,0.00100168,0.931924,-0.354991,0.0599777,0.0436072
0.402858,0.00913761,0.0270061,0.00100168,0.931695,-0.355587,0.0599918,0.0436295
0.403859,0.00913761,0.0270061,0.00100168,0.931695,-0.355587,0.0599918,0.0436295
0.404864,0.0091344,0.0270558,0.000979968,0.931768,-0.355397,0.0599876,0.0436294
0.405848,0.0091344,0.0270558,0.000979968,0.931768,-0.355397,0.0599876,0.0436294
0.406852,0.0091344,0.0270558,0.000979968,0.931797,-0.355423,0.0593504,0.0436595
0.407856,0.0091344,0.0270558,0.000979968,0.931797,-0.355423,0.0593504,0.0436595
0.408853,0.0091344,0.0270558,0.000979968,0.931797,-0.355423,0.0593504,0.0436595
0.409859,0.0091344,0.0270558,0.000979968,0.931797,-0.355423,0.0593504,0.0436595
0.410857,0.0091344,0.0270558,0.000979968,0.931797,-0.355423,0.0593504,0.0436595
0.41185,0.0091344,0.0270558,0.000979968,0.931797,-0.355423,0.0593504,0.0436595
0.412851,0.0091344,0.0270558,0.000979968,0.931568,-0.356019,0.0593645,0.0436813
0.413858,0.0091344,0.0270558,0.000979968,0.931568,-0.356019,0.0593645,0.0436813
0.414831,0.0091344,0.0270558,0.000979968,0.931568,-0.356019,0.0593645,0.0436813
0.415856,0.0091344,0.0270558,0.000979968,0.931568,-0.356019,0.0593645,0.0436813
0.416798,0.0091344,0.0270558,0.000979968,0.931568,-0.356019,0.0593645,0.0436813
0.417863,0.0091344,0.0270558,0.000979968,0.931568,-0.356019,0.0593645,0.0436813
0.418859,0.0091344,0.0270558,0.000979968,0.931568,-0.356019,0.0593645,0.0436813
0.419849,0.0091344,0.0270558,0.000979968,0.931568,-0.356019,0.0593645,0.0436813
0.420865,0.0091344,0.0270558,0.000979968,0.931568,-0.356019,0.0593645,0.0436813
0.42185,0.0091344,0.0270558,0.000979968,0.931568,-0.356019,0.0593645,0.0436813
0.422851,0.0091344,0.0270558,0.000979968,0.931568,-0.356019,0.0593645,0.0436813
0.42386,0.0091344,0.0270558,0.000979968,0.931568,-0.356019,0.0593645,0.0436813
0.42485,0.0091925,0.0270595,0.000979968,0.931556,-0.35601,0.059556,0.0437545
0.425846,0.0091925,0.0270595,0.000979968,0.931556,-0.35601,0.059556,0.0437545
0.426846,0.0091925,0.0270595,0.000979968,0.931556,-0.35601,0.059556,0.0437545
0.427843,0.0091925,0.0270595,0.000979968,0.931556,-0.35601,0.059556,0.0437545
0.428829,0.0091925,0.0270595,0.000979968,0.931298,-0.356567,0.059798,0.0443717
0.429856,0.0091925,0.0270595,0.000979968,0.931298,-0.356567,0.059798,0.0443717
0.430875,0.0091925,0.0270595,0.000979968,0.931268,-0.356541,0.0604353,0.0443425
0.431871,0.0091925,0.0270595,0.000979968,0.931268,-0.356541,0.0604353,0.0443425
0.432849,0.00918926,0.0271092,0.000958281,0.931341,-0.356351,0.060431,0.0443424
0.433856,0.00918926,0.0271092,0.000958281,0.931341,-0.356351,0.060431,0.0443424
0.434857,0.00918926,0.0271092,0.000958281,0.931341,-0.356351,0.060431,0.0443424
0.435835,0.00918926,0.0271092,0.000958281,0.931341,-0.356351,0.060431,0.0443424
0.436828,0.00924734,0.027113,0.000958281,0.931328,-0.356342,0.0606225,0.0444157
0.437849,0.00924734,0.027113,0.000958281,0.931328,-0.356342,0.0606225,0.0444157
0.438851,0.00924734,0.027113,0.000958281,0.931328,-0.356342,0.0606225,0.0444157
0.439858,0.00924734,0.027113,0.000958281,0.931328,-0.356342,0.0606225,0.0444157
0.440848,0.00924734,0.027113,0.000958281,0.931328,-0.356342,0.0606225,0.0444157
0.441853,0.00924734,0.027113,0.000958281,0.931328,-0.356342,0.0606225,0.0444157
0.44285,0.00924734,0.027113,0.000958281,0.931328,-0.356342,0.0606225,0.0444157
0.443836,0.00924734,0.027113,0.000958281,0.931328,-0.356342,0.0606225,0.0444157
0.444848,0.00930542,0.0271169,0.000958281,0.931316,-0.356333,0.0608139,0.044489
0.445847,0.00930542,0.0271169,0.000958281,0.931316,-0.356333,0.0608139,0.044489
0.446848,0.00930542,0.0271169,0.000958281,0.931285,-0.356307,0.0614512,0.0444598
0.447825,0.00930542,0.0271169,0.000958281,0.931285,-0.356307,0.0614512,0.0444598
0.448852,0.00930542,0.0271169,0.000958281,0.931285,-0.356307,0.0614512,0.0444598
0.449859,0.00930542,0.0271169,0.000958281,0.931285,-0.356307,0.0614512,0.0444598
0.450849,0.00936349,0.0271207,0.000958281,0.931273,-0.356298,0.0616427,0.0445331
0.451829,0.00936349,0.0271207,0.000958281,0.931273,-0.356298,0.0616427,0.0445331
0.45286,0.00936349,0.0271207,0.000958281,0.931273,-0.356298,0.0616427,0.0445331
0.453851,0.00936349,0.0271207,0.000958281,0.931273,-0.356298,0.0616427,0.0445331
0.454855,0.00942156,0.0271246,0.000958281,0.93126,-0.356289,0.0618341,0.0446063
0.455859,0.00942156,0.0271246,0.000958281,0.93126,-0.356289,0.0618341,0.0446063
0.456853,0.00942156,0.0271246,0.000958281,0.931231,-0.356249,0.0620619,0.0452016
0.457851,0.00942156,0.0271246,0.000958281,0.931231,-0.356249,0.0620619,0.0452016
0.458847,0.00947963,0.0271284,0.000958281,0.931219,-0.35624,0.0622533,0.0452748
0.459854,0.00947963,0.0271284,0.000958281,0.931219,-0.35624,0.0622533,0.0452748
0.460863,0.00953435,0.0271821,0.000936615,0.931279,-0.35604,0.0624404,0.045348
0.46185,0.00953435,0.0271821,0.000936615,0.931279,-0.35604,0.0624404,0.045348
0.462854,0.00953435,0.0271821,0.000936615,0.931279,-0.35604,0.0624404,0.045348
0.463854,0.00953435,0.0271821,0.000936615,0.931279,-0.35604,0.0624404,0.045348
0.464852,0.00959239,0.027186,0.000936615,0.931266,-0.356031,0.0626319,0.0454212
0.465852,0.00959239,0.027186,0.000936615,0.931266,-0.356031,0.0626319,0.0454212
0.466821,0.00965044,0.02719,0.000936615,0.931253,-0.356022,0.0628234,0.0454944
0.467852,0.00965044,0.02719,0.000936615,0.931253,-0.356022,0.0628234,0.0454944
0.468859,0.00970848,0.0271939,0.000936615,0.93101,-0.356608,0.0630292,0.0455911
0.469847,0.00970848,0.0271939,0.000936615,0.93101,-0.356608,0.0630292,0.0455911
0.470855,0.00970506,0.0272437,0.000914969,0.931313,-0.355822,0.0630106,0.0455673
0.471864,0.00970506,0.0272437,0.000914969,0.931313,-0.355822,0.0630106,0.0455673
0.472847,0.00976308,0.0272477,0.000914969,0.9313,-0.355813,0.063202,0.0456405
0.473849,0.00976308,0.0272477,0.000914969,0.9313,-0.355813,0.063202,0.0456405
0.474849,0.00982111,0.0272517,0.000914969,0.931258,-0.355763,0.0636209,0.0463089
0.475852,0.00982111,0.0272517,0.000914969,0.931258,-0.355763,0.0636209,0.0463089
0.476846,0.00987564,0.0273055,0.000893343,0.931088,-0.356159,0.0638227,0.0464055
0.477847,0.00987564,0.0273055,0.000893343,0.931088,-0.356159,0.0638227,0.0464055
0.47885,0.00993364,0.0273095,0.000893343,0.931074,-0.356149,0.0640141,0.0464788
0.479863,0.00993364,0.0273095,0.000893343,0.931074,-0.356149,0.0640141,0.0464788
0.480849,0.00999163,0.0273136,0.000893343,0.931061,-0.35614,0.0642055,0.046552
0.481854,0.00999163,0.0273136,0.000893343,0.931061,-0.35614,0.0642055,0.046552
0.482862,0.0100496,0.0273178,0.000893343,0.931048,-0.35613,0.0643969,0.0466252
0.48385,0.0100496,0.0273178,0.000893343,0.931048,-0.35613,0.0643969,0.0466252
0.484861,0.0101076,0.0273219,0.000893343,0.931067,-0.356147,0.0639512,0.0467269
0.485849,0.0101076,0.0273219,0.000893343,0.931067,-0.356147,0.0639512,0.0467269
0.486853,0.0101591,0.0274165,0.000907775,0.931127,-0.355947,0.0641383,0.0467995
0.487859,0.0101591,0.0274165,0.000907775,0.931127,-0.355947,0.0641383,0.0467995
0.488849,0.010217,0.0274206,0.000907775,0.931114,-0.355938,0.0643298,0.0468727
0.489854,0.010217,0.0274206,0.000907775,0.931114,-0.355938,0.0643298,0.0468727
0.490848,0.010275,0.0274249,0.000907775,0.931101,-0.355928,0.0645212,0.0469459
0.491848,0.010275,0.0274249,0.000907775,0.931101,-0.355928,0.0645212,0.0469459
0.492847,0.0103909,0.0274334,0.000907775,0.931107,-0.355935,0.0642669,0.0471205
0.493852,0.0103909,0.0274334,0.000907775,0.931107,-0.355935,0.0642669,0.0471205
0.494849,0.0104488,0.0274376,0.000907775,0.931063,-0.355884,0.0646858,0.0477889
0.495855,0.0104488,0.0274376,0.000907775,0.931063,-0.355884,0.0646858,0.0477889
0.496853,0.0105037,0.0274826,0.000943797,0.93105,-0.355875,0.0648772,0.047862
0.497854,0.0105037,0.0274826,0.000943797,0.93105,-0.355875,0.0648772,0.047862
0.498851,0.0106196,0.0274913,0.000943797,0.931056,-0.355882,0.0646229,0.0480367
0.499848,0.0106196,0.0274913,0.000943797,0.931056,-0.355882,0.0646229,0.0480367
0.500856,0.0106775,0.0274957,0.000943797,0.931042,-0.355872,0.0648143,0.0481099
0.501849,0.0106775,0.0274957,0.000943797,0.931042,-0.355872,0.0648143,0.0481099
0.502847,0.0107323,0.0275408,0.000979802,0.931029,-0.355862,0.0650058,0.048183
0.50386,0.0107323,0.0275408,0.000979802,0.931029,-0.355862,0.0650058,0.048183
0.504847,0.0108481,0.0275496,0.000979802,0.931004,-0.355827,0.0649789,0.0489528
0.505851,0.0108481,0.0275496,0.000979802,0.931004,-0.355827,0.0649789,0.0489528
0.506851,0.0109029,0.0275948,0.00101579,0.931022,-0.355859,0.0649429,0.0484309
0.50785,0.0109029,0.0275948,0.00101579,0.931022,-0.355859,0.0649429,0.0484309
0.50885,0.0110186,0.0276038,0.00101579,0.930997,-0.355824,0.064916,0.0492006
0.509844,0.0110186,0.0276038,0.00101579,0.930997,-0.355824,0.064916,0.0492006
0.510853,0.0111311,0.0276536,0.00105176,0.93097,-0.355804,0.0652988,0.049347
0.511866,0.0111311,0.0276536,0.00105176,0.93097,-0.355804,0.0652988,0.049347
0.512852,0.011189,0.0276582,0.00105176,0.930989,-0.35582,0.0648531,0.0494485
0.513854,0.011189,0.0276582,0.00105176,0.930989,-0.35582,0.0648531,0.0494485
0.514861,0.0113014,0.0277082,0.00108772,0.930962,-0.3558,0.0652359,0.0495948
0.515848,0.0113014,0.0277082,0.00108772,0.930962,-0.3558,0.0652359,0.0495948
0.516858,0.0114171,0.0277175,0.00108772,0.930969,-0.355806,0.0649815,0.0497695
0.51785,0.0114171,0.0277175,0.00108772,0.930969,-0.355806,0.0649815,0.0497695
0.518849,0.0114716,0.0277629,0.00112365,0.930955,-0.355796,0.0651729,0.0498426
0.519855,0.0114716,0.0277629,0.00112365,0.930955,-0.355796,0.0651729,0.0498426
0.520853,0.0115872,0.0277724,0.00112365,0.930961,-0.355802,0.0649186,0.0500173
0.521854,0.0115872,0.0277724,0.00112365,0.930961,-0.355802,0.0649186,0.0500173
0.522852,0.0116994,0.0278227,0.00115958,0.930967,-0.355807,0.0646642,0.0501919
0.52385,0.0116994,0.0278227,0.00115958,0.930967,-0.355807,0.0646642,0.0501919
0.52485,0.011815,0.0278324,0.00115958,0.931203,-0.355217,0.0643962,0.050343
0.525846,0.011815,0.0278324,0.00115958,0.931203,-0.355217,0.0643962,0.050343
0.526844,0.0119271,0.0278829,0.00119548,0.931144,-0.355155,0.0650062,0.0510842
0.52785,0.0119271,0.0278829,0.00119548,0.931144,-0.355155,0.0650062,0.0510842
0.5289,0.0119271,0.0278829,0.00119548,0.931144,-0.355155,0.0650062,0.0510842
0.529804,0.0119271,0.0278829,0.00119548,0.931144,-0.355155,0.0650062,0.0510842
0.530818,0.0119271,0.0278829,0.00119548,0.931144,-0.355155,0.0650062,0.0510842
0.531885,0.0120426,0.0278927,0.00119548,0.93115,-0.35516,0.0647519,0.051259
0.532849,0.0120426,0.0278927,0.00119548,0.93115,-0.35516,0.0647519,0.051259
0.533878,0.0121546,0.0279434,0.00123137,0.931156,-0.355165,0.0644976,0.0514338
0.534874,0.0121546,0.0279434,0.00123137,0.931156,-0.355165,0.0644976,0.0514338
0.535863,0.0123819,0.0280044,0.00126724,0.931398,-0.354579,0.0639755,0.0517604
0.536853,0.0123819,0.0280044,0.00126724,0.931398,-0.354579,0.0639755,0.0517604
0.537839,0.0124929,0.0280643,0.00124566,0.931477,-0.354393,0.0637172,0.0519314
0.538868,0.0124929,0.0280643,0.00124566,0.931477,-0.354393,0.0637172,0.0519314
0.539879,0.0126046,0.0281153,0.00128151,0.931451,-0.354371,0.0641002,0.0520771
0.540865,0.0126046,0.0281153,0.00128151,0.931451,-0.354371,0.0641002,0.0520771
0.541863,0.0127199,0.0281258,0.00128151,0.931457,-0.354375,0.063846,0.0522519
0.542863,0.0127199,0.0281258,0.00128151,0.931457,-0.354375,0.063846,0.0522519
0.543858,0.0128352,0.0281363,0.00128151,0.931463,-0.354379,0.0635918,0.0524266
0.54487,0.0128352,0.0281363,0.00128151,0.931463,-0.354379,0.0635918,0.0524266
0.545864,0.0129468,0.0281876,0.00131735,0.931435,-0.354342,0.0635641,0.0531966
0.546862,0.0129468,0.0281876,0.00131735,0.931435,-0.354342,0.0635641,0.0531966
0.547831,0.0130621,0.0281983,0.00131735,0.93167,-0.35375,0.0632967,0.053349
0.548867,0.0130621,0.0281983,0.00131735,0.93167,-0.35375,0.0632967,0.053349
0.549852,0.0131773,0.0282091,0.00131735,0.931644,-0.353728,0.0636798,0.0534944
0.550863,0.0131773,0.0282091,0.00131735,0.931644,-0.353728,0.0636798,0.0534944
0.551852,0.0132926,0.02822,0.00131735,0.93165,-0.353731,0.0634257,0.0536693
0.552852,0.0132926,0.02822,0.00131735,0.93165,-0.353731,0.0634257,0.0536693
0.553864,0.013403,0.0282806,0.00129578,0.93176,-0.353569,0.0625303,0.0538681
0.554856,0.013403,0.0282806,0.00129578,0.93176,-0.353569,0.0625303,0.0538681
0.555853,0.0135182,0.0282917,0.00129578,0.9317,-0.353506,0.0631394,0.054609
0.556853,0.0135182,0.0282917,0.00129578,0.9317,-0.353506,0.0631394,0.054609
0.55786,0.0135719,0.028338,0.0013316,0.931982,-0.352964,0.0624549,0.0540935
0.558846,0.0135719,0.028338,0.0013316,0.931982,-0.352964,0.0624549,0.0540935
0.559832,0.013687,0.0283493,0.0013316,0.931953,-0.352926,0.0624265,0.054864
0.560836,0.013687,0.0283493,0.0013316,0.931953,-0.352926,0.0624265,0.054864
0.561836,0.0137972,0.0284102,0.00131006,0.932031,-0.352738,0.0621684,0.0550327
0.562855,0.0137972,0.0284102,0.00131006,0.932031,-0.352738,0.0621684,0.0550327
0.563876,0.0139123,0.0284216,0.00131006,0.932068,-0.352765,0.0612771,0.0552367
0.56486,0.0139123,0.0284216,0.00131006,0.932068,-0.352765,0.0612771,0.0552367
0.56586,0.0140274,0.0284331,0.00131006,0.932043,-0.352742,0.0616604,0.0553818
0.566859,0.0140274,0.0284331,0.00131006,0.932043,-0.352742,0.0616604,0.0553818
0.567855,0.0141425,0.0284447,0.00131006,0.932049,-0.352744,0.0614063,0.0555563
0.568851,0.0141425,0.0284447,0.00131006,0.932049,-0.352744,0.0614063,0.0555563
0.56984,0.0142575,0.0284563,0.00131006,0.932085,-0.352769,0.060515,0.0557602
0.570852,0.0142575,0.0284563,0.00131006,0.932085,-0.352769,0.060515,0.0557602
0.571843,0.0143726,0.0284681,0.00131006,0.932318,-0.352173,0.0602485,0.0559145
0.572851,0.0143726,0.0284681,0.00131006,0.932318,-0.352173,0.0602485,0.0559145
0.573852,0.0144825,0.0285296,0.00128854,0.932397,-0.351984,0.0599906,0.0560817
0.574811,0.0144825,0.0285296,0.00128854,0.932397,-0.351984,0.0599906,0.0560817
0.575833,0.0145974,0.0285416,0.00128854,0.932366,-0.351946,0.0599616,0.0568521
0.576846,0.0145974,0.0285416,0.00128854,0.932366,-0.351946,0.0599616,0.0568521
0.577834,0.0147081,0.0285944,0.00132434,0.932371,-0.351947,0.0597076,0.0570264
0.578848,0.0147081,0.0285944,0.00132434,0.932371,-0.351947,0.0597076,0.0570264
0.579858,0.0148231,0.0286065,0.00132434,0.932377,-0.351947,0.0594537,0.0572008
0.580854,0.0148231,0.0286065,0.00132434,0.932377,-0.351947,0.0594537,0.0572008
0.581851,0.014938,0.0286187,0.00132434,0.932382,-0.351947,0.0591997,0.0573752
0.58285,0.014938,0.0286187,0.00132434,0.932382,-0.351947,0.0591997,0.0573752
0.583843,0.0151103,0.0286373,0.00132434,0.932376,-0.351935,0.0591374,0.0576219
0.584852,0.0151103,0.0286373,0.00132434,0.932376,-0.351935,0.0591374,0.0576219
0.585871,0.0152252,0.0286498,0.00132434,0.932381,-0.351934,0.0588834,0.0577962
0.58685,0.0152252,0.0286498,0.00132434,0.932381,-0.351934,0.0588834,0.0577962
0.587847,0.0153401,0.0286623,0.00132434,0.932643,-0.35136,0.0579801,0.0579816
0.588836,0.0153401,0.0286623,0.00132434,0.932643,-0.35136,0.0579801,0.0579816
0.58982,0.015455,0.028675,0.00132434,0.932648,-0.351358,0.0577262,0.0581561
0.590803,0.015455,0.028675,0.00132434,0.932648,-0.351358,0.0577262,0.0581561
0.591913,0.0156227,0.0287349,0.00136013,0.932642,-0.351345,0.0576641,0.0584028
0.592843,0.0156227,0.0287349,0.00136013,0.932642,-0.351345,0.0576641,0.0584028
0.593866,0.0157375,0.0287478,0.00136013,0.932647,-0.351343,0.0574101,0.0585772
0.594856,0.0157375,0.0287478,0.00136013,0.932647,-0.351343,0.0574101,0.0585772
0.595857,0.0159097,0.0287673,0.00136013,0.932641,-0.35133,0.0573479,0.0588238
0.596854,0.0159097,0.0287673,0.00136013,0.932641,-0.35133,0.0573479,0.0588238
0.597853,0.0160198,0.0288212,0.0013959,0.932608,-0.351291,0.0573186,0.0595944
0.59887,0.0160198,0.0288212,0.0013959,0.932608,-0.351291,0.0573186,0.0595944
0.59985,0.0161346,0.0288344,0.0013959,0.932642,-0.351311,0.0564271,0.0597987
0.600854,0.0161346,0.0288344,0.0013959,0.932642,-0.351311,0.0564271,0.0597987
0.601838,0.0163067,0.0288544,0.0013959,0.932635,-0.351296,0.0563649,0.0600452
0.602854,0.0163067,0.0288544,0.0013959,0.932635,-0.351296,0.0563649,0.0600452
0.603856,0.0164739,0.0289153,0.00143165,0.932629,-0.351281,0.0563027,0.0602918
0.60485,0.0164739,0.0289153,0.00143165,0.932629,-0.351281,0.0563027,0.0602918
0.60585,0.0165886,0.0289289,0.00143165,0.932634,-0.351278,0.0560487,0.0604661
0.606851,0.0165886,0.0289289,0.00143165,0.932634,-0.351278,0.0560487,0.0604661
0.607869,0.0167606,0.0289495,0.00143165,0.932656,-0.351284,0.0553489,0.0607425
0.608862,0.0167606,0.0289495,0.00143165,0.932656,-0.351284,0.0553489,0.0607425
0.609856,0.0168703,0.0290041,0.00146739,0.932688,-0.351301,0.0544574,0.0609465
0.610861,0.0168703,0.0290041,0.00146739,0.932688,-0.351301,0.0544574,0.0609465
0.611869,0.0170422,0.029025,0.00146739,0.932682,-0.351284,0.0543951,0.061193
0.612851,0.0170422,0.029025,0.00146739,0.932682,-0.351284,0.0543951,0.061193
0.613851,0.0171567,0.0290391,0.00146739,0.932914,-0.350683,0.0541305,0.0613514
0.614856,0.0171567,0.0290391,0.00146739,0.932914,-0.350683,0.0541305,0.0613514
0.615849,0.0173235,0.0291011,0.00150311,0.932907,-0.350665,0.0540684,0.0615978
0.616829,0.0173235,0.0291011,0.00150311,0.932907,-0.350665,0.0540684,0.0615978
0.617828,0.017438,0.0291153,0.00150311,0.932713,-0.351278,0.0531871,0.0618175
0.618831,0.017438,0.0291153,0.00150311,0.932713,-0.351278,0.0531871,0.0618175
0.619845,0.0176098,0.029137,0.00150311,0.932933,-0.350663,0.0531147,0.0620487
0.620844,0.0176098,0.029137,0.00150311,0.932933,-0.350663,0.0531147,0.0620487
0.621843,0.0177191,0.0291922,0.00153882,0.932938,-0.350657,0.0528607,0.062223
0.622846,0.0177191,0.0291922,0.00153882,0.932938,-0.350657,0.0528607,0.062223
0.623853,0.0178335,0.0292068,0.00153882,0.932943,-0.350652,0.0526067,0.0623972
0.624847,0.0178335,0.0292068,0.00153882,0.932943,-0.350652,0.0526067,0.0623972
0.625865,0.0179479,0.0292216,0.00153882,0.932934,-0.350632,0.0519392,0.0631978
0.626846,0.0179479,0.0292216,0.00153882,0.932934,-0.350632,0.0519392,0.0631978
0.627825,0.0180623,0.0292364,0.00153882,0.932938,-0.350626,0.0516852,0.063372
0.628843,0.0180623,0.0292364,0.00153882,0.932938,-0.350626,0.0516852,0.063372
0.629798,0.0181714,0.029292,0.0015745,0.932943,-0.35062,0.0514311,0.0635462
0.630847,0.0181714,0.029292,0.0015745,0.932943,-0.35062,0.0514311,0.0635462
0.631839,0.0182793,0.0293565,0.001553,0.933046,-0.350442,0.0505359,0.0637358
0.632918,0.0182793,0.0293565,0.001553,0.933046,-0.350442,0.0505359,0.0637358
0.633844,0.0183936,0.0293715,0.001553,0.933009,-0.350403,0.0505058,0.0645061
0.634845,0.0183936,0.0293715,0.001553,0.933009,-0.350403,0.0505058,0.0645061
0.635842,0.0185079,0.0293867,0.001553,0.933013,-0.350396,0.0502518,0.06468
0.636855,0.0185079,0.0293867,0.001553,0.933013,-0.350396,0.0502518,0.06468
0.637843,0.018565,0.0293943,0.001553,0.933028,-0.350402,0.0498059,0.0647818
0.638843,0.018565,0.0293943,0.001553,0.933028,-0.350402,0.0498059,0.0647818
0.63987,0.0186726,0.0294591,0.00153152,0.933105,-0.350205,0.0495482,0.0649404
0.640852,0.0186726,0.0294591,0.00153152,0.933105,-0.350205,0.0495482,0.0649404
0.641843,0.0187813,0.0295152,0.00156719,0.933293,-0.349568,0.0495079,0.0656983
0.64284,0.0187813,0.0295152,0.00156719,0.933293,-0.349568,0.0495079,0.0656983
0.643839,0.0188955,0.0295307,0.00156719,0.933071,-0.350158,0.0492639,0.065884
0.644845,0.0188955,0.0295307,0.00156719,0.933071,-0.350158,0.0492639,0.065884
0.645836,0.0189526,0.0295385,0.00156719,0.933085,-0.350164,0.048818,0.0659856
0.646864,0.0189526,0.0295385,0.00156719,0.933085,-0.350164,0.048818,0.0659856
0.647812,0.0190667,0.0295541,0.00156719,0.933315,-0.349558,0.0485541,0.0661477
0.648848,0.0190667,0.0295541,0.00156719,0.933315,-0.349558,0.0485541,0.0661477
0.649832,0.019174,0.0296193,0.00154572,0.933349,-0.349328,0.0485198,0.0669017
0.650832,0.019174,0.0296193,0.00154572,0.933349,-0.349328,0.0485198,0.0669017
0.651817,0.0192311,0.0296272,0.00154572,0.933362,-0.349334,0.048074,0.0670034
0.652839,0.0192311,0.0296272,0.00154572,0.933362,-0.349334,0.048074,0.0670034
0.653835,0.0193452,0.0296431,0.00154572,0.933366,-0.349325,0.04782,0.0671768
0.654843,0.0193452,0.0296431,0.00154572,0.933366,-0.349325,0.04782,0.0671768
0.655852,0.0194022,0.029651,0.00154572,0.933154,-0.349928,0.0473839,0.0672889
0.656813,0.0194022,0.029651,0.00154572,0.933154,-0.349928,0.0473839,0.0672889
0.65785,0.0195163,0.029667,0.00154572,0.933115,-0.349889,0.0473535,0.0680586
0.658852,0.0195163,0.029667,0.00154572,0.933115,-0.349889,0.0473535,0.0680586
0.659858,0.0195733,0.0296751,0.00154572,0.933128,-0.349894,0.0469075,0.0681599
0.660845,0.0195733,0.0296751,0.00154572,0.933128,-0.349894,0.0469075,0.0681599
0.661819,0.0196803,0.0297407,0.00152428,0.933204,-0.349695,0.0466496,0.0683158
0.662842,0.0196803,0.0297407,0.00152428,0.933204,-0.349695,0.0466496,0.0683158
0.66384,0.0197943,0.0297569,0.00152428,0.933208,-0.349685,0.0463955,0.0684887
0.664826,0.0198513,0.029765,0.00152428,0.933177,-0.34966,0.046173,0.0691863
0.665844,0.0198513,0.029765,0.00152428,0.933177,-0.34966,0.046173,0.0691863
0.666807,0.0199652,0.0297814,0.00152428,0.933158,-0.349632,0.0465568,0.0693301
0.667787,0.0199652,0.0297814,0.00152428,0.933158,-0.349632,0.0465568,0.0693301
0.668824,0.0200222,0.0297896,0.00152428,0.933171,-0.349636,0.0461108,0.0694311
0.669816,0.0200222,0.0297896,0.00152428,0.933171,-0.349636,0.0461108,0.0694311
0.670817,0.020129,0.0298556,0.00150286,0.933021,-0.350035,0.0458627,0.0695948
0.671834,0.020129,0.0298556,0.00150286,0.933021,-0.350035,0.0458627,0.0695948
0.672836,0.0201859,0.0298639,0.00150286,0.932989,-0.35001,0.0456404,0.0702917
0.67384,0.0201859,0.0298639,0.00150286,0.932989,-0.35001,0.0456404,0.0702917
0.67479,0.0202998,0.0298805,0.00150286,0.932971,-0.349981,0.046024,0.0704356
0.675836,0.0202998,0.0298805,0.00150286,0.932971,-0.349981,0.046024,0.0704356
0.676845,0.0203567,0.0298889,0.00150286,0.932758,-0.350583,0.045588,0.0705445
0.677831,0.0203567,0.0298889,0.00150286,0.932758,-0.350583,0.045588,0.0705445
0.678813,0.0204706,0.0299056,0.00150286,0.932761,-0.350572,0.0453336,0.0707168
0.679836,0.0204706,0.0299056,0.00150286,0.932761,-0.350572,0.0453336,0.0707168
0.680807,0.0205845,0.0299225,0.00150286,0.932719,-0.350533,0.0453033,0.0714853
0.681844,0.0205845,0.0299225,0.00150286,0.932719,-0.350533,0.0453033,0.0714853
0.682838,0.0206414,0.029931,0.00150286,0.932709,-0.350518,0.0454951,0.0715574
0.683828,0.0206414,0.029931,0.00150286,0.932709,-0.350518,0.0454951,0.0715574
0.68484,0.0207491,0.0299887,0.00153851,0.932487,-0.351105,0.0452507,0.0717375
0.68581,0.0207491,0.0299887,0.00153851,0.932487,-0.351105,0.0452507,0.0717375
0.686836,0.020806,0.0299972,0.00153851,0.932499,-0.351109,0.0448045,0.0718374
0.68782,0.020806,0.0299972,0.00153851,0.932499,-0.351109,0.0448045,0.0718374
0.688836,0.0209198,0.0300144,0.00153851,0.932434,-0.35105,0.0454123,0.0725777
0.689836,0.0209198,0.0300144,0.00153851,0.932434,-0.35105,0.0454123,0.0725777
0.690786,0.0209198,0.0300144,0.00153851,0.932434,-0.35105,0.0454123,0.0725777
0.691835,0.0210274,0.0300723,0.00157415,0.932211,-0.351637,0.0451679,0.0727573
0.692833,0.0210274,0.0300723,0.00157415,0.932211,-0.351637,0.0451679,0.0727573
0.693816,0.0210842,0.0300809,0.00157415,0.932202,-0.351622,0.0453596,0.0728295
0.694805,0.0210842,0.0300809,0.00157415,0.932202,-0.351622,0.0453596,0.0728295
0.695813,0.0211979,0.0300983,0.00157415,0.932205,-0.351611,0.0451049,0.0730014
0.696837,0.0211979,0.0300983,0.00157415,0.932205,-0.351611,0.0451049,0.0730014
0.69783,0.0213053,0.0301565,0.00160977,0.932161,-0.35157,0.045075,0.073769
0.698852,0.0213053,0.0301565,0.00160977,0.932161,-0.35157,0.045075,0.073769
0.69984,0.0213622,0.0301652,0.00160977,0.932152,-0.351555,0.0452667,0.0738413
0.700847,0.0213622,0.0301652,0.00160977,0.932152,-0.351555,0.0452667,0.0738413
0.701832,0.0214695,0.0302235,0.00164537,0.931929,-0.352141,0.0450221,0.0740202
0.702812,0.0214695,0.0302235,0.00164537,0.931929,-0.352141,0.0450221,0.0740202
0.703807,0.0215831,0.0302412,0.00164537,0.93191,-0.35211,0.0454053,0.074165
0.704812,0.0215831,0.0302412,0.00164537,0.93191,-0.35211,0.0454053,0.074165
0.705816,0.0216966,0.030259,0.00164537,0.931913,-0.352098,0.0451505,0.0743366
0.706835,0.0216966,0.030259,0.00164537,0.931913,-0.352098,0.0451505,0.0743366
0.707816,0.0218038,0.0303175,0.00168096,0.931847,-0.352039,0.0457587,0.075077
0.708835,0.0218038,0.0303175,0.00168096,0.931847,-0.352039,0.0457587,0.075077
0.709841,0.0219173,0.0303355,0.00168096,0.93185,-0.352027,0.0455039,0.0752486
0.710811,0.0219173,0.0303355,0.00168096,0.93185,-0.352027,0.0455039,0.0752486
0.711842,0.0220243,0.0303942,0.00171653,0.931626,-0.352612,0.0452591,0.075427
0.712786,0.0220243,0.0303942,0.00171653,0.931626,-0.352612,0.0452591,0.075427
0.713812,0.0221377,0.0304124,0.00171653,0.931608,-0.352581,0.0456421,0.075572
0.714841,0.0221377,0.0304124,0.00171653,0.931608,-0.352581,0.0456421,0.075572
0.715798,0.0222446,0.0304713,0.00175208,0.931611,-0.352568,0.0453872,0.0757433
0.716845,0.0222446,0.0304713,0.00175208,0.931611,-0.352568,0.0453872,0.0757433
0.717842,0.0224081,0.0305395,0.00178762,0.931534,-0.352492,0.0461871,0.0765562
0.718843,0.0224081,0.0305395,0.00178762,0.931534,-0.352492,0.0461871,0.0765562
0.719807,0.0225214,0.030558,0.00178762,0.931537,-0.352479,0.0459322,0.0767275
0.720812,0.0225214,0.030558,0.00178762,0.931537,-0.352479,0.0459322,0.0767275
0.721834,0.022628,0.0306173,0.00182314,0.931541,-0.352466,0.0456773,0.0768988
0.722794,0.022628,0.0306173,0.00182314,0.931541,-0.352466,0.0456773,0.0768988
0.723853,0.0227979,0.0306453,0.00182314,0.931285,-0.353016,0.0462614,0.0771234
0.724785,0.0227979,0.0306453,0.00182314,0.931285,-0.353016,0.0462614,0.0771234
0.725852,0.0229112,0.0306641,0.00182314,0.931289,-0.353002,0.0460064,0.0772945
0.726822,0.0229112,0.0306641,0.00182314,0.931289,-0.353002,0.0460064,0.0772945
0.727845,0.0230742,0.0307331,0.00185864,0.93121,-0.352925,0.0468064,0.0781074
0.728842,0.0232439,0.0307617,0.00185864,0.931204,-0.352895,0.0467427,0.078351
0.729816,0.0232439,0.0307617,0.00185864,0.931204,-0.352895,0.0467427,0.078351
0.730835,0.0233585,0.0307723,0.00191555,0.931134,-0.35307,0.0464914,0.0785445
0.731845,0.0233585,0.0307723,0.00191555,0.931134,-0.35307,0.0464914,0.0785445
0.732812,0.0235282,0.0308012,0.00191555,0.931105,-0.353022,0.0470657,0.0787622
0.733827,0.0235282,0.0308012,0.00191555,0.931105,-0.353022,0.0470657,0.0787622
0.734837,0.0236909,0.030871,0.00195102,0.931099,-0.352991,0.0470021,0.079006
0.735808,0.0236909,0.030871,0.00195102,0.931099,-0.352991,0.0470021,0.079006
0.736821,0.0238604,0.0309003,0.00195102,0.931043,-0.35293,0.047164,0.0798448
0.737844,0.0238604,0.0309003,0.00195102,0.931043,-0.35293,0.047164,0.0798448
0.738863,0.0239735,0.03092,0.00195102,0.931046,-0.352916,0.0469088,0.0800159
0.73984,0.0239735,0.03092,0.00195102,0.931046,-0.352916,0.0469088,0.0800159
0.740817,0.024143,0.0309496,0.00195102,0.931017,-0.352867,0.0474831,0.0802336
0.741842,0.024143,0.0309496,0.00195102,0.931017,-0.352867,0.0474831,0.0802336
0.742809,0.0243053,0.0310202,0.00198647,0.930784,-0.353432,0.0474283,0.0804846
0.743837,0.0243053,0.0310202,0.00198647,0.930784,-0.353432,0.0474283,0.0804846
0.744815,0.0244747,0.0310503,0.00198647,0.930778,-0.353401,0.0473644,0.0807281
0.745843,0.0244747,0.0310503,0.00198647,0.930778,-0.353401,0.0473644,0.0807281
0.746838,0.024644,0.0310806,0.00198647,0.93072,-0.353338,0.0475264,0.0815665
0.747855,0.024644,0.0310806,0.00198647,0.93072,-0.353338,0.0475264,0.0815665
0.748821,0.0248133,0.0311111,0.00198647,0.930714,-0.353306,0.0474625,0.08181
0.749824,0.0248133,0.0311111,0.00198647,0.930714,-0.353306,0.0474625,0.08181
0.750816,0.0249752,0.0311824,0.00202191,0.930709,-0.353274,0.0473985,0.0820534
0.751825,0.0249752,0.0311824,0.00202191,0.930709,-0.353274,0.0473985,0.0820534
0.753126,0.0251444,0.0312133,0.00202191,0.930703,-0.353241,0.0473346,0.0822968
0.753851,0.0251444,0.0312133,0.00202191,0.930703,-0.353241,0.0473346,0.0822968
0.754852,0.0253136,0.0312444,0.00202191,0.930469,-0.353805,0.047279,0.082547
0.755844,0.0253136,0.0312444,0.00202191,0.930469,-0.353805,0.047279,0.082547
0.756851,0.0254263,0.0312653,0.00202191,0.93042,-0.353758,0.0472497,0.0833123
0.757851,0.0254263,0.0312653,0.00202191,0.93042,-0.353758,0.0472497,0.0833123
0.758856,0.0255954,0.0312968,0.00202191,0.930414,-0.353725,0.0471856,0.0835555
0.75985,0.0255954,0.0312968,0.00202191,0.930414,-0.353725,0.0471856,0.0835555
0.760851,0.0255954,0.0312968,0.00202191,0.930414,-0.353725,0.0471856,0.0835555
0.761854,0.0257568,0.031369,0.00205733,0.930409,-0.353691,0.0471214,0.0837986
0.76285,0.0257568,0.031369,0.00205733,0.930409,-0.353691,0.0471214,0.0837986
0.76387,0.0259258,0.0314009,0.00205733,0.930403,-0.353656,0.0470573,0.0840417
0.764833,0.0259258,0.0314009,0.00205733,0.930403,-0.353656,0.0470573,0.0840417
0.765847,0.0260384,0.0314223,0.00205733,0.930179,-0.354236,0.0468099,0.0842184
0.766842,0.0260384,0.0314223,0.00205733,0.930179,-0.354236,0.0468099,0.0842184
0.767868,0.0262073,0.0314545,0.00205733,0.930173,-0.354201,0.0467455,0.0844614
0.76885,0.0262073,0.0314545,0.00205733,0.930173,-0.354201,0.0467455,0.0844614
0.769848,0.0263683,0.0315275,0.00209273,0.930114,-0.354136,0.0469076,0.0852989
0.770854,0.0263683,0.0315275,0.00209273,0.930114,-0.354136,0.0469076,0.0852989
0.771846,0.0264808,0.0315492,0.00209273,0.930118,-0.354118,0.046652,0.085469
0.772851,0.0264808,0.0315492,0.00209273,0.930118,-0.354118,0.046652,0.085469
0.773854,0.0266496,0.031582,0.00209273,0.930112,-0.354083,0.0465876,0.0857118
0.774879,0.0266496,0.031582,0.00209273,0.930112,-0.354083,0.0465876,0.0857118
0.775846,0.0268087,0.031664,0.00207131,0.929953,-0.354456,0.0465276,0.0859333
0.776854,0.0268087,0.031664,0.00207131,0.929953,-0.354456,0.0465276,0.0859333
0.777846,0.0269211,0.0316861,0.00207131,0.929957,-0.354437,0.0462719,0.0861029
0.778849,0.0269211,0.0316861,0.00207131,0.929957,-0.354437,0.0462719,0.0861029
0.779833,0.0270896,0.0317194,0.00207131,0.929896,-0.354371,0.0464339,0.0869398
0.780831,0.0270896,0.0317194,0.00207131,0.929896,-0.354371,0.0464339,0.0869398
0.781849,0.0271939,0.0317823,0.00210669,0.9299,-0.354352,0.0461782,0.0871093
0.78285,0.0271939,0.0317823,0.00210669,0.9299,-0.354352,0.0461782,0.0871093
0.78387,0.0273624,0.0318159,0.00210669,0.929666,-0.354912,0.0461212,0.0873569
0.784849,0.0273624,0.0318159,0.00210669,0.929666,-0.354912,0.0461212,0.0873569
0.785852,0.0275308,0.0318498,0.00210669,0.929637,-0.354858,0.0466946,0.0875758
0.786853,0.0275308,0.0318498,0.00210669,0.929637,-0.354858,0.0466946,0.0875758
0.787846,0.027643,0.0318725,0.00210669,0.929665,-0.354855,0.0458007,0.0877684
0.788852,0.027643,0.0318725,0.00210669,0.929665,-0.354855,0.0458007,0.0877684
0.789858,0.0278031,0.0319472,0.00214206,0.929408,-0.355398,0.0463812,0.0879927
0.790892,0.0278031,0.0319472,0.00214206,0.929408,-0.355398,0.0463812,0.0879927
0.791855,0.0279713,0.0319816,0.00214206,0.929403,-0.35536,0.0463163,0.0882348
0.792857,0.0279713,0.0319816,0.00214206,0.929403,-0.35536,0.0463163,0.0882348
0.793853,0.0280835,0.0320046,0.00214206,0.929407,-0.355339,0.0460603,0.0884038
0.794851,0.0280835,0.0320046,0.00214206,0.929407,-0.355339,0.0460603,0.0884038
0.795853,0.0282516,0.0320394,0.00214206,0.929402,-0.355301,0.0459954,0.0886458
0.796845,0.0282516,0.0320394,0.00214206,0.929402,-0.355301,0.0459954,0.0886458
0.797851,0.0284113,0.0321148,0.00217741,0.929168,-0.355859,0.0459371,0.0888929
0.798845,0.0284113,0.0321148,0.00217741,0.929168,-0.355859,0.0459371,0.0888929
0.799848,0.0285794,0.03215,0.00217741,0.929163,-0.355819,0.045872,0.0891348
0.800834,0.0285794,0.03215,0.00217741,0.929163,-0.355819,0.045872,0.0891348
0.801853,0.028737,0.0322342,0.00215601,0.929175,-0.355563,0.0460314,0.0899405
0.802839,0.028737,0.0322342,0.00215601,0.929175,-0.355563,0.0460314,0.0899405
0.80383,0.0288963,0.0323102,0.00219134,0.929193,-0.355539,0.0453281,0.0902043
0.804846,0.0288963,0.0323102,0.00219134,0.929193,-0.355539,0.0453281,0.0902043
0.805852,0.0290641,0.032346,0.00219134,0.928959,-0.356096,0.0452693,0.0904501
0.806896,0.0290641,0.032346,0.00219134,0.928959,-0.356096,0.0452693,0.0904501
0.807852,0.029176,0.0323699,0.00219134,0.928941,-0.356058,0.0456513,0.0905965
0.80885,0.029176,0.0323699,0.00219134,0.928941,-0.356058,0.0456513,0.0905965
0.809856,0.0293437,0.032406,0.00219134,0.928959,-0.356033,0.0449479,0.0908595
0.810855,0.0293437,0.032406,0.00219134,0.928959,-0.356033,0.0449479,0.0908595
0.81186,0.0295026,0.0324828,0.00222666,0.928725,-0.356588,0.0448885,0.0911049
0.812852,0.0295026,0.0324828,0.00222666,0.928725,-0.356588,0.0448885,0.0911049
0.813846,0.0296702,0.0325193,0.00222666,0.92872,-0.356547,0.0448231,0.091346
0.814872,0.0296702,0.0325193,0.00222666,0.92872,-0.356547,0.0448231,0.091346
0.815849,0.0298377,0.032556,0.00222666,0.928692,-0.356491,0.0453959,0.0915659
0.816849,0.0298377,0.032556,0.00222666,0.928692,-0.356491,0.0453959,0.0915659
0.817852,0.0299963,0.0326333,0.00226196,0.928711,-0.356463,0.0446922,0.0918282
0.818837,0.0299963,0.0326333,0.00226196,0.928711,-0.356463,0.0446922,0.0918282
0.819853,0.0301637,0.0326704,0.00226196,0.928477,-0.357017,0.044632,0.0920731
0.820853,0.0301637,0.0326704,0.00226196,0.928477,-0.357017,0.044632,0.0920731
0.82185,0.0303868,0.0327202,0.00226196,0.928463,-0.356956,0.0447573,0.0923874
0.822845,0.0303868,0.0327202,0.00226196,0.928463,-0.356956,0.0447573,0.0923874
0.823852,0.030545,0.0327982,0.00229724,0.928459,-0.356913,0.0446917,0.0926283
0.82485,0.030545,0.0327982,0.00229724,0.928459,-0.356913,0.0446917,0.0926283
0.825855,0.0307122,0.032836,0.00229724,0.928225,-0.357466,0.0446308,0.0928729
0.826848,0.0307122,0.032836,0.00229724,0.928225,-0.357466,0.0446308,0.0928729
0.827853,0.0308701,0.0329144,0.00233251,0.928243,-0.357436,0.0439268,0.0931338
0.828852,0.0308701,0.0329144,0.00233251,0.928243,-0.357436,0.0439268,0.0931338
0.829847,0.0310372,0.0329526,0.00233251,0.928239,-0.357392,0.043861,0.0933744
0.830864,0.0310372,0.0329526,0.00233251,0.928239,-0.357392,0.043861,0.0933744
0.831854,0.0312505,0.0330442,0.00236776,0.927996,-0.357925,0.0439902,0.0936919
0.83285,0.0312505,0.0330442,0.00236776,0.927996,-0.357925,0.0439902,0.0936919
0.833853,0.0314174,0.0330828,0.00236776,0.927992,-0.35788,0.0439243,0.0939323
0.834853,0.0314174,0.0330828,0.00236776,0.927992,-0.35788,0.0439243,0.0939323
0.835862,0.0315748,0.0331621,0.00240299,0.928011,-0.357848,0.04322,0.0941923
0.836844,0.0315748,0.0331621,0.00240299,0.928011,-0.357848,0.04322,0.0941923
0.837803,0.0317971,0.0332142,0.00240299,0.927707,-0.358352,0.0435775,0.0951022
0.838868,0.0317971,0.0332142,0.00240299,0.927707,-0.358352,0.0435775,0.0951022
0.839812,0.0319542,0.0332939,0.00243821,0.927764,-0.358334,0.0432824,0.0947494
0.840863,0.0319542,0.0332939,0.00243821,0.927764,-0.358334,0.0432824,0.0947494
0.841851,0.0321208,0.0333334,0.00243821,0.92753,-0.358884,0.0432195,0.0949924
0.842849,0.0321208,0.0333334,0.00243821,0.92753,-0.358884,0.0432195,0.0949924
0.843852,0.0322777,0.0334135,0.00247341,0.927549,-0.358849,0.0425149,0.0952511
0.84485,0.0322777,0.0334135,0.00247341,0.927549,-0.358849,0.0425149,0.0952511
0.845848,0.0324899,0.0335071,0.00250859,0.927537,-0.358783,0.0426393,0.0955648
0.846871,0.0324899,0.0335071,0.00250859,0.927537,-0.358783,0.0426393,0.0955648
0.847844,0.0326562,0.0335473,0.00250859,0.927533,-0.358736,0.042573,0.0958046
0.84885,0.0326562,0.0335473,0.00250859,0.927533,-0.358736,0.042573,0.0958046
0.84983,0.0328126,0.033628,0.00254376,0.927468,-0.358661,0.042736,0.0966373
0.850841,0.0328126,0.033628,0.00254376,0.927468,-0.358661,0.042736,0.0966373
0.851853,0.0330243,0.0337225,0.0025789,0.927248,-0.359201,0.0422247,0.0969712
0.852852,0.0330243,0.0337225,0.0025789,0.927248,-0.359201,0.0422247,0.0969712
0.853835,0.0331903,0.0337634,0.0025789,0.927306,-0.35918,0.0419286,0.0966181
0.854862,0.0331903,0.0337634,0.0025789,0.927306,-0.35918,0.0419286,0.0966181
0.855852,0.0334016,0.0338584,0.00261404,0.927232,-0.359084,0.0422823,0.0975242
0.856851,0.0334016,0.0338584,0.00261404,0.927232,-0.359084,0.0422823,0.0975242
0.857809,0.0335675,0.0338998,0.00261404,0.927252,-0.359046,0.0415774,0.0977816
0.858849,0.0335675,0.0338998,0.00261404,0.927252,-0.359046,0.0415774,0.0977816
0.85985,0.0337785,0.0339955,0.00264915,0.927009,-0.359573,0.0417036,0.0980964
0.860833,0.0337785,0.0339955,0.00264915,0.927009,-0.359573,0.0417036,0.0980964
0.861845,0.0339442,0.0340372,0.00264915,0.927006,-0.359523,0.0416369,0.0983356
0.862869,0.0339442,0.0340372,0.00264915,0.927006,-0.359523,0.0416369,0.0983356
0.863852,0.0341651,0.0340932,0.00264915,0.926994,-0.359453,0.0417608,0.0986487
0.864852,0.0341651,0.0340932,0.00264915,0.926994,-0.359453,0.0417608,0.0986487
0.865851,0.0343204,0.0341758,0.00268425,0.927014,-0.359413,0.0410557,0.0989053
0.866853,0.0343204,0.0341758,0.00268425,0.927014,-0.359413,0.0410557,0.0989053
0.86785,0.0344858,0.0342182,0.00268425,0.92678,-0.359958,0.0409903,0.0991454
0.868849,0.0344858,0.0342182,0.00268425,0.92678,-0.359958,0.0409903,0.0991454
0.869842,0.034696,0.0343154,0.00271933,0.926791,-0.359896,0.0404756,0.0994752
0.870873,0.034696,0.0343154,0.00271933,0.926791,-0.359896,0.0404756,0.0994752
0.87185,0.0348613,0.0343583,0.00271933,0.926788,-0.359844,0.0404087,0.099714
0.872849,0.0348613,0.0343583,0.00271933,0.926788,-0.359844,0.0404087,0.099714
0.873852,0.0350711,0.034456,0.00275439,0.926777,-0.359772,0.0405324,0.100027
0.87485,0.0350711,0.034456,0.00275439,0.926777,-0.359772,0.0405324,0.100027
0.875852,0.0352363,0.0344994,0.00275439,0.926565,-0.360325,0.0398276,0.100282
0.876844,0.0352363,0.0344994,0.00275439,0.926565,-0.360325,0.0398276,0.100282
0.877828,0.0354564,0.0345576,0.00275439,0.926555,-0.360251,0.0399511,0.100595
0.87886,0.0354564,0.0345576,0.00275439,0.926555,-0.360251,0.0399511,0.100595
0.879848,0.0356214,0.0346014,0.00275439,0.926552,-0.360198,0.0398841,0.100833
0.880844,0.0356214,0.0346014,0.00275439,0.926552,-0.360198,0.0398841,0.100833
0.881848,0.0358306,0.0347004,0.00278944,0.92631,-0.36072,0.0400076,0.101146
0.882854,0.0358306,0.0347004,0.00278944,0.92631,-0.36072,0.0400076,0.101146
0.883852,0.0359954,0.0347447,0.00278944,0.92633,-0.360675,0.0393019,0.1014
0.884846,0.0359954,0.0347447,0.00278944,0.92633,-0.360675,0.0393019,0.1014
0.885807,0.0362151,0.0348041,0.00278944,0.92632,-0.360599,0.0394251,0.101713
0.886872,0.0362151,0.0348041,0.00278944,0.92632,-0.360599,0.0394251,0.101713
0.88785,0.0363798,0.0348488,0.00278944,0.926086,-0.36114,0.0393575,0.101951
0.888853,0.0363798,0.0348488,0.00278944,0.926086,-0.36114,0.0393575,0.101951
0.889849,0.0365993,0.0349088,0.00278944,0.926098,-0.361073,0.038842,0.102278
0.890853,0.0365993,0.0349088,0.00278944,0.926098,-0.361073,0.038842,0.102278
0.891848,0.0367639,0.0349541,0.00278944,0.926096,-0.361017,0.0387746,0.102516
0.892856,0.0367639,0.0349541,0.00278944,0.926096,-0.361017,0.0387746,0.102516
0.89385,0.0369833,0.0350147,0.00278944,0.925854,-0.361536,0.0388966,0.102827
0.89484,0.0369833,0.0350147,0.00278944,0.925854,-0.361536,0.0388966,0.102827
0.895848,0.0371477,0.0350605,0.00278944,0.925852,-0.36148,0.0388291,0.103065
0.896808,0.0371477,0.0350605,0.00278944,0.925852,-0.36148,0.0388291,0.103065
0.897832,0.0373557,0.0351618,0.00282447,0.925865,-0.36141,0.0383133,0.103392
0.898848,0.0373557,0.0351618,0.00282447,0.925865,-0.36141,0.0383133,0.103392
0.89985,0.0375335,0.0351599,0.00284587,0.925786,-0.361536,0.0382462,0.103673
0.900847,0.0375335,0.0351599,0.00284587,0.925786,-0.361536,0.0382462,0.103673
0.901849,0.0377525,0.0352219,0.00284587,0.925545,-0.362053,0.0383671,0.103984
0.90289,0.0377525,0.0352219,0.00284587,0.925545,-0.362053,0.0383671,0.103984
0.903853,0.0379714,0.0352841,0.00284587,0.925535,-0.361974,0.0384897,0.104296
0.904852,0.0379714,0.0352841,0.00284587,0.925535,-0.361974,0.0384897,0.104296
0.90586,0.0381356,0.0353311,0.00284587,0.925534,-0.361916,0.038422,0.104533
0.906849,0.0381356,0.0353311,0.00284587,0.925534,-0.361916,0.038422,0.104533
0.907848,0.0383543,0.035394,0.00284587,0.925314,-0.362438,0.0379035,0.104858
0.908856,0.0383543,0.035394,0.00284587,0.925314,-0.362438,0.0379035,0.104858
0.909849,0.0385183,0.0354414,0.00284587,0.925246,-0.362355,0.0380673,0.105687
0.910874,0.0385183,0.0354414,0.00284587,0.925246,-0.362355,0.0380673,0.105687
0.91185,0.0387368,0.0355049,0.00284587,0.925237,-0.362275,0.0381896,0.105998
0.912847,0.0387368,0.0355049,0.00284587,0.925237,-0.362275,0.0381896,0.105998
0.913853,0.0389007,0.0355528,0.00284587,0.925003,-0.362811,0.0381191,0.106234
0.914851,0.0389007,0.0355528,0.00284587,0.925003,-0.362811,0.0381191,0.106234
0.915845,0.0391191,0.035617,0.00284587,0.925016,-0.362735,0.0376026,0.106558
0.916839,0.0391191,0.035617,0.00284587,0.925016,-0.362735,0.0376026,0.106558
0.917834,0.0392828,0.0356653,0.00284587,0.925015,-0.362675,0.0375345,0.106795
0.918867,0.0392828,0.0356653,0.00284587,0.925015,-0.362675,0.0375345,0.106795
0.919809,0.039501,0.0357301,0.00284587,0.925006,-0.362593,0.0376566,0.107106
0.920852,0.039501,0.0357301,0.00284587,0.925006,-0.362593,0.0376566,0.107106
0.921832,0.0397334,0.0357474,0.00286729,0.924687,-0.363288,0.0377751,0.107463
0.922853,0.0397334,0.0357474,0.00286729,0.924687,-0.363288,0.0377751,0.107463
0.923853,0.0398969,0.0357966,0.00286729,0.924709,-0.363232,0.0370682,0.107712
0.924849,0.0398969,0.0357966,0.00286729,0.924709,-0.363232,0.0370682,0.107712
0.925851,0.0401149,0.0358624,0.00286729,0.924467,-0.363743,0.0371864,0.108021
0.926872,0.0401149,0.0358624,0.00286729,0.924467,-0.363743,0.0371864,0.108021
0.927852,0.0403473,0.0358808,0.00288873,0.924382,-0.363841,0.0373075,0.10838
0.928851,0.0403473,0.0358808,0.00288873,0.924382,-0.363841,0.0373075,0.10838
0.929846,0.0405107,0.0359306,0.00288873,0.924404,-0.363783,0.0366003,0.108629
0.930849,0.0405107,0.0359306,0.00288873,0.924404,-0.363783,0.0366003,0.108629
0.931853,0.0407284,0.0359974,0.00288873,0.924396,-0.363698,0.0367219,0.10894
0.93285,0.0407284,0.0359974,0.00288873,0.924396,-0.363698,0.0367219,0.10894
0.933853,0.0409608,0.0360169,0.0029102,0.924076,-0.364389,0.0368383,0.109298
0.934885,0.0409608,0.0360169,0.0029102,0.924076,-0.364389,0.0368383,0.109298
0.935852,0.0411784,0.0360845,0.0029102,0.924091,-0.364307,0.0363209,0.109621
0.936841,0.0411784,0.0360845,0.0029102,0.924091,-0.364307,0.0363209,0.109621
0.937847,0.0413959,0.0361524,0.0029102,0.923849,-0.364815,0.0364373,0.10993
0.938837,0.0413959,0.0361524,0.0029102,0.923849,-0.364815,0.0364373,0.10993
0.939847,0.0416283,0.036173,0.00293168,0.923787,-0.364913,0.0359188,0.110302
0.940844,0.0416283,0.036173,0.00293168,0.923787,-0.364913,0.0359188,0.110302
0.941853,0.0418456,0.0362417,0.00293168,0.923779,-0.364826,0.0360398,0.110613
0.942856,0.0418456,0.0362417,0.00293168,0.923779,-0.364826,0.0360398,0.110613
0.943866,0.0420629,0.0363107,0.00293168,0.92356,-0.365335,0.0355166,0.110932
0.94485,0.0420629,0.0363107,0.00293168,0.92356,-0.365335,0.0355166,0.110932
0.945852,0.0422952,0.0363325,0.00295319,0.923475,-0.365428,0.0356363,0.111294
0.946839,0.0422952,0.0363325,0.00295319,0.923475,-0.365428,0.0356363,0.111294
0.947846,0.0425123,0.0364023,0.00295319,0.92349,-0.365341,0.0351184,0.111616
0.948833,0.0425123,0.0364023,0.00295319,0.92349,-0.365341,0.0351184,0.111616
0.949853,0.0427293,0.0364724,0.00295319,0.923249,-0.365846,0.0352329,0.111924
0.950873,0.0427293,0.0364724,0.00295319,0.923249,-0.365846,0.0352329,0.111924
0.95185,0.0429616,0.0364954,0.00297471,0.923186,-0.365939,0.0347134,0.112297
0.952859,0.0429616,0.0364954,0.00297471,0.923186,-0.365939,0.0347134,0.112297
0.953851,0.0431784,0.0365663,0.00297471,0.92318,-0.365848,0.0348339,0.112608
0.954854,0.0431784,0.0365663,0.00297471,0.92318,-0.365848,0.0348339,0.112608
0.955852,0.0433951,0.0366375,0.00297471,0.922961,-0.366353,0.0343088,0.112925
0.956852,0.0433951,0.0366375,0.00297471,0.922961,-0.366353,0.0343088,0.112925
0.957849,0.0436274,0.0366617,0.00299625,0.922876,-0.366442,0.0344276,0.113289
0.958835,0.0436274,0.0366617,0.00299625,0.922876,-0.366442,0.0344276,0.113289
0.959858,0.0438439,0.0367336,0.00299625,0.92287,-0.36635,0.0345478,0.1136
0.960857,0.0438439,0.0367336,0.00299625,0.92287,-0.36635,0.0345478,0.1136
0.961854,0.0440603,0.0368059,0.00299625,0.922651,-0.366852,0.0340218,0.113916
0.962855,0.0440603,0.0368059,0.00299625,0.922651,-0.366852,0.0340218,0.113916
0.963827,0.0442926,0.0368313,0.00301782,0.922567,-0.366939,0.03414,0.114281
0.964832,0.0442926,0.0368313,0.00301782,0.922567,-0.366939,0.03414,0.114281
0.965855,0.0445629,0.0369226,0.00301782,0.922577,-0.366822,0.033811,0.114677
0.96684,0.0445629,0.0369226,0.00301782,0.922577,-0.366822,0.033811,0.114677
0.967845,0.044779,0.0369961,0.00301782,0.922358,-0.367322,0.033284,0.114992
0.968862,0.044779,0.0369961,0.00301782,0.922358,-0.367322,0.033284,0.114992
0.969849,0.0450111,0.0370227,0.0030394,0.922274,-0.367407,0.0334018,0.115358
0.970861,0.0450111,0.0370227,0.0030394,0.922274,-0.367407,0.0334018,0.115358
0.971852,0.0452271,0.037097,0.0030394,0.922033,-0.367906,0.0335128,0.115664
0.972853,0.0452271,0.037097,0.0030394,0.922033,-0.367906,0.0335128,0.115664
0.973856,0.0454429,0.0371715,0.0030394,0.92205,-0.367809,0.0329936,0.115983
0.974865,0.0454429,0.0371715,0.0030394,0.92205,-0.367809,0.0329936,0.115983
0.975853,0.045675,0.0371994,0.00306101,0.921966,-0.367893,0.0331109,0.116349
0.976848,0.045675,0.0371994,0.00306101,0.921966,-0.367893,0.0331109,0.116349
0.977852,0.0459044,0.0372354,0.00302598,0.921747,-0.368389,0.0325823,0.116663
0.978851,0.0459044,0.0372354,0.00302598,0.921747,-0.368389,0.0325823,0.116663
0.97985,0.0460661,0.0372921,0.00302598,0.921749,-0.368315,0.0325121,0.116899
0.980849,0.0460661,0.0372921,0.00302598,0.921749,-0.368315,0.0325121,0.116899
0.98183,0.0462982,0.037321,0.00304761,0.921688,-0.368395,0.0319901,0.117273
0.982858,0.0462982,0.037321,0.00304761,0.921688,-0.368395,0.0319901,0.117273
0.98381,0.0465137,0.0373974,0.00304761,0.921447,-0.368891,0.0320994,0.117579
0.984828,0.0465137,0.0373974,0.00304761,0.921447,-0.368891,0.0320994,0.117579
0.985816,0.046729,0.037474,0.00304761,0.921465,-0.36879,0.0315797,0.117897
0.986851,0.046729,0.037474,0.00304761,0.921465,-0.36879,0.0315797,0.117897
0.987854,0.0469072,0.0374849,0.00306925,0.921173,-0.369485,0.0308575,0.11819
0.988848,0.0469072,0.0374849,0.00306925,0.921173,-0.369485,0.0308575,0.11819
0.989849,0.0471224,0.0375622,0.00306925,0.921169,-0.369385,0.0309763,0.118501
0.990881,0.0471224,0.0375622,0.00306925,0.921169,-0.369385,0.0309763,0.118501
0.991853,0.0472837,0.0376204,0.00306925,0.920956,-0.3699,0.0302562,0.118735
0.99285,0.0472837,0.0376204,0.00306925,0.920956,-0.3699,0.0302562,0.118735
0.993851,0.0475157,0.0376515,0.00309092,0.920874,-0.369977,0.0303718,0.119104
0.994856,0.0475157,0.0376515,0.00309092,0.920874,-0.369977,0.0303718,0.119104
0.99585,0.0476769,0.0377103,0.00309092,0.920661,-0.370491,0.0296511,0.119338
0.996852,0.0476769,0.0377103,0.00309092,0.920661,-0.370491,0.0296511,0.119338
0.99785,0.0478552,0.0377224,0.00311261,0.920584,-0.370592,0.0295771,0.119631
0.998874,0.0478552,0.0377224,0.00311261,0.920584,-0.370592,0.0295771,0.119631
0.99986,0.04807,0.0378013,0.00311261,0.920365,-0.371079,0.0290451,0.119941
1.00083,0.04807,0.0378013,0.00311261,0.920365,-0.371079,0.0290451,0.119941
1.00185,0.048231,0.0378607,0.00311261,0.920368,-0.371001,0.0289739,0.120175
1.00284,0.048231,0.0378607,0.00311261,0.920368,-0.371001,0.0289739,0.120175
1.00385,0.0483919,0.0379203,0.00311261,0.920392,-0.370918,0.028264,0.120415
1.00486,0.0483919,0.0379203,0.00311261,0.920392,-0.370918,0.028264,0.120415
1.00585,0.0485701,0.0379334,0.00313431,0.920078,-0.37161,0.0281775,0.120701
1.00687,0.0485701,0.0379334,0.00313431,0.920078,-0.37161,0.0281775,0.120701
1.00785,0.0487846,0.0380135,0.00313431,0.920096,-0.371501,0.0276566,0.121016
1.00885,0.0487846,0.0380135,0.00313431,0.920096,-0.371501,0.0276566,0.121016
1.00985,0.0489628,0.0380271,0.00315604,0.919782,-0.372192,0.0275694,0.121302
1.01087,0.0489628,0.0380271,0.00315604,0.919782,-0.372192,0.0275694,0.121302
1.01185,0.0491383,0.0380487,0.00312099,0.919806,-0.372107,0.0268591,0.121541
1.01285,0.0491383,0.0380487,0.00312099,0.919806,-0.372107,0.0268591,0.121541
1.01385,0.049299,0.0381094,0.00312099,0.919571,-0.372619,0.0267748,0.121766
1.01486,0.049299,0.0381094,0.00312099,0.919571,-0.372619,0.0267748,0.121766
1.01585,0.0495308,0.0381441,0.00314274,0.91951,-0.372684,0.0262497,0.122142
1.01685,0.0495308,0.0381441,0.00314274,0.91951,-0.372684,0.0262497,0.122142
1.01783,0.0496914,0.0382053,0.00314274,0.919275,-0.373196,0.0261649,0.122366
1.01886,0.0496914,0.0382053,0.00314274,0.919275,-0.373196,0.0261649,0.122366
1.01985,0.0498519,0.0382667,0.00314274,0.91906,-0.3737,0.0254409,0.122593
1.02085,0.0498519,0.0382667,0.00314274,0.91906,-0.3737,0.0254409,0.122593
1.02185,0.0500837,0.0383024,0.00316451,0.918979,-0.37377,0.0255539,0.122966
1.02286,0.0500837,0.0383024,0.00316451,0.918979,-0.37377,0.0255539,0.122966
1.02385,0.0502441,0.0383643,0.00316451,0.918764,-0.374273,0.0248294,0.123192
1.02485,0.0502441,0.0383643,0.00316451,0.918764,-0.374273,0.0248294,0.123192
1.02585,0.0504044,0.0384264,0.00316451,0.918768,-0.37419,0.0247572,0.123426
1.02686,0.0504044,0.0384264,0.00316451,0.918768,-0.37419,0.0247572,0.123426
1.02785,0.0506361,0.0384631,0.0031863,0.918467,-0.374843,0.0242169,0.123791
1.02885,0.0506361,0.0384631,0.0031863,0.918467,-0.374843,0.0242169,0.123791
1.02985,0.0507963,0.0385256,0.0031863,0.918472,-0.374759,0.0241445,0.124024
1.03084,0.0507963,0.0385256,0.0031863,0.918472,-0.374759,0.0241445,0.124024
1.03185,0.051028,0.038563,0.00320811,0.918171,-0.37541,0.0236033,0.124389
1.03285,0.051028,0.038563,0.00320811,0.918171,-0.37541,0.0236033,0.124389
1.03385,0.0512033,0.0385874,0.00317304,0.918176,-0.375325,0.0235308,0.124623
1.03483,0.0512033,0.0385874,0.00317304,0.918176,-0.375325,0.0235308,0.124623
1.03585,0.051435,0.0386255,0.00319487,0.917874,-0.375974,0.0229888,0.124987
1.03684,0.051435,0.0386255,0.00319487,0.917874,-0.375974,0.0229888,0.124987
1.03785,0.051595,0.0386891,0.00319487,0.917639,-0.37648,0.0229011,0.125209
1.03886,0.051595,0.0386891,0.00319487,0.917639,-0.37648,0.0229011,0.125209
1.03985,0.0517734,0.0387066,0.00321672,0.917563,-0.37657,0.0228235,0.125507
1.04085,0.0517734,0.0387066,0.00321672,0.917563,-0.37657,0.0228235,0.125507
1.04419,0.0520051,0.0387458,0.00323859,0.917261,-0.377216,0.0222802,0.125871
1.04481,0.0522182,0.0388315,0.00323859,0.917021,-0.377695,0.02238,0.126169
1.04585,0.0522182,0.0388315,0.00323859,0.917021,-0.377695,0.02238,0.126169
1.04686,0.0523965,0.0388499,0.00326048,0.916965,-0.377773,0.021663,0.126468
1.04786,0.0523965,0.0388499,0.00326048,0.916965,-0.377773,0.021663,0.126468
1.04888,0.0526971,0.0388733,0.00324731,0.916658,-0.37839,0.0213067,0.12691
1.04983,0.0526971,0.0388733,0.00324731,0.916658,-0.37839,0.0213067,0.12691
1.05089,0.0529288,0.0389142,0.00326924,0.916355,-0.379031,0.0207612,0.127274
1.05186,0.0529288,0.0389142,0.00326924,0.916355,-0.379031,0.0207612,0.127274
1.05287,0.0531416,0.0390014,0.00326924,0.916375,-0.378906,0.0202372,0.127584
1.05387,0.0531416,0.0390014,0.00326924,0.916375,-0.378906,0.0202372,0.127584
1.05487,0.0533201,0.0390211,0.00329119,0.916057,-0.379582,0.0201414,0.12787
1.05581,0.0533201,0.0390211,0.00329119,0.916057,-0.379582,0.0201414,0.12787
1.05686,0.0535518,0.0390631,0.00331316,0.915978,-0.37964,0.0202504,0.128249
1.05786,0.0535518,0.0390631,0.00331316,0.915978,-0.37964,0.0202504,0.128249
1.05883,0.0537303,0.0390833,0.00333515,0.915679,-0.380303,0.019515,0.128534
1.05986,0.0537303,0.0390833,0.00333515,0.915679,-0.380303,0.019515,0.128534
1.06086,0.0539428,0.0391719,0.00333515,0.915438,-0.380777,0.0196117,0.128831
1.06183,0.0539428,0.0391719,0.00333515,0.915438,-0.380777,0.0196117,0.128831
1.06287,0.0541214,0.0391927,0.00335716,0.915382,-0.380848,0.018893,0.12913
1.06386,0.0541214,0.0391927,0.00335716,0.915382,-0.380848,0.018893,0.12913
1.06486,0.0542999,0.0392138,0.00337919,0.915063,-0.38152,0.0187951,0.129417
1.06586,0.0542999,0.0392138,0.00337919,0.915063,-0.38152,0.0187951,0.129417
1.06686,0.0545316,0.0392575,0.00340125,0.914984,-0.381575,0.0189029,0.129798
1.06786,0.0545316,0.0392575,0.00340125,0.914984,-0.381575,0.0189029,0.129798
1.06885,0.0547101,0.0392792,0.00342332,0.914683,-0.382234,0.0181654,0.130082
1.06985,0.0547101,0.0392792,0.00342332,0.914683,-0.382234,0.0181654,0.130082
1.07086,0.0548887,0.0393011,0.00344541,0.914627,-0.382301,0.0174459,0.130382
1.07183,0.0548887,0.0393011,0.00344541,0.914627,-0.382301,0.0174459,0.130382
1.07287,0.0551204,0.0393459,0.00346752,0.914304,-0.382944,0.0175344,0.130748
1.07385,0.0551204,0.0393459,0.00346752,0.914304,-0.382944,0.0175344,0.130748
1.07488,0.0552991,0.0393684,0.00348966,0.913984,-0.383613,0.0174343,0.131036
1.07587,0.0552991,0.0393684,0.00348966,0.913984,-0.383613,0.0174343,0.131036
1.07685,0.0554582,0.0394367,0.00348966,0.91401,-0.383505,0.0167205,0.131266
1.07785,0.0554582,0.0394367,0.00348966,0.91401,-0.383505,0.0167205,0.131266
1.07886,0.0556898,0.0394825,0.00351181,0.913704,-0.384132,0.0161688,0.131628
1.07985,0.0556898,0.0394825,0.00351181,0.913704,-0.384132,0.0161688,0.131628
1.08086,0.0558685,0.0395058,0.00353398,0.913384,-0.384799,0.0160675,0.131915
1.08186,0.0558685,0.0395058,0.00353398,0.913384,-0.384799,0.0160675,0.131915
1.08286,0.0560471,0.0395293,0.00355617,0.913327,-0.384861,0.0153468,0.132215
1.08385,0.0560471,0.0395293,0.00355617,0.913327,-0.384861,0.0153468,0.132215
1.08485,0.0562259,0.0395531,0.00357839,0.913006,-0.385526,0.0152447,0.132503
1.08581,0.0562259,0.0395531,0.00357839,0.913006,-0.385526,0.0152447,0.132503
1.08686,0.0564046,0.0395772,0.00360062,0.912949,-0.385586,0.0145236,0.132803
1.08784,0.0564046,0.0395772,0.00360062,0.912949,-0.385586,0.0145236,0.132803
1.08884,0.0566363,0.0396247,0.00362288,0.912642,-0.386208,0.0139696,0.133165
1.08987,0.0566363,0.0396247,0.00362288,0.912642,-0.386208,0.0139696,0.133165
1.09087,0.0568151,0.0396494,0.00364515,0.912568,-0.386281,0.0138868,0.133471
1.09186,0.0568151,0.0396494,0.00364515,0.912568,-0.386281,0.0138868,0.133471
1.09286,0.0569938,0.0396742,0.00366744,0.912263,-0.386928,0.0131444,0.133753
1.09381,0.0569938,0.0396742,0.00366744,0.912263,-0.386928,0.0131444,0.133753
1.09484,0.0572256,0.0397229,0.00368976,0.912203,-0.386956,0.0126101,0.134134
1.09585,0.0572256,0.0397229,0.00368976,0.912203,-0.386956,0.0126101,0.134134
1.09686,0.0574044,0.0397484,0.00371209,0.911881,-0.387617,0.0125055,0.134421
1.09786,0.0574044,0.0397484,0.00371209,0.911881,-0.387617,0.0125055,0.134421
1.09887,0.0575832,0.0397741,0.00373445,0.911576,-0.38826,0.0117617,0.134703
1.09985,0.0575832,0.0397741,0.00373445,0.911576,-0.38826,0.0117617,0.134703
1.10083,0.0577621,0.0398,0.00375682,0.911518,-0.388314,0.0110392,0.135004
1.10185,0.0577621,0.0398,0.00375682,0.911518,-0.388314,0.0110392,0.135004
1.10285,0.057941,0.0398262,0.00377922,0.911196,-0.388972,0.0109334,0.135292
1.10385,0.057941,0.0398262,0.00377922,0.911196,-0.388972,0.0109334,0.135292
1.10487,0.0581727,0.0398766,0.00380163,0.910887,-0.389584,0.0103756,0.135653
1.10587,0.0581727,0.0398766,0.00380163,0.910887,-0.389584,0.0103756,0.135653
1.10686,0.0583516,0.0399034,0.00382407,0.910828,-0.389634,0.00965245,0.135954
1.10787,0.0583516,0.0399034,0.00382407,0.910828,-0.389634,0.00965245,0.135954
1.10886,0.0585305,0.0399305,0.00384652,0.910506,-0.39029,0.0095453,0.136241
1.10985,0.0585305,0.0399305,0.00384652,0.910506,-0.39029,0.0095453,0.136241
1.11087,0.0587095,0.0399578,0.003869,0.910447,-0.390339,0.00882175,0.136543
1.11186,0.0587095,0.0399578,0.003869,0.910447,-0.390339,0.00882175,0.136543
1.11286,0.0588884,0.0399854,0.0038915,0.910139,-0.390974,0.00807513,0.136823
1.11386,0.0588884,0.0399854,0.0038915,0.910139,-0.390974,0.00807513,0.136823
1.11487,0.0590674,0.0400132,0.00391401,0.909816,-0.391627,0.00796671,0.13711
1.11585,0.0590674,0.0400132,0.00391401,0.909816,-0.391627,0.00796671,0.13711
1.11684,0.0592464,0.0400412,0.00393655,0.909757,-0.391673,0.00724252,0.137412
1.11785,0.0592464,0.0400412,0.00393655,0.909757,-0.391673,0.00724252,0.137412
1.11883,0.0594254,0.0400696,0.00395911,0.909448,-0.392305,0.00649466,0.137691
1.11986,0.0594254,0.0400696,0.00395911,0.909448,-0.392305,0.00649466,0.137691
1.12086,0.0596045,0.0400982,0.00398168,0.909374,-0.392369,0.00640876,0.138001
1.12188,0.0596045,0.0400982,0.00398168,0.909374,-0.392369,0.00640876,0.138001
1.12287,0.0598044,0.0400822,0.0040269,0.90898,-0.393167,0.00565185,0.138357
1.12386,0.0598044,0.0400822,0.0040269,0.90898,-0.393167,0.00565185,0.138357
1.12486,0.0599835,0.0401113,0.00404953,0.908656,-0.393817,0.00554127,0.138644
1.12586,0.0599835,0.0401113,0.00404953,0.908656,-0.393817,0.00554127,0.138644
1.12683,0.0601626,0.0401407,0.00407219,0.908596,-0.393858,0.00481602,0.138947
1.12783,0.0601626,0.0401407,0.00407219,0.908596,-0.393858,0.00481602,0.138947
1.12885,0.0603418,0.0401704,0.00409487,0.908285,-0.394484,0.00406606,0.139225
1.12986,0.0603418,0.0401704,0.00409487,0.908285,-0.394484,0.00406606,0.139225
1.13086,0.0605209,0.0402003,0.00411756,0.908212,-0.394544,0.00397906,0.139537
1.13185,0.0605209,0.0402003,0.00411756,0.908212,-0.394544,0.00397906,0.139537
1.13285,0.0607001,0.0402304,0.00414028,0.9079,-0.395169,0.00322834,0.139815
1.13385,0.0607001,0.0402304,0.00414028,0.9079,-0.395169,0.00322834,0.139815
1.13483,0.0608266,0.0402358,0.00416302,0.907576,-0.395843,0.00292913,0.14002
1.13583,0.0608266,0.0402358,0.00416302,0.907576,-0.395843,0.00292913,0.14002
1.13684,0.0610058,0.0402664,0.00418578,0.907515,-0.395879,0.00220289,0.140323
1.13786,0.0610058,0.0402664,0.00418578,0.907515,-0.395879,0.00220289,0.140323
1.13885,0.0611851,0.0402972,0.00420855,0.907203,-0.396501,0.001451,0.140599
1.13984,0.0611851,0.0402972,0.00420855,0.907203,-0.396501,0.001451,0.140599
1.14087,0.0613643,0.0403283,0.00423135,0.907129,-0.396558,0.00136298,0.140913
1.14185,0.0613643,0.0403283,0.00423135,0.907129,-0.396558,0.00136298,0.140913
1.14286,0.0615436,0.0403597,0.00425417,0.906804,-0.3972,0.00124887,0.1412
1.14387,0.0615436,0.0403597,0.00425417,0.906804,-0.3972,0.00124887,0.1412
1.14485,0.0616916,0.0403215,0.00429987,0.906658,-0.397428,0.000326317,0.141502
1.14587,0.0616916,0.0403215,0.00429987,0.906658,-0.397428,0.000326317,0.141502
1.14687,0.0618709,0.0403533,0.00432274,0.906332,-0.398069,0.000211387,0.141789
1.14785,0.0618709,0.0403533,0.00432274,0.906332,-0.398069,0.000211387,0.141789
1.14885,0.0620503,0.0403854,0.00434564,0.906271,-0.398099,-0.000515956,0.142093
1.14984,0.0620503,0.0403854,0.00434564,0.906271,-0.398099,-0.000515956,0.142093
1.15083,0.062177,0.0403921,0.00436856,0.905944,-0.398768,-0.000817927,0.142298
1.15184,0.062177,0.0403921,0.00436856,0.905944,-0.398768,-0.000817927,0.142298
1.15285,0.0623564,0.0404247,0.0043915,0.905883,-0.398797,-0.00154561,0.142602
1.15388,0.0623564,0.0404247,0.0043915,0.905883,-0.398797,-0.00154561,0.142602
1.15486,0.0624832,0.0404317,0.00441446,0.905556,-0.399464,-0.00184822,0.142806
1.15586,0.0624832,0.0404317,0.00441446,0.905556,-0.399464,-0.00184822,0.142806
1.15686,0.0626626,0.0404647,0.00443744,0.905229,-0.400102,-0.00196508,0.143093
1.15786,0.0626626,0.0404647,0.00443744,0.905229,-0.400102,-0.00196508,0.143093
1.15883,0.0628421,0.0404979,0.00446044,0.905167,-0.400128,-0.00269337,0.143397
1.15986,0.0628421,0.0404979,0.00446044,0.905167,-0.400128,-0.00269337,0.143397
1.16085,0.0629907,0.0404613,0.00450649,0.904753,-0.400958,-0.00300689,0.143684
1.16186,0.0629907,0.0404613,0.00450649,0.904753,-0.400958,-0.00300689,0.143684
1.16287,0.0631702,0.040495,0.00452955,0.904691,-0.400982,-0.00373558,0.143988
1.16385,0.0631702,0.040495,0.00452955,0.904691,-0.400982,-0.00373558,0.143988
1.16485,0.0632972,0.0405029,0.00455263,0.904363,-0.401646,-0.00403998,0.144192
1.16585,0.0632972,0.0405029,0.00455263,0.904363,-0.401646,-0.00403998,0.144192
1.16685,0.0635171,0.0404558,0.00456375,0.904215,-0.401833,-0.00477904,0.14458
1.16781,0.0635171,0.0404558,0.00456375,0.904215,-0.401833,-0.00477904,0.14458
1.16886,0.0636967,0.0404902,0.00458689,0.903887,-0.402466,-0.00489833,0.144867
1.16983,0.0636967,0.0404902,0.00458689,0.903887,-0.402466,-0.00489833,0.144867
1.17088,0.0638983,0.040481,0.00463323,0.903738,-0.40265,-0.00563796,0.145256
1.17186,0.0638983,0.040481,0.00463323,0.903738,-0.40265,-0.00563796,0.145256
1.17285,0.0640255,0.0404896,0.00465643,0.903408,-0.403311,-0.00594388,0.14546
1.17386,0.0640255,0.0404896,0.00465643,0.903408,-0.403311,-0.00594388,0.14546
1.17487,0.0642052,0.0405248,0.00467965,0.903346,-0.403329,-0.0066737,0.145765
1.17586,0.0642052,0.0405248,0.00467965,0.903346,-0.403329,-0.0066737,0.145765
1.17686,0.064407,0.0405164,0.00472615,0.90293,-0.404122,-0.00680505,0.146136
1.17785,0.064407,0.0405164,0.00472615,0.90293,-0.404122,-0.00680505,0.146136
1.17887,0.0645343,0.0405256,0.00474942,0.902866,-0.404168,-0.00772091,0.146359
1.17985,0.0645343,0.0405256,0.00474942,0.902866,-0.404168,-0.00772091,0.146359
1.18085,0.0647141,0.0405615,0.00477272,0.902537,-0.404796,-0.00784263,0.146646
1.18185,0.0647141,0.0405615,0.00477272,0.902537,-0.404796,-0.00784263,0.146646
1.18285,0.0649161,0.0405539,0.00481938,0.90213,-0.405557,-0.00861384,0.147004
1.18385,0.0649161,0.0405539,0.00481938,0.90213,-0.405557,-0.00861384,0.147004
1.18487,0.065096,0.0405904,0.00484274,0.902067,-0.40557,-0.00934471,0.14731
1.18587,0.065096,0.0405904,0.00484274,0.902067,-0.40557,-0.00934471,0.14731
1.18687,0.0652645,0.0405196,0.00485441,0.901648,-0.406388,-0.00966407,0.147599
1.18786,0.0652645,0.0405196,0.00485441,0.901648,-0.406388,-0.00966407,0.147599
1.18886,0.0654445,0.0405565,0.00487782,0.901585,-0.406399,-0.0103953,0.147906
1.18985,0.0654445,0.0405565,0.00487782,0.901585,-0.406399,-0.0103953,0.147906
1.19086,0.0656245,0.0405937,0.00490126,0.901255,-0.407023,-0.0105192,0.148192
1.19182,0.0656245,0.0405937,0.00490126,0.901255,-0.407023,-0.0105192,0.148192
1.19285,0.065827,0.0405877,0.0049482,0.901104,-0.407194,-0.0112619,0.148586
1.19386,0.065827,0.0405877,0.0049482,0.901104,-0.407194,-0.0112619,0.148586
1.19486,0.0659545,0.0405983,0.0049717,0.900676,-0.407854,-0.0113113,0.149364
1.19585,0.0659545,0.0405983,0.0049717,0.900676,-0.407854,-0.0113113,0.149364
1.19685,0.0661571,0.0405928,0.00501876,0.900525,-0.408023,-0.0120544,0.149759
1.19785,0.0661571,0.0405928,0.00501876,0.900525,-0.408023,-0.0120544,0.149759
1.19883,0.0663372,0.040631,0.00504232,0.900194,-0.408643,-0.0121796,0.150045
1.19985,0.0663372,0.040631,0.00504232,0.900194,-0.408643,-0.0121796,0.150045
1.20086,0.0665399,0.0406261,0.0050895,0.900042,-0.40881,-0.0129233,0.15044
1.20183,0.0665399,0.0406261,0.0050895,0.900042,-0.40881,-0.0129233,0.15044
1.20286,0.0666676,0.0406375,0.00511311,0.899708,-0.409459,-0.0132344,0.150643
1.20386,0.0666676,0.0406375,0.00511311,0.899708,-0.409459,-0.0132344,0.150643
1.20485,0.0668705,0.0406332,0.00516041,0.8992,-0.410215,-0.0137484,0.151576
1.20585,0.0668705,0.0406332,0.00516041,0.8992,-0.410215,-0.0137484,0.151576
1.20687,0.0670209,0.0406016,0.00520779,0.899036,-0.410442,-0.0140396,0.151903
1.20786,0.0670209,0.0406016,0.00520779,0.899036,-0.410442,-0.0140396,0.151903
1.20885,0.0672206,0.0406043,0.00519638,0.898712,-0.411025,-0.0148049,0.152174
1.20985,0.0672206,0.0406043,0.00519638,0.898712,-0.411025,-0.0148049,0.152174
1.21087,0.0674238,0.0406009,0.00524387,0.898453,-0.411228,-0.014649,0.153162
1.21181,0.0674238,0.0406009,0.00524387,0.898453,-0.411228,-0.014649,0.153162
1.21283,0.0675516,0.0406132,0.00526765,0.898125,-0.411841,-0.0155994,0.153347
1.21381,0.0675516,0.0406132,0.00526765,0.898125,-0.411841,-0.0155994,0.153347
1.21484,0.0677549,0.0406103,0.00531527,0.897964,-0.412034,-0.0157068,0.153761
1.21583,0.0677549,0.0406103,0.00531527,0.897964,-0.412034,-0.0157068,0.153761
1.21686,0.0679058,0.0405799,0.00536296,0.897447,-0.412815,-0.0164057,0.154608
1.21786,0.0679058,0.0405799,0.00536296,0.897447,-0.412815,-0.0164057,0.154608
1.21884,0.0680567,0.0405496,0.00541074,0.897289,-0.413003,-0.0173362,0.154923
1.21984,0.0680567,0.0405496,0.00541074,0.897289,-0.413003,-0.0173362,0.154923
1.22093,0.0682569,0.040554,0.00539951,0.896955,-0.413614,-0.0174651,0.155209
1.2218,0.0682569,0.040554,0.00539951,0.896955,-0.413614,-0.0174651,0.155209
1.22284,0.068408,0.0405241,0.0054474,0.896796,-0.4138,-0.018396,0.155524
1.22384,0.068408,0.0405241,0.0054474,0.896796,-0.4138,-0.018396,0.155524
1.22484,0.0686117,0.0405227,0.00549538,0.896273,-0.41458,-0.0182727,0.156472
1.22585,0.0686117,0.0405227,0.00549538,0.896273,-0.41458,-0.0182727,0.156472
1.22683,0.068763,0.0404933,0.00554343,0.896113,-0.414765,-0.0192039,0.156788
1.22782,0.068763,0.0404933,0.00554343,0.896113,-0.414765,-0.0192039,0.156788
1.22883,0.0688913,0.040507,0.00556748,0.89568,-0.415382,-0.0198909,0.157543
1.22982,0.0688913,0.040507,0.00556748,0.89568,-0.415382,-0.0198909,0.157543
1.23084,0.0690426,0.040478,0.00561566,0.895251,-0.416179,-0.0202173,0.157833
1.23181,0.0690426,0.040478,0.00561566,0.895251,-0.416179,-0.0202173,0.157833
1.23283,0.0692665,0.0404411,0.00562874,0.895094,-0.416328,-0.0209651,0.158235
1.23384,0.0692665,0.0404411,0.00562874,0.895094,-0.416328,-0.0209651,0.158235
1.23482,0.0693949,0.0404554,0.0056529,0.894755,-0.416965,-0.0212803,0.158435
1.23582,0.0693949,0.0404554,0.0056529,0.894755,-0.416965,-0.0212803,0.158435
1.23682,0.0695465,0.040427,0.00570127,0.894491,-0.417158,-0.0219459,0.159324
1.23786,0.0697508,0.0404275,0.00574972,0.894065,-0.417919,-0.0220898,0.1597
1.23878,0.0697508,0.0404275,0.00574972,0.894065,-0.417919,-0.0220898,0.1597
1.23979,0.0697508,0.0404275,0.00574972,0.894065,-0.417919,-0.0220898,0.1597
1.24081,0.0698793,0.0404422,0.00577398,0.893992,-0.417938,-0.0230102,0.159926
1.24184,0.0700312,0.0404144,0.00582255,0.893462,-0.418708,-0.023709,0.160769
1.24281,0.0700312,0.0404144,0.00582255,0.893462,-0.418708,-0.023709,0.160769
1.24384,0.0701831,0.0403869,0.00587119,0.89303,-0.419499,-0.0240376,0.161059
1.24485,0.0701831,0.0403869,0.00587119,0.89303,-0.419499,-0.0240376,0.161059
1.24583,0.0703551,0.0403231,0.00588474,0.892866,-0.419672,-0.0249707,0.161378
1.2468,0.0703551,0.0403231,0.00588474,0.892866,-0.419672,-0.0249707,0.161378
1.24782,0.0704838,0.0403385,0.00590913,0.892527,-0.420266,-0.0259256,0.161556
1.24885,0.0704838,0.0403385,0.00590913,0.892527,-0.420266,-0.0259256,0.161556
1.24982,0.0706885,0.0403405,0.00595798,0.89226,-0.420458,-0.0257691,0.162552
1.25085,0.0706885,0.0403405,0.00595798,0.89226,-0.420458,-0.0257691,0.162552
1.2518,0.0708408,0.0403138,0.0060069,0.891829,-0.421207,-0.0267368,0.162822
1.25284,0.0708408,0.0403138,0.0060069,0.891829,-0.421207,-0.0267368,0.162822
1.25382,0.0709696,0.0403297,0.0060314,0.891486,-0.421836,-0.0270547,0.163019
1.25487,0.0709696,0.0403297,0.0060314,0.891486,-0.421836,-0.0270547,0.163019
1.25584,0.0711219,0.0403033,0.00608044,0.891319,-0.422004,-0.0279888,0.163339
1.25684,0.0711219,0.0403033,0.00608044,0.891319,-0.422004,-0.0279888,0.163339
1.25785,0.0712945,0.0402409,0.00609436,0.890781,-0.422767,-0.0286876,0.164178
1.25882,0.0712945,0.0402409,0.00609436,0.890781,-0.422767,-0.0286876,0.164178
1.25987,0.071447,0.0402149,0.00614357,0.890611,-0.422972,-0.0289843,0.164519
1.26083,0.071447,0.0402149,0.00614357,0.890611,-0.422972,-0.0289843,0.164519
1.26182,0.0715996,0.0401892,0.00619285,0.890176,-0.423714,-0.0299537,0.164789
1.26281,0.0715996,0.0401892,0.00619285,0.890176,-0.423714,-0.0299537,0.164789
1.26383,0.0717523,0.0401636,0.00624221,0.889901,-0.423936,-0.0299799,0.1657
1.26484,0.0717523,0.0401636,0.00624221,0.889901,-0.423936,-0.0299799,0.1657
1.26584,0.0719253,0.0401021,0.00625643,0.889464,-0.424676,-0.0309497,0.165969
1.26686,0.0719253,0.0401021,0.00625643,0.889464,-0.424676,-0.0309497,0.165969
1.26781,0.0721309,0.0401066,0.00630595,0.889034,-0.42538,-0.0317371,0.166325
1.26886,0.0721309,0.0401066,0.00630595,0.889034,-0.42538,-0.0317371,0.166325
1.26981,0.0722838,0.0400817,0.00635554,0.888863,-0.42558,-0.032035,0.166669
1.27087,0.0722838,0.0400817,0.00635554,0.888863,-0.42558,-0.032035,0.166669
1.27184,0.0724368,0.040057,0.00640522,0.888424,-0.426315,-0.0330062,0.166937
1.27285,0.0724368,0.040057,0.00640522,0.888424,-0.426315,-0.0330062,0.166937
1.27386,0.0726103,0.0399965,0.00641974,0.887878,-0.427111,-0.0330674,0.167794
1.27487,0.0726103,0.0399965,0.00641974,0.887878,-0.427111,-0.0330674,0.167794
1.27588,0.0727634,0.0399722,0.00646957,0.887706,-0.427268,-0.0340035,0.168118
1.27684,0.0727634,0.0399722,0.00646957,0.887706,-0.427268,-0.0340035,0.168118
1.27785,0.0729694,0.0399781,0.00651948,0.887165,-0.428028,-0.0338821,0.169063
1.27887,0.0729694,0.0399781,0.00651948,0.887165,-0.428028,-0.0338821,0.169063
1.27984,0.0731433,0.0399183,0.00653422,0.886993,-0.428182,-0.0348186,0.169387
1.28087,0.0731433,0.0399183,0.00653422,0.886993,-0.428182,-0.0348186,0.169387
1.28186,0.0733206,0.0398529,0.00660936,0.886458,-0.429106,-0.035167,0.169772
1.28287,0.0733206,0.0398529,0.00660936,0.886458,-0.429106,-0.035167,0.169772
1.28384,0.0735269,0.0398597,0.00665954,0.885914,-0.429821,-0.0356833,0.170695
1.28481,0.0735269,0.0398597,0.00665954,0.885914,-0.429821,-0.0356833,0.170695
1.28581,0.0737011,0.0398007,0.00667454,0.885741,-0.430014,-0.0359831,0.171042
1.28685,0.0737011,0.0398007,0.00667454,0.885741,-0.430014,-0.0359831,0.171042
1.28781,0.0739282,0.0397723,0.0066896,0.885305,-0.430704,-0.0367747,0.171398
1.28883,0.0739282,0.0397723,0.0066896,0.885305,-0.430704,-0.0367747,0.171398
1.28986,0.074106,0.0397081,0.00676526,0.884656,-0.431603,-0.0374867,0.172328
1.29086,0.074106,0.0397081,0.00676526,0.884656,-0.431603,-0.0374867,0.172328
1.29188,0.0743128,0.0397163,0.0068158,0.884489,-0.431714,-0.0382427,0.172743
1.29283,0.0743128,0.0397163,0.0068158,0.884489,-0.431714,-0.0382427,0.172743
1.29385,0.0744875,0.0396584,0.00683112,0.883933,-0.432503,-0.0383038,0.173597
1.29488,0.0744875,0.0396584,0.00683112,0.883933,-0.432503,-0.0383038,0.173597
1.29583,0.0746944,0.0396672,0.00688182,0.883494,-0.433186,-0.039097,0.173953
1.29686,0.0746944,0.0396672,0.00688182,0.883494,-0.433186,-0.039097,0.173953
1.29784,0.0748693,0.0396098,0.00689727,0.883206,-0.433354,-0.0397586,0.174845
1.29888,0.0748693,0.0396098,0.00689727,0.883206,-0.433354,-0.0397586,0.174845
1.29981,0.0751007,0.0395779,0.00697358,0.882671,-0.434186,-0.0405661,0.175298
1.30084,0.0751007,0.0395779,0.00697358,0.882671,-0.434186,-0.0405661,0.175298
1.30183,0.075255,0.0395568,0.00702455,0.882112,-0.434971,-0.040627,0.176151
1.30285,0.075255,0.0395568,0.00702455,0.882112,-0.434971,-0.040627,0.176151
1.30383,0.0754302,0.0395002,0.00704027,0.881933,-0.43511,-0.0415661,0.17648
1.30485,0.0754302,0.0395002,0.00704027,0.881933,-0.43511,-0.0415661,0.17648
1.30586,0.0755847,0.0394796,0.00709139,0.881369,-0.435849,-0.0422639,0.177308
1.30687,0.0755847,0.0394796,0.00709139,0.881369,-0.435849,-0.0422639,0.177308
1.30787,0.0758375,0.0394133,0.00713288,0.88083,-0.436673,-0.0430732,0.177761
1.30883,0.0758375,0.0394133,0.00713288,0.88083,-0.436673,-0.0430732,0.177761
1.30984,0.0759921,0.0393932,0.0071842,0.880536,-0.436836,-0.0437338,0.178654
1.31083,0.0759921,0.0393932,0.0071842,0.880536,-0.436836,-0.0437338,0.178654
1.31185,0.0761468,0.0393733,0.0072356,0.879972,-0.437618,-0.043794,0.179504
1.31288,0.0761468,0.0393733,0.0072356,0.879972,-0.437618,-0.043794,0.179504
1.31385,0.0763227,0.039318,0.00725171,0.879791,-0.437752,-0.0447341,0.179834
1.31487,0.0763227,0.039318,0.00725171,0.879791,-0.437752,-0.0447341,0.179834
1.31585,0.0765019,0.0392574,0.00732908,0.879125,-0.438635,-0.0454451,0.180759
1.31686,0.0765019,0.0392574,0.00732908,0.879125,-0.438635,-0.0454451,0.180759
1.31786,0.0766568,0.0392381,0.00738075,0.878668,-0.439338,-0.0464226,0.181023
1.31887,0.0766568,0.0392381,0.00738075,0.878668,-0.439338,-0.0464226,0.181023
1.31985,0.076833,0.0391836,0.00739711,0.878095,-0.44007,-0.0471194,0.181846
1.32085,0.076833,0.0391836,0.00739711,0.878095,-0.44007,-0.0471194,0.181846
1.32186,0.0769881,0.0391647,0.00744894,0.877916,-0.440246,-0.0474234,0.182202
1.32286,0.0769881,0.0391647,0.00744894,0.877916,-0.440246,-0.0474234,0.182202
1.32387,0.0769881,0.0391647,0.00744894,0.877916,-0.440246,-0.0474234,0.182202
1.32487,0.0770901,0.0391144,0.00750085,0.877331,-0.441013,-0.0483004,0.182934
1.32586,0.0772665,0.0390605,0.00751743,0.877146,-0.441139,-0.0492415,0.183266
1.32687,0.0772665,0.0390605,0.00751743,0.877146,-0.441139,-0.0492415,0.183266
1.32785,0.0772665,0.0390605,0.00751743,0.877146,-0.441139,-0.0492415,0.183266
1.32887,0.077443,0.0390068,0.00753408,0.876568,-0.441868,-0.0499378,0.184088
1.32986,0.077443,0.0390068,0.00753408,0.876568,-0.441868,-0.0499378,0.184088
1.33087,0.0775984,0.0389887,0.00758622,0.876113,-0.442611,-0.0502798,0.184374
1.33185,0.0775984,0.0389887,0.00758622,0.876113,-0.442611,-0.0502798,0.184374
1.33285,0.0777219,0.0389035,0.007603,0.875798,-0.442804,-0.0511186,0.185175
1.33385,0.0777219,0.0389035,0.007603,0.875798,-0.442804,-0.0511186,0.185175
1.33487,0.0778775,0.0388859,0.00765529,0.875334,-0.443497,-0.0520977,0.185434
1.33585,0.0778775,0.0388859,0.00765529,0.875334,-0.443497,-0.0520977,0.185434
1.33686,0.0780011,0.038801,0.00767221,0.875025,-0.443738,-0.0522993,0.186261
1.33785,0.0780011,0.038801,0.00767221,0.875025,-0.443738,-0.0522993,0.186261
1.33885,0.0781568,0.0387836,0.00772466,0.87456,-0.444428,-0.0532787,0.18652
1.33986,0.0781568,0.0387836,0.00772466,0.87456,-0.444428,-0.0532787,0.18652
1.34086,0.0783339,0.0387312,0.00774172,0.873975,-0.445151,-0.053974,0.187337
1.34186,0.0783339,0.0387312,0.00774172,0.873975,-0.445151,-0.053974,0.187337
1.34286,0.0784331,0.0386875,0.00773253,0.873871,-0.44516,-0.0550819,0.187478
1.34385,0.0784331,0.0386875,0.00773253,0.873871,-0.44516,-0.0550819,0.187478
1.34486,0.078557,0.0386031,0.00774967,0.873281,-0.44597,-0.0553199,0.188228
1.34584,0.078557,0.0386031,0.00774967,0.873281,-0.44597,-0.0553199,0.188228
1.34687,0.078713,0.0385865,0.00780239,0.8731,-0.446136,-0.055626,0.188589
1.34787,0.078713,0.0385865,0.00780239,0.8731,-0.446136,-0.055626,0.188589
1.34885,0.078837,0.0385025,0.00781967,0.872489,-0.446844,-0.0571368,0.189284
1.34986,0.078837,0.0385025,0.00781967,0.872489,-0.446844,-0.0571368,0.189284
1.35086,0.0790146,0.038451,0.00783701,0.872029,-0.447577,-0.0574806,0.189567
1.35186,0.0790146,0.038451,0.00783701,0.872029,-0.447577,-0.0574806,0.189567
1.35285,0.0791387,0.0383673,0.00785441,0.871436,-0.448385,-0.0577176,0.190315
1.35384,0.0791387,0.0383673,0.00785441,0.871436,-0.448385,-0.0577176,0.190315
1.35486,0.0792917,0.0383568,0.00784535,0.871341,-0.448351,-0.0586466,0.190546
1.35586,0.0792917,0.0383568,0.00784535,0.871341,-0.448351,-0.0586466,0.190546
1.35686,0.0794161,0.0382733,0.00786283,0.870734,-0.449107,-0.0595197,0.191265
1.35786,0.0794161,0.0382733,0.00786283,0.870734,-0.449107,-0.0595197,0.191265
1.35883,0.079519,0.0382251,0.00791598,0.87026,-0.449875,-0.0600433,0.191454
1.35987,0.079519,0.0382251,0.00791598,0.87026,-0.449875,-0.0600433,0.191454
1.36086,0.0797184,0.0381396,0.00789798,0.869943,-0.450021,-0.0606996,0.192344
1.36186,0.0797184,0.0381396,0.00789798,0.869943,-0.450021,-0.0606996,0.192344
1.36287,0.0798429,0.0380565,0.00791565,0.869467,-0.450788,-0.0612234,0.192533
1.36386,0.0798429,0.0380565,0.00791565,0.869467,-0.450788,-0.0612234,0.192533
1.36485,0.0799995,0.0380416,0.00796902,0.869271,-0.450893,-0.0621677,0.192868
1.36586,0.0799995,0.0380416,0.00796902,0.869271,-0.450893,-0.0621677,0.192868
1.36687,0.0801242,0.0379589,0.00798683,0.868671,-0.451697,-0.0624035,0.193611
1.36786,0.0801242,0.0379589,0.00798683,0.868671,-0.451697,-0.0624035,0.193611
1.36886,0.080324,0.0378743,0.007969,0.868195,-0.452369,-0.0633856,0.193862
1.36985,0.080324,0.0378743,0.007969,0.868195,-0.452369,-0.0633856,0.193862
1.37088,0.0804488,0.0377919,0.00798691,0.867997,-0.452564,-0.0638727,0.194134
1.37186,0.0804488,0.0377919,0.00798691,0.867997,-0.452564,-0.0638727,0.194134
1.37286,0.0805736,0.0377096,0.00800487,0.867381,-0.453313,-0.0647442,0.194846
1.37386,0.0805736,0.0377096,0.00800487,0.867381,-0.453313,-0.0647442,0.194846
1.37486,0.0807274,0.0377009,0.00799601,0.867015,-0.45389,-0.0650761,0.195021
1.37586,0.0807274,0.0377009,0.00799601,0.867015,-0.45389,-0.0650761,0.195021
1.37683,0.0808772,0.0375787,0.00804099,0.866703,-0.454172,-0.0662145,0.195368
1.37785,0.0808772,0.0375787,0.00804099,0.866703,-0.454172,-0.0662145,0.195368
1.37886,0.0810022,0.0374969,0.00805913,0.866098,-0.454973,-0.0664493,0.196108
1.37986,0.0810022,0.0374969,0.00805913,0.866098,-0.454973,-0.0664493,0.196108
1.38086,0.0811811,0.0374486,0.00807734,0.865617,-0.455636,-0.0674329,0.196356
1.38185,0.0811811,0.0374486,0.00807734,0.865617,-0.455636,-0.0674329,0.196356
1.38287,0.0813279,0.0373323,0.00805978,0.865417,-0.455826,-0.0679209,0.196629
1.38385,0.0813279,0.0373323,0.00805978,0.865417,-0.455826,-0.0679209,0.196629
1.38486,0.081507,0.0372844,0.0080781,0.864934,-0.456486,-0.0689052,0.196878
1.38585,0.081507,0.0372844,0.0080781,0.864934,-0.456486,-0.0689052,0.196878
1.38683,0.0816539,0.0371685,0.00806059,0.864607,-0.456719,-0.0691015,0.197704
1.38786,0.0816539,0.0371685,0.00806059,0.864607,-0.456719,-0.0691015,0.197704
1.38886,0.0818581,0.0370812,0.00810619,0.864038,-0.457574,-0.0694654,0.198087
1.38986,0.0818581,0.0370812,0.00810619,0.864038,-0.457574,-0.0694654,0.198087
1.39086,0.0820051,0.0369657,0.00808878,0.86354,-0.458271,-0.0706282,0.19824
1.39185,0.0820051,0.0369657,0.00808878,0.86354,-0.458271,-0.0706282,0.19824
1.39284,0.0821847,0.0369189,0.00810733,0.86307,-0.458981,-0.0709782,0.198518
1.39386,0.0821847,0.0369189,0.00810733,0.86307,-0.458981,-0.0709782,0.198518
1.39488,0.0823568,0.036764,0.00811729,0.862767,-0.459307,-0.0714824,0.198898
1.39586,0.0823568,0.036764,0.00811729,0.862767,-0.459307,-0.0714824,0.198898
1.39686,0.0825583,0.036683,0.00809998,0.862153,-0.460005,-0.072175,0.199696
1.39785,0.0825583,0.036683,0.00809998,0.862153,-0.460005,-0.072175,0.199696
1.39886,0.0827306,0.0365287,0.0081101,0.861566,-0.460893,-0.0727186,0.199985
1.39986,0.0827306,0.0365287,0.0081101,0.861566,-0.460893,-0.0727186,0.199985
1.40083,0.0829106,0.0364828,0.00812892,0.861377,-0.461035,-0.0730308,0.200355
1.40185,0.0829106,0.0364828,0.00812892,0.861377,-0.461035,-0.0730308,0.200355
1.40288,0.0831374,0.0363632,0.00813922,0.860804,-0.46188,-0.0733984,0.200738
1.40386,0.0831374,0.0363632,0.00813922,0.860804,-0.46188,-0.0733984,0.200738
1.40486,0.08331,0.0362096,0.00814962,0.86007,-0.462754,-0.0742834,0.201545
1.40586,0.08331,0.0362096,0.00814962,0.86007,-0.462754,-0.0742834,0.201545
1.40687,0.083537,0.0360907,0.00816013,0.859494,-0.463596,-0.0746519,0.201929
1.40786,0.083537,0.0360907,0.00816013,0.859494,-0.463596,-0.0746519,0.201929
1.40886,0.0837393,0.0360117,0.00814307,0.859289,-0.463675,-0.0756008,0.202268
1.40986,0.0837393,0.0360117,0.00814307,0.859289,-0.463675,-0.0756008,0.202268
1.41087,0.0839122,0.0358591,0.00815373,0.858697,-0.464556,-0.0761471,0.202557
1.41185,0.0839122,0.0358591,0.00815373,0.858697,-0.464556,-0.0761471,0.202557
1.41285,0.0841179,0.0357755,0.00820075,0.857973,-0.465383,-0.0768554,0.203457
1.41385,0.0841179,0.0357755,0.00820075,0.857973,-0.465383,-0.0768554,0.203457
1.41487,0.0843456,0.0356581,0.00821166,0.857395,-0.466218,-0.077226,0.20384
1.41585,0.0843456,0.0356581,0.00821166,0.857395,-0.466218,-0.077226,0.20384
1.41685,0.0844938,0.0355456,0.00819478,0.857041,-0.466383,-0.078054,0.204633
1.41786,0.0844938,0.0355456,0.00819478,0.857041,-0.466383,-0.078054,0.204633
1.41886,0.0847217,0.0354289,0.00820584,0.856462,-0.467216,-0.0784252,0.205016
1.41986,0.0847217,0.0354289,0.00820584,0.856462,-0.467216,-0.0784252,0.205016
1.42086,0.0849497,0.0353126,0.008217,0.855864,-0.467987,-0.0794324,0.205367
1.42186,0.0849497,0.0353126,0.008217,0.855864,-0.467987,-0.0794324,0.205367
1.42286,0.0851014,0.0351957,0.00826467,0.855135,-0.46891,-0.0796813,0.206201
1.42386,0.0851014,0.0351957,0.00826467,0.855135,-0.46891,-0.0796813,0.206201
1.42485,0.0853298,0.0350801,0.00827608,0.854535,-0.469676,-0.0806893,0.20655
1.42586,0.0853298,0.0350801,0.00827608,0.854535,-0.469676,-0.0806893,0.20655
1.42686,0.0855114,0.0350381,0.00829589,0.854193,-0.469794,-0.0813401,0.207439
1.42785,0.0855114,0.0350381,0.00829589,0.854193,-0.469794,-0.0813401,0.207439
1.42886,0.0856851,0.034888,0.00830748,0.853575,-0.4706,-0.0825242,0.207691
1.42985,0.0856851,0.034888,0.00830748,0.853575,-0.4706,-0.0825242,0.207691
1.43084,0.0859139,0.0347734,0.00831918,0.852991,-0.471423,-0.0828984,0.208074
1.43186,0.0859139,0.0347734,0.00831918,0.852991,-0.471423,-0.0828984,0.208074
1.43285,0.0860409,0.0346968,0.00833921,0.852763,-0.471527,-0.0840254,0.20832
1.43383,0.0860409,0.0346968,0.00833921,0.852763,-0.471527,-0.0840254,0.20832
1.43486,0.0862148,0.0345475,0.00835109,0.852008,-0.472381,-0.0849087,0.209116
1.43586,0.0862148,0.0345475,0.00835109,0.852008,-0.472381,-0.0849087,0.209116
1.43685,0.086367,0.0344323,0.00839966,0.851385,-0.473178,-0.0860939,0.209367
1.43785,0.086367,0.0344323,0.00839966,0.851385,-0.473178,-0.0860939,0.209367
1.43886,0.0865493,0.0343917,0.00841993,0.851037,-0.47329,-0.0867435,0.210255
1.43987,0.0865493,0.0343917,0.00841993,0.851037,-0.47329,-0.0867435,0.210255
1.44086,0.0866983,0.034282,0.00840364,0.850537,-0.474013,-0.0872779,0.21043
1.44186,0.0866983,0.034282,0.00840364,0.850537,-0.474013,-0.0872779,0.21043
1.44287,0.0868507,0.0341674,0.00845254,0.8502,-0.474247,-0.0884215,0.210786
1.44385,0.0868507,0.0341674,0.00845254,0.8502,-0.474247,-0.0884215,0.210786
1.44487,0.086978,0.0340917,0.008473,0.849543,-0.474959,-0.0892875,0.211469
1.44585,0.086978,0.0340917,0.008473,0.849543,-0.474959,-0.0892875,0.211469
1.44687,0.0871524,0.0339438,0.00848547,0.848936,-0.475813,-0.0898389,0.211753
1.44781,0.0871524,0.0339438,0.00848547,0.848936,-0.475813,-0.0898389,0.211753
1.44884,0.0872798,0.0338685,0.00850607,0.848701,-0.475907,-0.0909663,0.212
1.44988,0.0872798,0.0338685,0.00850607,0.848701,-0.475907,-0.0909663,0.212
1.45086,0.0873519,0.0337574,0.00852674,0.848021,-0.47666,-0.0920059,0.212582
1.45186,0.0873519,0.0337574,0.00852674,0.848021,-0.47666,-0.0920059,0.212582
1.45286,0.0875044,0.0336436,0.00857622,0.847411,-0.47751,-0.0925578,0.212865
1.45386,0.0875044,0.0336436,0.00857622,0.847411,-0.47751,-0.0925578,0.212865
1.45486,0.0876538,0.0335351,0.00856027,0.847197,-0.477668,-0.0930511,0.213147
1.45586,0.0876538,0.0335351,0.00856027,0.847197,-0.477668,-0.0930511,0.213147
1.45686,0.0877813,0.0334603,0.00858113,0.846532,-0.478374,-0.0939156,0.213825
1.45786,0.0877813,0.0334603,0.00858113,0.846532,-0.478374,-0.0939156,0.213825
1.45883,0.0878534,0.0333495,0.00860205,0.846298,-0.478575,-0.094583,0.214009
1.45987,0.0878534,0.0333495,0.00860205,0.846298,-0.478575,-0.094583,0.214009
1.46085,0.088028,0.0332029,0.00861513,0.845662,-0.479352,-0.0957699,0.214255
1.46185,0.088028,0.0332029,0.00861513,0.845662,-0.479352,-0.0957699,0.214255
1.46286,0.0881557,0.0331285,0.00863618,0.845422,-0.479438,-0.0968975,0.214502
1.46385,0.0881557,0.0331285,0.00863618,0.845422,-0.479438,-0.0968975,0.214502
1.46486,0.0882834,0.0330543,0.0086573,0.844777,-0.480209,-0.0971273,0.215213
1.46586,0.0882834,0.0330543,0.0086573,0.844777,-0.480209,-0.0971273,0.215213
1.46686,0.0884024,0.0328719,0.00867064,0.844143,-0.481095,-0.0978543,0.215394
1.46786,0.0884024,0.0328719,0.00867064,0.844143,-0.481095,-0.0978543,0.215394
1.46886,0.0885301,0.0327979,0.00869189,0.843901,-0.481177,-0.0989821,0.215642
1.46986,0.0885301,0.0327979,0.00869189,0.843901,-0.481177,-0.0989821,0.215642
1.47087,0.088683,0.0326857,0.00874236,0.843286,-0.482016,-0.0995362,0.215922
1.47186,0.088683,0.0326857,0.00874236,0.843286,-0.482016,-0.0995362,0.215922
1.47286,0.0888327,0.0325786,0.00872681,0.842904,-0.48216,-0.100356,0.216709
1.47385,0.0888327,0.0325786,0.00872681,0.842904,-0.48216,-0.100356,0.216709
1.47486,0.0889606,0.0325051,0.00874826,0.842394,-0.482864,-0.100893,0.216877
1.47586,0.0889606,0.0325051,0.00874826,0.842394,-0.482864,-0.100893,0.216877
1.47683,0.0890796,0.0323234,0.00876204,0.841616,-0.483809,-0.101312,0.217594
1.47786,0.0890796,0.0323234,0.00876204,0.841616,-0.483809,-0.101312,0.217594
1.47886,0.0892075,0.0322502,0.00878363,0.841371,-0.483886,-0.10244,0.217843
1.47983,0.0892075,0.0322502,0.00878363,0.841371,-0.483886,-0.10244,0.217843
1.48084,0.0893825,0.0321055,0.00879759,0.840752,-0.484718,-0.102995,0.218121
1.48182,0.0893825,0.0321055,0.00879759,0.840752,-0.484718,-0.102995,0.218121
1.48286,0.0895323,0.0319993,0.00878223,0.840532,-0.484865,-0.10349,0.218406
1.48386,0.0895323,0.0319993,0.00878223,0.840532,-0.484865,-0.10349,0.218406
1.48486,0.0896855,0.0318884,0.00883346,0.839745,-0.485689,-0.104368,0.219184
1.48585,0.0896855,0.0318884,0.00883346,0.839745,-0.485689,-0.104368,0.219184
1.48686,0.0898355,0.0317826,0.00881819,0.839525,-0.485834,-0.104863,0.21947
1.48787,0.0898355,0.0317826,0.00881819,0.839525,-0.485834,-0.104863,0.21947
1.48886,0.0900106,0.0316389,0.00883248,0.838903,-0.486661,-0.105419,0.219748
1.48986,0.0900106,0.0316389,0.00883248,0.838903,-0.486661,-0.105419,0.219748
1.49086,0.0901607,0.0315335,0.00881727,0.838514,-0.486799,-0.106236,0.220533
1.49187,0.0901607,0.0315335,0.00881727,0.838514,-0.486799,-0.106236,0.220533
1.49286,0.090314,0.0314234,0.00886894,0.837891,-0.487624,-0.106792,0.22081
1.49386,0.090314,0.0314234,0.00886894,0.837891,-0.487624,-0.106792,0.22081
1.49486,0.0904078,0.0312812,0.00885381,0.837353,-0.488363,-0.107504,0.220874
1.49586,0.0904078,0.0312812,0.00885381,0.837353,-0.488363,-0.107504,0.220874
1.49685,0.090583,0.0311383,0.00886844,0.836881,-0.488703,-0.107704,0.221808
1.49786,0.090583,0.0311383,0.00886844,0.836881,-0.488703,-0.107704,0.221808
1.49886,0.0907332,0.0310336,0.00885336,0.836336,-0.48932,-0.108877,0.221934
1.49986,0.0907332,0.0310336,0.00885336,0.836336,-0.48932,-0.108877,0.221934
1.50085,0.0909085,0.0308913,0.00886814,0.836005,-0.489589,-0.10939,0.222334
1.50184,0.0909085,0.0308913,0.00886814,0.836005,-0.489589,-0.10939,0.222334
1.50286,0.0910588,0.030787,0.00885312,0.835487,-0.490278,-0.10993,0.222497
1.50386,0.0910588,0.030787,0.00885312,0.835487,-0.490278,-0.10993,0.222497
1.50486,0.0912341,0.0306451,0.00886804,0.835013,-0.490616,-0.11013,0.223432
1.50586,0.0912341,0.0306451,0.00886804,0.835013,-0.490616,-0.11013,0.223432
1.50686,0.0913627,0.0305742,0.00889052,0.834464,-0.491227,-0.111303,0.223556
1.50786,0.0913627,0.0305742,0.00889052,0.834464,-0.491227,-0.111303,0.223556
1.50885,0.0914782,0.0304,0.00883813,0.834217,-0.491409,-0.111971,0.223744
1.50986,0.0914782,0.0304,0.00883813,0.834217,-0.491409,-0.111971,0.223744
1.51083,0.0916536,0.0302588,0.00885324,0.833588,-0.492223,-0.112529,0.224018
1.51186,0.0916536,0.0302588,0.00885324,0.833588,-0.492223,-0.112529,0.224018
1.51285,0.0918291,0.0301178,0.00886846,0.833112,-0.492558,-0.112728,0.224953
1.51386,0.0918291,0.0301178,0.00886846,0.833112,-0.492558,-0.112728,0.224953
1.51484,0.0919796,0.0300147,0.00885361,0.83259,-0.493241,-0.11327,0.225114
1.51587,0.0919796,0.0300147,0.00885361,0.83259,-0.493241,-0.11327,0.225114
1.51687,0.0921301,0.0299118,0.00883877,0.832365,-0.493374,-0.113766,0.225403
1.51785,0.0921301,0.0299118,0.00883877,0.832365,-0.493374,-0.113766,0.225403
1.51887,0.0922487,0.0297336,0.00885418,0.83168,-0.494152,-0.115129,0.225537
1.51986,0.0922487,0.0297336,0.00885418,0.83168,-0.494152,-0.115129,0.225537
1.52085,0.0923993,0.0296311,0.00883939,0.831013,-0.494906,-0.115355,0.226229
1.52186,0.0923993,0.0296311,0.00883939,0.831013,-0.494906,-0.115355,0.226229
1.52286,0.0925966,0.0294586,0.00881723,0.830677,-0.495164,-0.115869,0.226632
1.52387,0.0925966,0.0294586,0.00881723,0.830677,-0.495164,-0.115869,0.226632
1.52485,0.0927473,0.0293565,0.00880247,0.830153,-0.495842,-0.116412,0.226791
1.52586,0.0927473,0.0293565,0.00880247,0.830153,-0.495842,-0.116412,0.226791
1.52687,0.092923,0.0292172,0.00881815,0.829817,-0.496099,-0.116927,0.227195
1.52785,0.092923,0.0292172,0.00881815,0.829817,-0.496099,-0.116927,0.227195
1.52886,0.0930381,0.0290447,0.00876561,0.829268,-0.496821,-0.11764,0.227252
1.52985,0.0930381,0.0290447,0.00876561,0.829268,-0.496821,-0.11764,0.227252
1.53087,0.0931888,0.0289432,0.00875088,0.829041,-0.496949,-0.118138,0.227543
1.53186,0.0931888,0.0289432,0.00875088,0.829041,-0.496949,-0.118138,0.227543
1.53286,0.0933863,0.0287721,0.00872881,0.828406,-0.49775,-0.118699,0.227816
1.53385,0.0933863,0.0287721,0.00872881,0.828406,-0.49775,-0.118699,0.227816
1.53486,0.093537,0.0286711,0.0087141,0.827879,-0.498422,-0.119244,0.227974
1.53586,0.093537,0.0286711,0.0087141,0.827879,-0.498422,-0.119244,0.227974
1.53685,0.093677,0.0284621,0.00869206,0.827339,-0.498716,-0.120243,0.228766
1.53786,0.093677,0.0284621,0.00869206,0.827339,-0.498716,-0.120243,0.228766
1.53887,0.0938278,0.0283614,0.00867738,0.826843,-0.499468,-0.120155,0.228963
1.53986,0.0938278,0.0283614,0.00867738,0.826843,-0.499468,-0.120155,0.228963
1.54085,0.0940003,0.0282287,0.00862464,0.826583,-0.49951,-0.121285,0.229215
1.54182,0.0940003,0.0282287,0.00862464,0.826583,-0.49951,-0.121285,0.229215
1.54286,0.0941762,0.0280912,0.00864072,0.825945,-0.500305,-0.121848,0.229486
1.54386,0.0941762,0.0280912,0.00864072,0.825945,-0.500305,-0.121848,0.229486
1.54485,0.094291,0.0279203,0.00858793,0.82539,-0.501019,-0.122563,0.22954
1.54581,0.094291,0.0279203,0.00858793,0.82539,-0.501019,-0.122563,0.22954
1.54686,0.0944635,0.0277882,0.00853506,0.825162,-0.50114,-0.123061,0.229832
1.54783,0.0944635,0.0277882,0.00853506,0.825162,-0.50114,-0.123061,0.229832
1.54885,0.0946394,0.0276515,0.00855127,0.824521,-0.501931,-0.123626,0.230102
1.54983,0.0946394,0.0276515,0.00855127,0.824521,-0.501931,-0.123626,0.230102
1.55085,0.0948119,0.0275201,0.00849835,0.824292,-0.502051,-0.124124,0.230395
1.55186,0.0948119,0.0275201,0.00849835,0.824292,-0.502051,-0.124124,0.230395
1.55287,0.094905,0.0273819,0.00848369,0.823735,-0.502761,-0.12484,0.230447
1.55386,0.094905,0.0273819,0.00848369,0.823735,-0.502761,-0.12484,0.230447
1.55486,0.0950775,0.0272508,0.00843068,0.823506,-0.502879,-0.125339,0.23074
1.55586,0.0950775,0.0272508,0.00843068,0.823506,-0.502879,-0.125339,0.23074
1.55685,0.0951954,0.0270759,0.00844706,0.822722,-0.503878,-0.125121,0.231473
1.55785,0.0951954,0.0270759,0.00844706,0.822722,-0.503878,-0.125121,0.231473
1.55884,0.095368,0.0269453,0.008394,0.822157,-0.504454,-0.126299,0.231587
1.55986,0.095368,0.0269453,0.008394,0.822157,-0.504454,-0.126299,0.231587
1.56086,0.095519,0.0268469,0.00837934,0.821927,-0.50457,-0.126798,0.23188
1.56183,0.095519,0.0268469,0.00837934,0.821927,-0.50457,-0.126798,0.23188
1.56287,0.0956118,0.0267094,0.0083647,0.821368,-0.505276,-0.127515,0.23193
1.56386,0.0956118,0.0267094,0.0083647,0.821368,-0.505276,-0.127515,0.23193
1.56485,0.0957844,0.0265795,0.00831152,0.820834,-0.505933,-0.128063,0.232083
1.56585,0.0957844,0.0265795,0.00831152,0.820834,-0.505933,-0.128063,0.232083
1.56686,0.0958772,0.0264422,0.00829687,0.820576,-0.506095,-0.128731,0.232273
1.56786,0.0958772,0.0264422,0.00829687,0.820576,-0.506095,-0.128731,0.232273
1.56886,0.0960532,0.0263077,0.00831352,0.81993,-0.506874,-0.129299,0.232541
1.56986,0.0960532,0.0263077,0.00831352,0.81993,-0.506874,-0.129299,0.232541
1.57087,0.0961458,0.0261706,0.00829892,0.819672,-0.507034,-0.129967,0.232731
1.57186,0.0961458,0.0261706,0.00829892,0.819672,-0.507034,-0.129967,0.232731
1.57285,0.0962384,0.0260337,0.00828433,0.819413,-0.507193,-0.130635,0.232921
1.57386,0.0962384,0.0260337,0.00828433,0.819413,-0.507193,-0.130635,0.232921
1.57487,0.0963895,0.0259365,0.00826975,0.818878,-0.507846,-0.131184,0.233073
1.57586,0.0963895,0.0259365,0.00826975,0.818878,-0.507846,-0.131184,0.233073
1.57685,0.0964821,0.0257998,0.00825518,0.818618,-0.508004,-0.131852,0.233263
1.57786,0.0964821,0.0257998,0.00825518,0.818618,-0.508004,-0.131852,0.233263
1.57886,0.0965745,0.0256631,0.00824062,0.818055,-0.508702,-0.13257,0.23331
1.57986,0.0965745,0.0256631,0.00824062,0.818055,-0.508702,-0.13257,0.23331
1.58086,0.0967257,0.0255664,0.00822606,0.817518,-0.509352,-0.13312,0.233461
1.58185,0.0967257,0.0255664,0.00822606,0.817518,-0.509352,-0.13312,0.233461
1.58287,0.0968429,0.0253933,0.0082431,0.817145,-0.50963,-0.133807,0.233767
1.58386,0.0968429,0.0253933,0.0082431,0.817145,-0.50963,-0.133807,0.233767
1.58486,0.0969318,0.0252621,0.00815812,0.816692,-0.510204,-0.134507,0.233697
1.58585,0.0969318,0.0252621,0.00815812,0.816692,-0.510204,-0.134507,0.233697
1.58686,0.0970488,0.0250894,0.00817521,0.816318,-0.51048,-0.135194,0.234003
1.58786,0.0970488,0.0250894,0.00817521,0.816318,-0.51048,-0.135194,0.234003
1.58885,0.0971162,0.0249899,0.00812903,0.816169,-0.510512,-0.135843,0.234077
1.58985,0.0971162,0.0249899,0.00812903,0.816169,-0.510512,-0.135843,0.234077
1.59086,0.0972083,0.0248539,0.00811449,0.815453,-0.511292,-0.136235,0.234643
1.59185,0.0972083,0.0248539,0.00811449,0.815453,-0.511292,-0.136235,0.234643
1.59286,0.0973594,0.024758,0.00809997,0.815368,-0.511309,-0.137062,0.234418
1.59386,0.0973594,0.024758,0.00809997,0.815368,-0.511309,-0.137062,0.234418
1.59487,0.0974515,0.0246223,0.00808546,0.81465,-0.512088,-0.137454,0.234982
1.59587,0.0974515,0.0246223,0.00808546,0.81465,-0.512088,-0.137454,0.234982
1.59685,0.0975435,0.0244866,0.00807096,0.814387,-0.51224,-0.138122,0.235173
1.59785,0.0975435,0.0244866,0.00807096,0.814387,-0.51224,-0.138122,0.235173
1.59886,0.0976107,0.0243875,0.00802462,0.813931,-0.512808,-0.138822,0.235099
1.59986,0.0976107,0.0243875,0.00802462,0.813931,-0.512808,-0.138822,0.235099
1.60084,0.0977238,0.0242207,0.00797097,0.813667,-0.512959,-0.13949,0.23529
1.60187,0.0977238,0.0242207,0.00797097,0.813667,-0.512959,-0.13949,0.23529
1.60286,0.0978156,0.0240853,0.00795643,0.813135,-0.51374,-0.139579,0.235374
1.60386,0.0978156,0.0240853,0.00795643,0.813135,-0.51374,-0.139579,0.235374
1.60483,0.0978826,0.0239864,0.00790997,0.812984,-0.513768,-0.140228,0.235448
1.60581,0.0978826,0.0239864,0.00790997,0.812984,-0.513768,-0.140228,0.235448
1.60685,0.0979743,0.0238512,0.00789541,0.812413,-0.514455,-0.140948,0.235489
1.60785,0.0979743,0.0238512,0.00789541,0.812413,-0.514455,-0.140948,0.235489
1.60886,0.0980412,0.0237525,0.00784888,0.812261,-0.514482,-0.141596,0.235563
1.60986,0.0980412,0.0237525,0.00784888,0.812261,-0.514482,-0.141596,0.235563
1.61086,0.0981539,0.0235863,0.00779501,0.811996,-0.51463,-0.142264,0.235754
1.61187,0.0981539,0.0235863,0.00779501,0.811996,-0.51463,-0.142264,0.235754
1.61285,0.0982207,0.0234877,0.00774838,0.811537,-0.515194,-0.142965,0.235677
1.61387,0.0982207,0.0234877,0.00774838,0.811537,-0.515194,-0.142965,0.235677
1.61486,0.0983122,0.0233529,0.00773376,0.810964,-0.515877,-0.143684,0.235716
1.61586,0.0983122,0.0233529,0.00773376,0.810964,-0.515877,-0.143684,0.235716
1.61685,0.0983789,0.0232544,0.00768706,0.810812,-0.515903,-0.144333,0.23579
1.61785,0.0983789,0.0232544,0.00768706,0.810812,-0.515903,-0.144333,0.23579
1.61886,0.0984912,0.0230887,0.00763299,0.810277,-0.51668,-0.144423,0.235872
1.61986,0.0984912,0.0230887,0.00763299,0.810277,-0.51668,-0.144423,0.235872
1.62086,0.0985825,0.0229542,0.00761834,0.809858,-0.516917,-0.144761,0.23658
1.62186,0.0985825,0.0229542,0.00761834,0.809858,-0.516917,-0.144761,0.23658
1.62286,0.0986491,0.022856,0.00757151,0.809398,-0.517478,-0.145461,0.2365
1.62385,0.0986491,0.022856,0.00757151,0.809398,-0.517478,-0.145461,0.2365
1.62485,0.0987611,0.0226907,0.0075173,0.809169,-0.517718,-0.1455,0.236735
1.62585,0.0987611,0.0226907,0.0075173,0.809169,-0.517718,-0.1455,0.236735
1.62687,0.0988731,0.0225256,0.00746302,0.808593,-0.518398,-0.146219,0.236771
1.62787,0.0988731,0.0225256,0.00746302,0.808593,-0.518398,-0.146219,0.236771
1.62886,0.0989395,0.0224276,0.00741604,0.808439,-0.518421,-0.146868,0.236845
1.62986,0.0989395,0.0224276,0.00741604,0.808439,-0.518421,-0.146868,0.236845
1.63086,0.0990513,0.0222628,0.00736164,0.807863,-0.519099,-0.147588,0.23688
1.63186,0.0990513,0.0222628,0.00736164,0.807863,-0.519099,-0.147588,0.23688
1.63285,0.0991421,0.0221288,0.00734688,0.807633,-0.519338,-0.147626,0.237115
1.63385,0.0991421,0.0221288,0.00734688,0.807633,-0.519338,-0.147626,0.237115
1.63487,0.0993139,0.0220051,0.0072924,0.807086,-0.519965,-0.148181,0.237257
1.63586,0.0993139,0.0220051,0.0072924,0.807086,-0.519965,-0.148181,0.237257
1.63686,0.0994046,0.0218714,0.00727763,0.806816,-0.520106,-0.148849,0.237448
1.63785,0.0994046,0.0218714,0.00727763,0.806816,-0.520106,-0.148849,0.237448
1.63886,0.099516,0.0217072,0.00722306,0.806278,-0.520879,-0.14894,0.237527
1.63986,0.099516,0.0217072,0.00722306,0.806278,-0.520879,-0.14894,0.237527
1.64086,0.0996274,0.0215431,0.00716842,0.805698,-0.521552,-0.149661,0.237561
1.64185,0.0996274,0.0215431,0.00716842,0.805698,-0.521552,-0.149661,0.237561
1.64286,0.0997386,0.0213792,0.00711372,0.805428,-0.521691,-0.150329,0.237751
1.64387,0.0997386,0.0213792,0.00711372,0.805428,-0.521691,-0.150329,0.237751
1.64486,0.099829,0.021246,0.00709891,0.804847,-0.522363,-0.15105,0.237784
1.64585,0.099829,0.021246,0.00709891,0.804847,-0.522363,-0.15105,0.237784
1.64685,0.09994,0.0210824,0.00704412,0.804424,-0.522597,-0.151384,0.238489
1.64783,0.09994,0.0210824,0.00704412,0.804424,-0.522597,-0.151384,0.238489
1.64885,0.100051,0.0209189,0.00698927,0.803883,-0.523367,-0.151476,0.238566
1.65017,0.100051,0.0209189,0.00698927,0.803883,-0.523367,-0.151476,0.238566
1.65081,0.100051,0.0209189,0.00698927,0.803883,-0.523367,-0.151476,0.238566
1.65182,0.100162,0.0207556,0.00693436,0.803301,-0.524037,-0.152197,0.238598
1.65282,0.100162,0.0207556,0.00693436,0.803301,-0.524037,-0.152197,0.238598
1.65387,0.100272,0.0205925,0.00687938,0.803029,-0.524173,-0.152865,0.238788
1.65485,0.100272,0.0205925,0.00687938,0.803029,-0.524173,-0.152865,0.238788
1.6559,0.100489,0.0204046,0.00681688,0.80232,-0.524809,-0.154069,0.238999
1.65688,0.100489,0.0204046,0.00681688,0.80232,-0.524809,-0.154069,0.238999
1.65787,0.100575,0.0202778,0.006729,0.801741,-0.525557,-0.153806,0.239469
1.65886,0.100575,0.0202778,0.006729,0.801741,-0.525557,-0.153806,0.239469
1.65987,0.100665,0.0201455,0.00671405,0.801467,-0.525691,-0.154474,0.239659
1.66088,0.100665,0.0201455,0.00671405,0.801467,-0.525691,-0.154474,0.239659
1.66186,0.100775,0.0199831,0.00665881,0.800882,-0.526357,-0.155195,0.239688
1.66286,0.100775,0.0199831,0.00665881,0.800882,-0.526357,-0.155195,0.239688
1.66388,0.100885,0.0198208,0.00660351,0.800609,-0.52649,-0.155863,0.239877
1.66486,0.100885,0.0198208,0.00660351,0.800609,-0.52649,-0.155863,0.239877
1.66586,0.100975,0.0196889,0.00658854,0.799869,-0.527253,-0.156247,0.240417
1.66687,0.100975,0.0196889,0.00658854,0.799869,-0.527253,-0.156247,0.240417
1.66787,0.101085,0.0195269,0.00653316,0.799282,-0.527916,-0.156968,0.240444
1.66886,0.101085,0.0195269,0.00653316,0.799282,-0.527916,-0.156968,0.240444
1.66983,0.101174,0.0193952,0.00651818,0.799049,-0.528149,-0.157008,0.24068
1.67086,0.101174,0.0193952,0.00651818,0.799049,-0.528149,-0.157008,0.24068
1.67188,0.101284,0.0192336,0.00646272,0.798308,-0.528912,-0.157391,0.241216
1.67286,0.101284,0.0192336,0.00646272,0.798308,-0.528912,-0.157391,0.241216
1.67386,0.101374,0.0191021,0.00644773,0.797719,-0.529572,-0.158112,0.241242
1.67486,0.101374,0.0191021,0.00644773,0.797719,-0.529572,-0.158112,0.241242
1.67586,0.101483,0.0189407,0.00639218,0.797443,-0.529702,-0.15878,0.241431
1.67687,0.101483,0.0189407,0.00639218,0.797443,-0.529702,-0.15878,0.241431
1.67787,0.101572,0.0188095,0.00637719,0.796854,-0.530361,-0.159501,0.241456
1.67886,0.101572,0.0188095,0.00637719,0.796854,-0.530361,-0.159501,0.241456
1.67986,0.101723,0.0187201,0.0063622,0.796142,-0.531071,-0.159719,0.242097
1.68087,0.101723,0.0187201,0.0063622,0.796142,-0.531071,-0.159719,0.242097
1.68187,0.101812,0.0185891,0.00634723,0.795865,-0.531199,-0.160387,0.242286
1.68285,0.101812,0.0185891,0.00634723,0.795865,-0.531199,-0.160387,0.242286
1.68388,0.101901,0.0184582,0.00633227,0.795317,-0.531959,-0.160481,0.242356
1.68485,0.101901,0.0184582,0.00633227,0.795317,-0.531959,-0.160481,0.242356
1.68587,0.10201,0.0182975,0.00627659,0.795039,-0.532086,-0.161148,0.242546
1.68686,0.10201,0.0182975,0.00627659,0.795039,-0.532086,-0.161148,0.242546
1.68787,0.102099,0.0181669,0.00626162,0.794292,-0.532844,-0.161529,0.243075
1.68886,0.102099,0.0181669,0.00626162,0.794292,-0.532844,-0.161529,0.243075
1.68985,0.102188,0.0180363,0.00624666,0.794014,-0.53297,-0.162197,0.243264
1.69086,0.102188,0.0180363,0.00624666,0.794014,-0.53297,-0.162197,0.243264
1.69186,0.102277,0.0179058,0.00623171,0.793421,-0.533623,-0.162918,0.243285
1.69287,0.102277,0.0179058,0.00623171,0.793421,-0.533623,-0.162918,0.243285
1.69387,0.102365,0.0177754,0.00621678,0.793142,-0.533748,-0.163585,0.243474
1.69486,0.102365,0.0177754,0.00621678,0.793142,-0.533748,-0.163585,0.243474
1.69586,0.102474,0.0176154,0.00616096,0.792435,-0.534609,-0.163338,0.244048
1.69686,0.102474,0.0176154,0.00616096,0.792435,-0.534609,-0.163338,0.244048
1.69786,0.102562,0.0174853,0.00614602,0.791841,-0.53526,-0.164059,0.244068
1.69885,0.102562,0.0174853,0.00614602,0.791841,-0.53526,-0.164059,0.244068
1.69986,0.102651,0.0173552,0.00613109,0.791561,-0.535384,-0.164727,0.244256
1.70086,0.102651,0.0173552,0.00613109,0.791561,-0.535384,-0.164727,0.244256
1.70183,0.102759,0.0171957,0.00607517,0.790965,-0.536033,-0.165448,0.244274
1.70286,0.102759,0.0171957,0.00607517,0.790965,-0.536033,-0.165448,0.244274
1.70388,0.102848,0.0170658,0.00606024,0.790728,-0.536261,-0.165488,0.244511
1.70486,0.102848,0.0170658,0.00606024,0.790728,-0.536261,-0.165488,0.244511
1.70586,0.102956,0.0169066,0.00600424,0.790132,-0.536909,-0.16621,0.244529
1.70685,0.102956,0.0169066,0.00600424,0.790132,-0.536909,-0.16621,0.244529
1.70786,0.103064,0.0167475,0.00594819,0.789694,-0.537136,-0.166534,0.245223
1.70886,0.103064,0.0167475,0.00594819,0.789694,-0.537136,-0.166534,0.245223
1.70986,0.103152,0.016618,0.00593322,0.789097,-0.537782,-0.167256,0.245239
1.71086,0.103152,0.016618,0.00593322,0.789097,-0.537782,-0.167256,0.245239
1.71187,0.103284,0.016424,0.0059108,0.788696,-0.538016,-0.167943,0.245546
1.71287,0.103284,0.016424,0.0059108,0.788696,-0.538016,-0.167943,0.245546
1.71387,0.103392,0.0162654,0.00585464,0.788142,-0.538768,-0.168038,0.24561
1.71487,0.103392,0.0162654,0.00585464,0.788142,-0.538768,-0.168038,0.24561
1.71587,0.103499,0.016107,0.00579842,0.787859,-0.538887,-0.168705,0.245799
1.71686,0.103499,0.016107,0.00579842,0.787859,-0.538887,-0.168705,0.245799
1.71787,0.103631,0.0159136,0.00577597,0.787141,-0.539642,-0.169448,0.245933
1.71886,0.103631,0.0159136,0.00577597,0.787141,-0.539642,-0.169448,0.245933
1.71986,0.103738,0.0157556,0.00571966,0.786541,-0.540284,-0.17017,0.245947
1.72085,0.103738,0.0157556,0.00571966,0.786541,-0.540284,-0.17017,0.245947
1.72186,0.103846,0.0155977,0.00566329,0.786145,-0.540618,-0.169865,0.246687
1.72286,0.103846,0.0155977,0.00566329,0.786145,-0.540618,-0.169865,0.246687
1.72386,0.103977,0.0154049,0.00564082,0.785424,-0.541371,-0.170607,0.246819
1.72486,0.103977,0.0154049,0.00564082,0.785424,-0.541371,-0.170607,0.246819
1.72586,0.104084,0.0152474,0.00558437,0.78514,-0.541487,-0.171274,0.247008
1.72686,0.104084,0.0152474,0.00558437,0.78514,-0.541487,-0.171274,0.247008
1.72783,0.104215,0.015055,0.00556189,0.784463,-0.542348,-0.171391,0.247188
1.72888,0.104215,0.015055,0.00556189,0.784463,-0.542348,-0.171391,0.247188
1.72986,0.104321,0.0148979,0.00550535,0.784178,-0.542462,-0.172058,0.247377
1.73086,0.104321,0.0148979,0.00550535,0.784178,-0.542462,-0.172058,0.247377
1.73186,0.104452,0.0147059,0.00548288,0.783455,-0.54321,-0.172801,0.247508
1.73287,0.104452,0.0147059,0.00548288,0.783455,-0.54321,-0.172801,0.247508
1.73386,0.104582,0.0145142,0.00546043,0.782731,-0.543957,-0.173544,0.247638
1.73486,0.104582,0.0145142,0.00546043,0.782731,-0.543957,-0.173544,0.247638
1.73585,0.104689,0.0143576,0.00540378,0.782491,-0.544181,-0.173586,0.247876
1.73686,0.104689,0.0143576,0.00540378,0.782491,-0.544181,-0.173586,0.247876
1.73786,0.104795,0.0142012,0.00534707,0.781886,-0.544814,-0.174309,0.247886
1.73886,0.104795,0.0142012,0.00534707,0.781886,-0.544814,-0.174309,0.247886
1.73986,0.104925,0.0140101,0.0053246,0.78116,-0.545558,-0.175053,0.248015
1.74086,0.104925,0.0140101,0.0053246,0.78116,-0.545558,-0.175053,0.248015
1.74186,0.105031,0.0138541,0.00526781,0.780874,-0.545668,-0.175719,0.248204
1.74286,0.105031,0.0138541,0.00526781,0.780874,-0.545668,-0.175719,0.248204
1.74386,0.105141,0.0136922,0.00528721,0.780192,-0.546523,-0.175838,0.248382
1.74484,0.105141,0.0136922,0.00528721,0.780192,-0.546523,-0.175838,0.248382
1.74587,0.105247,0.0135364,0.00523037,0.779585,-0.547152,-0.176562,0.248391
1.74686,0.105247,0.0135364,0.00523037,0.779585,-0.547152,-0.176562,0.248391
1.74783,0.105333,0.0134096,0.00521542,0.779298,-0.54726,-0.177229,0.248579
1.74886,0.105333,0.0134096,0.00521542,0.779298,-0.54726,-0.177229,0.248579
1.74983,0.105462,0.0132195,0.00519302,0.778569,-0.547998,-0.177974,0.248706
1.75086,0.105462,0.0132195,0.00519302,0.778569,-0.547998,-0.177974,0.248706
1.75186,0.105549,0.0130928,0.00517809,0.778006,-0.548738,-0.178072,0.248763
1.75286,0.105549,0.0130928,0.00517809,0.778006,-0.548738,-0.178072,0.248763
1.75387,0.105635,0.0129663,0.00516318,0.777718,-0.548844,-0.178739,0.248952
1.75486,0.105635,0.0129663,0.00516318,0.777718,-0.548844,-0.178739,0.248952
1.75585,0.105744,0.0128053,0.00518291,0.777033,-0.549694,-0.17886,0.249128
1.75686,0.105744,0.0128053,0.00518291,0.777033,-0.549694,-0.17886,0.249128
1.75787,0.10583,0.012679,0.00516806,0.776263,-0.550432,-0.179233,0.24963
1.75884,0.10583,0.012679,0.00516806,0.776263,-0.550432,-0.179233,0.24963
1.75986,0.105935,0.0125243,0.00511109,0.775652,-0.551055,-0.179957,0.249636
1.76086,0.105935,0.0125243,0.00511109,0.775652,-0.551055,-0.179957,0.249636
1.76187,0.106021,0.0123983,0.00509624,0.775409,-0.551275,-0.179999,0.249874
1.76286,0.106021,0.0123983,0.00509624,0.775409,-0.551275,-0.179999,0.249874
1.76387,0.10613,0.0122378,0.00511617,0.774676,-0.552006,-0.180745,0.249998
1.76486,0.10613,0.0122378,0.00511617,0.774676,-0.552006,-0.180745,0.249998
1.76586,0.106215,0.012112,0.00510137,0.774432,-0.552225,-0.180787,0.250236
1.76687,0.106215,0.012112,0.00510137,0.774432,-0.552225,-0.180787,0.250236
1.76786,0.106301,0.0119863,0.00508659,0.773979,-0.552728,-0.181865,0.249745
1.76886,0.106301,0.0119863,0.00508659,0.773979,-0.552728,-0.181865,0.249745
1.76985,0.106386,0.0118607,0.00507181,0.773412,-0.553464,-0.181966,0.2498
1.77087,0.106386,0.0118607,0.00507181,0.773412,-0.553464,-0.181966,0.2498
1.77186,0.106472,0.0117352,0.00505705,0.772962,-0.553681,-0.182279,0.250482
1.77287,0.106472,0.0117352,0.00505705,0.772962,-0.553681,-0.182279,0.250482
1.77387,0.10658,0.0115754,0.00507726,0.772272,-0.554525,-0.182401,0.250655
1.77486,0.10658,0.0115754,0.00507726,0.772272,-0.554525,-0.182401,0.250655
1.77586,0.106665,0.0114501,0.00506256,0.771657,-0.55514,-0.183127,0.250657
1.77686,0.106665,0.0114501,0.00506256,0.771657,-0.55514,-0.183127,0.250657
1.77786,0.10675,0.0113249,0.00504787,0.771088,-0.555873,-0.183228,0.25071
1.77886,0.10675,0.0113249,0.00504787,0.771088,-0.555873,-0.183228,0.25071
1.77986,0.106835,0.0111998,0.00503319,0.770797,-0.555972,-0.183895,0.250897
1.78086,0.106835,0.0111998,0.00503319,0.770797,-0.555972,-0.183895,0.250897
1.78186,0.106925,0.0110688,0.00509607,0.770104,-0.556813,-0.184019,0.251069
1.78286,0.106925,0.0110688,0.00509607,0.770104,-0.556813,-0.184019,0.251069
1.78386,0.107009,0.0109439,0.00508147,0.769813,-0.556911,-0.184686,0.251256
1.78484,0.107009,0.0109439,0.00508147,0.769813,-0.556911,-0.184686,0.251256
1.78584,0.107094,0.0108191,0.00506689,0.769242,-0.557642,-0.184788,0.251308
1.78687,0.107094,0.0108191,0.00506689,0.769242,-0.557642,-0.184788,0.251308
1.78784,0.107202,0.0106603,0.00508756,0.768827,-0.557847,-0.185476,0.251615
1.78887,0.107202,0.0106603,0.00508756,0.768827,-0.557847,-0.185476,0.251615
1.78986,0.107287,0.0105358,0.00507303,0.768256,-0.558577,-0.185579,0.251666
1.79087,0.107287,0.0105358,0.00507303,0.768256,-0.558577,-0.185579,0.251666
1.79186,0.107395,0.0103772,0.00509384,0.767887,-0.558901,-0.185644,0.252024
1.79286,0.107395,0.0103772,0.00509384,0.767887,-0.558901,-0.185644,0.252024
1.79387,0.10746,0.0102809,0.00512196,0.767268,-0.559509,-0.186371,0.252023
1.79486,0.10746,0.0102809,0.00512196,0.767268,-0.559509,-0.186371,0.252023
1.79586,0.107568,0.0101226,0.00514293,0.766852,-0.559711,-0.187059,0.25233
1.79686,0.107568,0.0101226,0.00514293,0.766852,-0.559711,-0.187059,0.25233
1.79786,0.107675,0.00996447,0.00516401,0.766155,-0.560547,-0.187184,0.2525
1.79886,0.107675,0.00996447,0.00516401,0.766155,-0.560547,-0.187184,0.2525
1.79986,0.10776,0.00984051,0.00514967,0.765908,-0.560762,-0.187228,0.252738
1.80084,0.10776,0.00984051,0.00514967,0.765908,-0.560762,-0.187228,0.252738
1.80186,0.107867,0.00968267,0.00517088,0.765491,-0.560962,-0.187916,0.253045
1.80287,0.107867,0.00968267,0.00517088,0.765491,-0.560962,-0.187916,0.253045
1.80386,0.107932,0.00958683,0.00519931,0.764917,-0.561688,-0.18802,0.253095
1.80486,0.107932,0.00958683,0.00519931,0.764917,-0.561688,-0.18802,0.253095
1.80586,0.108039,0.00942925,0.0052207,0.764499,-0.561887,-0.188709,0.253402
1.80687,0.108039,0.00942925,0.0052207,0.764499,-0.561887,-0.188709,0.253402
1.80786,0.108146,0.00927184,0.00524217,0.763962,-0.562599,-0.189195,0.253082
1.80882,0.108146,0.00927184,0.00524217,0.763962,-0.562599,-0.189195,0.253082
1.80987,0.108188,0.0090701,0.00526375,0.763343,-0.562969,-0.189681,0.253762
1.81085,0.108188,0.0090701,0.00526375,0.763343,-0.562969,-0.189681,0.253762
1.81186,0.108275,0.00894076,0.00532822,0.762642,-0.5638,-0.189808,0.253929
1.81286,0.108275,0.00894076,0.00532822,0.762642,-0.5638,-0.189808,0.253929
1.81386,0.108359,0.00881757,0.00531419,0.762347,-0.563889,-0.190474,0.254117
1.81486,0.108359,0.00881757,0.00531419,0.762347,-0.563889,-0.190474,0.254117
1.81586,0.108447,0.00868845,0.00537888,0.761975,-0.564209,-0.190539,0.254475
1.81686,0.108447,0.00868845,0.00537888,0.761975,-0.564209,-0.190539,0.254475
1.81786,0.108553,0.00853174,0.00540083,0.761226,-0.564913,-0.19129,0.254591
1.81886,0.108553,0.00853174,0.00540083,0.761226,-0.564913,-0.19129,0.254591
1.81986,0.10866,0.00837519,0.00542289,0.760853,-0.565232,-0.191355,0.254949
1.82088,0.10866,0.00837519,0.00542289,0.760853,-0.565232,-0.191355,0.254949
1.82187,0.108747,0.00824647,0.00548795,0.760433,-0.565424,-0.192043,0.255258
1.82287,0.108747,0.00824647,0.00548795,0.760433,-0.565424,-0.192043,0.255258
1.82386,0.10881,0.00801185,0.00554629,0.759565,-0.56641,-0.192349,0.255426
1.82487,0.10881,0.00801185,0.00554629,0.759565,-0.56641,-0.192349,0.255426
1.82587,0.108897,0.0078834,0.00561166,0.759354,-0.566605,-0.192777,0.255299
1.82686,0.108897,0.0078834,0.00561166,0.759354,-0.566605,-0.192777,0.255299
1.82787,0.109003,0.00772745,0.0056342,0.758769,-0.566919,-0.193102,0.256093
1.82887,0.109003,0.00772745,0.0056342,0.758769,-0.566919,-0.193102,0.256093
1.82986,0.109109,0.00757167,0.00565683,0.758017,-0.567616,-0.193854,0.256208
1.83086,0.109109,0.00757167,0.00565683,0.758017,-0.567616,-0.193854,0.256208
1.83186,0.10913,0.00739874,0.00572258,0.757602,-0.567986,-0.194075,0.256449
1.83286,0.10913,0.00739874,0.00572258,0.757602,-0.567986,-0.194075,0.256449
1.83386,0.109235,0.00724322,0.00574542,0.75718,-0.568174,-0.194762,0.256758
1.83484,0.109235,0.00724322,0.00574542,0.75718,-0.568174,-0.194762,0.256758
1.83586,0.10934,0.00708787,0.00576836,0.756473,-0.568997,-0.194892,0.256922
1.83685,0.10934,0.00708787,0.00576836,0.756473,-0.568997,-0.194892,0.256922
1.83783,0.10936,0.00691521,0.00583449,0.756009,-0.569236,-0.195735,0.257114
1.83884,0.10936,0.00691521,0.00583449,0.756009,-0.569236,-0.195735,0.257114
1.83986,0.109466,0.00676013,0.00585764,0.755633,-0.569552,-0.1958,0.257472
1.84086,0.109466,0.00676013,0.00585764,0.755633,-0.569552,-0.1958,0.257472
1.84187,0.109593,0.00657191,0.00591742,0.754752,-0.570348,-0.196574,0.257706
1.84286,0.109593,0.00657191,0.00591742,0.754752,-0.570348,-0.196574,0.257706
1.84386,0.109613,0.00639955,0.00598397,0.754334,-0.570715,-0.196794,0.257947
1.84486,0.109613,0.00639955,0.00598397,0.754334,-0.570715,-0.196794,0.257947
1.84586,0.109717,0.00624494,0.00600748,0.753909,-0.570899,-0.197481,0.258257
1.84685,0.109717,0.00624494,0.00600748,0.753909,-0.570899,-0.197481,0.258257
1.84785,0.109759,0.00603956,0.00611099,0.753197,-0.571749,-0.198153,0.257939
1.84886,0.109759,0.00603956,0.00611099,0.753197,-0.571749,-0.198153,0.257939
1.84985,0.109863,0.00588525,0.00613476,0.752607,-0.572057,-0.198475,0.25873
1.85085,0.109863,0.00588525,0.00613476,0.752607,-0.572057,-0.198475,0.25873
1.85186,0.109901,0.00568592,0.00615862,0.752188,-0.572424,-0.198694,0.258971
1.85287,0.109901,0.00568592,0.00615862,0.752188,-0.572424,-0.198694,0.258971
1.85386,0.110009,0.00552616,0.00626271,0.751515,-0.573217,-0.199213,0.25877
1.85486,0.110009,0.00552616,0.00626271,0.751515,-0.573217,-0.199213,0.25877
1.85586,0.110046,0.00532707,0.00628683,0.750881,-0.573578,-0.199688,0.259443
1.85685,0.110046,0.00532707,0.00628683,0.750881,-0.573578,-0.199688,0.259443
1.85787,0.110064,0.0051554,0.00635436,0.750413,-0.57381,-0.200529,0.259636
1.85883,0.110064,0.0051554,0.00635436,0.750413,-0.57381,-0.200529,0.259636
1.85988,0.110167,0.0050018,0.0063787,0.750033,-0.574122,-0.200593,0.259994
1.86087,0.110167,0.0050018,0.0063787,0.750033,-0.574122,-0.200593,0.259994
1.86186,0.110204,0.00480304,0.00640313,0.749278,-0.574989,-0.200879,0.260034
1.86286,0.110204,0.00480304,0.00640313,0.749278,-0.574989,-0.200879,0.260034
1.86386,0.110243,0.00459872,0.00650815,0.748681,-0.575323,-0.20174,0.260347
1.86486,0.110243,0.00459872,0.00650815,0.748681,-0.575323,-0.20174,0.260347
1.86586,0.110324,0.00447844,0.00649567,0.748427,-0.575531,-0.201783,0.260585
1.86685,0.110324,0.00447844,0.00649567,0.748427,-0.575531,-0.201783,0.260585
1.86785,0.110364,0.00427437,0.00660103,0.74783,-0.575863,-0.202644,0.260898
1.86887,0.110364,0.00427437,0.00660103,0.74783,-0.575863,-0.202644,0.260898
1.86983,0.110399,0.00407607,0.00662593,0.747238,-0.576599,-0.203299,0.260459
1.87085,0.110399,0.00407607,0.00662593,0.747238,-0.576599,-0.203299,0.260459
1.87188,0.110434,0.00387789,0.00665092,0.746815,-0.576962,-0.203516,0.260698
1.87286,0.110434,0.00387789,0.00665092,0.746815,-0.576962,-0.203516,0.260698
1.87387,0.110469,0.00367982,0.00667601,0.746343,-0.577189,-0.204355,0.260892
1.87487,0.110469,0.00367982,0.00667601,0.746343,-0.577189,-0.204355,0.260892
1.87587,0.110485,0.003509,0.00674469,0.745919,-0.577552,-0.204573,0.261131
1.87683,0.110485,0.003509,0.00674469,0.745919,-0.577552,-0.204573,0.261131
1.87786,0.110587,0.0033566,0.00676998,0.7452,-0.578361,-0.204706,0.261287
1.87885,0.110587,0.0033566,0.00676998,0.7452,-0.578361,-0.204706,0.261287
1.87986,0.110621,0.00315888,0.00679536,0.744727,-0.578586,-0.205544,0.261481
1.88086,0.110621,0.00315888,0.00679536,0.744727,-0.578586,-0.205544,0.261481
1.88186,0.110659,0.00295572,0.00690198,0.744174,-0.579051,-0.205782,0.261838
1.88286,0.110659,0.00295572,0.00690198,0.744174,-0.579051,-0.205782,0.261838
1.88387,0.110693,0.00275823,0.00692762,0.743748,-0.579413,-0.205999,0.262077
1.88483,0.110693,0.00275823,0.00692762,0.743748,-0.579413,-0.205999,0.262077
1.88587,0.110708,0.00258792,0.00699697,0.742936,-0.580135,-0.206906,0.262068
1.88686,0.110708,0.00258792,0.00699697,0.742936,-0.580135,-0.206906,0.262068
1.88787,0.110763,0.00235812,0.00706054,0.742381,-0.580599,-0.207143,0.262425
1.88886,0.110763,0.00235812,0.00706054,0.742381,-0.580599,-0.207143,0.262425
1.88984,0.110796,0.002161,0.00708653,0.741954,-0.58096,-0.207359,0.262663
1.89087,0.110796,0.002161,0.00708653,0.741954,-0.58096,-0.207359,0.262663
1.89186,0.11081,0.001991,0.00715629,0.741695,-0.581188,-0.207947,0.262426
1.89286,0.11081,0.001991,0.00715629,0.741695,-0.581188,-0.207947,0.262426
1.89386,0.110864,0.00176167,0.00722037,0.740801,-0.582148,-0.208255,0.262579
1.89485,0.110864,0.00176167,0.00722037,0.740801,-0.582148,-0.208255,0.262579
1.89586,0.110947,0.00163749,0.00729042,0.740366,-0.582314,-0.208939,0.262893
1.89686,0.110947,0.00163749,0.00729042,0.740366,-0.582314,-0.208939,0.262893
1.89786,0.110978,0.00144085,0.00731686,0.739938,-0.582674,-0.209154,0.26313
1.89886,0.110978,0.00144085,0.00731686,0.739938,-0.582674,-0.209154,0.26313
1.89985,0.110992,0.00127126,0.00738716,0.739509,-0.583034,-0.209369,0.263367
1.90083,0.110992,0.00127126,0.00738716,0.739509,-0.583034,-0.209369,0.263367
1.90184,0.111092,0.0011205,0.00741381,0.739123,-0.58334,-0.209432,0.263723
1.90285,0.111092,0.0011205,0.00741381,0.739123,-0.58334,-0.209432,0.263723
1.90387,0.111106,0.000951108,0.00748435,0.738305,-0.584054,-0.21034,0.263713
1.90486,0.111106,0.000951108,0.00748435,0.738305,-0.584054,-0.21034,0.263713
1.90586,0.111137,0.000754921,0.00751121,0.738043,-0.584278,-0.210928,0.263478
1.90687,0.111137,0.000754921,0.00751121,0.738043,-0.584278,-0.210928,0.263478
1.90787,0.111219,0.000631439,0.00758199,0.737657,-0.584583,-0.210991,0.263834
1.90886,0.111219,0.000631439,0.00758199,0.737657,-0.584583,-0.210991,0.263834
1.90986,0.111249,0.000435488,0.00760905,0.737226,-0.584942,-0.211206,0.264071
1.91085,0.111249,0.000435488,0.00760905,0.737226,-0.584942,-0.211206,0.264071
1.91183,0.111262,0.000266486,0.00768008,0.736455,-0.585795,-0.211493,0.264101
1.91283,0.111262,0.000266486,0.00768008,0.736455,-0.585795,-0.211493,0.264101
1.91386,0.111343,0.000143348,0.00775124,0.736017,-0.585955,-0.212176,0.264416
1.91486,0.111343,0.000143348,0.00775124,0.736017,-0.585955,-0.212176,0.264416
1.91584,0.111352,-2.0205e-05,0.00774021,0.735715,-0.586212,-0.212369,0.264533
1.91687,0.111352,-2.0205e-05,0.00774021,0.735715,-0.586212,-0.212369,0.264533
1.91787,0.111364,-0.000188943,0.00781156,0.735283,-0.58657,-0.212583,0.264769
1.91886,0.111364,-0.000188943,0.00781156,0.735283,-0.58657,-0.212583,0.264769
1.91987,0.111463,-0.000338542,0.0078391,0.734895,-0.586873,-0.212646,0.265125
1.92086,0.111463,-0.000338542,0.0078391,0.734895,-0.586873,-0.212646,0.265125
1.92187,0.111453,-0.000475105,0.00787216,0.73442,-0.587487,-0.213288,0.264565
1.92287,0.111453,-0.000475105,0.00787216,0.73442,-0.587487,-0.213288,0.264565
1.92387,0.111465,-0.000643578,0.00794384,0.733987,-0.587844,-0.213502,0.264801
1.92487,0.111465,-0.000643578,0.00794384,0.733987,-0.587844,-0.213502,0.264801
1.92583,0.111563,-0.000792823,0.00797164,0.733548,-0.588001,-0.214184,0.265117
1.92686,0.111563,-0.000792823,0.00797164,0.733548,-0.588001,-0.214184,0.265117
1.92786,0.111553,-0.000929207,0.0080049,0.733244,-0.588257,-0.214376,0.265233
1.92886,0.111553,-0.000929207,0.0080049,0.733244,-0.588257,-0.214376,0.265233
1.92986,0.111582,-0.0011241,0.00803286,0.732811,-0.588614,-0.214589,0.265468
1.93086,0.111582,-0.0011241,0.00803286,0.732811,-0.588614,-0.214589,0.265468
1.93186,0.111589,-0.00128703,0.00802217,0.732507,-0.58887,-0.214782,0.265584
1.93285,0.111589,-0.00128703,0.00802217,0.732507,-0.58887,-0.214782,0.265584
1.93387,0.111645,-0.00137216,0.00797274,0.731984,-0.589316,-0.215497,0.265456
1.93485,0.111645,-0.00137216,0.00797274,0.731984,-0.589316,-0.215497,0.265456
1.93587,0.111652,-0.00153495,0.00796205,0.73168,-0.589572,-0.215689,0.265572
1.93686,0.111652,-0.00153495,0.00796205,0.73168,-0.589572,-0.215689,0.265572
1.93787,0.111638,-0.00166586,0.00791256,0.731505,-0.589727,-0.21586,0.265569
1.93887,0.111638,-0.00166586,0.00791256,0.731505,-0.589727,-0.21586,0.265569
1.93986,0.111603,-0.00176491,0.00782424,0.731461,-0.589781,-0.21601,0.265448
1.94087,0.111603,-0.00176491,0.00782424,0.731461,-0.589781,-0.21601,0.265448
1.94187,0.111659,-0.00184981,0.00777466,0.730988,-0.590373,-0.216106,0.265357
1.94286,0.111659,-0.00184981,0.00777466,0.730988,-0.590373,-0.216106,0.265357
1.94386,0.111662,-0.00200706,0.00768082,0.730813,-0.590528,-0.216277,0.265355
1.94486,0.111662,-0.00200706,0.00768082,0.730813,-0.590528,-0.216277,0.265355
1.94586,0.111626,-0.00210594,0.00759232,0.730718,-0.590436,-0.217046,0.265194
1.94686,0.111626,-0.00210594,0.00759232,0.730718,-0.590436,-0.217046,0.265194
1.94785,0.111591,-0.00220475,0.00750376,0.730673,-0.59049,-0.217197,0.265073
1.94887,0.111591,-0.00220475,0.00750376,0.730673,-0.59049,-0.217197,0.265073
1.94987,0.111643,-0.00228402,0.00737084,0.73033,-0.590981,-0.217272,0.264863
1.95085,0.111643,-0.00228402,0.00737084,0.73033,-0.590981,-0.217272,0.264863
1.95186,0.111628,-0.00241452,0.00732098,0.730324,-0.590997,-0.217821,0.264393
1.95286,0.111628,-0.00241452,0.00732098,0.730324,-0.590997,-0.217821,0.264393
1.95387,0.111592,-0.00251315,0.00723225,0.730228,-0.590903,-0.218589,0.264232
1.95484,0.111592,-0.00251315,0.00723225,0.730228,-0.590903,-0.218589,0.264232
1.95588,0.111626,-0.00256583,0.00714346,0.729884,-0.591394,-0.218665,0.264022
1.95686,0.111626,-0.00256583,0.00714346,0.729884,-0.591394,-0.218665,0.264022
1.95784,0.111608,-0.00269064,0.00701019,0.729839,-0.591448,-0.218815,0.2639
1.95886,0.111608,-0.00269064,0.00701019,0.729839,-0.591448,-0.218815,0.2639
1.95986,0.111554,-0.00276281,0.00696574,0.72945,-0.591993,-0.21904,0.263568
1.96085,0.111554,-0.00276281,0.00696574,0.72945,-0.591993,-0.21904,0.263568
1.96186,0.111589,-0.00281533,0.0068768,0.72945,-0.591993,-0.21904,0.263568
1.96287,0.111589,-0.00281533,0.0068768,0.72945,-0.591993,-0.21904,0.263568
1.96386,0.111552,-0.00291368,0.00678781,0.729405,-0.592047,-0.21919,0.263447
1.96487,0.111552,-0.00291368,0.00678781,0.729405,-0.592047,-0.21919,0.263447
1.96587,0.111587,-0.0029661,0.00669876,0.729061,-0.592537,-0.219265,0.263236
1.96685,0.111587,-0.0029661,0.00669876,0.729061,-0.592537,-0.219265,0.263236
1.96786,0.111533,-0.00303817,0.00665422,0.729016,-0.592591,-0.219415,0.263114
1.96886,0.111533,-0.00303817,0.00665422,0.729016,-0.592591,-0.219415,0.263114
1.96984,0.111567,-0.00309051,0.00656511,0.729016,-0.592591,-0.219415,0.263114
1.97086,0.111567,-0.00309051,0.00656511,0.729016,-0.592591,-0.219415,0.263114
1.97186,0.111531,-0.00318866,0.00647594,0.728575,-0.592986,-0.220258,0.262741
1.97285,0.111531,-0.00318866,0.00647594,0.728575,-0.592986,-0.220258,0.262741
1.97388,0.111565,-0.0032409,0.00638672,0.728794,-0.592994,-0.220019,0.262316
1.97486,0.111565,-0.0032409,0.00638672,0.728794,-0.592994,-0.220019,0.262316
1.97586,0.111511,-0.00331286,0.00634209,0.728697,-0.592899,-0.220787,0.262153
1.97686,0.111511,-0.00331286,0.00634209,0.728697,-0.592899,-0.220787,0.262153
1.97784,0.111474,-0.00341087,0.00625279,0.728307,-0.593442,-0.221012,0.26182
1.97885,0.111474,-0.00341087,0.00625279,0.728307,-0.593442,-0.221012,0.26182
1.97987,0.111491,-0.00343693,0.00620812,0.728307,-0.593442,-0.221012,0.26182
1.98086,0.111491,-0.00343693,0.00620812,0.728307,-0.593442,-0.221012,0.26182
1.98186,0.111454,-0.00353485,0.00611875,0.728261,-0.593496,-0.221161,0.261698
1.98286,0.111454,-0.00353485,0.00611875,0.728261,-0.593496,-0.221161,0.261698
1.98386,0.111492,-0.00359276,0.00611289,0.727786,-0.594085,-0.221257,0.261604
1.98486,0.111492,-0.00359276,0.00611289,0.727786,-0.594085,-0.221257,0.261604
1.98585,0.111438,-0.0036646,0.00606817,0.72774,-0.594138,-0.221407,0.261482
1.98687,0.111438,-0.0036646,0.00606817,0.72774,-0.594138,-0.221407,0.261482
1.98786,0.111455,-0.0036906,0.00602344,0.72774,-0.594138,-0.221407,0.261482
1.98887,0.111455,-0.0036906,0.00602344,0.72774,-0.594138,-0.221407,0.261482
1.98987,0.111401,-0.00376241,0.0059787,0.727695,-0.594192,-0.221556,0.26136
1.99087,0.111401,-0.00376241,0.0059787,0.727695,-0.594192,-0.221556,0.26136
1.99186,0.111368,-0.00386608,0.0059728,0.727173,-0.594834,-0.221802,0.261144
1.99285,0.111368,-0.00386608,0.0059728,0.727173,-0.594834,-0.221802,0.261144
1.99386,0.111384,-0.00389204,0.00592804,0.727173,-0.594834,-0.221802,0.261144
1.99486,0.111384,-0.00389204,0.00592804,0.727173,-0.594834,-0.221802,0.261144
1.99585,0.11133,-0.00396379,0.00588325,0.727127,-0.594888,-0.221951,0.261022
1.99687,0.11133,-0.00396379,0.00588325,0.727127,-0.594888,-0.221951,0.261022
1.99786,0.111297,-0.0040674,0.00587734,0.726899,-0.594892,-0.22274,0.260977
1.99886,0.111297,-0.0040674,0.00587734,0.726899,-0.594892,-0.22274,0.260977
1.99986,0.111243,-0.00413909,0.00583253,0.726507,-0.595434,-0.222963,0.260641
2.00085,0.111243,-0.00413909,0.00583253,0.726507,-0.595434,-0.222963,0.260641
2.00186,0.111205,-0.00423667,0.00574288,0.726461,-0.595487,-0.223113,0.260519
2.00286,0.111205,-0.00423667,0.00574288,0.726461,-0.595487,-0.223113,0.260519
2.00384,0.111222,-0.00426258,0.00569804,0.726461,-0.595487,-0.223113,0.260519
2.00487,0.111222,-0.00426258,0.00569804,0.726461,-0.595487,-0.223113,0.260519
2.00586,0.111188,-0.0043661,0.00569207,0.726284,-0.595641,-0.223283,0.260515
2.00686,0.111188,-0.0043661,0.00569207,0.726284,-0.595641,-0.223283,0.260515
2.00786,0.111134,-0.00443769,0.0056472,0.725892,-0.596182,-0.223507,0.260179
2.00886,0.111134,-0.00443769,0.0056472,0.725892,-0.596182,-0.223507,0.260179
2.00986,0.111079,-0.00450925,0.00560232,0.725846,-0.596235,-0.223656,0.260056
2.01086,0.111079,-0.00450925,0.00560232,0.725846,-0.596235,-0.223656,0.260056
2.01187,0.111025,-0.00458078,0.00555743,0.7258,-0.596288,-0.223805,0.259934
2.01287,0.111025,-0.00458078,0.00555743,0.7258,-0.596288,-0.223805,0.259934
2.01386,0.111062,-0.00463855,0.00555143,0.725669,-0.596388,-0.223826,0.260052
2.01485,0.111062,-0.00463855,0.00555143,0.725669,-0.596388,-0.223826,0.260052
2.01584,0.111007,-0.00471005,0.00550651,0.725623,-0.596442,-0.223975,0.259929
2.01684,0.111007,-0.00471005,0.00550651,0.725623,-0.596442,-0.223975,0.259929
2.01786,0.110953,-0.00478152,0.00546157,0.72523,-0.596982,-0.224198,0.259593
2.01887,0.110953,-0.00478152,0.00546157,0.72523,-0.596982,-0.224198,0.259593
2.01986,0.110898,-0.00485296,0.00541663,0.725184,-0.597035,-0.224348,0.25947
2.02088,0.110898,-0.00485296,0.00541663,0.725184,-0.597035,-0.224348,0.25947
2.02186,0.110864,-0.0049563,0.0054106,0.725007,-0.597189,-0.224518,0.259466
2.02286,0.110864,-0.0049563,0.0054106,0.725007,-0.597189,-0.224518,0.259466
2.02385,0.110809,-0.00502768,0.00536563,0.724961,-0.597242,-0.224667,0.259343
2.02482,0.110809,-0.00502768,0.00536563,0.724961,-0.597242,-0.224667,0.259343
2.02586,0.110754,-0.00509904,0.00532064,0.724567,-0.597782,-0.224889,0.259006
2.02685,0.110754,-0.00509904,0.00532064,0.724567,-0.597782,-0.224889,0.259006
2.02786,0.110716,-0.00519613,0.00523064,0.724521,-0.597835,-0.225038,0.258883
2.02888,0.110716,-0.00519613,0.00523064,0.724521,-0.597835,-0.225038,0.258883
2.02986,0.110681,-0.00529937,0.00522456,0.724344,-0.597988,-0.225208,0.258878
2.03082,0.110681,-0.00529937,0.00522456,0.724344,-0.597988,-0.225208,0.258878
2.03186,0.110626,-0.00537063,0.00517953,0.724298,-0.598041,-0.225357,0.258755
2.03288,0.110626,-0.00537063,0.00517953,0.724298,-0.598041,-0.225357,0.258755
2.03387,0.110608,-0.00549956,0.00512838,0.72412,-0.598194,-0.225527,0.25875
2.03483,0.110608,-0.00549956,0.00512838,0.72412,-0.598194,-0.225527,0.25875
2.03586,0.110624,-0.00552527,0.00508331,0.723719,-0.59853,-0.226218,0.258492
2.03686,0.110624,-0.00552527,0.00508331,0.723719,-0.59853,-0.226218,0.258492
2.03786,0.110606,-0.00565411,0.00503211,0.723595,-0.598833,-0.22577,0.25853
2.03887,0.110606,-0.00565411,0.00503211,0.723595,-0.598833,-0.22577,0.25853
2.03986,0.11055,-0.00572527,0.004987,0.723495,-0.598736,-0.226537,0.258364
2.04086,0.11055,-0.00572527,0.004987,0.723495,-0.598736,-0.226537,0.258364
2.04184,0.110532,-0.00585401,0.00493573,0.723317,-0.598889,-0.226706,0.258359
2.04285,0.110532,-0.00585401,0.00493573,0.723317,-0.598889,-0.226706,0.258359
2.04385,0.110513,-0.0059827,0.00488443,0.722791,-0.599527,-0.226949,0.258138
2.04487,0.110513,-0.0059827,0.00488443,0.722791,-0.599527,-0.226949,0.258138
2.04586,0.110494,-0.00611132,0.0048331,0.722613,-0.599679,-0.227119,0.258133
2.04686,0.110494,-0.00611132,0.0048331,0.722613,-0.599679,-0.227119,0.258133
2.04785,0.110475,-0.00623988,0.00478173,0.722435,-0.599832,-0.227288,0.258127
2.04886,0.110475,-0.00623988,0.00478173,0.722435,-0.599832,-0.227288,0.258127
2.04987,0.110455,-0.00636838,0.00473033,0.722257,-0.599985,-0.227457,0.258122
2.05085,0.110455,-0.00636838,0.00473033,0.722257,-0.599985,-0.227457,0.258122
2.05186,0.110508,-0.00645139,0.00467889,0.721777,-0.600569,-0.227552,0.258023
2.05287,0.110508,-0.00645139,0.00467889,0.721777,-0.600569,-0.227552,0.258023
2.05387,0.110488,-0.00657977,0.00462742,0.721598,-0.600721,-0.227721,0.258017
2.05487,0.110488,-0.00657977,0.00462742,0.721598,-0.600721,-0.227721,0.258017
2.05585,0.110469,-0.00670809,0.00457592,0.72142,-0.600874,-0.22789,0.258012
2.05685,0.110469,-0.00670809,0.00457592,0.72142,-0.600874,-0.22789,0.258012
2.05789,0.110469,-0.00686825,0.0045635,0.720541,-0.601604,-0.228386,0.258325
2.05885,0.110469,-0.00686825,0.0045635,0.720541,-0.601604,-0.228386,0.258325
2.05985,0.110449,-0.00699644,0.00451195,0.720363,-0.601757,-0.228555,0.258319
2.06088,0.110449,-0.00699644,0.00451195,0.720363,-0.601757,-0.228555,0.258319
2.06182,0.110429,-0.00712457,0.00446036,0.720184,-0.601909,-0.228724,0.258313
2.06285,0.110429,-0.00712457,0.00446036,0.720184,-0.601909,-0.228724,0.258313
2.06385,0.110481,-0.00720722,0.00440873,0.719537,-0.602638,-0.228433,0.258672
2.06481,0.110481,-0.00720722,0.00440873,0.719537,-0.602638,-0.228433,0.258672
2.06586,0.110477,-0.00736056,0.00431164,0.719358,-0.602791,-0.228601,0.258666
2.06687,0.110477,-0.00736056,0.00431164,0.719358,-0.602791,-0.228601,0.258666
2.06782,0.11044,-0.00746317,0.00430538,0.719125,-0.602792,-0.229387,0.258617
2.06888,0.11044,-0.00746317,0.00430538,0.719125,-0.602792,-0.229387,0.258617
2.06984,0.110436,-0.00761634,0.00420817,0.718596,-0.603427,-0.229628,0.258392
2.07086,0.110436,-0.00761634,0.00420817,0.718596,-0.603427,-0.229628,0.258392
2.07186,0.110415,-0.00774413,0.00415639,0.718197,-0.603575,-0.230028,0.258802
2.07285,0.110415,-0.00774413,0.00415639,0.718197,-0.603575,-0.230028,0.258802
2.07387,0.110394,-0.00787186,0.00410457,0.718017,-0.603727,-0.230196,0.258795
2.07486,0.110394,-0.00787186,0.00410457,0.718017,-0.603727,-0.230196,0.258795
2.07586,0.11043,-0.00792892,0.00409829,0.71737,-0.604455,-0.229903,0.259151
2.07684,0.11043,-0.00792892,0.00409829,0.71737,-0.604455,-0.229903,0.259151
2.07786,0.110389,-0.00802472,0.00400715,0.717322,-0.604508,-0.230051,0.259027
2.07885,0.110389,-0.00802472,0.00400715,0.717322,-0.604508,-0.230051,0.259027
2.07987,0.110368,-0.0081523,0.00395525,0.716572,-0.605138,-0.230521,0.259215
2.08086,0.110368,-0.0081523,0.00395525,0.716572,-0.605138,-0.230521,0.259215
2.08186,0.110347,-0.00827981,0.00390331,0.716392,-0.605291,-0.230689,0.259207
2.08287,0.110347,-0.00827981,0.00390331,0.716392,-0.605291,-0.230689,0.259207
2.08382,0.110305,-0.00837543,0.00381203,0.715774,-0.605822,-0.231137,0.259276
2.08489,0.110305,-0.00837543,0.00381203,0.715774,-0.605822,-0.231137,0.259276
2.08587,0.110268,-0.00847772,0.00380568,0.715593,-0.605974,-0.231305,0.259269
2.08686,0.110268,-0.00847772,0.00380568,0.715593,-0.605974,-0.231305,0.259269
2.08787,0.1103,-0.0085279,0.00371433,0.715077,-0.606603,-0.230988,0.259503
2.08886,0.1103,-0.0085279,0.00371433,0.715077,-0.606603,-0.230988,0.259503
2.08987,0.110278,-0.0086552,0.00366225,0.714731,-0.606902,-0.230768,0.259953
2.09085,0.110278,-0.0086552,0.00366225,0.714731,-0.606902,-0.230768,0.259953
2.09186,0.110221,-0.00872558,0.00361653,0.714278,-0.607286,-0.231602,0.259561
2.09286,0.110221,-0.00872558,0.00361653,0.714278,-0.607286,-0.231602,0.259561
2.09384,0.110272,-0.00880745,0.0035644,0.713979,-0.607532,-0.231234,0.260134
2.09486,0.110272,-0.00880745,0.0035644,0.713979,-0.607532,-0.231234,0.260134
2.09586,0.110214,-0.00887778,0.00351864,0.713359,-0.608063,-0.23168,0.260197
2.09686,0.110214,-0.00887778,0.00351864,0.713359,-0.608063,-0.23168,0.260197
2.09786,0.110192,-0.00900489,0.00346645,0.713012,-0.608363,-0.231458,0.260645
2.09887,0.110192,-0.00900489,0.00346645,0.713012,-0.608363,-0.231458,0.260645
2.09986,0.110208,-0.00902986,0.00342066,0.712495,-0.608991,-0.231138,0.260876
2.10083,0.110208,-0.00902986,0.00342066,0.712495,-0.608991,-0.231138,0.260876
2.10186,0.110186,-0.00915687,0.00336841,0.712091,-0.609141,-0.231532,0.261278
2.10286,0.110186,-0.00915687,0.00336841,0.712091,-0.609141,-0.231532,0.261278
2.10386,0.110221,-0.00921361,0.00336197,0.711273,-0.610015,-0.230841,0.262078
2.10486,0.110221,-0.00921361,0.00336197,0.711273,-0.610015,-0.230841,0.262078
2.10587,0.110198,-0.00934053,0.00330968,0.710868,-0.610166,-0.231235,0.262478
2.10686,0.110198,-0.00934053,0.00330968,0.710868,-0.610166,-0.231235,0.262478
2.10786,0.110233,-0.0093972,0.00330323,0.710566,-0.610412,-0.230865,0.263049
2.10886,0.110233,-0.0093972,0.00330323,0.710566,-0.610412,-0.230865,0.263049
2.10986,0.110211,-0.00952402,0.0032509,0.709811,-0.611042,-0.231325,0.26322
2.11086,0.110211,-0.00952402,0.0032509,0.709811,-0.611042,-0.231325,0.26322
2.11183,0.110246,-0.00958063,0.00324445,0.709339,-0.611436,-0.230564,0.264244
2.11285,0.110246,-0.00958063,0.00324445,0.709339,-0.611436,-0.230564,0.264244
2.11387,0.110223,-0.00970736,0.00319208,0.708583,-0.612066,-0.231022,0.264413
2.11486,0.110223,-0.00970736,0.00319208,0.708583,-0.612066,-0.231022,0.264413
2.11586,0.110278,-0.00979565,0.00322511,0.708145,-0.61241,-0.230671,0.265097
2.11685,0.110278,-0.00979565,0.00322511,0.708145,-0.61241,-0.230671,0.265097
2.11785,0.110255,-0.00992227,0.00317271,0.707387,-0.61304,-0.231127,0.265264
2.11883,0.110255,-0.00992227,0.00317271,0.707387,-0.61304,-0.231127,0.265264
2.11986,0.110309,-0.0100105,0.0032058,0.706721,-0.613384,-0.231,0.266353
2.12086,0.110309,-0.0100105,0.0032058,0.706721,-0.613384,-0.231,0.266353
2.12185,0.110286,-0.010137,0.00315337,0.705963,-0.614015,-0.231456,0.266516
2.12286,0.110286,-0.010137,0.00315337,0.705963,-0.614015,-0.231456,0.266516
2.12385,0.110341,-0.010225,0.00318651,0.705465,-0.61421,-0.23172,0.267153
2.12486,0.110341,-0.010225,0.00318651,0.705465,-0.61421,-0.23172,0.267153
2.12586,0.110391,-0.0103061,0.00313406,0.70481,-0.614933,-0.231411,0.267486
2.12686,0.110391,-0.0103061,0.00313406,0.70481,-0.614933,-0.231411,0.267486
2.12785,0.110372,-0.0104394,0.00316726,0.704093,-0.615332,-0.231426,0.268445
2.12886,0.110372,-0.0104394,0.00316726,0.704093,-0.615332,-0.231426,0.268445
2.12987,0.110421,-0.0105204,0.00311479,0.703556,-0.615578,-0.231276,0.269413
2.13086,0.110421,-0.0105204,0.00311479,0.703556,-0.615578,-0.231276,0.269413
2.13186,0.110383,-0.010622,0.00310837,0.702795,-0.616209,-0.231727,0.269569
2.13286,0.110383,-0.010622,0.00310837,0.702795,-0.616209,-0.231727,0.269569
2.13386,0.110452,-0.0107344,0.00309554,0.702178,-0.616699,-0.230977,0.270698
2.13485,0.110452,-0.0107344,0.00309554,0.702178,-0.616699,-0.230977,0.270698
2.13585,0.110413,-0.010836,0.00308913,0.701416,-0.617331,-0.231426,0.270851
2.13686,0.110413,-0.010836,0.00308913,0.701416,-0.617331,-0.231426,0.270851
2.13786,0.110389,-0.0109621,0.00303659,0.700828,-0.617634,-0.231417,0.271688
2.13886,0.110389,-0.0109621,0.00303659,0.700828,-0.617634,-0.231417,0.271688
2.13985,0.11035,-0.0110636,0.00303017,0.700065,-0.618266,-0.231864,0.271838
2.14087,0.11035,-0.0110636,0.00303017,0.700065,-0.618266,-0.231864,0.271838
2.14187,0.110325,-0.0111896,0.00297759,0.699707,-0.618567,-0.231632,0.272273
2.14285,0.110325,-0.0111896,0.00297759,0.699707,-0.618567,-0.231632,0.272273
2.14386,0.110301,-0.0113155,0.00292498,0.699116,-0.618871,-0.231621,0.273107
2.14483,0.110301,-0.0113155,0.00292498,0.699116,-0.618871,-0.231621,0.273107
2.14587,0.110277,-0.0114414,0.00287234,0.698351,-0.619503,-0.232066,0.273253
2.14687,0.110277,-0.0114414,0.00287234,0.698351,-0.619503,-0.232066,0.273253
2.14784,0.110237,-0.0115428,0.0028659,0.697933,-0.61966,-0.23245,0.273639
2.14887,0.110237,-0.0115428,0.0028659,0.697933,-0.61966,-0.23245,0.273639
2.14987,0.110119,-0.0116823,0.00277341,0.697316,-0.620396,-0.232399,0.273587
2.15085,0.110119,-0.0116823,0.00277341,0.697316,-0.620396,-0.232399,0.273587
2.15186,0.110094,-0.011808,0.00272068,0.696897,-0.620553,-0.232782,0.273972
2.15287,0.110094,-0.011808,0.00272068,0.696897,-0.620553,-0.232782,0.273972
2.15386,0.109995,-0.0119788,0.00266792,0.696082,-0.621242,-0.233366,0.273984
2.15486,0.109995,-0.0119788,0.00266792,0.696082,-0.621242,-0.233366,0.273984
2.15586,0.10995,-0.0120728,0.00257528,0.695512,-0.621922,-0.23317,0.274057
2.15686,0.10995,-0.0120728,0.00257528,0.695512,-0.621922,-0.23317,0.274057
2.15785,0.109851,-0.0122435,0.00252244,0.695044,-0.622137,-0.233695,0.274311
2.15881,0.109851,-0.0122435,0.00252244,0.695044,-0.622137,-0.233695,0.274311
2.15985,0.109806,-0.0123373,0.00242972,0.694474,-0.622816,-0.233496,0.274382
2.16086,0.109806,-0.0123373,0.00242972,0.694474,-0.622816,-0.233496,0.274382
2.16186,0.109721,-0.012532,0.0023304,0.694005,-0.623032,-0.23402,0.274634
2.16286,0.109721,-0.012532,0.0023304,0.694005,-0.623032,-0.23402,0.274634
2.16385,0.109621,-0.0127024,0.00227742,0.693248,-0.623864,-0.233981,0.274688
2.16489,0.109621,-0.0127024,0.00227742,0.693248,-0.623864,-0.233981,0.274688
2.16586,0.109576,-0.0127959,0.00218454,0.69314,-0.623777,-0.234741,0.27451
2.16681,0.109576,-0.0127959,0.00218454,0.69314,-0.623777,-0.234741,0.27451
2.16786,0.109475,-0.012966,0.00213149,0.692383,-0.624609,-0.234701,0.274563
2.16884,0.109475,-0.012966,0.00213149,0.692383,-0.624609,-0.234701,0.274563
2.16984,0.109374,-0.013136,0.0020784,0.69174,-0.625147,-0.235676,0.274121
2.17083,0.109374,-0.013136,0.0020784,0.69174,-0.625147,-0.235676,0.274121
2.17186,0.109347,-0.0132609,0.00202529,0.691379,-0.62545,-0.235437,0.274549
2.17286,0.109347,-0.0132609,0.00202529,0.691379,-0.62545,-0.235437,0.274549
2.17386,0.109246,-0.0134307,0.00197215,0.69056,-0.626139,-0.236011,0.274547
2.17486,0.109246,-0.0134307,0.00197215,0.69056,-0.626139,-0.236011,0.274547
2.17585,0.109219,-0.0135555,0.00191897,0.690373,-0.626291,-0.236171,0.274532
2.17686,0.109219,-0.0135555,0.00191897,0.690373,-0.626291,-0.236171,0.274532
2.17784,0.109192,-0.0136802,0.00186577,0.689664,-0.627066,-0.235984,0.274707
2.17886,0.109192,-0.0136802,0.00186577,0.689664,-0.627066,-0.235984,0.274707
2.17986,0.109109,-0.0138813,0.00185252,0.689228,-0.627227,-0.236921,0.274626
2.18088,0.109109,-0.0138813,0.00185252,0.689228,-0.627227,-0.236921,0.274626
2.18186,0.109082,-0.0140058,0.00179926,0.688518,-0.628001,-0.236733,0.2748
2.18286,0.109082,-0.0140058,0.00179926,0.688518,-0.628001,-0.236733,0.2748
2.18386,0.109073,-0.0141618,0.00178601,0.687844,-0.62872,-0.236963,0.274645
2.18486,0.109073,-0.0141618,0.00178601,0.687844,-0.62872,-0.236963,0.274645
2.18587,0.109032,-0.0142622,0.00177939,0.687072,-0.62935,-0.237392,0.274766
2.18686,0.109032,-0.0142622,0.00177939,0.687072,-0.62935,-0.237392,0.274766
2.18786,0.109023,-0.0144181,0.00176616,0.686745,-0.629597,-0.237568,0.274863
2.18886,0.109023,-0.0144181,0.00176616,0.686745,-0.629597,-0.237568,0.274863
2.18986,0.108981,-0.0145184,0.00175955,0.686034,-0.630371,-0.237377,0.275032
2.19086,0.108981,-0.0145184,0.00175955,0.686034,-0.630371,-0.237377,0.275032
2.19185,0.108971,-0.0146741,0.00174635,0.685531,-0.630769,-0.237151,0.275567
2.19287,0.108971,-0.0146741,0.00174635,0.685531,-0.630769,-0.237151,0.275567
2.19387,0.108929,-0.0147743,0.00173975,0.684933,-0.631247,-0.23798,0.275245
2.19487,0.108929,-0.0147743,0.00173975,0.684933,-0.631247,-0.23798,0.275245
2.19586,0.108905,-0.014906,0.00177332,0.684081,-0.632115,-0.237804,0.275524
2.19687,0.108905,-0.014906,0.00177332,0.684081,-0.632115,-0.237804,0.275524
2.19786,0.108802,-0.0150748,0.00171997,0.683605,-0.632332,-0.238317,0.275762
2.19886,0.108802,-0.0150748,0.00171997,0.683605,-0.632332,-0.238317,0.275762
2.19986,0.108778,-0.0152063,0.0017536,0.682929,-0.633047,-0.238544,0.275602
2.20084,0.108778,-0.0152063,0.0017536,0.682929,-0.633047,-0.238544,0.275602
2.20183,0.108735,-0.0153063,0.00174703,0.682564,-0.633351,-0.238297,0.276021
2.20286,0.108735,-0.0153063,0.00174703,0.682564,-0.633351,-0.238297,0.276021
2.20384,0.108692,-0.0154063,0.00174047,0.68185,-0.634122,-0.238101,0.276183
2.20485,0.108692,-0.0154063,0.00174047,0.68185,-0.634122,-0.238101,0.276183
2.20583,0.108663,-0.0155302,0.00168708,0.681074,-0.634751,-0.238522,0.276292
2.20685,0.108663,-0.0155302,0.00168708,0.681074,-0.634751,-0.238522,0.276292
2.20786,0.108545,-0.0156747,0.00168052,0.680659,-0.635111,-0.238414,0.276578
2.20886,0.108545,-0.0156747,0.00168052,0.680659,-0.635111,-0.238414,0.276578
2.20987,0.108502,-0.0157746,0.00167396,0.680121,-0.63573,-0.238622,0.276302
2.21088,0.108502,-0.0157746,0.00167396,0.680121,-0.63573,-0.238622,0.276302
2.21186,0.108458,-0.0158744,0.0016674,0.679693,-0.635891,-0.23899,0.276666
2.21286,0.108458,-0.0158744,0.0016674,0.679693,-0.635891,-0.23899,0.276666
2.21386,0.108339,-0.0160188,0.00166084,0.678928,-0.636719,-0.23893,0.276691
2.21486,0.108339,-0.0160188,0.00166084,0.678928,-0.636719,-0.23893,0.276691
2.21586,0.108291,-0.0161109,0.00156706,0.67864,-0.636786,-0.23928,0.276942
2.21687,0.108291,-0.0161109,0.00156706,0.67864,-0.636786,-0.23928,0.276942
2.21786,0.108248,-0.0162107,0.00156049,0.677924,-0.637556,-0.239079,0.277096
2.21886,0.108248,-0.0162107,0.00156049,0.677924,-0.637556,-0.239079,0.277096
2.21987,0.108128,-0.0163548,0.00155392,0.677685,-0.637764,-0.239375,0.276946
2.22085,0.108128,-0.0163548,0.00155392,0.677685,-0.637764,-0.239375,0.276946
2.22186,0.108085,-0.0164544,0.00154735,0.676906,-0.638392,-0.23979,0.277045
2.22286,0.108085,-0.0164544,0.00154735,0.676906,-0.638392,-0.23979,0.277045
2.22386,0.107979,-0.0166222,0.00149383,0.67649,-0.638754,-0.239677,0.277327
2.22488,0.107979,-0.0166222,0.00149383,0.67649,-0.638754,-0.239677,0.277327
2.22587,0.107917,-0.0166903,0.00144687,0.675851,-0.639287,-0.240073,0.277312
2.22687,0.107917,-0.0166903,0.00144687,0.675851,-0.639287,-0.240073,0.277312
2.22786,0.107796,-0.0168341,0.00144029,0.675434,-0.639649,-0.239959,0.277593
2.22887,0.107796,-0.0168341,0.00144029,0.675434,-0.639649,-0.239959,0.277593
2.22986,0.107766,-0.0169573,0.00138671,0.674718,-0.640418,-0.239753,0.277741
2.23086,0.107766,-0.0169573,0.00138671,0.674718,-0.640418,-0.239753,0.277741
2.23186,0.107646,-0.0171009,0.00138013,0.674236,-0.640639,-0.240255,0.277966
2.23286,0.107646,-0.0171009,0.00138013,0.674236,-0.640639,-0.240255,0.277966
2.23386,0.107615,-0.017224,0.00132651,0.673697,-0.641254,-0.240457,0.277681
2.23487,0.107615,-0.017224,0.00132651,0.673697,-0.641254,-0.240457,0.277681
2.23586,0.107571,-0.0173232,0.00131992,0.673264,-0.641417,-0.24082,0.278037
2.23686,0.107571,-0.0173232,0.00131992,0.673264,-0.641417,-0.24082,0.278037
2.23786,0.107463,-0.0174903,0.00126627,0.672498,-0.642243,-0.240749,0.278049
2.23886,0.107463,-0.0174903,0.00126627,0.672498,-0.642243,-0.240749,0.278049
2.23986,0.107419,-0.0175895,0.00125968,0.672064,-0.642407,-0.241111,0.278403
2.24086,0.107419,-0.0175895,0.00125968,0.672064,-0.642407,-0.241111,0.278403
2.24188,0.107388,-0.0177123,0.00120599,0.671695,-0.642712,-0.240854,0.278811
2.24287,0.107388,-0.0177123,0.00120599,0.671695,-0.642712,-0.240854,0.278811
2.24386,0.107343,-0.0178114,0.00119939,0.670977,-0.64348,-0.240643,0.278952
2.24488,0.107343,-0.0178114,0.00119939,0.670977,-0.64348,-0.240643,0.278952
2.24586,0.107235,-0.0179781,0.00114567,0.670145,-0.644164,-0.241186,0.278904
2.24687,0.107235,-0.0179781,0.00114567,0.670145,-0.644164,-0.241186,0.278904
2.24785,0.10719,-0.0180771,0.00113907,0.669953,-0.644316,-0.24134,0.278882
2.24887,0.10719,-0.0180771,0.00113907,0.669953,-0.644316,-0.24134,0.278882
2.24988,0.107158,-0.0181996,0.00108531,0.669518,-0.644481,-0.2417,0.279234
2.25085,0.107158,-0.0181996,0.00108531,0.669518,-0.644481,-0.2417,0.279234
2.25185,0.107113,-0.0182986,0.0010787,0.668799,-0.645248,-0.241485,0.27937
2.25286,0.107113,-0.0182986,0.0010787,0.668799,-0.645248,-0.241485,0.27937
2.25383,0.106991,-0.0184414,0.0010721,0.668313,-0.645471,-0.241982,0.279588
2.25486,0.106991,-0.0184414,0.0010721,0.668313,-0.645471,-0.241982,0.279588
2.25586,0.106941,-0.0185324,0.000977696,0.667737,-0.646144,-0.24175,0.279612
2.25687,0.106941,-0.0185324,0.000977696,0.667737,-0.646144,-0.24175,0.279612
2.25786,0.106896,-0.0186312,0.000971075,0.667366,-0.646449,-0.24149,0.280016
2.25883,0.106896,-0.0186312,0.000971075,0.667366,-0.646449,-0.24149,0.280016
2.25986,0.106863,-0.0187534,0.000917218,0.66676,-0.646921,-0.242303,0.279666
2.26087,0.106863,-0.0187534,0.000917218,0.66676,-0.646921,-0.242303,0.279666
2.26193,0.106723,-0.0188646,0.000869968,0.666133,-0.647651,-0.242206,0.279554
2.26281,0.106723,-0.0188646,0.000869968,0.666133,-0.647651,-0.242206,0.279554
2.26381,0.106723,-0.0188646,0.000869968,0.666133,-0.647651,-0.242206,0.279554
2.26482,0.10669,-0.0189867,0.000816059,0.665762,-0.647957,-0.241945,0.279957
2.26582,0.106563,-0.0191212,0.000721481,0.665596,-0.647932,-0.242836,0.279635
2.26683,0.106563,-0.0191212,0.000721481,0.665596,-0.647932,-0.242836,0.279635
2.26782,0.106517,-0.0192197,0.000714816,0.664877,-0.648698,-0.242616,0.279763
2.26883,0.106517,-0.0192197,0.000714816,0.664877,-0.648698,-0.242616,0.279763
2.26987,0.106389,-0.019354,0.000620172,0.664598,-0.648968,-0.242475,0.279921
2.27088,0.106389,-0.019354,0.000620172,0.664598,-0.648968,-0.242475,0.279921
2.27187,0.106279,-0.0195195,0.00056614,0.663941,-0.649496,-0.243422,0.279433
2.27286,0.106279,-0.0195195,0.00056614,0.663941,-0.649496,-0.243422,0.279433
2.27387,0.106151,-0.0196534,0.000471409,0.663662,-0.649767,-0.24328,0.279591
2.27488,0.106151,-0.0196534,0.000471409,0.663662,-0.649767,-0.24328,0.279591
2.27588,0.106009,-0.019764,0.000424027,0.663214,-0.65034,-0.243593,0.279048
2.27687,0.106009,-0.019764,0.000424027,0.663214,-0.65034,-0.243593,0.279048
2.27786,0.10588,-0.0198977,0.00032923,0.66252,-0.65093,-0.244107,0.278872
2.27886,0.10588,-0.0198977,0.00032923,0.66252,-0.65093,-0.244107,0.278872
2.27987,0.105769,-0.0200626,0.000275059,0.662276,-0.651137,-0.244395,0.278713
2.28088,0.105769,-0.0200626,0.000275059,0.662276,-0.651137,-0.244395,0.278713
2.28187,0.10564,-0.020196,0.000180175,0.662176,-0.651252,-0.244667,0.278446
2.28288,0.10564,-0.020196,0.000180175,0.662176,-0.651252,-0.244667,0.278446
2.28384,0.105511,-0.0203293,8.52476e-05,0.661549,-0.65198,-0.244562,0.278324
2.28484,0.105511,-0.0203293,8.52476e-05,0.661549,-0.65198,-0.244562,0.278324
2.28587,0.105369,-0.0204392,3.77676e-05,0.661448,-0.652095,-0.244834,0.278056
2.28686,0.105369,-0.0204392,3.77676e-05,0.661448,-0.652095,-0.244834,0.278056
2.28786,0.10524,-0.0205722,-5.7225e-05,0.660822,-0.652822,-0.244727,0.277932
2.28886,0.10524,-0.0205722,-5.7225e-05,0.660822,-0.652822,-0.244727,0.277932
2.28986,0.10511,-0.020705,-0.000152261,0.660373,-0.653393,-0.245037,0.277386
2.29088,0.10511,-0.020705,-0.000152261,0.660373,-0.653393,-0.245037,0.277386
2.29186,0.10498,-0.0208377,-0.00024734,0.660272,-0.653507,-0.245309,0.277117
2.29287,0.10498,-0.0208377,-0.00024734,0.660272,-0.653507,-0.245309,0.277117
2.29386,0.104772,-0.0210133,-0.000342462,0.659771,-0.654133,-0.245753,0.276435
2.29487,0.104772,-0.0210133,-0.000342462,0.659771,-0.654133,-0.245753,0.276435
2.29587,0.104642,-0.0211456,-0.000437628,0.659494,-0.654404,-0.245606,0.276588
2.29686,0.104642,-0.0211456,-0.000437628,0.659494,-0.654404,-0.245606,0.276588
2.29786,0.104512,-0.0212777,-0.000532836,0.659044,-0.654973,-0.245914,0.276039
2.29887,0.104512,-0.0212777,-0.000532836,0.659044,-0.654973,-0.245914,0.276039
2.29987,0.104381,-0.0214097,-0.000628087,0.658943,-0.655087,-0.246185,0.27577
2.30083,0.104381,-0.0214097,-0.000628087,0.658943,-0.655087,-0.246185,0.27577
2.30187,0.104255,-0.0215501,-0.000635044,0.658348,-0.655748,-0.246508,0.275329
2.30286,0.104255,-0.0215501,-0.000635044,0.658348,-0.655748,-0.246508,0.275329
2.30386,0.104124,-0.0216818,-0.00073036,0.657897,-0.656316,-0.246815,0.274779
2.30486,0.104124,-0.0216818,-0.00073036,0.657897,-0.656316,-0.246815,0.274779
2.30584,0.103993,-0.0218134,-0.000825719,0.657795,-0.656429,-0.247085,0.274509
2.30687,0.103993,-0.0218134,-0.000825719,0.657795,-0.656429,-0.247085,0.274509
2.30786,0.103849,-0.0219218,-0.000873414,0.657238,-0.657292,-0.246354,0.274438
2.30887,0.103849,-0.0219218,-0.000873414,0.657238,-0.657292,-0.246354,0.274438
2.30986,0.103722,-0.0220618,-0.00088042,0.656992,-0.657498,-0.24664,0.274275
2.31088,0.103722,-0.0220618,-0.00088042,0.656992,-0.657498,-0.24664,0.274275
2.31187,0.10359,-0.0221929,-0.000975864,0.65654,-0.658064,-0.246945,0.273724
2.31286,0.10359,-0.0221929,-0.000975864,0.65654,-0.658064,-0.246945,0.273724
2.31386,0.103524,-0.0222584,-0.0010236,0.656139,-0.658573,-0.247115,0.273307
2.31487,0.103524,-0.0222584,-0.0010236,0.656139,-0.658573,-0.247115,0.273307
2.31587,0.103397,-0.0223981,-0.00103064,0.655893,-0.658779,-0.2474,0.273145
2.31687,0.103397,-0.0223981,-0.00103064,0.655893,-0.658779,-0.2474,0.273145
2.31787,0.103253,-0.022506,-0.0010784,0.655509,-0.659482,-0.247087,0.272651
2.31886,0.103253,-0.022506,-0.0010784,0.655509,-0.659482,-0.247087,0.272651
2.31986,0.103204,-0.022603,-0.00108544,0.655139,-0.65979,-0.246815,0.273042
2.32086,0.103204,-0.022603,-0.00108544,0.655139,-0.65979,-0.246815,0.273042
2.32186,0.103125,-0.0226454,-0.00108544,0.654737,-0.660298,-0.246985,0.272624
2.32287,0.103125,-0.0226454,-0.00108544,0.654737,-0.660298,-0.246985,0.272624
2.32386,0.10298,-0.0227531,-0.00113322,0.654636,-0.66041,-0.247254,0.272353
2.32487,0.10298,-0.0227531,-0.00113322,0.654636,-0.66041,-0.247254,0.272353
2.32584,0.102931,-0.02285,-0.00114027,0.654089,-0.661011,-0.247438,0.272042
2.32684,0.102931,-0.02285,-0.00114027,0.654089,-0.661011,-0.247438,0.272042
2.32785,0.102786,-0.0229574,-0.00118807,0.654056,-0.661261,-0.247089,0.27183
2.32886,0.102786,-0.0229574,-0.00118807,0.654056,-0.661261,-0.247089,0.27183
2.32986,0.102737,-0.0230542,-0.00119512,0.653508,-0.661862,-0.247273,0.271519
2.33087,0.102737,-0.0230542,-0.00119512,0.653508,-0.661862,-0.247273,0.271519
2.33187,0.102592,-0.0231615,-0.00124294,0.653407,-0.661973,-0.247541,0.271247
2.33287,0.102592,-0.0231615,-0.00124294,0.653407,-0.661973,-0.247541,0.271247
2.33386,0.10253,-0.0232354,-0.00120217,0.652858,-0.662573,-0.247724,0.270935
2.33486,0.10253,-0.0232354,-0.00120217,0.652858,-0.662573,-0.247724,0.270935
2.33586,0.102476,-0.0233232,-0.00129785,0.652807,-0.662629,-0.247859,0.270799
2.33686,0.102476,-0.0233232,-0.00129785,0.652807,-0.662629,-0.247859,0.270799
2.33786,0.102318,-0.0234074,-0.00129785,0.652352,-0.66319,-0.248161,0.270243
2.33884,0.102318,-0.0234074,-0.00129785,0.652352,-0.66319,-0.248161,0.270243
2.33987,0.102268,-0.023504,-0.00130492,0.652156,-0.663339,-0.24831,0.270214
2.34087,0.102268,-0.023504,-0.00130492,0.652156,-0.663339,-0.24831,0.270214
2.34186,0.102122,-0.0236109,-0.00135278,0.652054,-0.66345,-0.248578,0.269941
2.34287,0.102122,-0.0236109,-0.00135278,0.652054,-0.66345,-0.248578,0.269941
2.34386,0.102006,-0.0237722,-0.00140774,0.651454,-0.664104,-0.248894,0.269491
2.34486,0.102006,-0.0237722,-0.00140774,0.651454,-0.664104,-0.248894,0.269491
2.34586,0.10186,-0.0238788,-0.00145564,0.651421,-0.664353,-0.248545,0.269278
2.34687,0.10186,-0.0238788,-0.00145564,0.651421,-0.664353,-0.248545,0.269278
2.34783,0.101809,-0.0239752,-0.00146273,0.651225,-0.664502,-0.248693,0.269248
2.34888,0.101809,-0.0239752,-0.00146273,0.651225,-0.664502,-0.248693,0.269248
2.34986,0.101675,-0.0241044,-0.00155858,0.650769,-0.665062,-0.248994,0.268691
2.35085,0.101675,-0.0241044,-0.00155858,0.650769,-0.665062,-0.248994,0.268691
2.35186,0.101541,-0.0242335,-0.00165446,0.650494,-0.665332,-0.248836,0.268833
2.35286,0.101541,-0.0242335,-0.00165446,0.650494,-0.665332,-0.248836,0.268833
2.35386,0.101411,-0.0243714,-0.00166159,0.649893,-0.665984,-0.249151,0.268381
2.35488,0.101411,-0.0243714,-0.00166159,0.649893,-0.665984,-0.249151,0.268381
2.35587,0.101277,-0.0245002,-0.00175754,0.64979,-0.666094,-0.249418,0.268107
2.35687,0.101277,-0.0245002,-0.00175754,0.64979,-0.666094,-0.249418,0.268107
2.35786,0.101158,-0.0246605,-0.00181269,0.649188,-0.666746,-0.249732,0.267654
2.35886,0.101158,-0.0246605,-0.00181269,0.649188,-0.666746,-0.249732,0.267654
2.35986,0.10096,-0.0248623,-0.00186787,0.648888,-0.667005,-0.250147,0.267349
2.36087,0.10096,-0.0248623,-0.00186787,0.648888,-0.667005,-0.250147,0.267349
2.36186,0.100825,-0.0249906,-0.00196394,0.648856,-0.667253,-0.249797,0.267135
2.36287,0.100825,-0.0249906,-0.00196394,0.648856,-0.667253,-0.249797,0.267135
2.36387,0.100706,-0.0251504,-0.00201919,0.648253,-0.667903,-0.25011,0.266681
2.36487,0.100706,-0.0251504,-0.00201919,0.648253,-0.667903,-0.25011,0.266681
2.36586,0.100587,-0.0253102,-0.00207446,0.648004,-0.668107,-0.250391,0.266513
2.36685,0.100587,-0.0253102,-0.00207446,0.648004,-0.668107,-0.250391,0.266513
2.36785,0.100451,-0.025438,-0.00217066,0.647901,-0.668216,-0.250657,0.266238
2.36885,0.100451,-0.025438,-0.00217066,0.647901,-0.668216,-0.250657,0.266238
2.36986,0.100332,-0.0255974,-0.002226,0.647297,-0.668866,-0.250969,0.265783
2.37087,0.100332,-0.0255974,-0.002226,0.647297,-0.668866,-0.250969,0.265783
2.37186,0.100132,-0.0257979,-0.00228136,0.647067,-0.669262,-0.250766,0.265536
2.37287,0.100132,-0.0257979,-0.00228136,0.647067,-0.669262,-0.250766,0.265536
2.37386,0.0999953,-0.0259252,-0.00237769,0.646608,-0.669817,-0.251063,0.264974
2.37486,0.0999953,-0.0259252,-0.00237769,0.646608,-0.669817,-0.251063,0.264974
2.37586,0.0998749,-0.0260841,-0.00243312,0.64643,-0.670158,-0.250726,0.264864
2.37686,0.0998749,-0.0260841,-0.00243312,0.64643,-0.670158,-0.250726,0.264864
2.37786,0.0997658,-0.0262653,-0.0025368,0.645825,-0.670806,-0.251037,0.264407
2.37888,0.0997658,-0.0262653,-0.0025368,0.645825,-0.670806,-0.251037,0.264407
2.37987,0.0996172,-0.0263697,-0.00258503,0.645793,-0.671053,-0.250686,0.264191
2.38086,0.0996172,-0.0263697,-0.00258503,0.645793,-0.671053,-0.250686,0.264191
2.38187,0.0995075,-0.0265505,-0.00268882,0.645186,-0.6717,-0.250996,0.263733
2.38286,0.0995075,-0.0265505,-0.00268882,0.645186,-0.6717,-0.250996,0.263733
2.38386,0.0993586,-0.0266547,-0.00273709,0.645155,-0.671946,-0.250644,0.263517
2.38486,0.0993586,-0.0266547,-0.00273709,0.645155,-0.671946,-0.250644,0.263517
2.38586,0.0992371,-0.0268128,-0.00279269,0.644905,-0.672149,-0.250924,0.263346
2.38688,0.0992371,-0.0268128,-0.00279269,0.644905,-0.672149,-0.250924,0.263346
2.38786,0.0990993,-0.026939,-0.0028893,0.644516,-0.672839,-0.250602,0.262842
2.38888,0.0990993,-0.026939,-0.0028893,0.644516,-0.672839,-0.250602,0.262842
2.38986,0.0989773,-0.0270969,-0.00294496,0.644338,-0.673179,-0.250264,0.26273
2.39086,0.0989773,-0.0270969,-0.00294496,0.644338,-0.673179,-0.250264,0.26273
2.39186,0.0988391,-0.0272228,-0.00304166,0.644306,-0.673425,-0.249912,0.262513
2.39287,0.0988391,-0.0272228,-0.00304166,0.644306,-0.673425,-0.249912,0.262513
2.39386,0.0987055,-0.0273581,-0.00304901,0.643698,-0.67407,-0.25022,0.262053
2.39487,0.0987055,-0.0273581,-0.00304901,0.643698,-0.67407,-0.25022,0.262053
2.39586,0.0985669,-0.0274837,-0.00314577,0.643308,-0.674759,-0.249897,0.261548
2.39686,0.0985669,-0.0274837,-0.00314577,0.643308,-0.674759,-0.249897,0.261548
2.39787,0.0984441,-0.027641,-0.00320154,0.643129,-0.675098,-0.249559,0.261435
2.39886,0.0984441,-0.027641,-0.00320154,0.643129,-0.675098,-0.249559,0.261435
2.39986,0.098294,-0.0277441,-0.00324996,0.643098,-0.675343,-0.249206,0.261217
2.40086,0.098294,-0.0277441,-0.00324996,0.643098,-0.675343,-0.249206,0.261217
2.40185,0.0981549,-0.0278692,-0.00334682,0.642635,-0.675892,-0.249499,0.260652
2.40288,0.0981549,-0.0278692,-0.00334682,0.642635,-0.675892,-0.249499,0.260652
2.40385,0.0980205,-0.0280039,-0.00335422,0.642457,-0.676231,-0.24916,0.260537
2.40486,0.0980205,-0.0280039,-0.00335422,0.642457,-0.676231,-0.24916,0.260537
2.40585,0.097881,-0.0281287,-0.00345114,0.642065,-0.676917,-0.248836,0.260032
2.40686,0.097881,-0.0281287,-0.00345114,0.642065,-0.676917,-0.248836,0.260032
2.40784,0.0977414,-0.0282534,-0.0035481,0.642034,-0.677161,-0.248482,0.259813
2.40886,0.0977414,-0.0282534,-0.0035481,0.642034,-0.677161,-0.248482,0.259813
2.40986,0.0975365,-0.0284499,-0.00360405,0.641443,-0.677993,-0.248303,0.259271
2.41084,0.0975365,-0.0284499,-0.00360405,0.641443,-0.677993,-0.248303,0.259271
2.41187,0.0973856,-0.0285521,-0.00365256,0.641341,-0.6781,-0.248567,0.258992
2.41285,0.0973856,-0.0285521,-0.00365256,0.641341,-0.6781,-0.248567,0.258992
2.41385,0.0972454,-0.0286763,-0.00374962,0.640948,-0.678784,-0.248241,0.258486
2.41482,0.0972454,-0.0286763,-0.00374962,0.640948,-0.678784,-0.248241,0.258486
2.41585,0.0971208,-0.0288322,-0.00380566,0.640769,-0.679121,-0.247901,0.258369
2.41686,0.0971208,-0.0288322,-0.00380566,0.640769,-0.679121,-0.247901,0.258369
2.41785,0.0969694,-0.028934,-0.00385422,0.640376,-0.679804,-0.247574,0.257863
2.41887,0.0969694,-0.028934,-0.00385422,0.640376,-0.679804,-0.247574,0.257863
2.41987,0.0967631,-0.0291295,-0.0039103,0.640146,-0.680193,-0.247365,0.257605
2.42088,0.0967631,-0.0291295,-0.0039103,0.640146,-0.680193,-0.247365,0.257605
2.42186,0.0966115,-0.029231,-0.0039589,0.639752,-0.680875,-0.247038,0.257098
2.42284,0.0966115,-0.029231,-0.0039589,0.639752,-0.680875,-0.247038,0.257098
2.42386,0.0964753,-0.0293643,-0.00396641,0.639573,-0.681211,-0.246697,0.25698
2.42486,0.0964753,-0.0293643,-0.00396641,0.639573,-0.681211,-0.246697,0.25698
2.42586,0.096334,-0.0294875,-0.00406365,0.639542,-0.681452,-0.246342,0.256759
2.42687,0.096334,-0.0294875,-0.00406365,0.639542,-0.681452,-0.246342,0.256759
2.42786,0.0961975,-0.0296205,-0.00407118,0.638999,-0.682227,-0.246028,0.256353
2.42887,0.0961975,-0.0296205,-0.00407118,0.638999,-0.682227,-0.246028,0.256353
2.42986,0.0960608,-0.0297535,-0.0040787,0.63882,-0.682562,-0.245687,0.256234
2.43085,0.0960608,-0.0297535,-0.0040787,0.63882,-0.682562,-0.245687,0.256234
2.43185,0.0959899,-0.0298149,-0.00412735,0.638474,-0.683189,-0.245227,0.255866
2.43286,0.0959899,-0.0298149,-0.00412735,0.638474,-0.683189,-0.245227,0.255866
2.43385,0.0958529,-0.0299476,-0.00413488,0.638226,-0.683389,-0.245503,0.255687
2.43484,0.0958529,-0.0299476,-0.00413488,0.638226,-0.683389,-0.245503,0.255687
2.43587,0.0957053,-0.0300583,-0.00409373,0.637681,-0.684162,-0.245188,0.25528
2.43687,0.0957053,-0.0300583,-0.00409373,0.637681,-0.684162,-0.245188,0.25528
2.43786,0.0956496,-0.0301515,-0.00410124,0.637552,-0.684445,-0.244715,0.255299
2.43886,0.0956496,-0.0301515,-0.00410124,0.637552,-0.684445,-0.244715,0.255299
2.43986,0.0954969,-0.030252,-0.00414992,0.637521,-0.684684,-0.244358,0.255077
2.44086,0.0954969,-0.030252,-0.00414992,0.637521,-0.684684,-0.244358,0.255077
2.44186,0.0953488,-0.0303625,-0.00410874,0.636975,-0.685456,-0.244042,0.254669
2.44287,0.0953488,-0.0303625,-0.00410874,0.636975,-0.685456,-0.244042,0.254669
2.44387,0.0952824,-0.0304336,-0.00406755,0.636846,-0.685738,-0.243569,0.254687
2.44487,0.0952824,-0.0304336,-0.00406755,0.636846,-0.685738,-0.243569,0.254687
2.44586,0.0951294,-0.0305338,-0.00411624,0.636447,-0.686413,-0.243238,0.254178
2.44686,0.0951294,-0.0305338,-0.00411624,0.636447,-0.686413,-0.243238,0.254178
2.44785,0.0950733,-0.0306267,-0.00412374,0.636249,-0.686561,-0.243383,0.254138
2.44886,0.0950733,-0.0306267,-0.00412374,0.636249,-0.686561,-0.243383,0.254138
2.44985,0.0949249,-0.0307368,-0.00408251,0.636069,-0.686895,-0.243039,0.254014
2.45085,0.0949249,-0.0307368,-0.00408251,0.636069,-0.686895,-0.243039,0.254014
2.45187,0.094843,-0.0307758,-0.00408251,0.63572,-0.687517,-0.242578,0.253646
2.45288,0.094843,-0.0307758,-0.00408251,0.63572,-0.687517,-0.242578,0.253646
2.45386,0.0947048,-0.0309076,-0.00408999,0.635471,-0.687717,-0.242853,0.253463
2.45486,0.0947048,-0.0309076,-0.00408999,0.635471,-0.687717,-0.242853,0.253463
2.45586,0.0946381,-0.0309785,-0.00404874,0.635342,-0.687998,-0.242378,0.25348
2.45686,0.0946381,-0.0309785,-0.00404874,0.635342,-0.687998,-0.242378,0.25348
2.45786,0.0944845,-0.0310781,-0.00409746,0.635311,-0.688235,-0.242021,0.253255
2.45884,0.0944845,-0.0310781,-0.00409746,0.635311,-0.688235,-0.242021,0.253255
2.45986,0.0943355,-0.0311877,-0.00405619,0.634693,-0.688871,-0.242321,0.252787
2.46086,0.0943355,-0.0311877,-0.00405619,0.634693,-0.688871,-0.242321,0.252787
2.46186,0.0941968,-0.0313191,-0.00406365,0.634513,-0.689204,-0.241977,0.252661
2.46286,0.0941968,-0.0313191,-0.00406365,0.634513,-0.689204,-0.241977,0.252661
2.46386,0.0940429,-0.0314184,-0.00411239,0.634414,-0.689308,-0.242238,0.252378
2.46486,0.0940429,-0.0314184,-0.00411239,0.634414,-0.689308,-0.242238,0.252378
2.46587,0.0939038,-0.0315495,-0.00411985,0.633864,-0.690076,-0.241919,0.251966
2.46686,0.0939038,-0.0315495,-0.00411985,0.633864,-0.690076,-0.241919,0.251966
2.46786,0.0937646,-0.0316805,-0.0041273,0.633685,-0.690408,-0.241574,0.25184
2.46886,0.0937646,-0.0316805,-0.0041273,0.633685,-0.690408,-0.241574,0.25184
2.46986,0.0936103,-0.0317793,-0.00417607,0.633654,-0.690644,-0.241215,0.251613
2.47086,0.0936103,-0.0317793,-0.00417607,0.633654,-0.690644,-0.241215,0.251613
2.47186,0.0933986,-0.0319703,-0.00423233,0.633356,-0.690895,-0.241619,0.251286
2.47287,0.0933986,-0.0319703,-0.00423233,0.633356,-0.690895,-0.241619,0.251286
2.47386,0.0932589,-0.0321008,-0.00423979,0.632805,-0.691661,-0.241299,0.250873
2.47488,0.0932589,-0.0321008,-0.00423979,0.632805,-0.691661,-0.241299,0.250873
2.47587,0.0930365,-0.0322695,-0.00424725,0.632507,-0.691912,-0.241702,0.250545
2.47687,0.0930365,-0.0322695,-0.00424725,0.632507,-0.691912,-0.241702,0.250545
2.47786,0.0928916,-0.0323895,-0.0043449,0.632477,-0.692147,-0.241343,0.250318
2.47886,0.0928916,-0.0323895,-0.0043449,0.632477,-0.692147,-0.241343,0.250318
2.47986,0.0927513,-0.0325196,-0.00435238,0.631925,-0.692912,-0.241022,0.249903
2.48086,0.0927513,-0.0325196,-0.00435238,0.631925,-0.692912,-0.241022,0.249903
2.48188,0.0925282,-0.0326877,-0.00435985,0.631696,-0.693294,-0.240806,0.249631
2.48286,0.0925282,-0.0326877,-0.00435985,0.631696,-0.693294,-0.240806,0.249631
2.48387,0.0923975,-0.0328392,-0.00441618,0.631448,-0.693493,-0.241078,0.249444
2.48486,0.0923975,-0.0328392,-0.00441618,0.631448,-0.693493,-0.241078,0.249444
2.48586,0.0921738,-0.0330067,-0.00442366,0.630846,-0.694308,-0.240885,0.248886
2.48687,0.0921738,-0.0330067,-0.00442366,0.630846,-0.694308,-0.240885,0.248886
2.48785,0.0920327,-0.0331362,-0.00443112,0.630666,-0.694638,-0.240538,0.248755
2.48887,0.0920327,-0.0331362,-0.00443112,0.630666,-0.694638,-0.240538,0.248755
2.48986,0.0918915,-0.0332655,-0.00443858,0.630487,-0.694969,-0.240191,0.248623
2.49087,0.0918915,-0.0332655,-0.00443858,0.630487,-0.694969,-0.240191,0.248623
2.49187,0.0916671,-0.0334324,-0.00444604,0.629815,-0.695651,-0.240617,0.248006
2.49287,0.0916671,-0.0334324,-0.00444604,0.629815,-0.695651,-0.240617,0.248006
2.49386,0.091511,-0.0335294,-0.00449496,0.629785,-0.695884,-0.240256,0.247776
2.49486,0.091511,-0.0335294,-0.00449496,0.629785,-0.695884,-0.240256,0.247776
2.49586,0.0913692,-0.0336582,-0.00450242,0.629231,-0.696645,-0.239932,0.247358
2.49686,0.0913692,-0.0336582,-0.00450242,0.629231,-0.696645,-0.239932,0.247358
2.49787,0.0911441,-0.0338245,-0.00450988,0.628933,-0.696894,-0.240333,0.247026
2.49886,0.0911441,-0.0338245,-0.00450988,0.628933,-0.696894,-0.240333,0.247026
2.49986,0.0910019,-0.033953,-0.00451733,0.628754,-0.697223,-0.239985,0.246892
2.50083,0.0910019,-0.033953,-0.00451733,0.628754,-0.697223,-0.239985,0.246892
2.50185,0.0908596,-0.0340814,-0.00452478,0.628199,-0.697983,-0.23966,0.246473
2.50286,0.0908596,-0.0340814,-0.00452478,0.628199,-0.697983,-0.23966,0.246473
2.50386,0.0907074,-0.0341881,-0.00448325,0.62795,-0.698182,-0.23993,0.246282
2.50487,0.0907074,-0.0341881,-0.00448325,0.62795,-0.698182,-0.23993,0.246282
2.50586,0.0905551,-0.0342946,-0.00444172,0.627394,-0.698941,-0.239604,0.245862
2.50687,0.0905551,-0.0342946,-0.00444172,0.627394,-0.698941,-0.239604,0.245862
2.50787,0.0904124,-0.0344226,-0.00444913,0.627214,-0.699269,-0.239255,0.245727
2.50887,0.0904124,-0.0344226,-0.00444913,0.627214,-0.699269,-0.239255,0.245727
2.50986,0.0902598,-0.0345289,-0.00440756,0.626965,-0.699467,-0.239525,0.245536
2.51087,0.0902598,-0.0345289,-0.00440756,0.626965,-0.699467,-0.239525,0.245536
2.51186,0.0901071,-0.034635,-0.00436598,0.626409,-0.700225,-0.239199,0.245114
2.51286,0.0901071,-0.034635,-0.00436598,0.626409,-0.700225,-0.239199,0.245114
2.51387,0.0899402,-0.0347091,-0.00436598,0.626311,-0.700326,-0.239456,0.244826
2.51486,0.0899402,-0.0347091,-0.00436598,0.626311,-0.700326,-0.239456,0.244826
2.51587,0.0897968,-0.0348366,-0.00437336,0.625754,-0.701082,-0.239129,0.244403
2.51688,0.0897968,-0.0348366,-0.00437336,0.625754,-0.701082,-0.239129,0.244403
2.51786,0.0896297,-0.0349104,-0.00437336,0.625724,-0.701313,-0.238767,0.24417
2.51886,0.0896297,-0.0349104,-0.00437336,0.625724,-0.701313,-0.238767,0.24417
2.51986,0.0894766,-0.035016,-0.00433175,0.625319,-0.701663,-0.238588,0.244378
2.52087,0.0894766,-0.035016,-0.00433175,0.625319,-0.701663,-0.238588,0.244378
2.52186,0.0892397,-0.0351582,-0.00429013,0.624799,-0.702186,-0.239456,0.243355
2.52286,0.0892397,-0.0351582,-0.00429013,0.624799,-0.702186,-0.239456,0.243355
2.52387,0.0890723,-0.0352316,-0.00429013,0.62477,-0.702416,-0.239094,0.243121
2.52487,0.0890723,-0.0352316,-0.00429013,0.62477,-0.702416,-0.239094,0.243121
2.52586,0.0888305,-0.035363,-0.00433912,0.624692,-0.702696,-0.23886,0.242743
2.52686,0.0888305,-0.035363,-0.00433912,0.624692,-0.702696,-0.23886,0.242743
2.52786,0.0885931,-0.0355044,-0.00429748,0.624015,-0.70337,-0.239278,0.242118
2.52886,0.0885931,-0.0355044,-0.00429748,0.624015,-0.70337,-0.239278,0.242118
2.52984,0.0884254,-0.0355772,-0.00429748,0.623986,-0.7036,-0.238915,0.241884
2.53086,0.0884254,-0.0355772,-0.00429748,0.623986,-0.7036,-0.238915,0.241884
2.53187,0.0881738,-0.0356862,-0.00429748,0.62346,-0.704176,-0.239321,0.241163
2.53287,0.0881738,-0.0356862,-0.00429748,0.62346,-0.704176,-0.239321,0.241163
2.53386,0.0879314,-0.0358165,-0.00434648,0.623382,-0.704454,-0.239086,0.240784
2.53486,0.0879314,-0.0358165,-0.00434648,0.623382,-0.704454,-0.239086,0.240784
2.53586,0.0876932,-0.0359569,-0.00430482,0.623083,-0.7047,-0.239482,0.240445
2.53686,0.0876932,-0.0359569,-0.00430482,0.623083,-0.7047,-0.239482,0.240445
2.53787,0.0874504,-0.0360866,-0.00435383,0.622626,-0.705403,-0.239267,0.239778
2.53886,0.0874504,-0.0360866,-0.00435383,0.622626,-0.705403,-0.239267,0.239778
2.53988,0.0871982,-0.0361944,-0.00435383,0.622479,-0.705551,-0.239651,0.239343
2.54087,0.0871982,-0.0361944,-0.00435383,0.622479,-0.705551,-0.239651,0.239343
2.54186,0.086955,-0.0363235,-0.00440285,0.622402,-0.705828,-0.239416,0.238962
2.54286,0.086955,-0.0363235,-0.00440285,0.622402,-0.705828,-0.239416,0.238962
2.54386,0.0866182,-0.0364663,-0.00440285,0.621895,-0.706579,-0.239328,0.238149
2.54486,0.0866182,-0.0364663,-0.00440285,0.621895,-0.706579,-0.239328,0.238149
2.54586,0.0863747,-0.0365947,-0.00445187,0.621819,-0.706854,-0.239092,0.237768
2.54686,0.0863747,-0.0365947,-0.00445187,0.621819,-0.706854,-0.239092,0.237768
2.54783,0.0861218,-0.0367011,-0.00445187,0.621671,-0.707001,-0.239475,0.237332
2.54888,0.0861218,-0.0367011,-0.00445187,0.621671,-0.707001,-0.239475,0.237332
2.54986,0.0857935,-0.0368642,-0.00450091,0.621164,-0.707749,-0.239385,0.236518
2.55086,0.0857935,-0.0368642,-0.00450091,0.621164,-0.707749,-0.239385,0.236518
2.55186,0.0855403,-0.0369699,-0.00450091,0.621088,-0.708023,-0.239149,0.236136
2.55286,0.0855403,-0.0369699,-0.00450091,0.621088,-0.708023,-0.239149,0.236136
2.55387,0.0852869,-0.0370753,-0.00450091,0.62063,-0.708721,-0.23893,0.235466
2.55486,0.0852869,-0.0370753,-0.00450091,0.62063,-0.708721,-0.23893,0.235466
2.55587,0.0849579,-0.0372371,-0.00454995,0.620506,-0.709043,-0.238821,0.234938
2.55688,0.0849579,-0.0372371,-0.00454995,0.620506,-0.709043,-0.238821,0.234938
2.55788,0.0847043,-0.0373417,-0.00454995,0.62043,-0.709315,-0.238584,0.234555
2.55881,0.0847043,-0.0373417,-0.00454995,0.62043,-0.709315,-0.238584,0.234555
2.55986,0.0844594,-0.0374678,-0.00459901,0.619972,-0.71001,-0.238364,0.233885
2.56086,0.0844594,-0.0374678,-0.00459901,0.619972,-0.71001,-0.238364,0.233885
2.56187,0.0841207,-0.0376065,-0.00459901,0.619465,-0.710753,-0.238271,0.233068
2.56286,0.0841207,-0.0376065,-0.00459901,0.619465,-0.710753,-0.238271,0.233068
2.56386,0.0838666,-0.0377101,-0.00459901,0.61939,-0.711024,-0.238033,0.232684
2.56487,0.0838666,-0.0377101,-0.00459901,0.61939,-0.711024,-0.238033,0.232684
2.56586,0.0836124,-0.0378134,-0.00459901,0.618931,-0.711716,-0.237812,0.232013
2.56686,0.0836124,-0.0378134,-0.00459901,0.618931,-0.711716,-0.237812,0.232013
2.56784,0.083358,-0.0379164,-0.00459901,0.618856,-0.711986,-0.237574,0.231628
2.56882,0.083358,-0.0379164,-0.00459901,0.618856,-0.711986,-0.237574,0.231628
2.56984,0.0830186,-0.0380532,-0.00459901,0.618349,-0.712724,-0.237478,0.23081
2.57087,0.0830186,-0.0380532,-0.00459901,0.618349,-0.712724,-0.237478,0.23081
2.57184,0.0828488,-0.0381214,-0.00459901,0.618395,-0.713071,-0.236493,0.230626
2.57289,0.0828488,-0.0381214,-0.00459901,0.618395,-0.713071,-0.236493,0.230626
2.57386,0.0825941,-0.0382234,-0.00459901,0.618321,-0.713339,-0.236254,0.230241
2.57486,0.0825941,-0.0382234,-0.00459901,0.618321,-0.713339,-0.236254,0.230241
2.57587,0.0823392,-0.0383252,-0.00459901,0.617862,-0.714027,-0.23603,0.229568
2.57684,0.0823392,-0.0383252,-0.00459901,0.617862,-0.714027,-0.23603,0.229568
2.57787,0.0820841,-0.0384266,-0.00459901,0.617402,-0.714715,-0.235806,0.228896
2.57886,0.0820841,-0.0384266,-0.00459901,0.617402,-0.714715,-0.235806,0.228896
2.57986,0.0818418,-0.0385601,-0.00455734,0.617176,-0.71508,-0.235576,0.2286
2.58087,0.0818418,-0.0385601,-0.00455734,0.617176,-0.71508,-0.235576,0.2286
2.58186,0.0816716,-0.0386273,-0.00455734,0.616764,-0.715719,-0.235224,0.228074
2.58287,0.0816716,-0.0386273,-0.00455734,0.616764,-0.715719,-0.235224,0.228074
2.58387,0.0814163,-0.0387279,-0.00455734,0.616836,-0.715834,-0.235442,0.227293
2.58488,0.0814163,-0.0387279,-0.00455734,0.616836,-0.715834,-0.235442,0.227293
2.58587,0.0811607,-0.0388282,-0.00455734,0.616763,-0.716099,-0.235202,0.226906
2.58687,0.0811607,-0.0388282,-0.00455734,0.616763,-0.716099,-0.235202,0.226906
2.58787,0.0809903,-0.0388949,-0.00455734,0.616351,-0.716736,-0.234849,0.226379
2.58886,0.0809903,-0.0388949,-0.00455734,0.616351,-0.716736,-0.234849,0.226379
2.58987,0.0807473,-0.0390271,-0.00451566,0.61598,-0.717249,-0.234161,0.226475
2.59086,0.0807473,-0.0390271,-0.00451566,0.61598,-0.717249,-0.234161,0.226475
2.59182,0.0804914,-0.0391266,-0.00451566,0.616052,-0.717363,-0.234378,0.225693
2.59286,0.0804914,-0.0391266,-0.00451566,0.616052,-0.717363,-0.234378,0.225693
2.59386,0.0803333,-0.0392252,-0.00447396,0.615486,-0.718098,-0.234035,0.225256
2.59484,0.0803333,-0.0392252,-0.00447396,0.615486,-0.718098,-0.234035,0.225256
2.59586,0.0800772,-0.0393241,-0.00447396,0.615414,-0.71836,-0.233794,0.224867
2.59687,0.0800772,-0.0393241,-0.00447396,0.615414,-0.71836,-0.233794,0.224867
2.59786,0.0798209,-0.0394228,-0.00447396,0.614952,-0.71904,-0.233566,0.224192
2.59886,0.0798209,-0.0394228,-0.00447396,0.614952,-0.71904,-0.233566,0.224192
2.59986,0.0796625,-0.0395209,-0.00443225,0.614775,-0.719356,-0.233208,0.22404
2.60087,0.0796625,-0.0395209,-0.00443225,0.614775,-0.719356,-0.233208,0.22404
2.60186,0.079406,-0.039619,-0.00443225,0.614703,-0.719617,-0.232966,0.22365
2.60286,0.079406,-0.039619,-0.00443225,0.614703,-0.719617,-0.232966,0.22365
2.60386,0.0791618,-0.0397493,-0.00439053,0.614087,-0.720395,-0.232746,0.223063
2.60487,0.0791618,-0.0397493,-0.00439053,0.614087,-0.720395,-0.232746,0.223063
2.60586,0.078905,-0.0398468,-0.00439053,0.614016,-0.720655,-0.232504,0.222672
2.60686,0.078905,-0.0398468,-0.00439053,0.614016,-0.720655,-0.232504,0.222672
2.60786,0.0786481,-0.039944,-0.00439053,0.613481,-0.721209,-0.232895,0.221942
2.60886,0.0786481,-0.039944,-0.00439053,0.613481,-0.721209,-0.232895,0.221942
2.60987,0.0784034,-0.0400734,-0.00434879,0.613329,-0.721691,-0.232041,0.221693
2.61087,0.0784034,-0.0400734,-0.00434879,0.613329,-0.721691,-0.232041,0.221693
2.61187,0.0781462,-0.04017,-0.00434879,0.613185,-0.721827,-0.232419,0.221248
2.61287,0.0781462,-0.04017,-0.00434879,0.613185,-0.721827,-0.232419,0.221248
2.61386,0.0778889,-0.0402662,-0.00434879,0.612795,-0.722623,-0.231567,0.220624
2.61487,0.0778889,-0.0402662,-0.00434879,0.612795,-0.722623,-0.231567,0.220624
2.61588,0.0776315,-0.0403621,-0.00434879,0.612652,-0.722759,-0.231945,0.220178
2.61686,0.0776315,-0.0403621,-0.00434879,0.612652,-0.722759,-0.231945,0.220178
2.61786,0.077374,-0.0404577,-0.00434879,0.612582,-0.723016,-0.231701,0.219786
2.61886,0.077374,-0.0404577,-0.00434879,0.612582,-0.723016,-0.231701,0.219786
2.61987,0.0771163,-0.040553,-0.00434879,0.612119,-0.723688,-0.231469,0.219107
2.62088,0.0771163,-0.040553,-0.00434879,0.612119,-0.723688,-0.231469,0.219107
2.62186,0.0768586,-0.040648,-0.00434879,0.612049,-0.723944,-0.231225,0.218714
2.62286,0.0768586,-0.040648,-0.00434879,0.612049,-0.723944,-0.231225,0.218714
2.62386,0.0766126,-0.0407753,-0.00430704,0.611504,-0.724836,-0.230379,0.218176
2.62486,0.0766126,-0.0407753,-0.00430704,0.611504,-0.724836,-0.230379,0.218176
2.62587,0.0763546,-0.0408697,-0.00430704,0.611434,-0.725091,-0.230135,0.217782
2.62686,0.0763546,-0.0408697,-0.00430704,0.611434,-0.725091,-0.230135,0.217782
2.62787,0.0760965,-0.0409637,-0.00430704,0.611365,-0.725345,-0.229891,0.217388
2.62888,0.0760965,-0.0409637,-0.00430704,0.611365,-0.725345,-0.229891,0.217388
2.62986,0.0758382,-0.0410574,-0.00430704,0.610901,-0.726013,-0.229656,0.216709
2.63087,0.0758382,-0.0410574,-0.00430704,0.610901,-0.726013,-0.229656,0.216709
2.63187,0.0755798,-0.0411508,-0.00430704,0.610832,-0.726266,-0.229411,0.216314
2.63287,0.0755798,-0.0411508,-0.00430704,0.610832,-0.726266,-0.229411,0.216314
2.63386,0.0754075,-0.0412129,-0.00430704,0.610811,-0.726474,-0.229041,0.216068
2.63486,0.0754075,-0.0412129,-0.00430704,0.610811,-0.726474,-0.229041,0.216068
2.63584,0.0751606,-0.0413385,-0.00426527,0.610193,-0.727241,-0.228813,0.215474
2.63687,0.0751606,-0.0413385,-0.00426527,0.610193,-0.727241,-0.228813,0.215474
2.63786,0.0749019,-0.041431,-0.00426527,0.610124,-0.727493,-0.228568,0.215079
2.63886,0.0749019,-0.041431,-0.00426527,0.610124,-0.727493,-0.228568,0.215079
2.63986,0.074741,-0.0415253,-0.00422349,0.609625,-0.728333,-0.227592,0.214686
2.64086,0.074741,-0.0415253,-0.00422349,0.609625,-0.728333,-0.227592,0.214686
2.64187,0.0744937,-0.0416501,-0.0041817,0.609403,-0.728685,-0.227355,0.214375
2.64286,0.0744937,-0.0416501,-0.0041817,0.609403,-0.728685,-0.227355,0.214375
2.64387,0.0742461,-0.0417745,-0.00413989,0.60918,-0.729036,-0.227118,0.214063
2.64487,0.0742461,-0.0417745,-0.00413989,0.60918,-0.729036,-0.227118,0.214063
2.64586,0.0740848,-0.0418682,-0.00409807,0.608607,-0.729756,-0.226762,0.213616
2.64686,0.0740848,-0.0418682,-0.00409807,0.608607,-0.729756,-0.226762,0.213616
2.64785,0.0739234,-0.0419618,-0.00405623,0.608432,-0.730063,-0.226399,0.213453
2.64886,0.0739234,-0.0419618,-0.00405623,0.608432,-0.730063,-0.226399,0.213453
2.64986,0.0736754,-0.0420855,-0.00401438,0.607811,-0.730825,-0.226168,0.212856
2.65086,0.0736754,-0.0420855,-0.00401438,0.607811,-0.730825,-0.226168,0.212856
2.65187,0.0735137,-0.0421788,-0.00397251,0.607636,-0.731132,-0.225804,0.212692
2.65287,0.0735137,-0.0421788,-0.00397251,0.607636,-0.731132,-0.225804,0.212692
2.65386,0.0733519,-0.0422718,-0.00393063,0.60746,-0.731438,-0.22544,0.212527
2.65487,0.0733519,-0.0422718,-0.00393063,0.60746,-0.731438,-0.22544,0.212527
2.65586,0.0731034,-0.0423949,-0.00388874,0.606839,-0.732198,-0.225208,0.211928
2.65686,0.0731034,-0.0423949,-0.00388874,0.606839,-0.732198,-0.225208,0.211928
2.65787,0.0729527,-0.0425203,-0.00380491,0.606509,-0.732605,-0.224851,0.211846
2.65886,0.0729527,-0.0425203,-0.00380491,0.606509,-0.732605,-0.224851,0.211846
2.65987,0.0727905,-0.0426129,-0.00376297,0.606333,-0.732911,-0.224486,0.211679
2.66087,0.0727905,-0.0426129,-0.00376297,0.606333,-0.732911,-0.224486,0.211679
2.66186,0.0726282,-0.0427053,-0.00372102,0.605757,-0.733626,-0.224128,0.21123
2.66286,0.0726282,-0.0427053,-0.00372102,0.605757,-0.733626,-0.224128,0.21123
2.66386,0.0724658,-0.0427976,-0.00367906,0.605581,-0.733931,-0.223763,0.211062
2.66486,0.0724658,-0.0427976,-0.00367906,0.605581,-0.733931,-0.223763,0.211062
2.66586,0.0723033,-0.0428898,-0.00363708,0.605406,-0.734235,-0.223397,0.210895
2.66685,0.0723033,-0.0428898,-0.00363708,0.605406,-0.734235,-0.223397,0.210895
2.66786,0.0721518,-0.0430144,-0.00355308,0.604673,-0.735051,-0.223046,0.210526
2.66887,0.0721518,-0.0430144,-0.00355308,0.604673,-0.735051,-0.223046,0.210526
2.66986,0.0719891,-0.0431063,-0.00351106,0.604498,-0.735354,-0.22268,0.210358
2.67086,0.0719891,-0.0431063,-0.00351106,0.604498,-0.735354,-0.22268,0.210358
2.67189,0.0718262,-0.0431981,-0.00346903,0.604322,-0.735658,-0.222313,0.210188
2.67285,0.0718262,-0.0431981,-0.00346903,0.604322,-0.735658,-0.222313,0.210188
2.67388,0.0716633,-0.0432897,-0.00342698,0.604146,-0.735961,-0.221947,0.210018
2.67484,0.0716633,-0.0432897,-0.00342698,0.604146,-0.735961,-0.221947,0.210018
2.67587,0.0714131,-0.0434105,-0.00338492,0.603925,-0.736308,-0.221704,0.209696
2.67686,0.0714131,-0.0434105,-0.00338492,0.603925,-0.736308,-0.221704,0.209696
2.67786,0.0712424,-0.0434794,-0.00329379,0.603276,-0.736904,-0.221966,0.209193
2.67887,0.0712424,-0.0434794,-0.00329379,0.603276,-0.736904,-0.221966,0.209193
2.67986,0.0710791,-0.0435705,-0.0032517,0.6031,-0.737207,-0.221599,0.209022
2.68086,0.0710791,-0.0435705,-0.0032517,0.6031,-0.737207,-0.221599,0.209022
2.68186,0.0708285,-0.0436906,-0.00320959,0.602879,-0.737553,-0.221355,0.208698
2.68286,0.0708285,-0.0436906,-0.00320959,0.602879,-0.737553,-0.221355,0.208698
2.68388,0.0706758,-0.0438139,-0.00312534,0.602548,-0.737957,-0.220995,0.208607
2.68487,0.0706758,-0.0438139,-0.00312534,0.602548,-0.737957,-0.220995,0.208607
2.68586,0.070414,-0.043901,-0.00312534,0.602079,-0.738607,-0.220749,0.207919
2.68686,0.070414,-0.043901,-0.00312534,0.602079,-0.738607,-0.220749,0.207919
2.68786,0.0702502,-0.0439914,-0.00308319,0.601832,-0.738795,-0.221004,0.207697
2.68886,0.0702502,-0.0439914,-0.00308319,0.601832,-0.738795,-0.221004,0.207697
2.68986,0.0699916,-0.044088,-0.00299199,0.601612,-0.739139,-0.220759,0.207371
2.69086,0.0699916,-0.044088,-0.00299199,0.601612,-0.739139,-0.220759,0.207371
2.69187,0.0698276,-0.0441781,-0.00294981,0.601437,-0.73944,-0.22039,0.207197
2.69287,0.0698276,-0.0441781,-0.00294981,0.601437,-0.73944,-0.22039,0.207197
2.69386,0.069576,-0.0442966,-0.00290763,0.601216,-0.739784,-0.220145,0.20687
2.69486,0.069576,-0.0442966,-0.00290763,0.601216,-0.739784,-0.220145,0.20687
2.69586,0.0693242,-0.0444148,-0.00286542,0.600997,-0.740127,-0.2199,0.206542
2.69686,0.0693242,-0.0444148,-0.00286542,0.600997,-0.740127,-0.2199,0.206542
2.69786,0.0690722,-0.0445327,-0.00282321,0.600371,-0.740875,-0.219659,0.205933
2.69886,0.0690722,-0.0445327,-0.00282321,0.600371,-0.740875,-0.219659,0.205933
2.69987,0.0688201,-0.0446503,-0.00278098,0.600151,-0.741218,-0.219412,0.205604
2.70084,0.0688201,-0.0446503,-0.00278098,0.600151,-0.741218,-0.219412,0.205604
2.70186,0.0685573,-0.044735,-0.00278098,0.600219,-0.741317,-0.219633,0.204811
2.70286,0.0685573,-0.044735,-0.00278098,0.600219,-0.741317,-0.219633,0.204811
2.70385,0.0683048,-0.044852,-0.00273873,0.6,-0.741659,-0.219387,0.204481
2.70484,0.0683048,-0.044852,-0.00273873,0.6,-0.741659,-0.219387,0.204481
2.70582,0.0680521,-0.0449686,-0.00269648,0.59978,-0.742,-0.21914,0.20415
2.70686,0.0680521,-0.0449686,-0.00269648,0.59978,-0.742,-0.21914,0.20415
2.70787,0.0677012,-0.0450803,-0.00269648,0.599803,-0.74214,-0.219484,0.203203
2.70894,0.0677012,-0.0450803,-0.00269648,0.599803,-0.74214,-0.219484,0.203203
2.70986,0.0674481,-0.0451962,-0.0026542,0.599176,-0.742885,-0.219241,0.202591
2.71086,0.0674481,-0.0451962,-0.0026542,0.599176,-0.742885,-0.219241,0.202591
2.71186,0.0670968,-0.0453068,-0.0026542,0.599271,-0.743136,-0.218962,0.201691
2.71286,0.0670968,-0.0453068,-0.0026542,0.599271,-0.743136,-0.218962,0.201691
2.71386,0.0668433,-0.045422,-0.00261192,0.599052,-0.743475,-0.218715,0.201358
2.71486,0.0668433,-0.045422,-0.00261192,0.599052,-0.743475,-0.218715,0.201358
2.71588,0.0665866,-0.0455268,-0.00266096,0.599119,-0.743571,-0.218936,0.200563
2.71686,0.0665866,-0.0455268,-0.00266096,0.599119,-0.743571,-0.218936,0.200563
2.71784,0.0662448,-0.0456686,-0.00261866,0.598647,-0.744327,-0.218667,0.19946
2.71888,0.0662448,-0.0456686,-0.00261866,0.598647,-0.744327,-0.218667,0.19946
2.71986,0.0659807,-0.0457502,-0.00261866,0.598712,-0.744422,-0.218889,0.198664
2.72086,0.0659807,-0.0457502,-0.00261866,0.598712,-0.744422,-0.218889,0.198664
2.72186,0.0656285,-0.0458584,-0.00261866,0.598732,-0.744557,-0.219234,0.197715
2.72286,0.0656285,-0.0458584,-0.00261866,0.598732,-0.744557,-0.219234,0.197715
2.72386,0.0653642,-0.0459392,-0.00261866,0.59887,-0.744763,-0.218833,0.196964
2.72495,0.0653642,-0.0459392,-0.00261866,0.59887,-0.744763,-0.218833,0.196964
2.72586,0.0650284,-0.0461016,-0.0026254,0.598732,-0.745001,-0.219184,0.196092
2.72686,0.0650284,-0.0461016,-0.0026254,0.598732,-0.745001,-0.219184,0.196092
2.72786,0.0647638,-0.0461816,-0.0026254,0.598457,-0.745608,-0.218787,0.195063
2.72886,0.0647638,-0.0461816,-0.0026254,0.598457,-0.745608,-0.218787,0.195063
2.72986,0.0644991,-0.0462614,-0.0026254,0.598717,-0.745673,-0.218862,0.193928
2.73086,0.0644991,-0.0462614,-0.0026254,0.598717,-0.745673,-0.218862,0.193928
2.73185,0.0641558,-0.0463998,-0.00258308,0.598651,-0.746021,-0.218591,0.193099
2.73288,0.0641558,-0.0463998,-0.00258308,0.598651,-0.746021,-0.218591,0.193099
2.73384,0.0638908,-0.0464788,-0.00258308,0.598495,-0.746487,-0.218671,0.191688
2.73484,0.0638908,-0.0464788,-0.00258308,0.598495,-0.746487,-0.218671,0.191688
2.73584,0.0636354,-0.0465901,-0.00254074,0.598593,-0.746655,-0.218754,0.190628
2.73682,0.0636354,-0.0465901,-0.00254074,0.598593,-0.746655,-0.218754,0.190628
2.73786,0.0632914,-0.0467271,-0.00249838,0.598597,-0.747114,-0.21786,0.18984
2.73886,0.0632914,-0.0467271,-0.00249838,0.598597,-0.747114,-0.21786,0.18984
2.73987,0.063026,-0.046805,-0.00249838,0.598851,-0.747177,-0.217937,0.1887
2.74088,0.063026,-0.046805,-0.00249838,0.598851,-0.747177,-0.217937,0.1887
2.74186,0.0627701,-0.0469153,-0.00245601,0.598945,-0.747345,-0.218021,0.187637
2.74286,0.0627701,-0.0469153,-0.00245601,0.598945,-0.747345,-0.218021,0.187637
2.74384,0.062514,-0.0470252,-0.00241363,0.59862,-0.747913,-0.21811,0.186303
2.74482,0.062514,-0.0470252,-0.00241363,0.59862,-0.747913,-0.21811,0.186303
2.74586,0.0621691,-0.0471604,-0.00237123,0.598666,-0.748118,-0.218318,0.185084
2.74686,0.0621691,-0.0471604,-0.00237123,0.598666,-0.748118,-0.218318,0.185084
2.74784,0.0619219,-0.0473022,-0.0022864,0.598481,-0.748529,-0.217931,0.184477
2.74887,0.0619219,-0.0473022,-0.0022864,0.598481,-0.748529,-0.217931,0.184477
2.74986,0.0616652,-0.0474111,-0.00224396,0.598641,-0.748809,-0.217392,0.18345
2.75086,0.0616652,-0.0474111,-0.00224396,0.598641,-0.748809,-0.217392,0.18345
2.75186,0.0614082,-0.0475196,-0.00220151,0.598728,-0.748976,-0.217478,0.182381
2.75286,0.0614082,-0.0475196,-0.00220151,0.598728,-0.748976,-0.217478,0.182381
2.75386,0.0610715,-0.0476855,-0.00211656,0.598189,-0.749685,-0.2177,0.180968
2.75486,0.0610715,-0.0476855,-0.00211656,0.598189,-0.749685,-0.2177,0.180968
2.75587,0.0608141,-0.0477933,-0.00207407,0.598157,-0.74999,-0.217307,0.18028
2.75687,0.0608141,-0.0477933,-0.00207407,0.598157,-0.74999,-0.217307,0.18028
2.75786,0.0604768,-0.0479582,-0.00198904,0.598037,-0.750299,-0.217523,0.17913
2.75886,0.0604768,-0.0479582,-0.00198904,0.598037,-0.750299,-0.217523,0.17913
2.75986,0.060219,-0.0480653,-0.0019465,0.598118,-0.750465,-0.21761,0.178057
2.76086,0.060219,-0.0480653,-0.0019465,0.598118,-0.750465,-0.21761,0.178057
2.76186,0.0598719,-0.0481966,-0.00190396,0.597684,-0.751318,-0.216724,0.176988
2.76287,0.0598719,-0.0481966,-0.00190396,0.597684,-0.751318,-0.216724,0.176988
2.76387,0.0596137,-0.0483028,-0.00186139,0.597762,-0.751484,-0.216812,0.175914
2.76487,0.0596137,-0.0483028,-0.00186139,0.597762,-0.751484,-0.216812,0.175914
2.76586,0.0592662,-0.0484332,-0.00181882,0.597793,-0.751685,-0.217024,0.174683
2.76687,0.0592662,-0.0484332,-0.00181882,0.597793,-0.751685,-0.217024,0.174683
2.76786,0.0589184,-0.0485629,-0.00177623,0.597822,-0.751886,-0.217235,0.173452
2.76887,0.0589184,-0.0485629,-0.00177623,0.597822,-0.751886,-0.217235,0.173452
2.76986,0.0586596,-0.048668,-0.00173362,0.597895,-0.75205,-0.217324,0.172373
2.77086,0.0586596,-0.048668,-0.00173362,0.597895,-0.75205,-0.217324,0.172373
2.77187,0.0583113,-0.0487967,-0.00169101,0.597992,-0.752365,-0.216913,0.171176
2.77287,0.0583113,-0.0487967,-0.00169101,0.597992,-0.752365,-0.216913,0.171176
2.77385,0.0579627,-0.0489249,-0.00164837,0.597586,-0.752961,-0.217134,0.169685
2.77485,0.0579627,-0.0489249,-0.00164837,0.597586,-0.752961,-0.217134,0.169685
2.77586,0.0575245,-0.0490762,-0.00160573,0.597563,-0.753194,-0.21747,0.168295
2.77682,0.0575245,-0.0490762,-0.00160573,0.597563,-0.753194,-0.21747,0.168295
2.77784,0.0571668,-0.0491705,-0.00160573,0.597918,-0.753262,-0.217536,0.166637
2.77886,0.0571668,-0.0491705,-0.00160573,0.597918,-0.753262,-0.217536,0.166637
2.77987,0.0568174,-0.0492968,-0.00156307,0.597503,-0.753855,-0.21776,0.165147
2.78086,0.0568174,-0.0492968,-0.00156307,0.597503,-0.753855,-0.21776,0.165147
2.78186,0.0564594,-0.04939,-0.00156307,0.598181,-0.753664,-0.217334,0.16412
2.78286,0.0564594,-0.04939,-0.00156307,0.598181,-0.753664,-0.217334,0.16412
2.78386,0.05602,-0.0495382,-0.0015204,0.59782,-0.75415,-0.218164,0.162092
2.78485,0.05602,-0.0495382,-0.0015204,0.59782,-0.75415,-0.218164,0.162092
2.78587,0.0556615,-0.04963,-0.0015204,0.598059,-0.754354,-0.21775,0.160812
2.78686,0.0556615,-0.04963,-0.0015204,0.598059,-0.754354,-0.21775,0.160812
2.78788,0.0553112,-0.0497539,-0.00147771,0.598069,-0.754548,-0.217965,0.159569
2.78888,0.0553112,-0.0497539,-0.00147771,0.598069,-0.754548,-0.217965,0.159569
2.78986,0.0548626,-0.0498671,-0.00147771,0.598361,-0.754644,-0.218157,0.157748
2.79086,0.0548626,-0.0498671,-0.00147771,0.598361,-0.754644,-0.218157,0.157748
2.79186,0.0545118,-0.0499897,-0.00143501,0.597999,-0.755348,-0.217761,0.156291
2.79286,0.0545118,-0.0499897,-0.00143501,0.597999,-0.755348,-0.217761,0.156291
2.79386,0.0540628,-0.0501013,-0.00143501,0.598114,-0.755464,-0.218095,0.154817
2.79487,0.0540628,-0.0501013,-0.00143501,0.598114,-0.755464,-0.218095,0.154817
2.79587,0.0537114,-0.0502225,-0.0013923,0.598284,-0.755633,-0.218171,0.153219
2.79687,0.0537114,-0.0502225,-0.0013923,0.598284,-0.755633,-0.218171,0.153219
2.79786,0.0532698,-0.0503651,-0.00134957,0.598309,-0.755972,-0.217889,0.151847
2.79886,0.0532698,-0.0503651,-0.00134957,0.598309,-0.755972,-0.217889,0.151847
2.79986,0.0529179,-0.0504851,-0.00130683,0.598377,-0.756279,-0.217483,0.150628
2.80085,0.0529179,-0.0504851,-0.00130683,0.598377,-0.756279,-0.217483,0.150628
2.80187,0.0524679,-0.0505934,-0.00130683,0.598207,-0.756762,-0.217691,0.148559
2.80286,0.0524679,-0.0505934,-0.00130683,0.598207,-0.756762,-0.217691,0.148559
2.80387,0.0521154,-0.050712,-0.00126408,0.598269,-0.757068,-0.217286,0.147338
2.80488,0.0521154,-0.050712,-0.00126408,0.598269,-0.757068,-0.217286,0.147338
2.80586,0.0516726,-0.0508513,-0.00122131,0.598379,-0.757264,-0.217489,0.145576
2.80687,0.0516726,-0.0508513,-0.00122131,0.598379,-0.757264,-0.217489,0.145576
2.80786,0.0512371,-0.0510223,-0.00113573,0.598235,-0.757707,-0.217215,0.144265
2.80886,0.0512371,-0.0510223,-0.00113573,0.598235,-0.757707,-0.217215,0.144265
2.80986,0.0508838,-0.0511389,-0.00109292,0.598383,-0.757872,-0.217296,0.142654
2.81082,0.0508838,-0.0511389,-0.00109292,0.598383,-0.757872,-0.217296,0.142654
2.81186,0.0504399,-0.0512757,-0.0010501,0.598033,-0.758459,-0.217515,0.140655
2.81287,0.0504399,-0.0512757,-0.0010501,0.598033,-0.758459,-0.217515,0.140655
2.81386,0.050003,-0.0514441,-0.000964413,0.597971,-0.75876,-0.217727,0.138956
2.81487,0.050003,-0.0514441,-0.000964413,0.597971,-0.75876,-0.217727,0.138956
2.81586,0.0496488,-0.0515586,-0.000921549,0.598175,-0.759043,-0.217187,0.137368
2.81687,0.0496488,-0.0515586,-0.000921549,0.598175,-0.759043,-0.217187,0.137368
2.81787,0.0493016,-0.0517051,-0.000835781,0.597611,-0.759846,-0.216807,0.135977
2.81886,0.0493016,-0.0517051,-0.000835781,0.597611,-0.759846,-0.216807,0.135977
2.81987,0.0488635,-0.0518711,-0.000749959,0.597537,-0.760146,-0.217022,0.134271
2.82087,0.0488635,-0.0518711,-0.000749959,0.597537,-0.760146,-0.217022,0.134271
2.82186,0.0485084,-0.0519837,-0.000707027,0.597662,-0.760309,-0.217107,0.13265
2.82287,0.0485084,-0.0519837,-0.000707027,0.597662,-0.760309,-0.217107,0.13265
2.82386,0.0480745,-0.052171,-0.000670188,0.597648,-0.760727,-0.216699,0.130966
2.82482,0.0480745,-0.052171,-0.000670188,0.597648,-0.760727,-0.216699,0.130966
2.82582,0.0477258,-0.0523148,-0.00058423,0.597151,-0.761389,-0.21681,0.12919
2.82687,0.0477258,-0.0523148,-0.00058423,0.597151,-0.761389,-0.21681,0.12919
2.82786,0.0473697,-0.0524254,-0.000541231,0.597263,-0.761551,-0.216898,0.127564
2.82887,0.0473697,-0.0524254,-0.000541231,0.597263,-0.761551,-0.216898,0.127564
2.82986,0.0470204,-0.052568,-0.000455192,0.597281,-0.761942,-0.21637,0.126029
2.83088,0.0470204,-0.052568,-0.000455192,0.597281,-0.761942,-0.21637,0.126029
2.83186,0.0466638,-0.0526775,-0.000412152,0.597385,-0.762103,-0.216459,0.124397
2.83286,0.0466638,-0.0526775,-0.000412152,0.597385,-0.762103,-0.216459,0.124397
2.83386,0.0463138,-0.0528188,-0.000326032,0.596934,-0.762885,-0.215951,0.122645
2.83486,0.0463138,-0.0528188,-0.000326032,0.596934,-0.762885,-0.215951,0.122645
2.83587,0.0459634,-0.0529595,-0.000239857,0.596795,-0.763293,-0.215561,0.12146
2.83687,0.0459634,-0.0529595,-0.000239857,0.596795,-0.763293,-0.215561,0.12146
2.83786,0.045606,-0.0530672,-0.00019675,0.596888,-0.763454,-0.215652,0.119824
2.83884,0.045606,-0.0530672,-0.00019675,0.596888,-0.763454,-0.215652,0.119824
2.83986,0.0452484,-0.0531743,-0.000153629,0.596901,-0.763751,-0.215255,0.118567
2.84086,0.0452484,-0.0531743,-0.000153629,0.596901,-0.763751,-0.215255,0.118567
2.84186,0.044897,-0.0533132,-6.73469e-05,0.596366,-0.764409,-0.215375,0.11679
2.84286,0.044897,-0.0533132,-6.73469e-05,0.596366,-0.764409,-0.215375,0.11679
2.84386,0.0445389,-0.0534191,-2.41856e-05,0.596374,-0.764705,-0.214979,0.115531
2.84488,0.0445389,-0.0534191,-2.41856e-05,0.596374,-0.764705,-0.214979,0.115531
2.84586,0.044187,-0.0535568,6.21772e-05,0.596223,-0.765112,-0.214591,0.114336
2.84686,0.044187,-0.0535568,6.21772e-05,0.596223,-0.765112,-0.214591,0.114336
2.84785,0.0438283,-0.0536615,0.000105379,0.596227,-0.765407,-0.214196,0.113073
2.84887,0.0438283,-0.0536615,0.000105379,0.596227,-0.765407,-0.214196,0.113073
2.84986,0.0435671,-0.05378,0.000191822,0.596116,-0.765789,-0.213686,0.112032
2.85086,0.0435671,-0.05378,0.000191822,0.596116,-0.765789,-0.213686,0.112032
2.85188,0.0432079,-0.0538837,0.000235064,0.595647,-0.76647,-0.213313,0.110567
2.85288,0.0432079,-0.0538837,0.000235064,0.595647,-0.76647,-0.213313,0.110567
2.85384,0.0428486,-0.0539868,0.000278319,0.595645,-0.766764,-0.212918,0.1093
2.85488,0.0428486,-0.0539868,0.000278319,0.595645,-0.766764,-0.212918,0.1093
2.85586,0.0424951,-0.0541215,0.00036487,0.595482,-0.767168,-0.212531,0.108096
2.85685,0.0424951,-0.0541215,0.00036487,0.595482,-0.767168,-0.212531,0.108096
2.85784,0.0421353,-0.0542233,0.000408165,0.595345,-0.767474,-0.212271,0.107187
2.85883,0.0421353,-0.0542233,0.000408165,0.595345,-0.767474,-0.212271,0.107187
2.85985,0.0417752,-0.0543246,0.000451474,0.595337,-0.767766,-0.211877,0.105914
2.86085,0.0417752,-0.0543246,0.000451474,0.595337,-0.767766,-0.211877,0.105914
2.86186,0.0414208,-0.0544575,0.000538132,0.59517,-0.768168,-0.211491,0.104705
2.86286,0.0414208,-0.0544575,0.000538132,0.59517,-0.768168,-0.211491,0.104705
2.86385,0.0410603,-0.0545575,0.000581481,0.594619,-0.768978,-0.210628,0.103618
2.86483,0.0410603,-0.0545575,0.000581481,0.594619,-0.768978,-0.210628,0.103618
2.86585,0.0406994,-0.054657,0.000624843,0.594606,-0.769267,-0.210235,0.102342
2.86682,0.0406994,-0.054657,0.000624843,0.594606,-0.769267,-0.210235,0.102342
2.86784,0.0403442,-0.054788,0.000711607,0.594306,-0.76968,-0.209982,0.10149
2.86885,0.0403442,-0.054788,0.000711607,0.594306,-0.76968,-0.209982,0.10149
2.86983,0.0399829,-0.0548863,0.00075501,0.59429,-0.769968,-0.209589,0.10021
2.87085,0.0399829,-0.0548863,0.00075501,0.59429,-0.769968,-0.209589,0.10021
2.87182,0.0396214,-0.0549839,0.000798425,0.594208,-0.770388,-0.208704,0.099308
2.87285,0.0396214,-0.0549839,0.000798425,0.594208,-0.770388,-0.208704,0.099308
2.87384,0.0392653,-0.0551131,0.000885296,0.593554,-0.77117,-0.208341,0.0979031
2.87498,0.0392653,-0.0551131,0.000885296,0.593554,-0.77117,-0.208341,0.0979031
2.87581,0.0392653,-0.0551131,0.000885296,0.593554,-0.77117,-0.208341,0.0979031
2.87686,0.0388114,-0.0552255,0.000928752,0.593366,-0.771488,-0.208202,0.0968244
2.87787,0.0388114,-0.0552255,0.000928752,0.593366,-0.771488,-0.208202,0.0968244
2.87886,0.0384491,-0.0553211,0.00097222,0.593282,-0.771904,-0.207316,0.0959181
2.87986,0.0384491,-0.0553211,0.00097222,0.593282,-0.771904,-0.207316,0.0959181
2.88086,0.037908,-0.0554796,0.0010592,0.593075,-0.772457,-0.20655,0.0943894
2.88183,0.037908,-0.0554796,0.0010592,0.593075,-0.772457,-0.20655,0.0943894
2.88285,0.0374531,-0.0555891,0.00110271,0.593006,-0.772757,-0.20628,0.0929408
2.88386,0.0374531,-0.0555891,0.00110271,0.593006,-0.772757,-0.20628,0.0929408
2.88486,0.0370954,-0.0557146,0.00118976,0.592761,-0.773282,-0.205401,0.0920893
2.88585,0.0370954,-0.0557146,0.00118976,0.592761,-0.773282,-0.205401,0.0920893
2.8868,0.0366399,-0.0558225,0.00123331,0.592689,-0.77358,-0.205131,0.0906368
2.88786,0.0366399,-0.0558225,0.00123331,0.592689,-0.77358,-0.205131,0.0906368
2.88887,0.0362763,-0.0559145,0.00127687,0.592177,-0.774241,-0.204761,0.0891663
2.88986,0.0362763,-0.0559145,0.00127687,0.592177,-0.774241,-0.204761,0.0891663
2.89083,0.0358202,-0.0560207,0.00132045,0.592044,-0.774667,-0.203997,0.0880901
2.89186,0.0358202,-0.0560207,0.00132045,0.592044,-0.774667,-0.203997,0.0880901
2.89285,0.0354613,-0.0561434,0.00140764,0.59185,-0.775056,-0.203612,0.0868527
2.89386,0.0354613,-0.0561434,0.00140764,0.59185,-0.775056,-0.203612,0.0868527
2.89483,0.0350046,-0.0562478,0.00145125,0.591771,-0.775349,-0.203343,0.0853942
2.89585,0.0350046,-0.0562478,0.00145125,0.591771,-0.775349,-0.203343,0.0853942
2.89682,0.0346401,-0.0563371,0.00149488,0.591678,-0.775753,-0.202456,0.0844716
2.89786,0.0342754,-0.0564258,0.00153852,0.591638,-0.776027,-0.202065,0.0831692
2.89885,0.0342754,-0.0564258,0.00153852,0.591638,-0.776027,-0.202065,0.0831692
2.89984,0.033818,-0.0565278,0.00158217,0.591554,-0.776316,-0.201795,0.0817055
2.90082,0.033818,-0.0565278,0.00158217,0.591554,-0.776316,-0.201795,0.0817055
2.90182,0.0334528,-0.0566151,0.00162584,0.591568,-0.776704,-0.200779,0.0804097
2.90286,0.0334528,-0.0566151,0.00162584,0.591568,-0.776704,-0.200779,0.0804097
2.90383,0.0330921,-0.0567338,0.00171322,0.591362,-0.777088,-0.200395,0.0791599
2.90486,0.0330921,-0.0567338,0.00171322,0.591362,-0.777088,-0.200395,0.0791599
2.9058,0.0327265,-0.0568198,0.00175692,0.591314,-0.777358,-0.200005,0.0778502
2.9068,0.0327265,-0.0568198,0.00175692,0.591314,-0.777358,-0.200005,0.0778502
2.90785,0.0323607,-0.0569053,0.00180064,0.590726,-0.778135,-0.199141,0.0767555
2.90886,0.0323607,-0.0569053,0.00180064,0.590726,-0.778135,-0.199141,0.0767555
2.90983,0.0319947,-0.0569901,0.00184437,0.590722,-0.778276,-0.199248,0.0750666
2.91085,0.0319947,-0.0569901,0.00184437,0.590722,-0.778276,-0.199248,0.0750666
2.91185,0.0316285,-0.0570744,0.00188812,0.590666,-0.778543,-0.198858,0.0737537
2.91282,0.0316285,-0.0570744,0.00188812,0.590666,-0.778543,-0.198858,0.0737537
2.91383,0.0312621,-0.057158,0.00193188,0.590562,-0.778936,-0.197971,0.0728167
2.91485,0.0312621,-0.057158,0.00193188,0.590562,-0.778936,-0.197971,0.0728167
2.91582,0.0308955,-0.057241,0.00197565,0.59056,-0.779316,-0.196955,0.0715082
2.91685,0.0308955,-0.057241,0.00197565,0.59056,-0.779316,-0.196955,0.0715082
2.91782,0.0305287,-0.0573234,0.00201944,0.590499,-0.779581,-0.196565,0.0701902
2.91885,0.0305287,-0.0573234,0.00201944,0.590499,-0.779581,-0.196565,0.0701902
2.91981,0.030166,-0.0574371,0.00210705,0.590233,-0.780083,-0.195684,0.0693035
2.92081,0.030166,-0.0574371,0.00210705,0.590233,-0.780083,-0.195684,0.0693035
2.92185,0.0297988,-0.0575182,0.00215087,0.590168,-0.780346,-0.195295,0.0679822
2.9228,0.0297988,-0.0575182,0.00215087,0.590168,-0.780346,-0.195295,0.0679822
2.92382,0.0294314,-0.0575988,0.00219471,0.590102,-0.780608,-0.194906,0.0666593
2.92485,0.0294314,-0.0575988,0.00219471,0.590102,-0.780608,-0.194906,0.0666593
2.92582,0.0290638,-0.0576787,0.00223856,0.589991,-0.780993,-0.194018,0.065712
2.92686,0.0290638,-0.0576787,0.00223856,0.589991,-0.780993,-0.194018,0.065712
2.92784,0.0290638,-0.0576787,0.00223856,0.589991,-0.780993,-0.194018,0.065712
2.92882,0.028696,-0.057758,0.00228243,0.589922,-0.781252,-0.193629,0.0643861
2.92985,0.028696,-0.057758,0.00228243,0.589922,-0.781252,-0.193629,0.0643861
2.93084,0.0283321,-0.0578685,0.00237019,0.58965,-0.781749,-0.192747,0.0634896
2.93181,0.0283321,-0.0578685,0.00237019,0.58965,-0.781749,-0.192747,0.0634896
2.93286,0.0280569,-0.0579351,0.0024141,0.589616,-0.781994,-0.192237,0.0623211
2.93385,0.0280569,-0.0579351,0.0024141,0.589616,-0.781994,-0.192237,0.0623211
2.93482,0.0276886,-0.0580127,0.00245801,0.589502,-0.782373,-0.191348,0.0613673
2.93584,0.0276886,-0.0580127,0.00245801,0.589502,-0.782373,-0.191348,0.0613673
2.93685,0.02732,-0.0580897,0.00250194,0.589387,-0.782751,-0.190459,0.0604118
2.93785,0.02732,-0.0580897,0.00250194,0.589387,-0.782751,-0.190459,0.0604118
2.93885,0.0269513,-0.058166,0.00254589,0.589309,-0.783006,-0.19007,0.0590781
2.93982,0.0269513,-0.058166,0.00254589,0.589309,-0.783006,-0.19007,0.0590781
2.94083,0.0264893,-0.0582527,0.00258984,0.589099,-0.783282,-0.189929,0.0579555
2.9418,0.0264893,-0.0582527,0.00258984,0.589099,-0.783282,-0.189929,0.0579555
2.94286,0.0261202,-0.0583277,0.00263381,0.588522,-0.783912,-0.189564,0.0564813
2.94384,0.0261202,-0.0583277,0.00263381,0.588522,-0.783912,-0.189564,0.0564813
2.94486,0.0257509,-0.058402,0.00267779,0.588403,-0.784284,-0.188674,0.0555212
2.94584,0.0257509,-0.058402,0.00267779,0.588403,-0.784284,-0.188674,0.0555212
2.94682,0.0253815,-0.0584758,0.00272178,0.588284,-0.784654,-0.187784,0.0545594
2.94782,0.0253815,-0.0584758,0.00272178,0.588284,-0.784654,-0.187784,0.0545594
2.94885,0.0250118,-0.0585489,0.00276579,0.588164,-0.785023,-0.186894,0.0535962
2.94983,0.0250118,-0.0585489,0.00276579,0.588164,-0.785023,-0.186894,0.0535962
2.95083,0.024642,-0.0586214,0.00280981,0.588077,-0.785271,-0.186506,0.0522555
2.95181,0.024642,-0.0586214,0.00280981,0.588077,-0.785271,-0.186506,0.0522555
2.95285,0.0241787,-0.0587032,0.00285385,0.587917,-0.785648,-0.185736,0.0511277
2.95381,0.0241787,-0.0587032,0.00285385,0.587917,-0.785648,-0.185736,0.0511277
2.95486,0.0238085,-0.0587744,0.00289789,0.587794,-0.786011,-0.184845,0.0501599
2.95585,0.0238085,-0.0587744,0.00289789,0.587794,-0.786011,-0.184845,0.0501599
2.95685,0.0234382,-0.0588448,0.00294195,0.587671,-0.786374,-0.183954,0.0491905
2.95784,0.0234382,-0.0588448,0.00294195,0.587671,-0.786374,-0.183954,0.0491905
2.95884,0.0230645,-0.0588831,0.00294195,0.587708,-0.786619,-0.183056,0.0481704
2.95983,0.0230645,-0.0588831,0.00294195,0.587708,-0.786619,-0.183056,0.0481704
2.96083,0.0226004,-0.0589617,0.00298602,0.587577,-0.78687,-0.182789,0.046661
2.96185,0.0226004,-0.0589617,0.00298602,0.587577,-0.78687,-0.182789,0.046661
2.96287,0.0222296,-0.0590301,0.00303011,0.587451,-0.787227,-0.181897,0.0456874
2.96386,0.0222296,-0.0590301,0.00303011,0.587451,-0.787227,-0.181897,0.0456874
2.96485,0.0218586,-0.059098,0.00307421,0.587326,-0.787583,-0.181005,0.0447124
2.96584,0.0218586,-0.059098,0.00307421,0.587326,-0.787583,-0.181005,0.0447124
2.96683,0.0214874,-0.0591652,0.00311832,0.587199,-0.787936,-0.180113,0.0437359
2.96785,0.0214874,-0.0591652,0.00311832,0.587199,-0.787936,-0.180113,0.0437359
2.96883,0.0211161,-0.0592318,0.00316244,0.587099,-0.788173,-0.179725,0.0423826
2.96984,0.0211161,-0.0592318,0.00316244,0.587099,-0.788173,-0.179725,0.0423826
2.97083,0.0207417,-0.0592663,0.00316244,0.587132,-0.788408,-0.178826,0.0413561
2.97184,0.0207417,-0.0592663,0.00316244,0.587132,-0.788408,-0.178826,0.0413561
2.97285,0.0203702,-0.0593316,0.00320658,0.586952,-0.788652,-0.178562,0.0403769
2.97385,0.0203702,-0.0593316,0.00320658,0.586952,-0.788652,-0.178562,0.0403769
2.97487,0.0199984,-0.0593964,0.00325073,0.586823,-0.789,-0.177669,0.0393953
2.97586,0.0199984,-0.0593964,0.00325073,0.586823,-0.789,-0.177669,0.0393953
2.97686,0.0197229,-0.059484,0.00333907,0.586568,-0.789454,-0.176662,0.0386206
2.97786,0.0197229,-0.059484,0.00333907,0.586568,-0.789454,-0.176662,0.0386206
2.97887,0.0193508,-0.0595476,0.00338326,0.586437,-0.789798,-0.175768,0.0376358
2.97984,0.0193508,-0.0595476,0.00338326,0.586437,-0.789798,-0.175768,0.0376358
2.98078,0.0189786,-0.0596106,0.00342746,0.586329,-0.790028,-0.17538,0.0362747
2.98183,0.0189786,-0.0596106,0.00342746,0.586329,-0.790028,-0.17538,0.0362747
2.98286,0.0186062,-0.059673,0.00347167,0.586197,-0.790369,-0.174486,0.035287
2.98416,0.0183274,-0.0597273,0.0035159,0.586555,-0.790225,-0.174079,0.0345758
2.98485,0.0183274,-0.0597273,0.0035159,0.586555,-0.790225,-0.174079,0.0345758
2.98589,0.0183274,-0.0597273,0.0035159,0.586555,-0.790225,-0.174079,0.0345758
2.98687,0.0179547,-0.0597885,0.00356014,0.585916,-0.790937,-0.173206,0.0334736
2.98786,0.0179547,-0.0597885,0.00356014,0.585916,-0.790937,-0.173206,0.0334736
2.98886,0.0175819,-0.0598492,0.00360439,0.585781,-0.791274,-0.172312,0.032482
2.98988,0.0175819,-0.0598492,0.00360439,0.585781,-0.791274,-0.172312,0.032482
2.99087,0.0173027,-0.0599021,0.00364866,0.585681,-0.791602,-0.171297,0.0316518
2.99186,0.0173027,-0.0599021,0.00364866,0.585681,-0.791602,-0.171297,0.0316518
2.99286,0.0169296,-0.0599617,0.00369294,0.586052,-0.79156,-0.170381,0.0307646
2.99386,0.0169296,-0.0599617,0.00369294,0.586052,-0.79156,-0.170381,0.0307646
2.99486,0.0165541,-0.0599893,0.00369294,0.586077,-0.791775,-0.169481,0.0297246
2.99586,0.0165541,-0.0599893,0.00369294,0.586077,-0.791775,-0.169481,0.0297246
2.99687,0.0161807,-0.0600476,0.00373723,0.58594,-0.792104,-0.168586,0.0287266
2.99786,0.0161807,-0.0600476,0.00373723,0.58594,-0.792104,-0.168586,0.0287266
2.99886,0.0158072,-0.0601053,0.00378153,0.585754,-0.792333,-0.16832,0.0277327
2.99988,0.0158072,-0.0601053,0.00378153,0.585754,-0.792333,-0.16832,0.0277327
3.00086,0.0154314,-0.060131,0.00378153,0.585778,-0.792542,-0.167419,0.0266902
3.00184,0.0154314,-0.060131,0.00378153,0.585778,-0.792542,-0.167419,0.0266902
3.00287,0.0150556,-0.060156,0.00378153,0.585784,-0.792856,-0.166011,0.0260216
3.00386,0.0150556,-0.060156,0.00378153,0.585784,-0.792856,-0.166011,0.0260216
3.00486,0.0146817,-0.0602119,0.00382585,0.586154,-0.792803,-0.165095,0.0251195
3.0059,0.0146817,-0.0602119,0.00382585,0.586154,-0.792803,-0.165095,0.0251195
3.00687,0.0143057,-0.0602357,0.00382585,0.586129,-0.79291,-0.164824,0.0240801
3.00786,0.0143057,-0.0602357,0.00382585,0.586129,-0.79291,-0.164824,0.0240801
3.00886,0.0138376,-0.060296,0.00387018,0.586004,-0.793328,-0.163417,0.0229045
3.00987,0.0138376,-0.060296,0.00387018,0.586004,-0.793328,-0.163417,0.0229045
3.01087,0.0134616,-0.0603184,0.00387018,0.585979,-0.793432,-0.163146,0.0218638
3.01186,0.0134616,-0.0603184,0.00387018,0.585979,-0.793432,-0.163146,0.0218638
3.01286,0.0129914,-0.0603456,0.00387018,0.585954,-0.793737,-0.161857,0.0210273
3.01387,0.0129914,-0.0603456,0.00387018,0.585954,-0.793737,-0.161857,0.0210273
3.01486,0.0126152,-0.0603667,0.00387018,0.585975,-0.793931,-0.160955,0.0199787
3.01582,0.0126152,-0.0603667,0.00387018,0.585975,-0.793931,-0.160955,0.0199787
3.01686,0.0121466,-0.0604235,0.00391452,0.586311,-0.793871,-0.16016,0.0188993
3.01787,0.0121466,-0.0604235,0.00391452,0.586311,-0.793871,-0.16016,0.0188993
3.01886,0.0116762,-0.060448,0.00391452,0.586241,-0.794074,-0.159501,0.0180673
3.01987,0.0116762,-0.060448,0.00391452,0.586241,-0.794074,-0.159501,0.0180673
3.02086,0.0113014,-0.0604982,0.00395888,0.586101,-0.79438,-0.158603,0.0170537
3.02185,0.0113014,-0.0604982,0.00395888,0.586101,-0.79438,-0.158603,0.0170537
3.02287,0.0108324,-0.0605523,0.00400324,0.586427,-0.794413,-0.1573,0.0163415
3.02386,0.0108324,-0.0605523,0.00400324,0.586427,-0.794413,-0.1573,0.0163415
3.02484,0.0103632,-0.0606054,0.00404763,0.586255,-0.794718,-0.156522,0.0151605
3.02586,0.0103632,-0.0606054,0.00404763,0.586255,-0.794718,-0.156522,0.0151605
3.02686,0.00989375,-0.0606576,0.00409202,0.586082,-0.79502,-0.155744,0.0139781
3.02786,0.00989375,-0.0606576,0.00409202,0.586082,-0.79502,-0.155744,0.0139781
3.02886,0.00942418,-0.0607087,0.00413643,0.585909,-0.795319,-0.154965,0.0127943
3.02986,0.00942418,-0.0607087,0.00413643,0.585909,-0.795319,-0.154965,0.0127943
3.03087,0.00895566,-0.0607901,0.00422528,0.586084,-0.79536,-0.154174,0.0117321
3.03188,0.00895566,-0.0607901,0.00422528,0.586084,-0.79536,-0.154174,0.0117321
3.03287,0.00848569,-0.0608393,0.00426972,0.585911,-0.795655,-0.153395,0.010544
3.03386,0.00848569,-0.0608393,0.00426972,0.585911,-0.795655,-0.153395,0.010544
3.03486,0.00811092,-0.0609154,0.00435865,0.585607,-0.796064,-0.152499,0.0095534
3.03587,0.00811092,-0.0609154,0.00435865,0.585607,-0.796064,-0.152499,0.0095534
3.03686,0.00764161,-0.0609939,0.00444763,0.585316,-0.796559,-0.151091,0.00838562
3.03787,0.00764161,-0.0609939,0.00444763,0.585316,-0.796559,-0.151091,0.00838562
3.03886,0.00726635,-0.0610685,0.00453666,0.585015,-0.796867,-0.150703,0.00701665
3.03986,0.00726635,-0.0610685,0.00453666,0.585015,-0.796867,-0.150703,0.00701665
3.04086,0.00679649,-0.0611452,0.00462574,0.585189,-0.796897,-0.149911,0.00593615
3.04186,0.00679649,-0.0611452,0.00462574,0.585189,-0.796897,-0.149911,0.00593615
3.04286,0.00642075,-0.0612182,0.00471487,0.584881,-0.797298,-0.149014,0.00493601
3.04387,0.00642075,-0.0612182,0.00471487,0.584881,-0.797298,-0.149014,0.00493601
3.04486,0.00604478,-0.0612905,0.00480405,0.584617,-0.797782,-0.147484,0.00392055
3.04586,0.00604478,-0.0612905,0.00480405,0.584617,-0.797782,-0.147484,0.00392055
3.04686,0.00566859,-0.0613622,0.00489328,0.584308,-0.798178,-0.146586,0.00291611
3.04785,0.00566859,-0.0613622,0.00489328,0.584308,-0.798178,-0.146586,0.00291611
3.04887,0.00529272,-0.0614566,0.00493349,0.584511,-0.7982,-0.145673,0.00198461
3.04987,0.00529272,-0.0614566,0.00493349,0.584511,-0.7982,-0.145673,0.00198461
3.05086,0.00491606,-0.0615269,0.00502282,0.584201,-0.7985,-0.145284,0.000601606
3.05186,0.00491606,-0.0615269,0.00502282,0.584201,-0.7985,-0.145284,0.000601606
3.05286,0.00453856,-0.0615656,0.00506751,0.584051,-0.798773,-0.144382,-0.000441489
3.05386,0.00453856,-0.0615656,0.00506751,0.584051,-0.798773,-0.144382,-0.000441489
3.05486,0.00416095,-0.0616036,0.00511221,0.583901,-0.799044,-0.14348,-0.00148576
3.05586,0.00416095,-0.0616036,0.00511221,0.583901,-0.799044,-0.14348,-0.00148576
3.05686,0.0038778,-0.0616395,0.00515692,0.58378,-0.799313,-0.142457,-0.00236686
3.05786,0.0038778,-0.0616395,0.00515692,0.58378,-0.799313,-0.142457,-0.00236686
3.05886,0.00350044,-0.0617072,0.00524638,0.58398,-0.799326,-0.141543,-0.00331448
3.05986,0.00350044,-0.0617072,0.00524638,0.58398,-0.799326,-0.141543,-0.00331448
3.06087,0.00312246,-0.0617435,0.00529113,0.583827,-0.799592,-0.14064,-0.00436381
3.06188,0.00312246,-0.0617435,0.00529113,0.583827,-0.799592,-0.14064,-0.00436381
3.06287,0.00283862,-0.0617472,0.00529113,0.583866,-0.799738,-0.139614,-0.00527975
3.06388,0.00283862,-0.0617472,0.00529113,0.583866,-0.799738,-0.139614,-0.00527975
3.06486,0.00246048,-0.0617823,0.00533589,0.583713,-0.799999,-0.13871,-0.00633093
3.06586,0.00246048,-0.0617823,0.00533589,0.583713,-0.799999,-0.13871,-0.00633093
3.06686,0.0021771,-0.0618395,0.00533158,0.584102,-0.799887,-0.137673,-0.00715555
3.06787,0.0021771,-0.0618395,0.00533158,0.584102,-0.799887,-0.137673,-0.00715555
3.06887,0.00179872,-0.0618735,0.00537636,0.583905,-0.800068,-0.137402,-0.00819261
3.06984,0.00179872,-0.0618735,0.00537636,0.583905,-0.800068,-0.137402,-0.00819261
3.07086,0.00151492,-0.0619063,0.00542116,0.583784,-0.800413,-0.135866,-0.00871048
3.07186,0.00151492,-0.0619063,0.00542116,0.583784,-0.800413,-0.135866,-0.00871048
3.07286,0.00113619,-0.0619085,0.00542116,0.583791,-0.800548,-0.134959,-0.00979527
3.07386,0.00113619,-0.0619085,0.00542116,0.583791,-0.800548,-0.134959,-0.00979527
3.07486,0.000757565,-0.0619408,0.00546597,0.584109,-0.800352,-0.134675,-0.0107754
3.07586,0.000757565,-0.0619408,0.00546597,0.584109,-0.800352,-0.134675,-0.0107754
3.07686,0.000473542,-0.0619723,0.0055108,0.583981,-0.800605,-0.13365,-0.0116704
3.07788,0.000473542,-0.0619723,0.0055108,0.583981,-0.800605,-0.13365,-0.0116704
3.07887,9.47085e-05,-0.0619727,0.0055108,0.583954,-0.800745,-0.132864,-0.0123662
3.07985,9.47085e-05,-0.0619727,0.0055108,0.583954,-0.800745,-0.132864,-0.0123662
3.08086,-0.000284163,-0.0620033,0.00555563,0.583797,-0.800992,-0.131959,-0.0134274
3.08182,-0.000284163,-0.0620033,0.00555563,0.583797,-0.800992,-0.131959,-0.0134274
3.08286,-0.000663047,-0.0620025,0.00555563,0.584328,-0.800828,-0.130528,-0.0140876
3.08388,-0.000663047,-0.0620025,0.00555563,0.584328,-0.800828,-0.130528,-0.0140876
3.08482,-0.00104207,-0.0620318,0.00560048,0.58413,-0.800997,-0.130256,-0.0151324
3.08588,-0.00104207,-0.0620318,0.00560048,0.58413,-0.800997,-0.130256,-0.0151324
3.08686,-0.001421,-0.0620297,0.00560048,0.584146,-0.801201,-0.128836,-0.0158499
3.08786,-0.001421,-0.0620297,0.00560048,0.584146,-0.801201,-0.128836,-0.0158499
3.08884,-0.0018949,-0.062057,0.00564534,0.584437,-0.800991,-0.128673,-0.0170081
3.08984,-0.0018949,-0.062057,0.00564534,0.584437,-0.800991,-0.128673,-0.0170081
3.09086,-0.00227387,-0.0620536,0.00564534,0.584414,-0.801119,-0.127887,-0.0177073
3.09185,-0.00227387,-0.0620536,0.00564534,0.584414,-0.801119,-0.127887,-0.0177073
3.09286,-0.00265319,-0.0620802,0.00569021,0.584256,-0.801354,-0.12698,-0.018776
3.09388,-0.00265319,-0.0620802,0.00569021,0.584256,-0.801354,-0.12698,-0.018776
3.09484,-0.00312695,-0.0620742,0.00569021,0.584248,-0.801543,-0.12568,-0.0196613
3.09587,-0.00312695,-0.0620742,0.00569021,0.584248,-0.801543,-0.12568,-0.0196613
3.09687,-0.00350641,-0.0620994,0.0057351,0.584566,-0.801331,-0.125398,-0.0206618
3.09787,-0.00350641,-0.0620994,0.0057351,0.584566,-0.801331,-0.125398,-0.0206618
3.09886,-0.00398021,-0.0620917,0.0057351,0.58456,-0.801514,-0.124097,-0.021549
3.09988,-0.00398021,-0.0620917,0.0057351,0.58456,-0.801514,-0.124097,-0.021549
3.10086,-0.00435923,-0.0620848,0.0057351,0.58454,-0.801631,-0.12331,-0.0222505
3.10188,-0.00435923,-0.0620848,0.0057351,0.58454,-0.801631,-0.12331,-0.0222505
3.10286,-0.00483299,-0.0620754,0.0057351,0.585037,-0.801356,-0.122513,-0.0234649
3.10386,-0.00483299,-0.0620754,0.0057351,0.585037,-0.801356,-0.122513,-0.0234649
3.10487,-0.00521268,-0.0620977,0.00578,0.584854,-0.801589,-0.121727,-0.0241452
3.10587,-0.00521268,-0.0620977,0.00578,0.584854,-0.801589,-0.121727,-0.0241452
3.10686,-0.00559171,-0.0620888,0.00578,0.584876,-0.801765,-0.120306,-0.0248699
3.10786,-0.00559171,-0.0620888,0.00578,0.584876,-0.801765,-0.120306,-0.0248699
3.10886,-0.00606548,-0.0620768,0.00578,0.584834,-0.801869,-0.119639,-0.0257379
3.10988,-0.00606548,-0.0620768,0.00578,0.584834,-0.801869,-0.119639,-0.0257379
3.11089,-0.00644533,-0.0620971,0.00582491,0.585194,-0.801708,-0.118724,-0.0267723
3.11187,-0.00644533,-0.0620971,0.00582491,0.585194,-0.801708,-0.118724,-0.0267723
3.11286,-0.00682436,-0.0620862,0.00582491,0.585177,-0.801813,-0.117937,-0.0274766
3.11386,-0.00682436,-0.0620862,0.00582491,0.585177,-0.801813,-0.117937,-0.0274766
3.11486,-0.00720337,-0.0620747,0.00582491,0.585202,-0.801977,-0.116514,-0.0282035
3.11587,-0.00720337,-0.0620747,0.00582491,0.585202,-0.801977,-0.116514,-0.0282035
3.11682,-0.00748861,-0.0620962,0.00586983,0.585563,-0.801829,-0.115602,-0.0286818
3.11782,-0.00748861,-0.0620962,0.00586983,0.585563,-0.801829,-0.115602,-0.0286818
3.11887,-0.00786764,-0.0620835,0.00586983,0.58557,-0.801914,-0.114692,-0.0297847
3.11988,-0.00786764,-0.0620835,0.00586983,0.58557,-0.801914,-0.114692,-0.0297847
3.12086,-0.00824774,-0.0621008,0.00591477,0.585393,-0.80213,-0.113905,-0.0304715
3.12187,-0.00824774,-0.0621008,0.00591477,0.585393,-0.80213,-0.113905,-0.0304715
3.12286,-0.00853201,-0.0620905,0.00591477,0.585959,-0.801915,-0.112358,-0.030997
3.12387,-0.00853201,-0.0620905,0.00591477,0.585959,-0.801915,-0.112358,-0.030997
3.12486,-0.00891103,-0.0620761,0.00591477,0.585946,-0.802007,-0.11157,-0.0317039
3.12589,-0.00891103,-0.0620761,0.00591477,0.585946,-0.802007,-0.11157,-0.0317039
3.12687,-0.00919649,-0.0620955,0.00595972,0.585793,-0.802223,-0.110662,-0.0322282
3.12787,-0.00919649,-0.0620955,0.00595972,0.585793,-0.802223,-0.110662,-0.0322282
3.12886,-0.0094798,-0.0620605,0.0060088,0.586339,-0.801929,-0.109628,-0.0331323
3.12986,-0.0094798,-0.0620605,0.0060088,0.586339,-0.801929,-0.109628,-0.0331323
3.13086,-0.00985876,-0.0620446,0.0060088,0.586328,-0.802015,-0.10884,-0.0338403
3.13187,-0.00985876,-0.0620446,0.0060088,0.586328,-0.802015,-0.10884,-0.0338403
3.13287,-0.0101443,-0.0620627,0.00605376,0.586215,-0.802282,-0.107296,-0.0343912
3.1339,-0.0101443,-0.0620627,0.00605376,0.586215,-0.802282,-0.107296,-0.0343912
3.13486,-0.0104285,-0.06205,0.00605376,0.586743,-0.801996,-0.106386,-0.0349003
3.13588,-0.0104285,-0.06205,0.00605376,0.586743,-0.801996,-0.106386,-0.0349003
3.13686,-0.0108075,-0.0620326,0.00605376,0.586734,-0.802075,-0.105598,-0.0356095
3.13786,-0.0108075,-0.0620326,0.00605376,0.586734,-0.802075,-0.105598,-0.0356095
3.13884,-0.0110917,-0.0620191,0.00605376,0.586747,-0.802161,-0.104689,-0.0361538
3.13986,-0.0110917,-0.0620191,0.00605376,0.586747,-0.802161,-0.104689,-0.0361538
3.14086,-0.0113759,-0.0620052,0.00605376,0.58676,-0.802244,-0.10378,-0.0366983
3.14189,-0.0113759,-0.0620052,0.00605376,0.58676,-0.802244,-0.10378,-0.0366983
3.14286,-0.0117547,-0.0619862,0.00605376,0.587244,-0.801876,-0.103504,-0.0377507
3.14388,-0.0117547,-0.0619862,0.00605376,0.587244,-0.801876,-0.103504,-0.0377507
3.14486,-0.0120389,-0.0619715,0.00605376,0.587297,-0.802009,-0.10196,-0.0383211
3.14586,-0.0120389,-0.0619715,0.00605376,0.587297,-0.802009,-0.10196,-0.0383211
3.14686,-0.0124177,-0.0619514,0.00605376,0.587291,-0.802079,-0.101172,-0.0390312
3.14784,-0.0124177,-0.0619514,0.00605376,0.587291,-0.802079,-0.101172,-0.0390312
3.14886,-0.0127018,-0.0619359,0.00605376,0.587305,-0.802155,-0.100264,-0.0395764
3.14988,-0.0127018,-0.0619359,0.00605376,0.587305,-0.802155,-0.100264,-0.0395764
3.15086,-0.0130805,-0.0619147,0.00605376,0.587816,-0.801846,-0.0994762,-0.0402572
3.15189,-0.0130805,-0.0619147,0.00605376,0.587816,-0.801846,-0.0994762,-0.0402572
3.15286,-0.0134592,-0.0618929,0.00605376,0.587811,-0.80191,-0.0986883,-0.040968
3.15387,-0.0134592,-0.0618929,0.00605376,0.587811,-0.80191,-0.0986883,-0.040968
3.15486,-0.0138379,-0.0618704,0.00605376,0.587846,-0.802021,-0.0972647,-0.0417045
3.15586,-0.0138379,-0.0618704,0.00605376,0.587846,-0.802021,-0.0972647,-0.0417045
3.15685,-0.0142166,-0.0618474,0.00605376,0.587843,-0.802081,-0.0964766,-0.0424155
3.15788,-0.0142166,-0.0618474,0.00605376,0.587843,-0.802081,-0.0964766,-0.0424155
3.15887,-0.0145952,-0.0618237,0.00605376,0.588357,-0.801762,-0.0956911,-0.0430994
3.15989,-0.0145952,-0.0618237,0.00605376,0.588357,-0.801762,-0.0956911,-0.0430994
3.16088,-0.0149737,-0.0617993,0.00605376,0.588393,-0.801864,-0.0942674,-0.043837
3.16186,-0.0149737,-0.0617993,0.00605376,0.588393,-0.801864,-0.0942674,-0.043837
3.16286,-0.0153523,-0.0617744,0.00605376,0.588393,-0.801917,-0.0934794,-0.0445486
3.16384,-0.0153523,-0.0617744,0.00605376,0.588393,-0.801917,-0.0934794,-0.0445486
3.16488,-0.0158254,-0.0617424,0.00605376,0.588374,-0.801959,-0.0928124,-0.0454252
3.16588,-0.0158254,-0.0617424,0.00605376,0.588374,-0.801959,-0.0928124,-0.0454252
3.16686,-0.0162038,-0.061716,0.00605376,0.588928,-0.801675,-0.0913927,-0.0461386
3.16787,-0.0162038,-0.061716,0.00605376,0.588928,-0.801675,-0.0913927,-0.0461386
3.16886,-0.0165822,-0.0616891,0.00605376,0.58893,-0.801721,-0.0906049,-0.0468508
3.16988,-0.0165822,-0.0616891,0.00605376,0.58893,-0.801721,-0.0906049,-0.0468508
3.17086,-0.0169605,-0.0616615,0.00605376,0.588971,-0.801808,-0.0891809,-0.0475895
3.17186,-0.0169605,-0.0616615,0.00605376,0.588971,-0.801808,-0.0891809,-0.0475895
3.17286,-0.0174334,-0.0616261,0.00605376,0.588956,-0.80184,-0.088514,-0.0484667
3.17385,-0.0174334,-0.0616261,0.00605376,0.588956,-0.80184,-0.088514,-0.0484667
3.17487,-0.0178116,-0.0615971,0.00605376,0.588998,-0.80192,-0.0870896,-0.0492054
3.17587,-0.0178116,-0.0615971,0.00605376,0.588998,-0.80192,-0.0870896,-0.0492054
3.17687,-0.0181898,-0.0615675,0.00605376,0.589518,-0.80158,-0.0863083,-0.0498967
3.17786,-0.0181898,-0.0615675,0.00605376,0.589518,-0.80158,-0.0863083,-0.0498967
3.17885,-0.0184735,-0.0615449,0.00605376,0.589579,-0.801664,-0.0847629,-0.0504715
3.17985,-0.0184735,-0.0615449,0.00605376,0.589579,-0.801664,-0.0847629,-0.0504715
3.18088,-0.018854,-0.0615446,0.00609874,0.589974,-0.801477,-0.0833433,-0.0511847
3.18189,-0.018854,-0.0615446,0.00609874,0.589974,-0.801477,-0.0833433,-0.0511847
3.18286,-0.0191376,-0.0615212,0.00609874,0.589998,-0.801518,-0.0824343,-0.0517336
3.18385,-0.0191376,-0.0615212,0.00609874,0.589998,-0.801518,-0.0824343,-0.0517336
3.18486,-0.0195157,-0.0614894,0.00609874,0.590043,-0.801582,-0.08101,-0.0524746
3.18588,-0.0195157,-0.0614894,0.00609874,0.590043,-0.801582,-0.08101,-0.0524746
3.18686,-0.0197992,-0.0614651,0.00609874,0.590104,-0.801653,-0.0794642,-0.0530506
3.18787,-0.0197992,-0.0614651,0.00609874,0.590104,-0.801653,-0.0794642,-0.0530506
3.18887,-0.0200827,-0.0614405,0.00609874,0.590644,-0.801309,-0.078564,-0.0535832
3.18988,-0.0200827,-0.0614405,0.00609874,0.590644,-0.801309,-0.078564,-0.0535832
3.19086,-0.0203688,-0.0614459,0.00614372,0.590577,-0.801545,-0.0765026,-0.0537777
3.19188,-0.0203688,-0.0614459,0.00614372,0.590577,-0.801545,-0.0765026,-0.0537777
3.19286,-0.0205578,-0.0614291,0.00614372,0.590655,-0.801617,-0.0748351,-0.0541901
3.19386,-0.0205578,-0.0614291,0.00614372,0.590655,-0.801617,-0.0748351,-0.0541901
3.19487,-0.0208413,-0.0614036,0.00614372,0.591195,-0.801266,-0.0739361,-0.0547258
3.19586,-0.0208413,-0.0614036,0.00614372,0.591195,-0.801266,-0.0739361,-0.0547258
3.19689,-0.0211247,-0.0613777,0.00614372,0.591257,-0.801321,-0.0723902,-0.0553038
3.19788,-0.0211247,-0.0613777,0.00614372,0.591257,-0.801321,-0.0723902,-0.0553038
3.19886,-0.0213136,-0.0613602,0.00614372,0.591299,-0.801357,-0.0713595,-0.0556891
3.19988,-0.0213136,-0.0613602,0.00614372,0.591299,-0.801357,-0.0713595,-0.0556891
3.20086,-0.0215969,-0.0613338,0.00614372,0.591911,-0.801071,-0.0693125,-0.0558773
3.20188,-0.0215969,-0.0613338,0.00614372,0.591911,-0.801071,-0.0693125,-0.0558773
3.20286,-0.0217858,-0.0613159,0.00614372,0.591987,-0.801128,-0.0676448,-0.0562913
3.20387,-0.0217858,-0.0613159,0.00614372,0.591987,-0.801128,-0.0676448,-0.0562913
3.20488,-0.0219725,-0.0612746,0.0061928,0.592029,-0.801157,-0.066614,-0.056677
3.20587,-0.0219725,-0.0612746,0.0061928,0.592029,-0.801157,-0.066614,-0.056677
3.20686,-0.0221613,-0.0612564,0.0061928,0.592654,-0.80087,-0.0644464,-0.056703
3.20788,-0.0221613,-0.0612564,0.0061928,0.592654,-0.80087,-0.0644464,-0.056703
3.20887,-0.0224445,-0.0612289,0.0061928,0.592682,-0.800882,-0.0635376,-0.0572538
3.20986,-0.0224445,-0.0612289,0.0061928,0.592682,-0.800882,-0.0635376,-0.0572538
3.21087,-0.0226333,-0.0612104,0.0061928,0.592761,-0.800945,-0.0619949,-0.0572611
3.21186,-0.0226333,-0.0612104,0.0061928,0.592761,-0.800945,-0.0619949,-0.0572611
3.21287,-0.0228221,-0.0611917,0.0061928,0.592803,-0.800965,-0.060964,-0.0576471
3.21388,-0.0228221,-0.0611917,0.0061928,0.592803,-0.800965,-0.060964,-0.0576471
3.21486,-0.0231052,-0.0611633,0.0061928,0.593415,-0.80065,-0.0589199,-0.0578401
3.21588,-0.0231052,-0.0611633,0.0061928,0.593415,-0.80065,-0.0589199,-0.0578401
3.21686,-0.023294,-0.0611443,0.0061928,0.593424,-0.800647,-0.0585265,-0.0581979
3.21787,-0.023294,-0.0611443,0.0061928,0.593424,-0.800647,-0.0585265,-0.0581979
3.21887,-0.0235771,-0.0611153,0.0061928,0.593525,-0.800705,-0.0564686,-0.0583982
3.21986,-0.0235771,-0.0611153,0.0061928,0.593525,-0.800705,-0.0564686,-0.0583982
3.22086,-0.0238601,-0.0610861,0.0061928,0.594074,-0.800342,-0.0557011,-0.058535
3.22187,-0.0238601,-0.0610861,0.0061928,0.594074,-0.800342,-0.0557011,-0.058535
3.22287,-0.0241431,-0.0610565,0.0061928,0.594176,-0.800392,-0.0536436,-0.0587355
3.22387,-0.0241431,-0.0610565,0.0061928,0.594176,-0.800392,-0.0536436,-0.0587355
3.22486,-0.0244261,-0.0610265,0.0061928,0.594246,-0.800421,-0.0522235,-0.058907
3.22586,-0.0244261,-0.0610265,0.0061928,0.594246,-0.800421,-0.0522235,-0.058907
3.22686,-0.024709,-0.0609962,0.0061928,0.594284,-0.800433,-0.0514408,-0.0590496
3.22786,-0.024709,-0.0609962,0.0061928,0.594284,-0.800433,-0.0514408,-0.0590496
3.22888,-0.0250862,-0.0609553,0.0061928,0.594891,-0.800076,-0.0495234,-0.0594092
3.22987,-0.0250862,-0.0609553,0.0061928,0.594891,-0.800076,-0.0495234,-0.0594092
3.23087,-0.0253691,-0.0609241,0.0061928,0.594926,-0.800065,-0.0486152,-0.0599608
3.23187,-0.0253691,-0.0609241,0.0061928,0.594926,-0.800065,-0.0486152,-0.0599608
3.23286,-0.0257462,-0.0608821,0.0061928,0.59499,-0.80007,-0.0473179,-0.0602965
3.23384,-0.0257462,-0.0608821,0.0061928,0.59499,-0.80007,-0.0473179,-0.0602965
3.23484,-0.0261232,-0.0608394,0.0061928,0.595055,-0.800072,-0.0460207,-0.060632
3.23586,-0.0261232,-0.0608394,0.0061928,0.595055,-0.800072,-0.0460207,-0.060632
3.23686,-0.0265001,-0.0607962,0.0061928,0.595634,-0.799688,-0.044744,-0.0609635
3.23786,-0.0265001,-0.0607962,0.0061928,0.595634,-0.799688,-0.044744,-0.0609635
3.23886,-0.0267828,-0.0607633,0.0061928,0.595743,-0.799704,-0.0426873,-0.0611636
3.23989,-0.0267828,-0.0607633,0.0061928,0.595743,-0.799704,-0.0426873,-0.0611636
3.24087,-0.0271596,-0.0607189,0.0061928,0.595813,-0.799695,-0.0413908,-0.0614987
3.24187,-0.0271596,-0.0607189,0.0061928,0.595813,-0.799695,-0.0413908,-0.0614987
3.24284,-0.0275363,-0.060674,0.0061928,0.595883,-0.799682,-0.0400943,-0.0618337
3.24382,-0.0275363,-0.060674,0.0061928,0.595883,-0.799682,-0.0400943,-0.0618337
3.24488,-0.0280071,-0.0606169,0.0061928,0.59598,-0.799658,-0.0382827,-0.0623618
3.24586,-0.0280071,-0.0606169,0.0061928,0.59598,-0.799658,-0.0382827,-0.0623618
3.24686,-0.0283837,-0.0605705,0.0061928,0.596557,-0.799235,-0.0368836,-0.0631046
3.24782,-0.0283837,-0.0605705,0.0061928,0.596557,-0.799235,-0.0368836,-0.0631046
3.24884,-0.0287602,-0.0605235,0.0061928,0.596632,-0.799212,-0.035588,-0.063439
3.24986,-0.0287602,-0.0605235,0.0061928,0.596632,-0.799212,-0.035588,-0.063439
3.25082,-0.0291366,-0.0604759,0.0061928,0.596709,-0.799185,-0.0342924,-0.0637732
3.25182,-0.0291366,-0.0604759,0.0061928,0.596709,-0.799185,-0.0342924,-0.0637732
3.25286,-0.0295168,-0.0604579,0.00623779,0.597166,-0.798893,-0.0323773,-0.0641447
3.25384,-0.0295168,-0.0604579,0.00623779,0.597166,-0.798893,-0.0323773,-0.0641447
3.25485,-0.0298931,-0.060409,0.00623779,0.597278,-0.798856,-0.0304447,-0.0645085
3.25586,-0.0298931,-0.060409,0.00623779,0.597278,-0.798856,-0.0304447,-0.0645085
3.25686,-0.0302693,-0.0603595,0.00623779,0.597348,-0.798796,-0.0290228,-0.0652538
3.25786,-0.0302693,-0.0603595,0.00623779,0.597348,-0.798796,-0.0290228,-0.0652538
3.25886,-0.0306455,-0.0603094,0.00623779,0.597941,-0.79837,-0.0277559,-0.0655886
3.25988,-0.0306455,-0.0603094,0.00623779,0.597941,-0.79837,-0.0277559,-0.0655886
3.26085,-0.0309316,-0.0603016,0.0062828,0.597898,-0.798454,-0.0256929,-0.065799
3.26188,-0.0309316,-0.0603016,0.0062828,0.597898,-0.798454,-0.0256929,-0.065799
3.26285,-0.0313076,-0.0602504,0.0062828,0.597982,-0.798404,-0.0243989,-0.0661328
3.26388,-0.0313076,-0.0602504,0.0062828,0.597982,-0.798404,-0.0243989,-0.0661328
3.26486,-0.0316878,-0.0602288,0.00632783,0.597894,-0.798449,-0.0229688,-0.0668903
3.26584,-0.0316878,-0.0602288,0.00632783,0.597894,-0.798449,-0.0229688,-0.0668903
3.26684,-0.0319697,-0.0601895,0.00632783,0.598495,-0.798023,-0.0215821,-0.067063
3.26786,-0.0319697,-0.0601895,0.00632783,0.598495,-0.798023,-0.0215821,-0.067063
3.26886,-0.0323466,-0.0601434,0.00642193,0.598451,-0.798074,-0.0196421,-0.0674397
3.26984,-0.0323466,-0.0601434,0.00642193,0.598451,-0.798074,-0.0196421,-0.0674397
3.27086,-0.0327223,-0.0600899,0.00642193,0.598498,-0.797997,-0.018859,-0.0681561
3.27184,-0.0327223,-0.0600899,0.00642193,0.598498,-0.797997,-0.018859,-0.0681561
3.27285,-0.0330051,-0.0600561,0.00651603,0.59897,-0.79767,-0.0168278,-0.0683743
3.27386,-0.0330051,-0.0600561,0.00651603,0.59897,-0.79767,-0.0168278,-0.0683743
3.27486,-0.0333773,-0.0599782,0.00656507,0.599061,-0.797598,-0.0155354,-0.0687081
3.27585,-0.0333773,-0.0599782,0.00656507,0.599061,-0.797598,-0.0155354,-0.0687081
3.27685,-0.033659,-0.0599369,0.00656507,0.599158,-0.797538,-0.0141199,-0.0688777
3.27785,-0.033659,-0.0599369,0.00656507,0.599158,-0.797538,-0.0141199,-0.0688777
3.27886,-0.0340354,-0.0598879,0.00665917,0.599629,-0.797181,-0.0122143,-0.0692624
3.27986,-0.0340354,-0.0598879,0.00665917,0.599629,-0.797181,-0.0122143,-0.0692624
3.28082,-0.0343169,-0.0598458,0.00665917,0.599683,-0.797106,-0.0113092,-0.0698154
3.28187,-0.0343169,-0.0598458,0.00665917,0.599683,-0.797106,-0.0113092,-0.0698154
3.28282,-0.0346887,-0.0597657,0.0067082,0.599779,-0.797022,-0.0100179,-0.0701487
3.28386,-0.0346887,-0.0597657,0.0067082,0.599779,-0.797022,-0.0100179,-0.0701487
3.28484,-0.0350602,-0.059685,0.00675721,0.600386,-0.796549,-0.0087626,-0.0704883
3.28586,-0.0350602,-0.059685,0.00675721,0.600386,-0.796549,-0.0087626,-0.0704883
3.28687,-0.0353415,-0.0596416,0.00675721,0.600487,-0.796473,-0.00734896,-0.0706573
3.28788,-0.0353415,-0.0596416,0.00675721,0.600487,-0.796473,-0.00734896,-0.0706573
3.28887,-0.0357128,-0.0595598,0.00680622,0.600618,-0.796357,-0.00542157,-0.0710205
3.28986,-0.0357128,-0.0595598,0.00680622,0.600618,-0.796357,-0.00542157,-0.0710205
3.29087,-0.0360839,-0.0594773,0.00685522,0.601228,-0.795874,-0.00416965,-0.0713602
3.29188,-0.0360839,-0.0594773,0.00685522,0.601228,-0.795874,-0.00416965,-0.0713602
3.29287,-0.0363697,-0.0594626,0.00690029,0.601124,-0.795905,-0.00325475,-0.0719315
3.29386,-0.0363697,-0.0594626,0.00690029,0.601124,-0.795905,-0.00325475,-0.0719315
3.29487,-0.0367406,-0.0593791,0.00694928,0.601736,-0.795416,-0.00200475,-0.072272
3.29586,-0.0367406,-0.0593791,0.00694928,0.601736,-0.795416,-0.00200475,-0.072272
3.29687,-0.0371113,-0.059295,0.00699826,0.601872,-0.795283,-7.95795e-05,-0.0726351
3.29787,-0.0371113,-0.059295,0.00699826,0.601872,-0.795283,-7.95795e-05,-0.0726351
3.29886,-0.0373932,-0.0592556,0.00709231,0.601816,-0.795307,0.00134349,-0.0728232
3.29988,-0.0373932,-0.0592556,0.00709231,0.601816,-0.795307,0.00134349,-0.0728232
3.30086,-0.0377675,-0.0591938,0.00709231,0.602385,-0.794807,0.00208218,-0.0735492
3.30187,-0.0377675,-0.0591938,0.00709231,0.602385,-0.794807,0.00208218,-0.0735492
3.30286,-0.0381428,-0.0591378,0.00718636,0.602362,-0.794782,0.00401795,-0.0739332
3.30387,-0.0381428,-0.0591378,0.00718636,0.602362,-0.794782,0.00401795,-0.0739332
3.30486,-0.0384284,-0.0591205,0.00723147,0.602817,-0.79441,0.00539852,-0.0741333
3.30586,-0.0384284,-0.0591205,0.00723147,0.602817,-0.79441,0.00539852,-0.0741333
3.30687,-0.0388036,-0.0590634,0.00732554,0.602795,-0.794374,0.00733364,-0.074519
3.30787,-0.0388036,-0.0590634,0.00732554,0.602795,-0.794374,0.00733364,-0.074519
3.30886,-0.0390893,-0.0590452,0.00737068,0.603204,-0.794,0.00820488,-0.0751068
3.30986,-0.0390893,-0.0590452,0.00737068,0.603204,-0.794,0.00820488,-0.0751068
3.31084,-0.0394684,-0.0590103,0.00741582,0.603185,-0.793956,0.0101393,-0.0754942
3.31184,-0.0394684,-0.0590103,0.00741582,0.603185,-0.793956,0.0101393,-0.0754942
3.31286,-0.0398475,-0.0589749,0.00746098,0.603168,-0.793905,0.0120738,-0.0758821
3.31387,-0.0398475,-0.0589749,0.00746098,0.603168,-0.793905,0.0120738,-0.0758821
3.31486,-0.0401384,-0.058985,0.00755134,0.603465,-0.793635,0.013463,-0.076112
3.31587,-0.0401384,-0.058985,0.00755134,0.603465,-0.793635,0.013463,-0.076112
3.31684,-0.0404241,-0.058965,0.00759653,0.603397,-0.793599,0.0150137,-0.0767247
3.31782,-0.0404241,-0.058965,0.00759653,0.603397,-0.793599,0.0150137,-0.0767247
3.31886,-0.0408086,-0.0589576,0.00768696,0.603728,-0.793268,0.0169142,-0.0771551
3.31988,-0.0408086,-0.0589576,0.00768696,0.603728,-0.793268,0.0169142,-0.0771551
3.32086,-0.0410943,-0.0589367,0.0077322,0.60371,-0.793212,0.0189715,-0.0773843
3.32187,-0.0410943,-0.0589367,0.0077322,0.60371,-0.793212,0.0189715,-0.0773843
3.32287,-0.0413801,-0.0589154,0.00777744,0.604151,-0.792778,0.0204743,-0.0780161
3.32385,-0.0413801,-0.0589154,0.00777744,0.604151,-0.792778,0.0204743,-0.0780161
3.32485,-0.0416712,-0.0589233,0.00786797,0.603972,-0.792832,0.0225443,-0.0782737
3.32586,-0.0416712,-0.0589233,0.00786797,0.603972,-0.792832,0.0225443,-0.0782737
3.32687,-0.041957,-0.0589013,0.00791325,0.603906,-0.792776,0.0240941,-0.0788917
3.32786,-0.041957,-0.0589013,0.00791325,0.603906,-0.792776,0.0240941,-0.0788917
3.32886,-0.0422428,-0.0588789,0.00795854,0.60437,-0.792357,0.0254652,-0.0791082
3.32987,-0.0422428,-0.0588789,0.00795854,0.60437,-0.792357,0.0254652,-0.0791082
3.33086,-0.0425286,-0.0588561,0.00800385,0.604355,-0.792277,0.0275209,-0.0793418
3.33187,-0.0425286,-0.0588561,0.00800385,0.604355,-0.792277,0.0275209,-0.0793418
3.33287,-0.0427154,-0.058821,0.00800385,0.604952,-0.791719,0.0291305,-0.0797905
3.33385,-0.0427154,-0.058821,0.00800385,0.604952,-0.791719,0.0291305,-0.0797905
3.33487,-0.0430012,-0.0587976,0.00804917,0.604911,-0.791676,0.0305492,-0.0799904
3.33588,-0.0430012,-0.0587976,0.00804917,0.604911,-0.791676,0.0305492,-0.0799904
3.33687,-0.0432814,-0.0587444,0.00804917,0.605008,-0.791481,0.0320838,-0.0805826
3.33787,-0.0432814,-0.0587444,0.00804917,0.605008,-0.791481,0.0320838,-0.0805826
3.33885,-0.0435615,-0.0586909,0.00804917,0.60513,-0.791312,0.0334881,-0.0807531
3.33987,-0.0435615,-0.0586909,0.00804917,0.60513,-0.791312,0.0334881,-0.0807531
3.34086,-0.0438416,-0.0586369,0.00804917,0.605759,-0.790753,0.0348397,-0.0809447
3.34186,-0.0438416,-0.0586369,0.00804917,0.605759,-0.790753,0.0348397,-0.0809447
3.34287,-0.0440282,-0.0586008,0.00804917,0.605901,-0.790541,0.037003,-0.0809868
3.34386,-0.0440282,-0.0586008,0.00804917,0.605901,-0.790541,0.037003,-0.0809868
3.34486,-0.0443081,-0.0585463,0.00804917,0.606531,-0.789974,0.0383521,-0.0811786
3.34587,-0.0443081,-0.0585463,0.00804917,0.606531,-0.789974,0.0383521,-0.0811786
3.34686,-0.044588,-0.0584915,0.00804917,0.606604,-0.789817,0.039249,-0.0817356
3.34786,-0.044588,-0.0584915,0.00804917,0.606604,-0.789817,0.039249,-0.0817356
3.34886,-0.0448678,-0.0584363,0.00804917,0.606755,-0.789576,0.0412858,-0.0819392
3.34988,-0.0448678,-0.0584363,0.00804917,0.606755,-0.789576,0.0412858,-0.0819392
3.35086,-0.0451475,-0.0583808,0.00804917,0.607386,-0.788999,0.0426317,-0.0821315
3.35189,-0.0451475,-0.0583808,0.00804917,0.607386,-0.788999,0.0426317,-0.0821315
3.35287,-0.0454272,-0.0583249,0.00804917,0.607514,-0.788806,0.0440317,-0.0822997
3.35386,-0.0454272,-0.0583249,0.00804917,0.607514,-0.788806,0.0440317,-0.0822997
3.35487,-0.0457068,-0.0582687,0.00804917,0.607642,-0.78861,0.0454313,-0.0824674
3.35587,-0.0457068,-0.0582687,0.00804917,0.607642,-0.78861,0.0454313,-0.0824674
3.35685,-0.0459863,-0.0582122,0.00804917,0.608275,-0.788023,0.0467737,-0.0826593
3.35784,-0.0459863,-0.0582122,0.00804917,0.608275,-0.788023,0.0467737,-0.0826593
3.35884,-0.0463541,-0.0581129,0.00809811,0.608362,-0.787835,0.0475433,-0.0833773
3.35987,-0.0463541,-0.0581129,0.00809811,0.608362,-0.787835,0.0475433,-0.0833773
3.36086,-0.0466334,-0.0580556,0.00809811,0.608493,-0.787631,0.0489412,-0.083544
3.36187,-0.0466334,-0.0580556,0.00809811,0.608493,-0.787631,0.0489412,-0.083544
3.36287,-0.0469079,-0.0579746,0.00814703,0.608624,-0.787423,0.0503388,-0.0837102
3.36386,-0.0469079,-0.0579746,0.00814703,0.608624,-0.787423,0.0503388,-0.0837102
3.36486,-0.0472801,-0.0578971,0.00814703,0.609271,-0.786807,0.0515515,-0.0840636
3.3659,-0.0472801,-0.0578971,0.00814703,0.609271,-0.786807,0.0515515,-0.0840636
3.36687,-0.0475604,-0.0578446,0.00824129,0.609244,-0.786712,0.0529638,-0.0842652
3.36787,-0.0475604,-0.0578446,0.00824129,0.609244,-0.786712,0.0529638,-0.0842652
3.36887,-0.0479324,-0.0577661,0.00824129,0.609893,-0.786089,0.0541737,-0.0846186
3.36984,-0.0479324,-0.0577661,0.00824129,0.609893,-0.786089,0.0541737,-0.0846186
3.37087,-0.0482063,-0.0576835,0.0082902,0.610028,-0.785869,0.0555685,-0.0847838
3.37187,-0.0482063,-0.0576835,0.0082902,0.610028,-0.785869,0.0555685,-0.0847838
3.37286,-0.048573,-0.0575805,0.0083391,0.610176,-0.785628,0.0568374,-0.08511
3.37386,-0.048573,-0.0575805,0.0083391,0.610176,-0.785628,0.0568374,-0.08511
3.37486,-0.0488517,-0.0575205,0.0083391,0.610258,-0.785439,0.0577293,-0.0856643
3.37586,-0.0488517,-0.0575205,0.0083391,0.610258,-0.785439,0.0577293,-0.0856643
3.37686,-0.049218,-0.0574165,0.00838799,0.610911,-0.784803,0.0589343,-0.0860169
3.37786,-0.049218,-0.0574165,0.00838799,0.610911,-0.784803,0.0589343,-0.0860169
3.37886,-0.0495893,-0.0573352,0.00838799,0.611062,-0.784554,0.0602012,-0.0863417
3.37987,-0.0495893,-0.0573352,0.00838799,0.611062,-0.784554,0.0602012,-0.0863417
3.38086,-0.0499553,-0.05723,0.00843687,0.611238,-0.784229,0.0621013,-0.0867008
3.38185,-0.0499553,-0.05723,0.00843687,0.611238,-0.784229,0.0621013,-0.0867008
3.38286,-0.0502335,-0.0571682,0.00843687,0.611379,-0.783989,0.0634927,-0.0868631
3.38385,-0.0502335,-0.0571682,0.00843687,0.611379,-0.783989,0.0634927,-0.0868631
3.38486,-0.0506044,-0.0570853,0.00843687,0.612036,-0.78334,0.0646921,-0.0872145
3.38617,-0.0506044,-0.0570853,0.00843687,0.612036,-0.78334,0.0646921,-0.0872145
3.38689,-0.0506044,-0.0570853,0.00843687,0.612036,-0.78334,0.0646921,-0.0872145
3.38783,-0.0506044,-0.0570853,0.00843687,0.612036,-0.78334,0.0646921,-0.0872145
3.38885,-0.0513404,-0.0568943,0.00848574,0.612316,-0.782776,0.0673525,-0.0882849
3.38999,-0.0513404,-0.0568943,0.00848574,0.612316,-0.782776,0.0673525,-0.0882849
3.39088,-0.0513404,-0.0568943,0.00848574,0.612316,-0.782776,0.0673525,-0.0882849
3.39187,-0.0517108,-0.0568095,0.00848574,0.612475,-0.782506,0.0686154,-0.0886061
3.39288,-0.0517108,-0.0568095,0.00848574,0.612475,-0.782506,0.0686154,-0.0886061
3.39388,-0.0522661,-0.0566813,0.00848574,0.613268,-0.781602,0.0713227,-0.0889553
3.39487,-0.0522661,-0.0566813,0.00848574,0.613268,-0.781602,0.0713227,-0.0889553
3.39588,-0.052643,-0.0566241,0.00853108,0.613214,-0.781487,0.0721024,-0.0897098
3.3969,-0.052643,-0.0566241,0.00853108,0.613214,-0.781487,0.0721024,-0.0897098
3.39787,-0.053013,-0.0565373,0.00853108,0.6134,-0.781123,0.0739954,-0.0900637
3.39888,-0.053013,-0.0565373,0.00853108,0.6134,-0.781123,0.0739954,-0.0900637
3.39987,-0.0533773,-0.0564265,0.00857994,0.613565,-0.780837,0.0752551,-0.0903824
3.40087,-0.0533773,-0.0564265,0.00857994,0.613565,-0.780837,0.0752551,-0.0903824
3.40188,-0.0537539,-0.0563675,0.0086253,0.614072,-0.780275,0.0764616,-0.0907763
3.40287,-0.0537539,-0.0563675,0.0086253,0.614072,-0.780275,0.0764616,-0.0907763
3.40388,-0.0541234,-0.0562788,0.0086253,0.614262,-0.779897,0.0783518,-0.0911287
3.40488,-0.0541234,-0.0562788,0.0086253,0.614262,-0.779897,0.0783518,-0.0911287
3.40589,-0.0544005,-0.0562118,0.0086253,0.614414,-0.779618,0.0797354,-0.0912857
3.40688,-0.0544005,-0.0562118,0.0086253,0.614414,-0.779618,0.0797354,-0.0912857
3.40787,-0.0547698,-0.056122,0.0086253,0.614584,-0.779318,0.0809921,-0.0916022
3.40888,-0.0547698,-0.056122,0.0086253,0.614584,-0.779318,0.0809921,-0.0916022
3.40987,-0.055146,-0.0560607,0.00867066,0.615118,-0.778652,0.0828251,-0.0920314
3.41088,-0.055146,-0.0560607,0.00867066,0.615118,-0.778652,0.0828251,-0.0920314
3.41187,-0.0555151,-0.0559697,0.00867066,0.615291,-0.778344,0.0840799,-0.0923471
3.41288,-0.0555151,-0.0559697,0.00867066,0.615291,-0.778344,0.0840799,-0.0923471
3.41387,-0.0557918,-0.055901,0.00867066,0.615447,-0.778052,0.0854606,-0.0925021
3.41487,-0.0557918,-0.055901,0.00867066,0.615447,-0.778052,0.0854606,-0.0925021
3.41586,-0.0561605,-0.055809,0.00867066,0.615621,-0.777738,0.0867142,-0.0928165
3.41687,-0.0561605,-0.055809,0.00867066,0.615621,-0.777738,0.0867142,-0.0928165
3.41787,-0.056437,-0.0557395,0.00867066,0.615801,-0.777346,0.0887248,-0.0930041
3.41887,-0.056437,-0.0557395,0.00867066,0.615801,-0.777346,0.0887248,-0.0930041
3.41988,-0.0568055,-0.0556464,0.00867066,0.616,-0.77693,0.0906078,-0.0933505
3.42087,-0.0568055,-0.0556464,0.00867066,0.616,-0.77693,0.0906078,-0.0933505
3.42188,-0.0570818,-0.0555761,0.00867066,0.616658,-0.776232,0.0919074,-0.0935379
3.42288,-0.0570818,-0.0555761,0.00867066,0.616658,-0.776232,0.0919074,-0.0935379
3.42387,-0.057352,-0.0554823,0.00871951,0.616878,-0.775862,0.0937802,-0.0932956
3.42487,-0.057352,-0.0554823,0.00871951,0.616878,-0.775862,0.0937802,-0.0932956
3.42587,-0.0577201,-0.0553877,0.00871951,0.617059,-0.775529,0.0950293,-0.0936063
3.42687,-0.0577201,-0.0553877,0.00871951,0.617059,-0.775529,0.0950293,-0.0936063
3.42787,-0.0579961,-0.0553163,0.00871951,0.617242,-0.775113,0.0970349,-0.0937902
3.42887,-0.0579961,-0.0553163,0.00871951,0.617242,-0.775113,0.0970349,-0.0937902
3.42985,-0.0583639,-0.0552206,0.00871951,0.617425,-0.774772,0.0982825,-0.0940993
3.43089,-0.0583639,-0.0552206,0.00871951,0.617425,-0.774772,0.0982825,-0.0940993
3.43187,-0.0586396,-0.0551485,0.00871951,0.617589,-0.774448,0.0996565,-0.0942485
3.43287,-0.0586396,-0.0551485,0.00871951,0.617589,-0.774448,0.0996565,-0.0942485
3.43387,-0.059001,-0.0550285,0.00876836,0.618272,-0.77371,0.10082,-0.0945926
3.43486,-0.059001,-0.0550285,0.00876836,0.618272,-0.77371,0.10082,-0.0945926
3.43587,-0.0592765,-0.0549556,0.00876836,0.61796,-0.773667,0.102905,-0.0947366
3.43686,-0.0592765,-0.0549556,0.00876836,0.61796,-0.773667,0.102905,-0.0947366
3.43789,-0.0595458,-0.0548591,0.00881719,0.618624,-0.772941,0.104193,-0.0949211
3.43889,-0.0595458,-0.0548591,0.00881719,0.618624,-0.772941,0.104193,-0.0949211
3.43988,-0.0599128,-0.0547609,0.00881719,0.618812,-0.772584,0.105436,-0.0952266
3.44088,-0.0599128,-0.0547609,0.00881719,0.618812,-0.772584,0.105436,-0.0952266
3.44187,-0.060174,-0.0546347,0.00882064,0.619137,-0.772127,0.106784,-0.0953188
3.44288,-0.060174,-0.0546347,0.00882064,0.619137,-0.772127,0.106784,-0.0953188
3.44387,-0.060449,-0.0545603,0.00882064,0.619306,-0.771784,0.108153,-0.0954637
3.44487,-0.060449,-0.0545603,0.00882064,0.619306,-0.771784,0.108153,-0.0954637
3.44587,-0.0608092,-0.0544374,0.00886946,0.619497,-0.771417,0.109394,-0.0957666
3.44689,-0.0608092,-0.0544374,0.00886946,0.619497,-0.771417,0.109394,-0.0957666
3.44786,-0.061084,-0.0543622,0.00886946,0.619749,-0.770885,0.111883,-0.095546
3.44888,-0.061084,-0.0543622,0.00886946,0.619749,-0.770885,0.111883,-0.095546
3.44987,-0.0614438,-0.0542382,0.00891826,0.619943,-0.770511,0.113122,-0.0958471
3.45086,-0.0614438,-0.0542382,0.00891826,0.619943,-0.770511,0.113122,-0.0958471
3.45188,-0.0617184,-0.0541623,0.00891826,0.620115,-0.770153,0.114488,-0.095989
3.45287,-0.0617184,-0.0541623,0.00891826,0.620115,-0.770153,0.114488,-0.095989
3.45387,-0.0620698,-0.0540084,0.0089217,0.620468,-0.769657,0.115703,-0.0962319
3.45487,-0.0620698,-0.0540084,0.0089217,0.620468,-0.769657,0.115703,-0.0962319
3.45588,-0.0623375,-0.0539085,0.00897048,0.621138,-0.768901,0.116977,-0.0964114
3.45687,-0.0623375,-0.0539085,0.00897048,0.621138,-0.768901,0.116977,-0.0964114
3.45787,-0.062703,-0.0538057,0.00897048,0.621336,-0.768515,0.118213,-0.0967092
3.45887,-0.062703,-0.0538057,0.00897048,0.621336,-0.768515,0.118213,-0.0967092
3.45986,-0.0629704,-0.053705,0.00901925,0.621511,-0.768144,0.119575,-0.0968482
3.46085,-0.0629704,-0.053705,0.00901925,0.621511,-0.768144,0.119575,-0.0968482
3.46187,-0.0633274,-0.0535723,0.00897391,0.621868,-0.767636,0.120785,-0.0970859
3.46288,-0.0633274,-0.0535723,0.00897391,0.621868,-0.767636,0.120785,-0.0970859
3.46387,-0.0636856,-0.0534446,0.00902267,0.622008,-0.767318,0.121527,-0.0977784
3.46487,-0.0636856,-0.0534446,0.00902267,0.622008,-0.767318,0.121527,-0.0977784
3.46587,-0.0639592,-0.0533659,0.00902267,0.622248,-0.766861,0.123377,-0.0975173
3.46685,-0.0639592,-0.0533659,0.00902267,0.622248,-0.766861,0.123377,-0.0975173
3.46787,-0.064317,-0.0532372,0.00907143,0.62239,-0.766538,0.124119,-0.0982084
3.46886,-0.064317,-0.0532372,0.00907143,0.62239,-0.766538,0.124119,-0.0982084
3.46984,-0.0645903,-0.0531577,0.00907143,0.622569,-0.766154,0.125477,-0.0983435
3.47088,-0.0645903,-0.0531577,0.00907143,0.622569,-0.766154,0.125477,-0.0983435
3.47186,-0.0649546,-0.0530511,0.00907143,0.622775,-0.765746,0.126707,-0.0986353
3.47287,-0.0649546,-0.0530511,0.00907143,0.622775,-0.765746,0.126707,-0.0986353
3.47387,-0.0652123,-0.0529189,0.00907484,0.623606,-0.764849,0.127944,-0.0987495
3.47487,-0.0652123,-0.0529189,0.00907484,0.623606,-0.764849,0.127944,-0.0987495
3.47586,-0.0655762,-0.0528114,0.00907484,0.62332,-0.764827,0.129268,-0.0989977
3.47687,-0.0655762,-0.0528114,0.00907484,0.62332,-0.764827,0.129268,-0.0989977
3.47787,-0.0658421,-0.0527071,0.00912357,0.623997,-0.764039,0.130526,-0.0991714
3.47886,-0.0658421,-0.0527071,0.00912357,0.623997,-0.764039,0.130526,-0.0991714
3.47986,-0.0662056,-0.0525985,0.00912357,0.624207,-0.763619,0.131752,-0.0994596
3.48087,-0.0662056,-0.0525985,0.00912357,0.624207,-0.763619,0.131752,-0.0994596
3.48187,-0.0665689,-0.0524893,0.00912357,0.624419,-0.763196,0.132977,-0.099747
3.48287,-0.0665689,-0.0524893,0.00912357,0.624419,-0.763196,0.132977,-0.099747
3.48386,-0.066932,-0.0523795,0.00912357,0.624632,-0.76277,0.134201,-0.100033
3.48486,-0.066932,-0.0523795,0.00912357,0.624632,-0.76277,0.134201,-0.100033
3.48587,-0.0672043,-0.0522968,0.00912357,0.624819,-0.762361,0.135553,-0.100162
3.48687,-0.0672043,-0.0522968,0.00912357,0.624819,-0.762361,0.135553,-0.100162
3.48783,-0.06756,-0.0521628,0.0091723,0.625034,-0.761929,0.136775,-0.100447
3.48887,-0.06756,-0.0521628,0.0091723,0.625034,-0.761929,0.136775,-0.100447
3.48987,-0.067832,-0.0520793,0.0091723,0.625286,-0.761426,0.138612,-0.100175
3.49086,-0.067832,-0.0520793,0.0091723,0.625286,-0.761426,0.138612,-0.100175
3.49187,-0.0681945,-0.0519674,0.0091723,0.625504,-0.760986,0.139832,-0.100458
3.49288,-0.0681945,-0.0519674,0.0091723,0.625504,-0.760986,0.139832,-0.100458
3.49386,-0.0685495,-0.0518318,0.00922101,0.625723,-0.760544,0.141052,-0.10074
3.49486,-0.0685495,-0.0518318,0.00922101,0.625723,-0.760544,0.141052,-0.10074
3.49588,-0.0689116,-0.0517188,0.00922101,0.626454,-0.75957,0.14279,-0.101092
3.4969,-0.0689116,-0.0517188,0.00922101,0.626454,-0.75957,0.14279,-0.101092
3.49786,-0.069183,-0.0516336,0.00922101,0.62671,-0.759049,0.144621,-0.100816
3.49885,-0.069183,-0.0516336,0.00922101,0.62671,-0.759049,0.144621,-0.100816
3.49988,-0.0695374,-0.0514964,0.00926971,0.626933,-0.758595,0.145837,-0.101095
3.50085,-0.0695374,-0.0514964,0.00926971,0.626933,-0.758595,0.145837,-0.101095
3.50187,-0.0698012,-0.0513873,0.00931841,0.627126,-0.75816,0.14718,-0.101217
3.50287,-0.0698012,-0.0513873,0.00931841,0.627126,-0.75816,0.14718,-0.101217
3.50386,-0.0701626,-0.0512722,0.00931841,0.627369,-0.757559,0.149017,-0.101522
3.50483,-0.0701626,-0.0512722,0.00931841,0.627369,-0.757559,0.149017,-0.101522
3.50584,-0.070426,-0.0511623,0.00936709,0.627564,-0.757116,0.150358,-0.101643
3.50687,-0.070426,-0.0511623,0.00936709,0.627564,-0.757116,0.150358,-0.101643
3.50784,-0.0707795,-0.051023,0.00941577,0.627856,-0.756552,0.152054,-0.101517
3.50888,-0.0707795,-0.051023,0.00941577,0.627856,-0.756552,0.152054,-0.101517
3.50988,-0.0710426,-0.0509124,0.00946443,0.628071,-0.755957,0.154015,-0.101662
3.51086,-0.0710426,-0.0509124,0.00946443,0.628071,-0.755957,0.154015,-0.101662
3.51187,-0.0713956,-0.0507721,0.00951309,0.6283,-0.755483,0.155224,-0.101936
3.51288,-0.0713956,-0.0507721,0.00951309,0.6283,-0.755483,0.155224,-0.101936
3.51387,-0.0716489,-0.0506322,0.00951641,0.629141,-0.754522,0.156424,-0.102028
3.51487,-0.0716489,-0.0506322,0.00951641,0.629141,-0.754522,0.156424,-0.102028
3.51587,-0.0719114,-0.0505205,0.00956505,0.629339,-0.754063,0.15776,-0.102144
3.51686,-0.0719114,-0.0505205,0.00956505,0.629339,-0.754063,0.15776,-0.102144
3.51787,-0.0721643,-0.0503799,0.00956836,0.629774,-0.753237,0.160169,-0.101812
3.51887,-0.0721643,-0.0503799,0.00956836,0.629774,-0.753237,0.160169,-0.101812
3.51987,-0.0724264,-0.0502675,0.00961698,0.629973,-0.75277,0.161502,-0.101926
3.52086,-0.0724264,-0.0502675,0.00961698,0.629973,-0.75277,0.161502,-0.101926
3.52187,-0.0727686,-0.0500964,0.00962029,0.630359,-0.752167,0.162677,-0.102122
3.52288,-0.0727686,-0.0500964,0.00962029,0.630359,-0.752167,0.162677,-0.102122
3.52386,-0.0730208,-0.0499548,0.0096236,0.630712,-0.751583,0.163979,-0.102161
3.5249,-0.0730208,-0.0499548,0.0096236,0.630712,-0.751583,0.163979,-0.102161
3.5259,-0.0732726,-0.0498129,0.00962692,0.631065,-0.750996,0.165281,-0.102198
3.52686,-0.0732726,-0.0498129,0.00962692,0.631065,-0.750996,0.165281,-0.102198
3.52787,-0.0735243,-0.0496706,0.00963023,0.631973,-0.749907,0.166947,-0.101878
3.52887,-0.0735243,-0.0496706,0.00963023,0.631973,-0.749907,0.166947,-0.101878
3.52987,-0.0737756,-0.049528,0.00963355,0.632327,-0.749313,0.168245,-0.101912
3.53086,-0.0737756,-0.049528,0.00963355,0.632327,-0.749313,0.168245,-0.101912
3.53187,-0.0740091,-0.0493332,0.0096402,0.632832,-0.748606,0.169512,-0.101871
3.53287,-0.0740091,-0.0493332,0.0096402,0.632832,-0.748606,0.169512,-0.101871
3.53388,-0.0742599,-0.04919,0.00964353,0.633187,-0.748008,0.170808,-0.101902
3.53489,-0.0742599,-0.04919,0.00964353,0.633187,-0.748008,0.170808,-0.101902
3.53586,-0.0745105,-0.0490464,0.00964686,0.633541,-0.747406,0.172103,-0.101931
3.53686,-0.0745105,-0.0490464,0.00964686,0.633541,-0.747406,0.172103,-0.101931
3.53787,-0.0747429,-0.0488506,0.00965352,0.634063,-0.746531,0.173984,-0.101906
3.53887,-0.0747429,-0.0488506,0.00965352,0.634063,-0.746531,0.173984,-0.101906
3.53987,-0.0749929,-0.0487063,0.00965686,0.634906,-0.74553,0.175158,-0.10198
3.54086,-0.0749929,-0.0487063,0.00965686,0.634906,-0.74553,0.175158,-0.10198
3.54188,-0.0752245,-0.0485098,0.00966353,0.635411,-0.744809,0.176418,-0.101927
3.54287,-0.0752245,-0.0485098,0.00966353,0.635411,-0.744809,0.176418,-0.101927
3.54387,-0.0754739,-0.0483649,0.00966688,0.635767,-0.744196,0.177706,-0.101949
3.54487,-0.0754739,-0.0483649,0.00966688,0.635767,-0.744196,0.177706,-0.101949
3.54587,-0.0757048,-0.0481677,0.00967357,0.636273,-0.74347,0.178963,-0.101892
3.54687,-0.0757048,-0.0481677,0.00967357,0.636273,-0.74347,0.178963,-0.101892
3.54787,-0.0759436,-0.0479935,0.00963184,0.636794,-0.742576,0.180835,-0.101854
3.54887,-0.0759436,-0.0479935,0.00963184,0.636794,-0.742576,0.180835,-0.101854
3.54988,-0.0761921,-0.0478476,0.00963521,0.637215,-0.741837,0.182593,-0.101462
3.55084,-0.0761921,-0.0478476,0.00963521,0.637215,-0.741837,0.182593,-0.101462
3.55187,-0.0764403,-0.0477014,0.00963857,0.638057,-0.740817,0.183755,-0.101526
3.55286,-0.0764403,-0.0477014,0.00963857,0.638057,-0.740817,0.183755,-0.101526
3.55387,-0.0767585,-0.0474712,0.00964531,0.6386,-0.740059,0.184873,-0.101611
3.55487,-0.0767585,-0.0474712,0.00964531,0.6386,-0.740059,0.184873,-0.101611
3.55586,-0.0770061,-0.0473242,0.00964868,0.638957,-0.739428,0.186152,-0.101622
3.55686,-0.0770061,-0.0473242,0.00964868,0.638957,-0.739428,0.186152,-0.101622
3.55787,-0.0772534,-0.0471769,0.00965206,0.639315,-0.738795,0.18743,-0.10163
3.55886,-0.0772534,-0.0471769,0.00965206,0.639315,-0.738795,0.18743,-0.10163
3.55985,-0.0774901,-0.0470006,0.00961046,0.639821,-0.738049,0.188676,-0.101557
3.56085,-0.0774901,-0.0470006,0.00961046,0.639821,-0.738049,0.188676,-0.101557
3.56186,-0.0778169,-0.0467973,0.0096622,0.640283,-0.737269,0.190291,-0.101304
3.56286,-0.0778169,-0.0467973,0.0096622,0.640283,-0.737269,0.190291,-0.101304
3.56388,-0.0780632,-0.0466489,0.00966558,0.640641,-0.736627,0.191564,-0.101306
3.56487,-0.0780632,-0.0466489,0.00966558,0.640641,-0.736627,0.191564,-0.101306
3.56589,-0.0783094,-0.0465003,0.00966897,0.641,-0.735983,0.192836,-0.101307
3.56688,-0.0783094,-0.0465003,0.00966897,0.641,-0.735983,0.192836,-0.101307
3.56786,-0.0786435,-0.046319,0.00967235,0.641882,-0.734919,0.193849,-0.10151
3.56886,-0.0786435,-0.046319,0.00967235,0.641882,-0.734919,0.193849,-0.10151
3.56983,-0.0788804,-0.046146,0.00972404,0.642241,-0.734269,0.195118,-0.101508
3.57088,-0.0788804,-0.046146,0.00972404,0.642241,-0.734269,0.195118,-0.101508
3.57188,-0.0792244,-0.0459925,0.00977232,0.642558,-0.73358,0.196755,-0.101327
3.57284,-0.0792244,-0.0459925,0.00977232,0.642558,-0.73358,0.196755,-0.101327
3.57387,-0.0794694,-0.0458423,0.00977569,0.642919,-0.732924,0.198021,-0.101321
3.57488,-0.0794694,-0.0458423,0.00977569,0.642919,-0.732924,0.198021,-0.101321
3.57588,-0.0797933,-0.0456355,0.00982731,0.643255,-0.732372,0.198686,-0.101876
3.57686,-0.0797933,-0.0456355,0.00982731,0.643255,-0.732372,0.198686,-0.101876
3.57786,-0.0800484,-0.0455134,0.00987556,0.643469,-0.73182,0.199982,-0.101951
3.57886,-0.0800484,-0.0455134,0.00987556,0.643469,-0.73182,0.199982,-0.101951
3.57985,-0.0802925,-0.0453622,0.00987891,0.644312,-0.730761,0.201115,-0.101994
3.58085,-0.0802925,-0.0453622,0.00987891,0.644312,-0.730761,0.201115,-0.101994
3.58188,-0.0806153,-0.045154,0.00993048,0.644728,-0.729891,0.202856,-0.10215
3.58287,-0.0806153,-0.045154,0.00993048,0.644728,-0.729891,0.202856,-0.10215
3.58387,-0.0808697,-0.0450308,0.00997868,0.644944,-0.72933,0.204148,-0.102222
3.58486,-0.0808697,-0.0450308,0.00997868,0.644944,-0.72933,0.204148,-0.102222
3.58586,-0.081113,-0.0448785,0.00998202,0.645306,-0.728658,0.205406,-0.102207
3.58687,-0.081113,-0.0448785,0.00998202,0.645306,-0.728658,0.205406,-0.102207
3.58787,-0.0813579,-0.0447311,0.0100784,0.645522,-0.728092,0.206695,-0.102277
3.58885,-0.0813579,-0.0447311,0.0100784,0.645522,-0.728092,0.206695,-0.102277
3.58987,-0.0816006,-0.0445782,0.0100817,0.646366,-0.727018,0.207818,-0.102314
3.59084,-0.0816006,-0.0445782,0.0100817,0.646366,-0.727018,0.207818,-0.102314
3.59188,-0.0819306,-0.0443914,0.010085,0.646772,-0.726317,0.208939,-0.102444
3.59287,-0.0819306,-0.0443914,0.010085,0.646772,-0.726317,0.208939,-0.102444
3.59387,-0.0821747,-0.0442428,0.0101813,0.646924,-0.725876,0.209761,-0.102924
3.59487,-0.0821747,-0.0442428,0.0101813,0.646924,-0.725876,0.209761,-0.102924
3.59584,-0.0824166,-0.044089,0.0101846,0.647288,-0.725192,0.211012,-0.102901
3.59686,-0.0824166,-0.044089,0.0101846,0.647288,-0.725192,0.211012,-0.102901
3.59788,-0.0826582,-0.0439348,0.0101879,0.647652,-0.724506,0.212261,-0.102877
3.59888,-0.0826582,-0.0439348,0.0101879,0.647652,-0.724506,0.212261,-0.102877
3.59986,-0.0829015,-0.0437852,0.0102841,0.647871,-0.723923,0.213544,-0.10294
3.60086,-0.0829015,-0.0437852,0.0102841,0.647871,-0.723923,0.213544,-0.10294
3.60187,-0.0831425,-0.0436305,0.0102874,0.64817,-0.723369,0.214329,-0.103328
3.60285,-0.0831425,-0.0436305,0.0102874,0.64817,-0.723369,0.214329,-0.103328
3.60386,-0.0833834,-0.0434753,0.0102906,0.649014,-0.722277,0.215439,-0.103356
3.60487,-0.0833834,-0.0434753,0.0102906,0.649014,-0.722277,0.215439,-0.103356
3.60587,-0.0836145,-0.0432962,0.010342,0.649379,-0.721581,0.216684,-0.103326
3.60687,-0.0836145,-0.0432962,0.010342,0.649379,-0.721581,0.216684,-0.103326
3.60788,-0.0838548,-0.0431405,0.0103453,0.649678,-0.721022,0.217466,-0.10371
3.60886,-0.0838548,-0.0431405,0.0103453,0.649678,-0.721022,0.217466,-0.10371
3.60985,-0.0840853,-0.0429606,0.0103966,0.650043,-0.720321,0.218708,-0.103677
3.61085,-0.0840853,-0.0429606,0.0103966,0.650043,-0.720321,0.218708,-0.103677
3.61188,-0.0843249,-0.0428043,0.0103998,0.650886,-0.71922,0.21981,-0.1037
3.61286,-0.0843249,-0.0428043,0.0103998,0.650886,-0.71922,0.21981,-0.1037
3.61385,-0.0845643,-0.0426477,0.0104031,0.651185,-0.718655,0.22059,-0.10408
3.61488,-0.0845643,-0.0426477,0.0104031,0.651185,-0.718655,0.22059,-0.10408
3.61587,-0.0847939,-0.0424669,0.0104544,0.651551,-0.717948,0.221828,-0.104042
3.61685,-0.0847939,-0.0424669,0.0104544,0.651551,-0.717948,0.221828,-0.104042
3.61782,-0.0850211,-0.0422809,0.010413,0.65247,-0.716876,0.222432,-0.104387
3.61887,-0.0850211,-0.0422809,0.010413,0.65247,-0.716876,0.222432,-0.104387
3.61987,-0.0852499,-0.0420995,0.0104642,0.652835,-0.716164,0.223666,-0.104346
3.62087,-0.0852499,-0.0420995,0.0104642,0.652835,-0.716164,0.223666,-0.104346
3.62187,-0.0854881,-0.0419416,0.0104675,0.653201,-0.71545,0.2249,-0.104303
3.62287,-0.0854881,-0.0419416,0.0104675,0.653201,-0.71545,0.2249,-0.104303
3.62387,-0.0857045,-0.0417309,0.0104741,0.65371,-0.714628,0.226096,-0.104166
3.62486,-0.0857045,-0.0417309,0.0104741,0.65371,-0.714628,0.226096,-0.104166
3.62587,-0.0859421,-0.0415724,0.0104773,0.654485,-0.713655,0.226729,-0.104598
3.62688,-0.0859421,-0.0415724,0.0104773,0.654485,-0.713655,0.226729,-0.104598
3.6279,-0.0861696,-0.0413897,0.0105285,0.654851,-0.712934,0.227958,-0.10455
3.62887,-0.0861696,-0.0413897,0.0105285,0.654851,-0.712934,0.227958,-0.10455
3.62988,-0.0864808,-0.0411663,0.0104872,0.655406,-0.712084,0.229015,-0.104553
3.63088,-0.0864808,-0.0411663,0.0104872,0.655406,-0.712084,0.229015,-0.104553
3.63187,-0.0867075,-0.0409829,0.0105384,0.655773,-0.711359,0.230241,-0.104501
3.63286,-0.0867075,-0.0409829,0.0105384,0.655773,-0.711359,0.230241,-0.104501
3.63383,-0.0869438,-0.0408231,0.0105416,0.656139,-0.710631,0.231466,-0.104447
3.63486,-0.0869438,-0.0408231,0.0105416,0.656139,-0.710631,0.231466,-0.104447
3.63587,-0.0871578,-0.0406103,0.0105482,0.657054,-0.709543,0.232055,-0.104778
3.63687,-0.0871578,-0.0406103,0.0105482,0.657054,-0.709543,0.232055,-0.104778
3.63788,-0.0873834,-0.0404259,0.0105993,0.65742,-0.708812,0.233277,-0.104721
3.63887,-0.0873834,-0.0404259,0.0105993,0.65742,-0.708812,0.233277,-0.104721
3.63988,-0.0877045,-0.0402291,0.0106026,0.657842,-0.707847,0.234966,-0.104818
3.64086,-0.0877045,-0.0402291,0.0106026,0.657842,-0.707847,0.234966,-0.104818
3.64187,-0.0879273,-0.0400392,0.0105614,0.65835,-0.707005,0.236147,-0.104661
3.64288,-0.0879273,-0.0400392,0.0105614,0.65835,-0.707005,0.236147,-0.104661
3.64387,-0.0881518,-0.0398538,0.0106125,0.65871,-0.706475,0.23676,-0.104588
3.64486,-0.0881518,-0.0398538,0.0106125,0.65871,-0.706475,0.23676,-0.104588
3.64588,-0.0883861,-0.0396921,0.0106158,0.659549,-0.705332,0.23783,-0.104587
3.64688,-0.0883861,-0.0396921,0.0106158,0.659549,-0.705332,0.23783,-0.104587
3.64786,-0.0886079,-0.0395013,0.0105746,0.660056,-0.704484,0.239006,-0.104423
3.64886,-0.0886079,-0.0395013,0.0105746,0.660056,-0.704484,0.239006,-0.104423
3.64987,-0.0888314,-0.039315,0.0106256,0.660423,-0.703738,0.240218,-0.104355
3.65086,-0.0888314,-0.039315,0.0106256,0.660423,-0.703738,0.240218,-0.104355
3.65187,-0.0890648,-0.0391524,0.0106289,0.66079,-0.702989,0.241428,-0.104285
3.65286,-0.0890648,-0.0391524,0.0106289,0.66079,-0.702989,0.241428,-0.104285
3.65388,-0.0892751,-0.0389366,0.0106356,0.661297,-0.702134,0.2426,-0.104115
3.65486,-0.0892751,-0.0389366,0.0106356,0.661297,-0.702134,0.2426,-0.104115
3.65588,-0.0895079,-0.0387734,0.0106389,0.662062,-0.701349,0.242609,-0.104521
3.65687,-0.0895079,-0.0387734,0.0106389,0.662062,-0.701349,0.242609,-0.104521
3.65787,-0.0896428,-0.0386179,0.0105978,0.662518,-0.700512,0.243914,-0.104203
3.65887,-0.0896428,-0.0386179,0.0105978,0.662518,-0.700512,0.243914,-0.104203
3.65989,-0.0898646,-0.0384301,0.0106488,0.662885,-0.699756,0.245118,-0.104126
3.66087,-0.0898646,-0.0384301,0.0106488,0.662885,-0.699756,0.245118,-0.104126
3.66188,-0.0900839,-0.0382373,0.0106078,0.663386,-0.69911,0.245683,-0.103941
3.66288,-0.0900839,-0.0382373,0.0106078,0.663386,-0.69911,0.245683,-0.103941
3.66386,-0.0903029,-0.0380442,0.0105669,0.664361,-0.697844,0.246697,-0.103826
3.66486,-0.0903029,-0.0380442,0.0105669,0.664361,-0.697844,0.246697,-0.103826
3.66587,-0.0905108,-0.0378266,0.0105736,0.664866,-0.696978,0.247859,-0.103643
3.66687,-0.0905108,-0.0378266,0.0105736,0.664866,-0.696978,0.247859,-0.103643
3.66787,-0.090657,-0.037699,0.0105769,0.665181,-0.696234,0.249194,-0.103415
3.66887,-0.090657,-0.037699,0.0105769,0.665181,-0.696234,0.249194,-0.103415
3.66988,-0.0908643,-0.0374808,0.0105836,0.665685,-0.695364,0.250352,-0.103228
3.67087,-0.0908643,-0.0374808,0.0105836,0.665685,-0.695364,0.250352,-0.103228
3.67187,-0.0910818,-0.0372866,0.0105428,0.66612,-0.694873,0.250465,-0.103459
3.67286,-0.0910818,-0.0372866,0.0105428,0.66612,-0.694873,0.250465,-0.103459
3.67387,-0.0912882,-0.0370678,0.0105496,0.66662,-0.694221,0.251022,-0.103263
3.67487,-0.0912882,-0.0370678,0.0105496,0.66662,-0.694221,0.251022,-0.103263
3.67587,-0.0914941,-0.0368486,0.0105563,0.667124,-0.693347,0.252176,-0.103069
3.67686,-0.0914941,-0.0368486,0.0105563,0.667124,-0.693347,0.252176,-0.103069
3.67788,-0.0916261,-0.0366911,0.0105156,0.668042,-0.692088,0.253313,-0.102797
3.67887,-0.0916261,-0.0366911,0.0105156,0.668042,-0.692088,0.253313,-0.102797
3.67986,-0.0918182,-0.0364424,0.0104783,0.668613,-0.691492,0.253385,-0.102919
3.68086,-0.0918182,-0.0364424,0.0104783,0.668613,-0.691492,0.253385,-0.102919
3.68187,-0.0920228,-0.0362224,0.0104852,0.669115,-0.690613,0.254534,-0.102718
3.68287,-0.0920228,-0.0362224,0.0104852,0.669115,-0.690613,0.254534,-0.102718
3.68386,-0.0922269,-0.036002,0.010492,0.669614,-0.689956,0.255084,-0.102513
3.68486,-0.0922269,-0.036002,0.010492,0.669614,-0.689956,0.255084,-0.102513
3.68588,-0.0924196,-0.035757,0.0105462,0.670116,-0.689074,0.25623,-0.102308
3.68686,-0.0924196,-0.035757,0.0105462,0.670116,-0.689074,0.25623,-0.102308
3.68787,-0.0926095,-0.0355068,0.0105091,0.671216,-0.687908,0.256583,-0.10206
3.68888,-0.0926095,-0.0355068,0.0105091,0.671216,-0.687908,0.256583,-0.10206
3.68986,-0.0928121,-0.0352854,0.010516,0.671717,-0.687023,0.257725,-0.101851
3.69087,-0.0928121,-0.0352854,0.010516,0.671717,-0.687023,0.257725,-0.101851
3.69187,-0.0929898,-0.0350101,0.0105263,0.672351,-0.68626,0.25823,-0.101532
3.69286,-0.0929898,-0.0350101,0.0105263,0.672351,-0.68626,0.25823,-0.101532
3.69389,-0.093178,-0.0347589,0.0104893,0.672922,-0.685435,0.258891,-0.101642
3.69486,-0.093178,-0.0347589,0.0104893,0.672922,-0.685435,0.258891,-0.101642
3.69586,-0.0933679,-0.034512,0.0105435,0.673419,-0.684773,0.259432,-0.101425
3.69686,-0.0933679,-0.034512,0.0105435,0.673419,-0.684773,0.259432,-0.101425
3.69786,-0.0936269,-0.034197,0.0105539,0.674107,-0.683759,0.26039,-0.10124
3.69888,-0.0936269,-0.034197,0.0105539,0.674107,-0.683759,0.26039,-0.10124
3.69988,-0.0938268,-0.0339738,0.0105608,0.675068,-0.68246,0.261367,-0.101085
3.70086,-0.0938268,-0.0339738,0.0105608,0.675068,-0.68246,0.261367,-0.101085
3.70188,-0.0940012,-0.0336964,0.0105712,0.675701,-0.681463,0.262459,-0.100753
3.70287,-0.0940012,-0.0336964,0.0105712,0.675701,-0.681463,0.262459,-0.100753
3.70388,-0.0941749,-0.0334186,0.0105816,0.676332,-0.680696,0.262954,-0.10042
3.70489,-0.0941749,-0.0334186,0.0105816,0.676332,-0.680696,0.262954,-0.10042
3.70586,-0.094348,-0.0331404,0.010592,0.676899,-0.679865,0.263608,-0.100516
3.70687,-0.094348,-0.0331404,0.010592,0.676899,-0.679865,0.263608,-0.100516
3.70787,-0.0945341,-0.0328912,0.0106461,0.677856,-0.678558,0.264576,-0.100351
3.70887,-0.0945341,-0.0328912,0.0106461,0.677856,-0.678558,0.264576,-0.100351
3.70987,-0.0948001,-0.0325979,0.0106095,0.678539,-0.677768,0.264926,-0.10015
3.71087,-0.0948001,-0.0325979,0.0106095,0.678539,-0.677768,0.264926,-0.10015
3.71186,-0.0949711,-0.0323184,0.01062,0.679104,-0.676934,0.265576,-0.100238
3.71286,-0.0949711,-0.0323184,0.01062,0.679104,-0.676934,0.265576,-0.100238
3.71389,-0.0951553,-0.032068,0.0106739,0.680058,-0.675622,0.266538,-0.100067
3.71488,-0.0951553,-0.032068,0.0106739,0.680058,-0.675622,0.266538,-0.100067
3.71586,-0.0953368,-0.0318125,0.0106375,0.680685,-0.674616,0.267617,-0.0997153
3.71687,-0.0953368,-0.0318125,0.0106375,0.680685,-0.674616,0.267617,-0.0997153
3.71788,-0.0955199,-0.0315614,0.0106914,0.681115,-0.674116,0.26771,-0.0999094
3.71887,-0.0955199,-0.0315614,0.0106914,0.681115,-0.674116,0.26771,-0.0999094
3.71987,-0.0957144,-0.0313347,0.0106984,0.681544,-0.67338,0.268396,-0.100098
3.72088,-0.0957144,-0.0313347,0.0106984,0.681544,-0.67338,0.268396,-0.100098
3.72187,-0.0958822,-0.0310534,0.0107089,0.682627,-0.671961,0.269309,-0.0998086
3.72288,-0.0958822,-0.0310534,0.0107089,0.682627,-0.671961,0.269309,-0.0998086
3.72387,-0.0959937,-0.0308656,0.010716,0.683065,-0.671308,0.269969,-0.0994237
3.72486,-0.0959937,-0.0308656,0.010716,0.683065,-0.671308,0.269969,-0.0994237
3.72587,-0.0961867,-0.030638,0.010723,0.684013,-0.669986,0.270919,-0.0992396
3.72686,-0.0961867,-0.030638,0.010723,0.684013,-0.669986,0.270919,-0.0992396
3.72787,-0.0963792,-0.0304102,0.01073,0.68444,-0.669246,0.271601,-0.0994211
3.72886,-0.0963792,-0.0304102,0.01073,0.68444,-0.669246,0.271601,-0.0994211
3.72987,-0.0964775,-0.0301968,0.0107839,0.684874,-0.668352,0.27285,-0.0990254
3.73087,-0.0964775,-0.0301968,0.0107839,0.684874,-0.668352,0.27285,-0.0990254
3.73186,-0.0966691,-0.0299684,0.0107909,0.685758,-0.667438,0.272775,-0.0992798
3.73286,-0.0966691,-0.0299684,0.0107909,0.685758,-0.667438,0.272775,-0.0992798
3.73388,-0.0967788,-0.0297795,0.0107979,0.68619,-0.666542,0.274021,-0.0988807
3.73487,-0.0967788,-0.0297795,0.0107979,0.68619,-0.666542,0.274021,-0.0988807
3.73587,-0.0969695,-0.0295506,0.010805,0.686615,-0.665799,0.274699,-0.0990552
3.73689,-0.0969695,-0.0295506,0.010805,0.686615,-0.665799,0.274699,-0.0990552
3.73787,-0.0970785,-0.0293613,0.010812,0.687504,-0.664727,0.275187,-0.0987304
3.73889,-0.0970785,-0.0293613,0.010812,0.687504,-0.664727,0.275187,-0.0987304
3.73988,-0.0972018,-0.0292016,0.0108622,0.687741,-0.664104,0.276046,-0.0988777
3.74084,-0.0972018,-0.0292016,0.0108622,0.687741,-0.664104,0.276046,-0.0988777
3.74184,-0.0973102,-0.029012,0.0108693,0.688565,-0.663207,0.276107,-0.0989908
3.74286,-0.0973102,-0.029012,0.0108693,0.688565,-0.663207,0.276107,-0.0989908
3.74386,-0.0974993,-0.0287821,0.0108763,0.689051,-0.662284,0.277206,-0.0987197
3.74485,-0.0974993,-0.0287821,0.0108763,0.689051,-0.662284,0.277206,-0.0987197
3.74584,-0.0976195,-0.0286173,0.0108368,0.689416,-0.661557,0.278022,-0.0987507
3.74684,-0.0976195,-0.0286173,0.0108368,0.689416,-0.661557,0.278022,-0.0987507
3.74786,-0.0977269,-0.0284272,0.0108439,0.689785,-0.661072,0.278246,-0.0987882
3.74886,-0.0977269,-0.0284272,0.0108439,0.689785,-0.661072,0.278246,-0.0987882
3.74988,-0.097834,-0.0282368,0.010851,0.690669,-0.659996,0.278726,-0.0984569
3.75086,-0.097834,-0.0282368,0.010851,0.690669,-0.659996,0.278726,-0.0984569
3.75183,-0.0980216,-0.0280061,0.0108581,0.69109,-0.659247,0.279397,-0.0986197
3.75287,-0.0980216,-0.0280061,0.0108581,0.69109,-0.659247,0.279397,-0.0986197
3.75386,-0.098128,-0.0278153,0.0108653,0.691458,-0.658761,0.27962,-0.0986542
3.75488,-0.098128,-0.0278153,0.0108653,0.691458,-0.658761,0.27962,-0.0986542
3.75587,-0.0982341,-0.0276245,0.0108724,0.69182,-0.658031,0.280433,-0.0986786
3.75686,-0.0982341,-0.0276245,0.0108724,0.69182,-0.658031,0.280433,-0.0986786
3.75787,-0.0983249,-0.0274036,0.0108367,0.692829,-0.656851,0.280866,-0.0982284
3.75888,-0.0983249,-0.0274036,0.0108367,0.692829,-0.656851,0.280866,-0.0982284
3.75986,-0.0985107,-0.0271718,0.0108438,0.693248,-0.656099,0.281534,-0.0983849
3.76086,-0.0985107,-0.0271718,0.0108438,0.693248,-0.656099,0.281534,-0.0983849
3.76184,-0.0986029,-0.026955,0.0108974,0.693614,-0.655613,0.281755,-0.0984149
3.76288,-0.0986029,-0.026955,0.0108974,0.693614,-0.655613,0.281755,-0.0984149
3.76388,-0.0986925,-0.0267335,0.0108618,0.694101,-0.654781,0.282523,-0.0983183
3.76488,-0.0986925,-0.0267335,0.0108618,0.694101,-0.654781,0.282523,-0.0983183
3.76587,-0.0987968,-0.0265416,0.010869,0.694979,-0.653697,0.282993,-0.0979778
3.76686,-0.0987968,-0.0265416,0.010869,0.694979,-0.653697,0.282993,-0.0979778
3.76784,-0.0989527,-0.0262535,0.0108798,0.695522,-0.652843,0.283616,-0.0980122
3.76888,-0.0989527,-0.0262535,0.0108798,0.695522,-0.652843,0.283616,-0.0980122
3.76987,-0.099028,-0.0260058,0.0108907,0.696014,-0.652256,0.283792,-0.0979217
3.77088,-0.099028,-0.0260058,0.0108907,0.696014,-0.652256,0.283792,-0.0979217
3.77188,-0.0991028,-0.0257578,0.0109015,0.696498,-0.651422,0.284557,-0.0978179
3.77287,-0.0991028,-0.0257578,0.0109015,0.696498,-0.651422,0.284557,-0.0978179
3.77388,-0.0991771,-0.0255095,0.0109124,0.697436,-0.650416,0.284564,-0.0978017
3.77487,-0.0991771,-0.0255095,0.0109124,0.697436,-0.650416,0.284564,-0.0978017
3.77586,-0.0993151,-0.02519,0.0108807,0.698111,-0.649709,0.284553,-0.0977245
3.77686,-0.0993151,-0.02519,0.0108807,0.698111,-0.649709,0.284553,-0.0977245
3.77787,-0.0993883,-0.0249411,0.0108917,0.698653,-0.648691,0.28573,-0.0971689
3.77889,-0.0993883,-0.0249411,0.0108917,0.698653,-0.648691,0.28573,-0.0971689
3.77988,-0.0994322,-0.0246361,0.0109063,0.699268,-0.648003,0.28586,-0.0969542
3.78088,-0.0994322,-0.0246361,0.0109063,0.699268,-0.648003,0.28586,-0.0969542
3.78187,-0.0994887,-0.0243563,0.0108749,0.700318,-0.646648,0.286411,-0.0968017
3.78286,-0.0994887,-0.0243563,0.0108749,0.700318,-0.646648,0.286411,-0.0968017
3.78383,-0.0996104,-0.0240095,0.0108897,0.700989,-0.64594,0.286395,-0.0967164
3.78488,-0.0996104,-0.0240095,0.0108897,0.700989,-0.64594,0.286395,-0.0967164
3.78587,-0.0996521,-0.0237031,0.0109044,0.7016,-0.645252,0.286524,-0.0964967
3.78687,-0.0996521,-0.0237031,0.0109044,0.7016,-0.645252,0.286524,-0.0964967
3.78788,-0.0996773,-0.0233659,0.0108771,0.702326,-0.644216,0.287196,-0.0961417
3.78886,-0.0996773,-0.0233659,0.0108771,0.702326,-0.644216,0.287196,-0.0961417
3.78987,-0.0997176,-0.0230586,0.010892,0.703378,-0.643106,0.287156,-0.0959975
3.79087,-0.0997176,-0.0230586,0.010892,0.703378,-0.643106,0.287156,-0.0959975
3.79186,-0.0997572,-0.0227509,0.0109069,0.704036,-0.641985,0.288281,-0.0953061
3.7929,-0.0997572,-0.0227509,0.0109069,0.704036,-0.641985,0.288281,-0.0953061
3.79387,-0.0998745,-0.0224016,0.0109218,0.705144,-0.640855,0.288093,-0.0952903
3.79489,-0.0998745,-0.0224016,0.0109218,0.705144,-0.640855,0.288093,-0.0952903
3.79587,-0.0998965,-0.0220624,0.0108949,0.705861,-0.639817,0.288762,-0.0949252
3.79687,-0.0998965,-0.0220624,0.0108949,0.705861,-0.639817,0.288762,-0.0949252
3.79787,-0.0999337,-0.0217532,0.01091,0.706465,-0.639128,0.288886,-0.0946943
3.79886,-0.0999337,-0.0217532,0.01091,0.706465,-0.639128,0.288886,-0.0946943
3.79988,-0.100035,-0.0213763,0.0109707,0.707568,-0.637996,0.288696,-0.0946736
3.80088,-0.100035,-0.0213763,0.0109707,0.707568,-0.637996,0.288696,-0.0946736
3.80188,-0.10007,-0.0210662,0.0109858,0.708157,-0.637058,0.289406,-0.0944208
3.80287,-0.10007,-0.0210662,0.0109858,0.708157,-0.637058,0.289406,-0.0944208
3.80387,-0.100105,-0.0207557,0.0110009,0.709244,-0.635508,0.290354,-0.0937936
3.80486,-0.100105,-0.0207557,0.0110009,0.709244,-0.635508,0.290354,-0.0937936
3.80588,-0.100139,-0.0204447,0.0110161,0.709842,-0.634819,0.290475,-0.0935555
3.80686,-0.100139,-0.0204447,0.0110161,0.709842,-0.634819,0.290475,-0.0935555
3.80787,-0.100267,-0.0201229,0.0110729,0.710801,-0.633534,0.290912,-0.0936282
3.80888,-0.100267,-0.0201229,0.0110729,0.710801,-0.633534,0.290912,-0.0936282
3.80987,-0.1003,-0.0198112,0.0110881,0.711398,-0.632845,0.291032,-0.0933867
3.81087,-0.1003,-0.0198112,0.0110881,0.711398,-0.632845,0.291032,-0.0933867
3.81188,-0.100348,-0.0195299,0.0111448,0.712293,-0.631578,0.291614,-0.0933262
3.81287,-0.100348,-0.0195299,0.0111448,0.712293,-0.631578,0.291614,-0.0933262
3.81387,-0.100473,-0.0192069,0.0112015,0.712825,-0.630969,0.29163,-0.0933322
3.81487,-0.100473,-0.0192069,0.0112015,0.712825,-0.630969,0.29163,-0.0933322
3.81587,-0.100504,-0.0188939,0.0112166,0.713854,-0.629852,0.291579,-0.093169
3.81687,-0.100504,-0.0188939,0.0112166,0.713854,-0.629852,0.291579,-0.093169
3.81788,-0.10055,-0.0186116,0.0112732,0.714309,-0.629011,0.292327,-0.0930213
3.81887,-0.10055,-0.0186116,0.0112732,0.714309,-0.629011,0.292327,-0.0930213
3.81988,-0.100596,-0.0183288,0.0113297,0.715256,-0.627553,0.293308,-0.0924983
3.82087,-0.100596,-0.0183288,0.0113297,0.715256,-0.627553,0.293308,-0.0924983
3.82188,-0.100718,-0.0180044,0.0113861,0.715785,-0.626944,0.293321,-0.0924977
3.82287,-0.100718,-0.0180044,0.0113861,0.715785,-0.626944,0.293321,-0.0924977
3.82386,-0.100763,-0.0177209,0.0114425,0.71667,-0.625672,0.293898,-0.0924287
3.82487,-0.100763,-0.0177209,0.0114425,0.71667,-0.625672,0.293898,-0.0924287
3.82587,-0.100807,-0.0174372,0.0114988,0.71757,-0.624652,0.293888,-0.0923811
3.82687,-0.100807,-0.0174372,0.0114988,0.71757,-0.624652,0.293888,-0.0923811
3.82787,-0.100865,-0.01718,0.01151,0.718018,-0.623808,0.294633,-0.0922251
3.82887,-0.100865,-0.01718,0.01151,0.718018,-0.623808,0.294633,-0.0922251
3.82988,-0.100908,-0.0168956,0.0115662,0.718915,-0.622787,0.294621,-0.0921757
3.83087,-0.100908,-0.0168956,0.0115662,0.718915,-0.622787,0.294621,-0.0921757
3.83187,-0.10095,-0.0166109,0.0116224,0.71936,-0.621943,0.295365,-0.0920166
3.83287,-0.10095,-0.0166109,0.0116224,0.71936,-0.621943,0.295365,-0.0920166
3.83387,-0.100975,-0.0162946,0.0116374,0.720356,-0.620567,0.295895,-0.0918186
3.83484,-0.100975,-0.0162946,0.0116374,0.720356,-0.620567,0.295895,-0.0918186
3.83587,-0.100955,-0.0160779,0.0116487,0.721187,-0.619562,0.29603,-0.0916389
3.83687,-0.100955,-0.0160779,0.0116487,0.721187,-0.619562,0.29603,-0.0916389
3.83788,-0.100978,-0.0157609,0.0116638,0.721806,-0.618428,0.297124,-0.09089
3.83886,-0.100978,-0.0157609,0.0116638,0.721806,-0.618428,0.297124,-0.09089
3.83987,-0.101001,-0.0154434,0.0116789,0.722814,-0.617303,0.297065,-0.0907114
3.84088,-0.101001,-0.0154434,0.0116789,0.722814,-0.617303,0.297065,-0.0907114
3.84186,-0.101023,-0.0151256,0.011694,0.723371,-0.616358,0.297761,-0.0904194
3.84287,-0.101023,-0.0151256,0.011694,0.723371,-0.616358,0.297761,-0.0904194
3.84388,-0.100968,-0.014849,0.0117092,0.724314,-0.615251,0.29785,-0.0901117
3.84487,-0.100968,-0.014849,0.0117092,0.724314,-0.615251,0.29785,-0.0901117
3.84587,-0.100987,-0.0145262,0.0116392,0.725008,-0.61446,0.297915,-0.0897169
3.84686,-0.100987,-0.0145262,0.0116392,0.725008,-0.61446,0.297915,-0.0897169
3.84785,-0.100931,-0.0142487,0.0116545,0.725926,-0.613097,0.298589,-0.0893815
3.84887,-0.100931,-0.0142487,0.0116545,0.725926,-0.613097,0.298589,-0.0893815
3.84987,-0.100858,-0.0139392,0.0116293,0.726554,-0.612323,0.298803,-0.0888571
3.85084,-0.100858,-0.0139392,0.0116293,0.726554,-0.612323,0.298803,-0.0888571
3.85187,-0.100784,-0.0136292,0.0116043,0.727608,-0.611113,0.298847,-0.0884204
3.85289,-0.100784,-0.0136292,0.0116043,0.727608,-0.611113,0.298847,-0.0884204
3.85387,-0.100785,-0.0132772,0.0115795,0.728295,-0.610322,0.29891,-0.0880188
3.85489,-0.100785,-0.0132772,0.0115795,0.728295,-0.610322,0.29891,-0.0880188
3.85587,-0.10071,-0.0129661,0.0115548,0.729319,-0.608855,0.299538,-0.0875523
3.85687,-0.10071,-0.0129661,0.0115548,0.729319,-0.608855,0.299538,-0.0875523
3.85787,-0.10065,-0.0126822,0.011486,0.729941,-0.608081,0.29975,-0.0870218
3.85887,-0.10065,-0.0126822,0.011486,0.729941,-0.608081,0.29975,-0.0870218
3.85987,-0.100573,-0.0123702,0.0114617,0.730985,-0.606868,0.299793,-0.0865803
3.86087,-0.100573,-0.0123702,0.0114617,0.730985,-0.606868,0.299793,-0.0865803
3.86187,-0.100497,-0.0120576,0.0114376,0.731604,-0.606094,0.300004,-0.0860471
3.86287,-0.100497,-0.0120576,0.0114376,0.731604,-0.606094,0.300004,-0.0860471
3.86387,-0.100435,-0.0117724,0.0113695,0.732643,-0.604879,0.300046,-0.0856034
3.86487,-0.100435,-0.0117724,0.0113695,0.732643,-0.604879,0.300046,-0.0856034
3.86588,-0.100357,-0.0114589,0.0113458,0.73368,-0.603663,0.300088,-0.0851588
3.86687,-0.100357,-0.0114589,0.0113458,0.73368,-0.603663,0.300088,-0.0851588
3.86787,-0.100278,-0.0111448,0.0113222,0.734293,-0.602887,0.300298,-0.0846218
3.86887,-0.100278,-0.0111448,0.0113222,0.734293,-0.602887,0.300298,-0.0846218
3.86987,-0.100233,-0.0108906,0.0112946,0.73521,-0.601771,0.300385,-0.0843014
3.87087,-0.100233,-0.0108906,0.0112946,0.73521,-0.601771,0.300385,-0.0843014
3.87188,-0.100154,-0.0105757,0.0112713,0.735821,-0.600995,0.300595,-0.0837619
3.87288,-0.100154,-0.0105757,0.0112713,0.735821,-0.600995,0.300595,-0.0837619
3.87387,-0.100107,-0.0103207,0.0112441,0.736762,-0.60013,0.300096,-0.0834704
3.87487,-0.100107,-0.0103207,0.0112441,0.736762,-0.60013,0.300096,-0.0834704
3.87587,-0.100027,-0.0100049,0.0112211,0.73737,-0.599354,0.300305,-0.082929
3.87687,-0.100027,-0.0100049,0.0112211,0.73737,-0.599354,0.300305,-0.082929
3.87788,-0.0999798,-0.00974927,0.0111941,0.73828,-0.598235,0.300391,-0.0826052
3.87887,-0.0999798,-0.00974927,0.0111941,0.73828,-0.598235,0.300391,-0.0826052
3.87986,-0.100005,-0.00945226,0.0111672,0.738832,-0.597542,0.300493,-0.0823113
3.88088,-0.100005,-0.00945226,0.0111672,0.738832,-0.597542,0.300493,-0.0823113
3.88187,-0.0999575,-0.00919607,0.0111404,0.739738,-0.596422,0.300579,-0.0819858
3.88287,-0.0999575,-0.00919607,0.0111404,0.739738,-0.596422,0.300579,-0.0819858
3.88387,-0.0999115,-0.00894389,0.0111968,0.740112,-0.595847,0.300876,-0.0816942
3.88488,-0.0999115,-0.00894389,0.0111968,0.740112,-0.595847,0.300876,-0.0816942
3.88587,-0.0998628,-0.00868713,0.0111702,0.741015,-0.594725,0.300962,-0.0813672
3.88686,-0.0998628,-0.00868713,0.0111702,0.741015,-0.594725,0.300962,-0.0813672
3.88788,-0.099816,-0.00843435,0.0112265,0.741418,-0.594404,0.300674,-0.0811066
3.88888,-0.099816,-0.00843435,0.0112265,0.741418,-0.594404,0.300674,-0.0811066
3.88987,-0.0998391,-0.00813597,0.0112,0.742431,-0.593073,0.300986,-0.0804258
3.89087,-0.0998391,-0.00813597,0.0112,0.742431,-0.593073,0.300986,-0.0804258
3.89187,-0.0997728,-0.00784984,0.0112171,0.742863,-0.592589,0.300858,-0.0804778
3.89286,-0.0997728,-0.00784984,0.0112171,0.742863,-0.592589,0.300858,-0.0804778
3.89387,-0.099741,-0.00762474,0.01123,0.743233,-0.592014,0.301155,-0.0801821
3.89484,-0.099741,-0.00762474,0.01123,0.743233,-0.592014,0.301155,-0.0801821
3.89586,-0.0997461,-0.00729694,0.0112471,0.744241,-0.590681,0.301464,-0.079497
3.89718,-0.0997461,-0.00729694,0.0112471,0.744241,-0.590681,0.301464,-0.079497
3.89784,-0.0997461,-0.00729694,0.0112471,0.744241,-0.590681,0.301464,-0.079497
3.89882,-0.0997461,-0.00729694,0.0112471,0.744241,-0.590681,0.301464,-0.079497
3.89982,-0.0996971,-0.0070427,0.0113033,0.744609,-0.590107,0.30176,-0.0791993
3.90084,-0.0996971,-0.0070427,0.0113033,0.744609,-0.590107,0.30176,-0.0791993
3.90187,-0.099629,-0.00675522,0.0113204,0.745501,-0.588981,0.301843,-0.0788662
3.90289,-0.099629,-0.00675522,0.0113204,0.745501,-0.588981,0.301843,-0.0788662
3.90387,-0.0995819,-0.00617121,0.0113936,0.746851,-0.587518,0.301483,-0.0783879
3.90485,-0.0995819,-0.00617121,0.0113936,0.746851,-0.587518,0.301483,-0.0783879
3.90586,-0.0995123,-0.00588267,0.0114108,0.747738,-0.58639,0.301566,-0.0780525
3.90688,-0.0995123,-0.00588267,0.0114108,0.747738,-0.58639,0.301566,-0.0780525
3.90787,-0.0994256,-0.0055648,0.011471,0.748212,-0.585714,0.301815,-0.077622
3.90886,-0.0994256,-0.0055648,0.011471,0.748212,-0.585714,0.301815,-0.077622
3.90989,-0.0993359,-0.00524228,0.0114496,0.749207,-0.584483,0.301853,-0.0771559
3.91089,-0.0993359,-0.00524228,0.0114496,0.749207,-0.584483,0.301853,-0.0771559
3.91189,-0.0992647,-0.00495251,0.0114669,0.74963,-0.583999,0.301728,-0.0772024
3.91287,-0.0992647,-0.00495251,0.0114669,0.74963,-0.583999,0.301728,-0.0772024
3.91385,-0.0992475,-0.00459245,0.011527,0.750621,-0.582661,0.302029,-0.0765044
3.91489,-0.0992475,-0.00459245,0.011527,0.750621,-0.582661,0.302029,-0.0765044
3.91589,-0.099156,-0.00426859,0.0115059,0.751201,-0.581882,0.302231,-0.0759399
3.91688,-0.099156,-0.00426859,0.0115059,0.751201,-0.581882,0.302231,-0.0759399
3.91786,-0.0990639,-0.00394426,0.0114849,0.752187,-0.580649,0.302268,-0.0754695
3.91888,-0.0990639,-0.00394426,0.0114849,0.752187,-0.580649,0.302268,-0.0754695
3.91987,-0.0989737,-0.00362359,0.011545,0.752653,-0.579972,0.302515,-0.0750323
3.92087,-0.0989737,-0.00362359,0.011545,0.752653,-0.579972,0.302515,-0.0750323
3.92189,-0.0988805,-0.00329831,0.0115243,0.753672,-0.578991,0.301967,-0.0745976
3.92282,-0.0988805,-0.00329831,0.0115243,0.753672,-0.578991,0.301967,-0.0745976
3.92383,-0.0987697,-0.00294315,0.0115462,0.754246,-0.578211,0.302168,-0.0740286
3.92484,-0.0987697,-0.00294315,0.0115462,0.754246,-0.578211,0.302168,-0.0740286
3.92585,-0.0986389,-0.00255379,0.0115302,0.755333,-0.576873,0.302158,-0.0734241
3.92687,-0.0986389,-0.00255379,0.0115302,0.755333,-0.576873,0.302158,-0.0734241
3.92786,-0.0985437,-0.00222693,0.0115099,0.756307,-0.575636,0.302194,-0.0729487
3.92885,-0.0985437,-0.00222693,0.0115099,0.756307,-0.575636,0.302194,-0.0729487
3.92984,-0.0983609,-0.00191047,0.0115322,0.756814,-0.57487,0.302549,-0.0722576
3.93087,-0.0983609,-0.00191047,0.0115322,0.756814,-0.57487,0.302549,-0.0722576
3.93187,-0.098228,-0.0015191,0.0115167,0.757892,-0.573529,0.302539,-0.0716497
3.93287,-0.098228,-0.0015191,0.0115167,0.757892,-0.573529,0.302539,-0.0716497
3.93387,-0.0981115,-0.00115677,0.0114592,0.758565,-0.572646,0.302693,-0.0709435
3.93488,-0.0981115,-0.00115677,0.0114592,0.758565,-0.572646,0.302693,-0.0709435
3.93586,-0.0979771,-0.000764042,0.0114442,0.759276,-0.572014,0.302261,-0.0702762
3.93687,-0.0979771,-0.000764042,0.0114442,0.759276,-0.572014,0.302261,-0.0702762
3.93788,-0.0977897,-0.000440697,0.0113874,0.760285,-0.570684,0.302406,-0.0695471
3.93887,-0.0977897,-0.000440697,0.0113874,0.760285,-0.570684,0.302406,-0.0695471
3.93987,-0.0976539,-4.65669e-05,0.011373,0.761352,-0.569339,0.302396,-0.0689344
3.94088,-0.0976539,-4.65669e-05,0.011373,0.761352,-0.569339,0.302396,-0.0689344
3.94187,-0.0975347,0.000318278,0.0113168,0.762017,-0.568455,0.302547,-0.0682228
3.94291,-0.0975347,0.000318278,0.0113168,0.762017,-0.568455,0.302547,-0.0682228
3.94388,-0.0973284,0.000673712,0.0113029,0.763059,-0.567372,0.302108,-0.0675328
3.94487,-0.0973284,0.000673712,0.0113029,0.763059,-0.567372,0.302108,-0.0675328
3.94587,-0.0972078,0.00103982,0.0112473,0.764118,-0.566024,0.302097,-0.0669167
3.94687,-0.0972078,0.00103982,0.0112473,0.764118,-0.566024,0.302097,-0.0669167
3.94785,-0.097018,0.0013666,0.0111922,0.764757,-0.565401,0.30182,-0.0661281
3.94887,-0.097018,0.0013666,0.0111922,0.764757,-0.565401,0.30182,-0.0661281
3.94987,-0.0968102,0.00172432,0.0111791,0.765351,-0.564529,0.302128,-0.0652958
3.95086,-0.0968102,0.00172432,0.0111791,0.765351,-0.564529,0.302128,-0.0652958
3.95187,-0.0966878,0.00209231,0.0111246,0.766446,-0.563427,0.301532,-0.0647202
3.95286,-0.0966878,0.00209231,0.0111246,0.766446,-0.563427,0.301532,-0.0647202
3.95389,-0.0964966,0.00242119,0.0110704,0.767433,-0.562088,0.301678,-0.0639843
3.95487,-0.0964966,0.00242119,0.0110704,0.767433,-0.562088,0.301678,-0.0639843
3.95587,-0.0963251,0.00271605,0.0110533,0.767916,-0.561317,0.302032,-0.0632811
3.95688,-0.0963251,0.00271605,0.0110533,0.767916,-0.561317,0.302032,-0.0632811
3.95787,-0.096201,0.00308579,0.0109997,0.769004,-0.560212,0.301436,-0.0627035
3.95887,-0.096201,0.00308579,0.0109997,0.769004,-0.560212,0.301436,-0.0627035
3.95988,-0.0960465,0.00335124,0.0109416,0.769878,-0.558974,0.301629,-0.0620974
3.96086,-0.0960465,0.00335124,0.0109416,0.769878,-0.558974,0.301629,-0.0620974
3.96188,-0.0958739,0.00364771,0.0109251,0.770401,-0.55845,0.301397,-0.0614373
3.96287,-0.0958739,0.00364771,0.0109251,0.770401,-0.55845,0.301397,-0.0614373
3.96387,-0.0957686,0.0039841,0.0109088,0.771333,-0.557198,0.301433,-0.0609446
3.96485,-0.0957686,0.0039841,0.0109088,0.771333,-0.557198,0.301433,-0.0609446
3.96586,-0.0956131,0.00425093,0.0108514,0.771854,-0.556673,0.3012,-0.0602837
3.96687,-0.0956131,0.00425093,0.0108514,0.771854,-0.556673,0.3012,-0.0602837
3.96785,-0.0954395,0.00454892,0.0108355,0.77272,-0.555432,0.301395,-0.0596752
3.96887,-0.0954395,0.00454892,0.0108355,0.77272,-0.555432,0.301395,-0.0596752
3.96985,-0.0953507,0.0048559,0.0107787,0.773301,-0.554894,0.301003,-0.0591277
3.97087,-0.0953507,0.0048559,0.0107787,0.773301,-0.554894,0.301003,-0.0591277
3.97187,-0.0951943,0.00512406,0.0107221,0.773819,-0.554368,0.30077,-0.0584659
3.97288,-0.0951943,0.00512406,0.0107221,0.773819,-0.554368,0.30077,-0.0584659
3.97386,-0.0950582,0.00535741,0.0107017,0.774575,-0.553229,0.301011,-0.057988
3.97489,-0.0950582,0.00535741,0.0107017,0.774575,-0.553229,0.301011,-0.057988
3.97587,-0.0949039,0.00562198,0.0107225,0.774988,-0.552807,0.300825,-0.0574581
3.97687,-0.0949039,0.00562198,0.0107225,0.774988,-0.552807,0.300825,-0.0574581
3.97788,-0.0948343,0.00589502,0.0107023,0.775852,-0.551902,0.300321,-0.0571406
3.97887,-0.0948343,0.00589502,0.0107023,0.775852,-0.551902,0.300321,-0.0571406
3.97987,-0.0946975,0.00612935,0.0106822,0.776215,-0.551233,0.300721,-0.0565624
3.98087,-0.0946975,0.00612935,0.0106822,0.776215,-0.551233,0.300721,-0.0565624
3.98187,-0.0945605,0.00636402,0.0106623,0.777015,-0.550338,0.300376,-0.056131
3.9829,-0.0945605,0.00636402,0.0106623,0.777015,-0.550338,0.300376,-0.056131
3.98385,-0.0944898,0.00663785,0.0106425,0.777437,-0.549657,0.300616,-0.055665
3.98486,-0.0944898,0.00663785,0.0106425,0.777437,-0.549657,0.300616,-0.055665
3.98588,-0.0943523,0.00687312,0.0106229,0.778234,-0.54876,0.300272,-0.0552332
3.98687,-0.0943523,0.00687312,0.0106229,0.778234,-0.54876,0.300272,-0.0552332
3.98787,-0.0942355,0.00707314,0.0106388,0.77854,-0.548442,0.300132,-0.0548347
3.9889,-0.0942355,0.00707314,0.0106388,0.77854,-0.548442,0.300132,-0.0548347
3.98988,-0.0941638,0.00734772,0.0106194,0.77896,-0.547761,0.300371,-0.0543669
3.99089,-0.0941638,0.00734772,0.0106194,0.77896,-0.547761,0.300371,-0.0543669
3.99188,-0.0940283,0.00757944,0.010676,0.779652,-0.546969,0.300074,-0.0540676
3.99287,-0.0940283,0.00757944,0.010676,0.779652,-0.546969,0.300074,-0.0540676
3.99387,-0.09389,0.00781591,0.0106567,0.780008,-0.546299,0.300473,-0.0534862
3.99486,-0.09389,0.00781591,0.0106567,0.780008,-0.546299,0.300473,-0.0534862
3.99586,-0.0938383,0.00805553,0.0106728,0.780374,-0.545969,0.300172,-0.0531992
3.99686,-0.0938383,0.00805553,0.0106728,0.780374,-0.545969,0.300172,-0.0531992
3.99787,-0.0936996,0.00829254,0.0106537,0.781114,-0.544824,0.300415,-0.0527166
3.99886,-0.0936996,0.00829254,0.0106537,0.781114,-0.544824,0.300415,-0.0527166
3.99982,-0.0935816,0.00849406,0.0106699,0.781417,-0.544504,0.300275,-0.0523169
4.00087,-0.0935816,0.00849406,0.0106699,0.781417,-0.544504,0.300275,-0.0523169
4.00187,-0.0934241,0.00876313,0.0106914,0.782206,-0.543602,0.299932,-0.051884
4.00287,-0.0934241,0.00876313,0.0106914,0.782206,-0.543602,0.299932,-0.051884
4.00387,-0.0933713,0.00900358,0.0107076,0.782485,-0.543219,0.29987,-0.0520455
4.00488,-0.0933713,0.00900358,0.0107076,0.782485,-0.543219,0.29987,-0.0520455
4.00586,-0.0932318,0.00924179,0.0106889,0.782888,-0.542792,0.299682,-0.0515123
4.00688,-0.0932318,0.00924179,0.0106889,0.782888,-0.542792,0.299682,-0.0515123
4.00789,-0.0930735,0.00951189,0.0107106,0.783653,-0.541453,0.300273,-0.0505275
4.00887,-0.0930735,0.00951189,0.0107106,0.783653,-0.541453,0.300273,-0.0505275
4.00988,-0.0929546,0.00971475,0.0107269,0.783954,-0.541132,0.300132,-0.050127
4.01087,-0.0929546,0.00971475,0.0107269,0.783954,-0.541132,0.300132,-0.050127
4.01188,-0.0927959,0.0099856,0.0107486,0.784323,-0.540896,0.299599,-0.0500943
4.01286,-0.0927959,0.0099856,0.0107486,0.784323,-0.540896,0.299599,-0.0500943
4.01387,-0.0926556,0.0102251,0.0107303,0.785052,-0.539747,0.299843,-0.0496094
4.01488,-0.0926556,0.0102251,0.0107303,0.785052,-0.539747,0.299843,-0.0496094
4.01587,-0.0924964,0.0104968,0.0107522,0.785451,-0.539318,0.299656,-0.0490751
4.01687,-0.0924964,0.0104968,0.0107522,0.785451,-0.539318,0.299656,-0.0490751
4.0179,-0.0923556,0.010737,0.0107341,0.785796,-0.538647,0.300055,-0.0484883
4.01887,-0.0923556,0.010737,0.0107341,0.785796,-0.538647,0.300055,-0.0484883
4.01986,-0.0921748,0.0110457,0.0107217,0.786674,-0.537631,0.299667,-0.0479211
4.02088,-0.0921748,0.0110457,0.0107217,0.786674,-0.537631,0.299667,-0.0479211
4.02187,-0.0920149,0.0113186,0.0107438,0.787072,-0.537201,0.299479,-0.0473863
4.02286,-0.0920149,0.0113186,0.0107438,0.787072,-0.537201,0.299479,-0.0473863
4.02387,-0.0918521,0.0115963,0.0106919,0.787568,-0.536663,0.299244,-0.0467177
4.02487,-0.0918521,0.0115963,0.0106919,0.787568,-0.536663,0.299244,-0.0467177
4.02588,-0.0916704,0.0119064,0.01068,0.788387,-0.535403,0.299443,-0.0460966
4.02687,-0.0916704,0.0119064,0.01068,0.788387,-0.535403,0.299443,-0.0460966
4.02787,-0.0914883,0.0122171,0.0106683,0.78888,-0.534864,0.299207,-0.0454273
4.02887,-0.0914883,0.0122171,0.0106683,0.78888,-0.534864,0.299207,-0.0454273
4.02987,-0.0913248,0.0124961,0.0106171,0.789374,-0.534324,0.298972,-0.044758
4.0309,-0.0913248,0.0124961,0.0106171,0.789374,-0.534324,0.298972,-0.044758
4.03187,-0.0911207,0.0128444,0.010572,0.790285,-0.532953,0.299124,-0.0440014
4.03287,-0.0911207,0.0128444,0.010572,0.790285,-0.532953,0.299124,-0.0440014
4.03389,-0.0908739,0.0131193,0.010561,0.790714,-0.532421,0.299051,-0.043222
4.03486,-0.0908739,0.0131193,0.010561,0.790714,-0.532421,0.299051,-0.043222
4.03587,-0.0906693,0.0134689,0.0105165,0.791678,-0.531287,0.298617,-0.0425197
4.03687,-0.0906693,0.0134689,0.0105165,0.791678,-0.531287,0.298617,-0.0425197
4.03786,-0.0904858,0.0137824,0.010506,0.792166,-0.530745,0.29838,-0.0418497
4.03888,-0.0904858,0.0137824,0.010506,0.792166,-0.530745,0.29838,-0.0418497
4.03988,-0.090217,0.0140961,0.0104621,0.793065,-0.529617,0.29811,-0.0410382
4.04087,-0.090217,0.0140961,0.0104621,0.793065,-0.529617,0.29811,-0.0410382
4.04185,-0.090033,0.0144107,0.0104521,0.793552,-0.529072,0.297873,-0.0403681
4.04287,-0.090033,0.0144107,0.0104521,0.793552,-0.529072,0.297873,-0.0403681
4.04387,-0.0897829,0.0146934,0.0103696,0.794132,-0.528664,0.297165,-0.0395123
4.04487,-0.0897829,0.0146934,0.0103696,0.794132,-0.528664,0.297165,-0.0395123
4.04587,-0.0895984,0.0150091,0.0103601,0.794991,-0.527632,0.296779,-0.0389439
4.04689,-0.0895984,0.0150091,0.0103601,0.794991,-0.527632,0.296779,-0.0389439
4.04785,-0.0893507,0.0152885,0.0103508,0.795414,-0.527093,0.296705,-0.0381658
4.04887,-0.0893507,0.0152885,0.0103508,0.795414,-0.527093,0.296705,-0.0381658
4.04985,-0.0891849,0.0155726,0.0103026,0.796269,-0.526058,0.29632,-0.0375973
4.05086,-0.0891849,0.0155726,0.0103026,0.796269,-0.526058,0.29632,-0.0375973
4.05186,-0.088937,0.0158533,0.0102937,0.79675,-0.525753,0.295658,-0.0368775
4.05288,-0.088937,0.0158533,0.0102937,0.79675,-0.525753,0.295658,-0.0368775
4.05387,-0.0887707,0.0161384,0.0102461,0.797603,-0.524715,0.295273,-0.036309
4.05488,-0.0887707,0.0161384,0.0102461,0.797603,-0.524715,0.295273,-0.036309
4.05587,-0.0885418,0.0163874,0.0101987,0.798082,-0.524406,0.294611,-0.0355905
4.05687,-0.0885418,0.0163874,0.0101987,0.798082,-0.524406,0.294611,-0.0355905
4.05788,-0.0883346,0.0165995,0.0101844,0.798405,-0.523972,0.294585,-0.0349479
4.05882,-0.0883346,0.0165995,0.0101844,0.798405,-0.523972,0.294585,-0.0349479
4.05987,-0.0881057,0.0168496,0.0101376,0.799255,-0.523172,0.293776,-0.0343308
4.06087,-0.0881057,0.0168496,0.0101376,0.799255,-0.523172,0.293776,-0.0343308
4.06187,-0.0879607,0.0170988,0.0101236,0.799637,-0.522729,0.293586,-0.0337964
4.06287,-0.0879607,0.0170988,0.0101236,0.799637,-0.522729,0.293586,-0.0337964
4.06387,-0.0877535,0.0173123,0.0101098,0.80002,-0.522526,0.292971,-0.0332141
4.06488,-0.0877535,0.0173123,0.0101098,0.80002,-0.522526,0.292971,-0.0332141
4.06588,-0.0875655,0.0174931,0.0100574,0.80071,-0.521598,0.292799,-0.0326723
4.06687,-0.0875655,0.0174931,0.0100574,0.80071,-0.521598,0.292799,-0.0326723
4.06787,-0.0873775,0.0176742,0.0100052,0.801092,-0.521392,0.292184,-0.032091
4.0689,-0.0873775,0.0176742,0.0100052,0.801092,-0.521392,0.292184,-0.032091
4.06985,-0.0872542,0.017887,0.0100242,0.801377,-0.521058,0.292041,-0.0316909
4.07089,-0.0872542,0.017887,0.0100242,0.801377,-0.521058,0.292041,-0.0316909
4.07187,-0.0870662,0.0180688,0.00997237,0.801759,-0.520851,0.291426,-0.0311107
4.07287,-0.0870662,0.0180688,0.00997237,0.801759,-0.520851,0.291426,-0.0311107
4.07388,-0.0868782,0.018251,0.00992077,0.802079,-0.520411,0.2914,-0.0304707
4.07487,-0.0868782,0.018251,0.00992077,0.802079,-0.520411,0.2914,-0.0304707
4.07587,-0.086671,0.0184668,0.00990792,0.802828,-0.519709,0.29064,-0.0299904
4.07686,-0.086671,0.0184668,0.00990792,0.802828,-0.519709,0.29064,-0.0299904
4.07787,-0.0865051,0.0186117,0.00988875,0.803052,-0.519379,0.290661,-0.0294841
4.07887,-0.0865051,0.0186117,0.00988875,0.803052,-0.519379,0.290661,-0.0294841
4.07987,-0.0863172,0.0187949,0.00983772,0.803432,-0.519167,0.290046,-0.0289062
4.08087,-0.0863172,0.0187949,0.00983772,0.803432,-0.519167,0.290046,-0.0289062
4.0819,-0.0861101,0.0190119,0.00982533,0.803751,-0.518724,0.29002,-0.0282676
4.08284,-0.0861101,0.0190119,0.00982533,0.803751,-0.518724,0.29002,-0.0282676
4.08387,-0.0859837,0.0192313,0.00977471,0.804557,-0.51801,0.289095,-0.0278954
4.08486,-0.0859837,0.0192313,0.00977471,0.804557,-0.51801,0.289095,-0.0278954
4.08586,-0.0857373,0.0193755,0.00979441,0.804783,-0.517913,0.288692,-0.0273456
4.08684,-0.0857373,0.0193755,0.00979441,0.804783,-0.517913,0.288692,-0.0273456
4.08787,-0.0855303,0.0195938,0.00978243,0.8051,-0.517467,0.288667,-0.0267081
4.08886,-0.0855303,0.0195938,0.00978243,0.8051,-0.517467,0.288667,-0.0267081
4.08988,-0.0853233,0.0198125,0.0097706,0.805479,-0.517249,0.288051,-0.0261333
4.09087,-0.0853233,0.0198125,0.0097706,0.805479,-0.517249,0.288051,-0.0261333
4.09187,-0.0851164,0.0200316,0.00975891,0.805796,-0.516802,0.288025,-0.0254965
4.09287,-0.0851164,0.0200316,0.00975891,0.805796,-0.516802,0.288025,-0.0254965
4.09388,-0.0849094,0.0202511,0.00974736,0.806175,-0.516582,0.287408,-0.0249231
4.09488,-0.0849094,0.0202511,0.00974736,0.806175,-0.516582,0.287408,-0.0249231
4.09588,-0.0847025,0.0204712,0.00973597,0.806491,-0.516133,0.287382,-0.024287
4.09687,-0.0847025,0.0204712,0.00973597,0.806491,-0.516133,0.287382,-0.024287
4.09789,-0.0844349,0.0206569,0.00972472,0.806811,-0.515916,0.286931,-0.0236088
4.09882,-0.0844349,0.0206569,0.00972472,0.806811,-0.515916,0.286931,-0.0236088
4.09985,-0.0842061,0.0209165,0.00968237,0.807283,-0.515579,0.286266,-0.0229054
4.10088,-0.0842061,0.0209165,0.00968237,0.807283,-0.515579,0.286266,-0.0229054
4.10185,-0.0839194,0.0211373,0.00970943,0.807539,-0.515132,0.286406,-0.0221647
4.10288,-0.0839194,0.0211373,0.00970943,0.807539,-0.515132,0.286406,-0.0221647
4.10386,-0.0837128,0.0213594,0.00969864,0.807917,-0.514906,0.285789,-0.021595
4.10488,-0.0837128,0.0213594,0.00969864,0.807917,-0.514906,0.285789,-0.021595
4.10589,-0.0834458,0.0215475,0.00968801,0.808236,-0.514683,0.285338,-0.0209204
4.10687,-0.0834458,0.0215475,0.00968801,0.808236,-0.514683,0.285338,-0.0209204
4.10787,-0.0831979,0.0218434,0.00968436,0.808708,-0.51434,0.284672,-0.0202207
4.10887,-0.0831979,0.0218434,0.00968436,0.808708,-0.51434,0.284672,-0.0202207
4.10986,-0.0829313,0.0220329,0.00967404,0.809027,-0.514113,0.28422,-0.0195481
4.11088,-0.0829313,0.0220329,0.00967404,0.809027,-0.514113,0.28422,-0.0195481
4.11187,-0.0826428,0.022262,0.0096331,0.809375,-0.513547,0.284312,-0.0186786
4.11287,-0.0826428,0.022262,0.0096331,0.809375,-0.513547,0.284312,-0.0186786
4.11384,-0.0823352,0.022526,0.00963009,0.809787,-0.513202,0.283812,-0.0178763
4.11487,-0.0823352,0.022526,0.00963009,0.809787,-0.513202,0.283812,-0.0178763
4.11587,-0.0820691,0.0227176,0.00962031,0.810106,-0.512971,0.283361,-0.0172066
4.11688,-0.0820691,0.0227176,0.00962031,0.810106,-0.512971,0.283361,-0.0172066
4.11786,-0.081762,0.0229833,0.00961768,0.810517,-0.512623,0.28286,-0.0164066
4.11888,-0.081762,0.0229833,0.00961768,0.810517,-0.512623,0.28286,-0.0164066
4.11987,-0.0814743,0.0232154,0.0095778,0.810929,-0.512273,0.28236,-0.0156079
4.12087,-0.0814743,0.0232154,0.0095778,0.810929,-0.512273,0.28236,-0.0156079
4.12188,-0.0811493,0.0233757,0.00956857,0.81118,-0.51222,0.281748,-0.0153546
4.12287,-0.0811493,0.0233757,0.00956857,0.81118,-0.51222,0.281748,-0.0153546
4.12387,-0.0808622,0.0236094,0.00952922,0.811666,-0.511906,0.280983,-0.0141082
4.12487,-0.0808622,0.0236094,0.00952922,0.811666,-0.511906,0.280983,-0.0141082
4.12589,-0.0805561,0.0238785,0.00952749,0.812078,-0.511549,0.280482,-0.0133136
4.12687,-0.0805561,0.0238785,0.00952749,0.812078,-0.511549,0.280482,-0.0133136
4.12785,-0.0802914,0.0240743,0.0095188,0.812396,-0.511307,0.28003,-0.0126506
4.12888,-0.0802914,0.0240743,0.0095188,0.812396,-0.511307,0.28003,-0.0126506
4.12989,-0.0799265,0.0243122,0.00951745,0.812815,-0.511168,0.279103,-0.0118228
4.13087,-0.0799265,0.0243122,0.00951745,0.812815,-0.511168,0.279103,-0.0118228
4.13187,-0.0796624,0.0245095,0.00950909,0.813134,-0.510922,0.278651,-0.0111623
4.13288,-0.0796624,0.0245095,0.00950909,0.813134,-0.510922,0.278651,-0.0111623
4.13387,-0.0793985,0.0247074,0.00950088,0.813518,-0.510893,0.277605,-0.0105728
4.13488,-0.0793985,0.0247074,0.00950088,0.813518,-0.510893,0.277605,-0.0105728
4.13587,-0.0791156,0.0249408,0.00952984,0.813902,-0.510861,0.276559,-0.00998489
4.13687,-0.0791156,0.0249408,0.00952984,0.813902,-0.510861,0.276559,-0.00998489
4.13787,-0.0788521,0.02514,0.00952188,0.814221,-0.510609,0.276106,-0.00932794
4.13887,-0.0788521,0.02514,0.00952188,0.814221,-0.510609,0.276106,-0.00932794
4.13987,-0.0786108,0.0252999,0.0095437,0.814513,-0.510691,0.275108,-0.008872
4.14087,-0.0786108,0.0252999,0.0095437,0.814513,-0.510691,0.275108,-0.008872
4.14187,-0.0783286,0.0255354,0.00957282,0.814897,-0.510652,0.274061,-0.00828838
4.14288,-0.0783286,0.0255354,0.00957282,0.814897,-0.510652,0.274061,-0.00828838
4.14386,-0.0781464,0.0257286,0.00959469,0.815181,-0.510512,0.273488,-0.0078685
4.14488,-0.0781464,0.0257286,0.00959469,0.815181,-0.510512,0.273488,-0.0078685
4.14588,-0.0779056,0.02589,0.00961658,0.815472,-0.510588,0.272489,-0.00741597
4.14686,-0.0779056,0.02589,0.00961658,0.815472,-0.510588,0.272489,-0.00741597
4.14784,-0.0777236,0.0260839,0.00963849,0.815819,-0.51066,0.271322,-0.00706956
4.14888,-0.0777236,0.0260839,0.00963849,0.815819,-0.51066,0.271322,-0.00706956
4.14987,-0.077464,0.0262816,0.00969707,0.816047,-0.510518,0.270917,-0.00654721
4.15085,-0.077464,0.0262816,0.00969707,0.816047,-0.510518,0.270917,-0.00654721
4.15187,-0.077304,0.0264362,0.00974826,0.816302,-0.510706,0.269797,-0.00633069
4.15287,-0.077304,0.0264362,0.00974826,0.816302,-0.510706,0.269797,-0.00633069
4.15388,-0.077064,0.0265995,0.00977013,0.81653,-0.510562,0.269392,-0.0058098
4.15487,-0.077064,0.0265995,0.00977013,0.81653,-0.510562,0.269392,-0.0058098
4.15587,-0.0768823,0.0267949,0.00979201,0.816876,-0.510627,0.268224,-0.00546728
4.15687,-0.0768823,0.0267949,0.00979201,0.816876,-0.510627,0.268224,-0.00546728
4.15787,-0.0766452,0.0269543,0.0098795,0.817012,-0.510601,0.267867,-0.00507533
4.15887,-0.0766452,0.0269543,0.0098795,0.817012,-0.510601,0.267867,-0.00507533
4.15987,-0.0764856,0.0271102,0.00993043,0.817266,-0.510783,0.266746,-0.00486174
4.16086,-0.0764856,0.0271102,0.00993043,0.817266,-0.510783,0.266746,-0.00486174
4.16189,-0.0762462,0.0272753,0.00995221,0.817494,-0.510634,0.266341,-0.0043438
4.16287,-0.0762462,0.0272753,0.00995221,0.817494,-0.510634,0.266341,-0.0043438
4.16387,-0.0760868,0.0274318,0.010003,0.817685,-0.510604,0.265815,-0.00405835
4.16489,-0.0760868,0.0274318,0.010003,0.817685,-0.510604,0.265815,-0.00405835
4.16587,-0.0758477,0.0275977,0.0100248,0.817976,-0.510663,0.264814,-0.00361524
4.16688,-0.0758477,0.0275977,0.0100248,0.817976,-0.510663,0.264814,-0.00361524
4.16785,-0.0756114,0.0277595,0.0101117,0.818113,-0.510631,0.264456,-0.00322593
4.16887,-0.0756114,0.0277595,0.0101117,0.818113,-0.510631,0.264456,-0.00322593
4.16984,-0.0753728,0.0279265,0.0101334,0.818403,-0.510686,0.263454,-0.00278468
4.17084,-0.0753728,0.0279265,0.0101334,0.818403,-0.510686,0.263454,-0.00278468
4.17187,-0.0751561,0.0280534,0.0101839,0.81854,-0.510653,0.263097,-0.00239649
4.17286,-0.0751561,0.0280534,0.0101839,0.81854,-0.510653,0.263097,-0.00239649
4.17387,-0.0749179,0.0282214,0.0102056,0.818769,-0.510497,0.262691,-0.00188286
4.17488,-0.0749179,0.0282214,0.0102056,0.818769,-0.510497,0.262691,-0.00188286
4.17587,-0.0746799,0.0283899,0.0102273,0.81906,-0.510547,0.261688,-0.00144443
4.17688,-0.0746799,0.0283899,0.0102273,0.81906,-0.510547,0.261688,-0.00144443
4.17788,-0.0744421,0.0285589,0.010249,0.819289,-0.510388,0.261282,-0.000932503
4.17888,-0.0744421,0.0285589,0.010249,0.819289,-0.510388,0.261282,-0.000932503
4.17987,-0.0741471,0.0286979,0.0102707,0.819465,-0.510228,0.261044,-0.000316419
4.18088,-0.0741471,0.0286979,0.0102707,0.819465,-0.510228,0.261044,-0.000316419
4.18187,-0.0738524,0.0288376,0.0102925,0.819703,-0.510273,0.260209,0.000223842
4.18287,-0.0738524,0.0288376,0.0102925,0.819703,-0.510273,0.260209,0.000223842
4.18387,-0.0736154,0.0290083,0.0103143,0.819932,-0.51011,0.259803,0.000733262
4.18486,-0.0736154,0.0290083,0.0103143,0.819932,-0.51011,0.259803,0.000733262
4.18588,-0.0733214,0.0291493,0.0103361,0.820109,-0.509946,0.259566,0.00134677
4.18685,-0.0733214,0.0291493,0.0103361,0.820109,-0.509946,0.259566,0.00134677
4.18787,-0.0729705,0.0292611,0.0103579,0.820294,-0.509985,0.258899,0.00198873
4.18887,-0.0729705,0.0292611,0.0103579,0.820294,-0.509985,0.258899,0.00198873
4.18987,-0.0726558,0.0294448,0.0103514,0.820625,-0.509898,0.258015,0.00264873
4.19088,-0.0726558,0.0294448,0.0103514,0.820625,-0.509898,0.258015,0.00264873
4.19187,-0.0723629,0.0295881,0.0103733,0.820864,-0.509933,0.25718,0.00318319
4.19288,-0.0723629,0.0295881,0.0103733,0.820864,-0.509933,0.25718,0.00318319
4.19387,-0.0720134,0.0297026,0.0103952,0.820989,-0.509761,0.257111,0.00389748
4.19487,-0.0720134,0.0297026,0.0103952,0.820989,-0.509761,0.257111,0.00389748
4.19587,-0.0717,0.0298888,0.010389,0.82132,-0.509666,0.256227,0.00455304
4.19689,-0.0717,0.0298888,0.010389,0.82132,-0.509666,0.256227,0.00455304
4.1979,-0.0713514,0.0300052,0.0104111,0.821446,-0.509491,0.256159,0.00526521
4.19887,-0.0713514,0.0300052,0.0104111,0.821446,-0.509491,0.256159,0.00526521
4.19986,-0.0710033,0.0301225,0.0104331,0.821278,-0.510025,0.255617,0.00597803
4.20086,-0.0710033,0.0301225,0.0104331,0.821278,-0.510025,0.255617,0.00597803
4.20187,-0.0706556,0.0302408,0.0104552,0.821467,-0.510048,0.25495,0.00661094
4.20287,-0.0706556,0.0302408,0.0104552,0.821467,-0.510048,0.25495,0.00661094
4.20387,-0.0702685,0.0304386,0.0104846,0.821748,-0.509942,0.254235,0.0073648
4.20487,-0.0702685,0.0304386,0.0104846,0.821748,-0.509942,0.254235,0.0073648
4.20587,-0.0699219,0.030559,0.0105067,0.821938,-0.509959,0.253567,0.00799497
4.20687,-0.0699219,0.030559,0.0105067,0.821938,-0.509959,0.253567,0.00799497
4.20788,-0.0695758,0.0306804,0.0105288,0.822128,-0.509973,0.2529,0.00862392
4.20888,-0.0695758,0.0306804,0.0105288,0.822128,-0.509973,0.2529,0.00862392
4.20988,-0.0693078,0.0307895,0.0105787,0.822279,-0.510114,0.252112,0.00902554
4.21088,-0.0693078,0.0307895,0.0105787,0.822279,-0.510114,0.252112,0.00902554
4.21187,-0.0689439,0.0309498,0.0106358,0.82247,-0.510124,0.251444,0.00965233
4.21285,-0.0689439,0.0309498,0.0106358,0.82247,-0.510124,0.251444,0.00965233
4.21388,-0.0685992,0.0310739,0.0106579,0.822661,-0.510131,0.250777,0.0102779
4.21488,-0.0685992,0.0310739,0.0106579,0.822661,-0.510131,0.250777,0.0102779
4.21587,-0.068255,0.031199,0.01068,0.822854,-0.510136,0.250109,0.0109022
4.21687,-0.068255,0.031199,0.01068,0.822854,-0.510136,0.250109,0.0109022
4.21788,-0.0679135,0.0313206,0.0107645,0.822954,-0.510266,0.24949,0.0114052
4.21887,-0.0679135,0.0313206,0.0107645,0.822954,-0.510266,0.24949,0.0114052
4.21987,-0.0676266,0.0314754,0.0107865,0.822843,-0.510781,0.248774,0.0119964
4.22087,-0.0676266,0.0314754,0.0107865,0.822843,-0.510781,0.248774,0.0119964
4.22187,-0.0673045,0.0315612,0.0108359,0.822944,-0.510907,0.248154,0.0124974
4.22287,-0.0673045,0.0315612,0.0108359,0.822944,-0.510907,0.248154,0.0124974
4.22387,-0.0669829,0.0316478,0.0108853,0.822986,-0.510836,0.248134,0.013077
4.22488,-0.0669829,0.0316478,0.0108853,0.822986,-0.510836,0.248134,0.013077
4.22588,-0.0666993,0.0318003,0.0109692,0.823139,-0.510961,0.247345,0.0134717
4.22684,-0.0666993,0.0318003,0.0109692,0.823139,-0.510961,0.247345,0.0134717
4.22787,-0.0663579,0.0319308,0.0109911,0.823334,-0.510953,0.246677,0.0140894
4.22888,-0.0663579,0.0319308,0.0109911,0.823334,-0.510953,0.246677,0.0140894
4.22987,-0.066058,0.0319776,0.0110675,0.823345,-0.511201,0.246104,0.0144693
4.23088,-0.066058,0.0319776,0.0110675,0.823345,-0.511201,0.246104,0.0144693
4.23187,-0.0657756,0.0321325,0.0111509,0.823499,-0.511322,0.245314,0.014862
4.23289,-0.0657756,0.0321325,0.0111509,0.823499,-0.511322,0.245314,0.014862
4.23388,-0.0654559,0.0322232,0.0111998,0.823603,-0.511437,0.244694,0.0153591
4.23487,-0.0654559,0.0322232,0.0111998,0.823603,-0.511437,0.244694,0.0153591
4.23587,-0.0651926,0.0323415,0.0112486,0.823757,-0.511554,0.243903,0.0157504
4.23685,-0.0651926,0.0323415,0.0112486,0.823757,-0.511554,0.243903,0.0157504
4.23787,-0.0648737,0.0324337,0.0112973,0.823802,-0.511473,0.243884,0.0163259
4.23887,-0.0648737,0.0324337,0.0112973,0.823802,-0.511473,0.243884,0.0163259
4.23987,-0.064611,0.0325534,0.011346,0.823957,-0.511587,0.243093,0.0167158
4.24087,-0.064611,0.0325534,0.011346,0.823957,-0.511587,0.243093,0.0167158
4.24188,-0.0643131,0.0326045,0.0114216,0.823969,-0.511826,0.24252,0.0170937
4.24288,-0.0643131,0.0326045,0.0114216,0.823969,-0.511826,0.24252,0.0170937
4.24387,-0.064033,0.0327637,0.0115042,0.824125,-0.511937,0.241729,0.0174826
4.24488,-0.064033,0.0327637,0.0115042,0.824125,-0.511937,0.241729,0.0174826
4.24588,-0.0637713,0.0328852,0.0115525,0.824281,-0.512045,0.240939,0.0178706
4.24688,-0.0637713,0.0328852,0.0115525,0.824281,-0.512045,0.240939,0.0178706
4.24786,-0.0634544,0.0329812,0.0116007,0.824387,-0.512149,0.240317,0.0183633
4.24888,-0.0634544,0.0329812,0.0116007,0.824387,-0.512149,0.240317,0.0183633
4.24987,-0.0632114,0.0330655,0.0116149,0.824188,-0.512768,0.239644,0.0188179
4.25087,-0.0632114,0.0330655,0.0116149,0.824188,-0.512768,0.239644,0.0188179
4.25188,-0.0629151,0.0331202,0.0116899,0.824557,-0.512485,0.238952,0.0191261
4.25287,-0.0629151,0.0331202,0.0116899,0.824557,-0.512485,0.238952,0.0191261
4.25387,-0.0626548,0.0332442,0.0117379,0.824359,-0.513101,0.238278,0.0195786
4.25488,-0.0626548,0.0332442,0.0117379,0.824359,-0.513101,0.238278,0.0195786
4.25587,-0.0623393,0.0333431,0.0117858,0.824467,-0.513198,0.237655,0.0200683
4.25688,-0.0623393,0.0333431,0.0117858,0.824467,-0.513198,0.237655,0.0200683
4.25788,-0.0620242,0.0334429,0.0118337,0.824633,-0.51348,0.23643,0.0204765
4.25885,-0.0620242,0.0334429,0.0118337,0.824633,-0.51348,0.23643,0.0204765
4.25987,-0.0617096,0.0335434,0.0118815,0.824742,-0.513572,0.235807,0.0209647
4.26088,-0.0617096,0.0335434,0.0118815,0.824742,-0.513572,0.235807,0.0209647
4.26188,-0.0613935,0.033649,0.0118688,0.824944,-0.513529,0.235137,0.0215654
4.26288,-0.0613935,0.033649,0.0118688,0.824944,-0.513529,0.235137,0.0215654
4.26387,-0.061135,0.0337764,0.0119165,0.825102,-0.513622,0.234345,0.0219462
4.26486,-0.061135,0.0337764,0.0119165,0.825102,-0.513622,0.234345,0.0219462
4.26588,-0.0608217,0.0338793,0.0119641,0.825212,-0.513708,0.233722,0.0224319
4.26687,-0.0608217,0.0338793,0.0119641,0.825212,-0.513708,0.233722,0.0224319
4.26787,-0.0604711,0.0339191,0.0119781,0.825274,-0.513788,0.233269,0.0230224
4.26887,-0.0604711,0.0339191,0.0119781,0.825274,-0.513788,0.233269,0.0230224
4.26987,-0.0601392,0.034067,0.0119992,0.825479,-0.513736,0.232598,0.0236186
4.27093,-0.0601392,0.034067,0.0119992,0.825479,-0.513736,0.232598,0.0236186
4.27187,-0.0598446,0.0341332,0.0120132,0.825647,-0.514001,0.231371,0.0240201
4.27286,-0.0598446,0.0341332,0.0120132,0.825647,-0.514001,0.231371,0.0240201
4.27388,-0.059533,0.0342395,0.0120606,0.825759,-0.514079,0.230748,0.0245023
4.27487,-0.059533,0.0342395,0.0120606,0.825759,-0.514079,0.230748,0.0245023
4.27587,-0.0592392,0.0343072,0.0120746,0.825871,-0.514155,0.230125,0.0249838
4.27688,-0.0592392,0.0343072,0.0120746,0.825871,-0.514155,0.230125,0.0249838
4.27788,-0.0589093,0.0344585,0.0120956,0.826077,-0.514094,0.229454,0.0255751
4.27887,-0.0589093,0.0344585,0.0120956,0.826077,-0.514094,0.229454,0.0255751
4.27987,-0.0586164,0.0345277,0.0121096,0.826247,-0.514348,0.228226,0.0259726
4.28091,-0.0586164,0.0345277,0.0121096,0.826247,-0.514348,0.228226,0.0259726
4.28188,-0.0583237,0.0345976,0.0121237,0.82636,-0.514418,0.227603,0.0264514
4.28287,-0.0583237,0.0345976,0.0121237,0.82636,-0.514418,0.227603,0.0264514
4.28388,-0.0580314,0.0346682,0.0121377,0.82612,-0.515002,0.227092,0.0269892
4.28487,-0.0580314,0.0346682,0.0121377,0.82612,-0.515002,0.227092,0.0269892
4.28588,-0.0577224,0.034779,0.0121849,0.826234,-0.515069,0.226468,0.027466
4.28689,-0.0577224,0.034779,0.0121849,0.826234,-0.515069,0.226468,0.027466
4.28787,-0.0574121,0.0348948,0.0121728,0.826442,-0.514997,0.225797,0.0280508
4.28888,-0.0574121,0.0348948,0.0121728,0.826442,-0.514997,0.225797,0.0280508
4.28988,-0.057121,0.0349676,0.0121869,0.826558,-0.515059,0.225173,0.0285256
4.29087,-0.057121,0.0349676,0.0121869,0.826558,-0.515059,0.225173,0.0285256
4.29187,-0.0568302,0.035041,0.0122009,0.826729,-0.515299,0.223943,0.0289165
4.29288,-0.0568302,0.035041,0.0122009,0.826729,-0.515299,0.223943,0.0289165
4.29388,-0.0565398,0.0351151,0.012215,0.82649,-0.515874,0.22343,0.0294471
4.29488,-0.0565398,0.0351151,0.012215,0.82649,-0.515874,0.22343,0.0294471
4.29588,-0.056233,0.0352298,0.0122621,0.826606,-0.515931,0.222806,0.0299191
4.29689,-0.056233,0.0352298,0.0122621,0.826606,-0.515931,0.222806,0.0299191
4.29789,-0.0559433,0.0353053,0.0122761,0.826778,-0.516162,0.221575,0.0303064
4.29887,-0.0559433,0.0353053,0.0122761,0.826778,-0.516162,0.221575,0.0303064
4.29985,-0.0556541,0.0353815,0.0122902,0.826895,-0.516215,0.22095,0.0307766
4.30086,-0.0556541,0.0353815,0.0122902,0.826895,-0.516215,0.22095,0.0307766
4.30186,-0.0553106,0.0354357,0.0123042,0.826967,-0.516259,0.220495,0.0313521
4.30288,-0.0553106,0.0354357,0.0123042,0.826967,-0.516259,0.220495,0.0313521
4.30385,-0.0550221,0.0355134,0.0123183,0.826786,-0.517001,0.219374,0.0317913
4.30487,-0.0550221,0.0355134,0.0123183,0.826786,-0.517001,0.219374,0.0317913
4.30588,-0.054734,0.0355917,0.0123324,0.826904,-0.517048,0.218749,0.0322586
4.30687,-0.054734,0.0355917,0.0123324,0.826904,-0.517048,0.218749,0.0322586
4.30788,-0.0544462,0.0356708,0.0123465,0.827023,-0.517093,0.218123,0.032725
4.30888,-0.0544462,0.0356708,0.0123465,0.827023,-0.517093,0.218123,0.032725
4.30987,-0.0541589,0.0357505,0.0123606,0.827142,-0.517136,0.217498,0.0331905
4.31088,-0.0541589,0.0357505,0.0123606,0.827142,-0.517136,0.217498,0.0331905
4.31187,-0.0538719,0.0358309,0.0123747,0.827315,-0.51735,0.216265,0.0335703
4.31288,-0.0538719,0.0358309,0.0123747,0.827315,-0.51735,0.216265,0.0335703
4.31388,-0.0535852,0.035912,0.0123888,0.827081,-0.517907,0.215749,0.0340863
4.31487,-0.0535852,0.035912,0.0123888,0.827081,-0.517907,0.215749,0.0340863
4.31587,-0.053299,0.0359937,0.0124029,0.827255,-0.518117,0.214515,0.0344633
4.31687,-0.053299,0.0359937,0.0124029,0.827255,-0.518117,0.214515,0.0344633
4.31785,-0.0529409,0.0360989,0.0123915,0.827427,-0.518005,0.214014,0.0351344
4.31889,-0.0529409,0.0360989,0.0123915,0.827427,-0.518005,0.214014,0.0351344
4.31988,-0.0526555,0.0361822,0.0124056,0.827548,-0.518038,0.213388,0.0355947
4.32088,-0.0526555,0.0361822,0.0124056,0.827548,-0.518038,0.213388,0.0355947
4.32188,-0.0523866,0.0362255,0.0123873,0.827368,-0.518758,0.212262,0.0360182
4.32287,-0.0523866,0.0362255,0.0123873,0.827368,-0.518758,0.212262,0.0360182
4.32387,-0.0520843,0.0363548,0.0123761,0.827586,-0.518646,0.211589,0.0365783
4.32488,-0.0520843,0.0363548,0.0123761,0.827586,-0.518646,0.211589,0.0365783
4.32588,-0.0518001,0.03644,0.0123904,0.827354,-0.519192,0.21107,0.0370844
4.32688,-0.0518001,0.03644,0.0123904,0.827354,-0.519192,0.21107,0.0370844
4.32787,-0.0515321,0.0364852,0.0123722,0.827529,-0.519386,0.209836,0.0374526
4.32889,-0.0515321,0.0364852,0.0123722,0.827529,-0.519386,0.209836,0.0374526
4.32988,-0.0511944,0.0365507,0.0123865,0.827609,-0.519402,0.209379,0.0380139
4.33087,-0.0511944,0.0365507,0.0123865,0.827609,-0.519402,0.209379,0.0380139
4.33187,-0.050894,0.0366829,0.0123757,0.827475,-0.5198,0.208813,0.0386158
4.33287,-0.050894,0.0366829,0.0123757,0.827475,-0.5198,0.208813,0.0386158
4.33385,-0.0506114,0.0367709,0.01239,0.827599,-0.519819,0.208186,0.0390678
4.33489,-0.0506114,0.0367709,0.01239,0.827599,-0.519819,0.208186,0.0390678
4.33587,-0.0503448,0.0368187,0.0123721,0.827421,-0.520523,0.207056,0.0394772
4.33688,-0.0503448,0.0368187,0.0123721,0.827421,-0.520523,0.207056,0.0394772
4.33788,-0.0500629,0.036908,0.0123865,0.827546,-0.520539,0.206429,0.0399269
4.33888,-0.0500629,0.036908,0.0123865,0.827546,-0.520539,0.206429,0.0399269
4.33987,-0.0497274,0.0369775,0.0124009,0.827629,-0.520544,0.205972,0.0404827
4.34087,-0.0497274,0.0369775,0.0124009,0.827629,-0.520544,0.205972,0.0404827
4.34188,-0.0494618,0.0370272,0.0123831,0.827401,-0.521076,0.205449,0.040976
4.34288,-0.0494618,0.0370272,0.0123831,0.827401,-0.521076,0.205449,0.040976
4.34387,-0.0491811,0.0371185,0.0123976,0.827527,-0.521086,0.204822,0.0414225
4.34488,-0.0491811,0.0371185,0.0123976,0.827527,-0.521086,0.204822,0.0414225
4.34588,-0.0489008,0.0372105,0.0124121,0.827299,-0.521614,0.204298,0.0419128
4.34687,-0.0489008,0.0372105,0.0124121,0.827299,-0.521614,0.204298,0.0419128
4.34785,-0.0486209,0.0373031,0.0124266,0.827427,-0.521621,0.203671,0.042357
4.34887,-0.0486209,0.0373031,0.0124266,0.827427,-0.521621,0.203671,0.042357
4.34988,-0.0483566,0.0373552,0.012409,0.827606,-0.52179,0.202434,0.0427101
4.35085,-0.0483566,0.0373552,0.012409,0.827606,-0.52179,0.202434,0.0427101
4.35187,-0.0480774,0.0374491,0.0124235,0.827379,-0.522313,0.201909,0.0431954
4.35288,-0.0480774,0.0374491,0.0124235,0.827379,-0.522313,0.201909,0.0431954
4.35388,-0.0478138,0.0375023,0.012406,0.827508,-0.522315,0.201281,0.0436363
4.35487,-0.0478138,0.0375023,0.012406,0.827508,-0.522315,0.201281,0.0436363
4.35587,-0.0475354,0.0375975,0.0124206,0.827282,-0.522834,0.200756,0.0441186
4.35687,-0.0475354,0.0375975,0.0124206,0.827282,-0.522834,0.200756,0.0441186
4.35787,-0.0472888,0.0376063,0.0124279,0.827364,-0.523139,0.199563,0.04437
4.35887,-0.0472888,0.0376063,0.0124279,0.827364,-0.523139,0.199563,0.04437
4.35988,-0.047026,0.0376613,0.0124105,0.827139,-0.523655,0.199037,0.044849
4.36088,-0.047026,0.0376613,0.0124105,0.827139,-0.523655,0.199037,0.044849
4.36188,-0.0467487,0.0377582,0.0124252,0.827269,-0.523649,0.198409,0.0452855
4.36288,-0.0467487,0.0377582,0.0124252,0.827269,-0.523649,0.198409,0.0452855
4.36389,-0.0465028,0.0377686,0.0124325,0.826947,-0.524307,0.197926,0.0456668
4.36488,-0.0465028,0.0377686,0.0124325,0.826947,-0.524307,0.197926,0.0456668
4.36587,-0.0462423,0.0378211,0.0124717,0.826981,-0.524445,0.197342,0.0460072
4.36688,-0.0462423,0.0378211,0.0124717,0.826981,-0.524445,0.197342,0.0460072
4.36787,-0.0459968,0.0378325,0.012479,0.826659,-0.5251,0.196859,0.0463868
4.36888,-0.0459968,0.0378325,0.012479,0.826659,-0.5251,0.196859,0.0463868
4.36985,-0.0458051,0.0378632,0.0124863,0.826733,-0.525244,0.196105,0.0466183
4.37088,-0.0458051,0.0378632,0.0124863,0.826733,-0.525244,0.196105,0.0466183
4.37188,-0.0455439,0.0379212,0.0124691,0.82651,-0.525751,0.195576,0.0470892
4.37287,-0.0455439,0.0379212,0.0124691,0.82651,-0.525751,0.195576,0.0470892
4.37387,-0.0452844,0.0379757,0.0125083,0.826544,-0.525883,0.194991,0.0474273
4.37487,-0.0452844,0.0379757,0.0125083,0.826544,-0.525883,0.194991,0.0474273
4.37588,-0.0450933,0.0380075,0.0125156,0.826263,-0.526544,0.194336,0.0476947
4.37688,-0.0450933,0.0380075,0.0125156,0.826263,-0.526544,0.194336,0.0476947
4.37788,-0.0448487,0.0380212,0.0125229,0.826298,-0.526673,0.193751,0.0480318
4.37888,-0.0448487,0.0380212,0.0125229,0.826298,-0.526673,0.193751,0.0480318
4.37987,-0.0446042,0.0380353,0.0125302,0.825977,-0.527321,0.193265,0.0484056
4.38087,-0.0446042,0.0380353,0.0125302,0.825977,-0.527321,0.193265,0.0484056
4.38187,-0.0443599,0.0380499,0.0125376,0.826013,-0.527448,0.19268,0.0487417
4.38288,-0.0443599,0.0380499,0.0125376,0.826013,-0.527448,0.19268,0.0487417
4.38387,-0.0441016,0.0381069,0.0125766,0.825692,-0.528093,0.192193,0.0491137
4.38487,-0.0441016,0.0381069,0.0125766,0.825692,-0.528093,0.192193,0.0491137
4.38588,-0.0438957,0.0381866,0.0125595,0.825819,-0.527925,0.192004,0.0495262
4.38687,-0.0438957,0.0381866,0.0125595,0.825819,-0.527925,0.192004,0.0495262
4.38787,-0.0436521,0.0382025,0.0125669,0.825498,-0.528568,0.191516,0.0498964
4.38885,-0.0436521,0.0382025,0.0125669,0.825498,-0.528568,0.191516,0.0498964
4.38987,-0.0434085,0.038219,0.0125742,0.825535,-0.528691,0.19093,0.0502302
4.39088,-0.0434085,0.038219,0.0125742,0.825535,-0.528691,0.19093,0.0502302
4.39187,-0.0431117,0.0382182,0.0125815,0.825176,-0.529321,0.190611,0.0507074
4.39287,-0.0431117,0.0382182,0.0125815,0.825176,-0.529321,0.190611,0.0507074
4.39388,-0.0428395,0.038324,0.0125962,0.824955,-0.529812,0.190079,0.0511642
4.39487,-0.0428395,0.038324,0.0125962,0.824955,-0.529812,0.190079,0.0511642
4.39587,-0.0425966,0.038342,0.0126035,0.824946,-0.529777,0.190103,0.0515926
4.39688,-0.0425966,0.038342,0.0126035,0.824946,-0.529777,0.190103,0.0515926
4.39787,-0.0423388,0.0384068,0.0125867,0.824726,-0.530266,0.18957,0.052047
4.39886,-0.0423388,0.0384068,0.0125867,0.824726,-0.530266,0.18957,0.052047
4.39987,-0.0420429,0.0384085,0.012594,0.824367,-0.530891,0.189249,0.0525204
4.40084,-0.0420429,0.0384085,0.012594,0.824367,-0.530891,0.189249,0.0525204
4.40188,-0.0417323,0.0384572,0.0125773,0.824468,-0.530847,0.188788,0.0530474
4.40288,-0.0417323,0.0384572,0.0125773,0.824468,-0.530847,0.188788,0.0530474
4.40387,-0.041462,0.0385661,0.012592,0.824201,-0.531178,0.188864,0.0535955
4.40485,-0.041462,0.0385661,0.012592,0.824201,-0.531178,0.188864,0.0535955
4.40616,-0.0411522,0.0386163,0.0125754,0.824303,-0.531131,0.188403,0.0541202
4.40683,-0.0411522,0.0386163,0.0125754,0.824303,-0.531131,0.188403,0.0541202
4.40787,-0.0411522,0.0386163,0.0125754,0.824303,-0.531131,0.188403,0.0541202
4.40883,-0.0408574,0.0386208,0.0125828,0.823898,-0.531598,0.188692,0.0546885
4.40985,-0.0408574,0.0386208,0.0125828,0.823898,-0.531598,0.188692,0.0546885
4.41089,-0.0404271,0.0386858,0.0125422,0.823713,-0.532048,0.18801,0.0554506
4.41188,-0.0404271,0.0386858,0.0125422,0.823713,-0.532048,0.18801,0.0554506
4.41287,-0.0401184,0.0387385,0.0125257,0.823457,-0.532514,0.187643,0.0560041
4.41388,-0.0401184,0.0387385,0.0125257,0.823457,-0.532514,0.187643,0.0560041
4.41488,-0.0398101,0.0387921,0.0125093,0.82355,-0.532429,0.187453,0.0560972
4.41589,-0.0398101,0.0387921,0.0125093,0.82355,-0.532429,0.187453,0.0560972
4.41689,-0.0395022,0.0388464,0.012493,0.823296,-0.532892,0.187085,0.0566484
4.4179,-0.0395022,0.0388464,0.012493,0.823296,-0.532892,0.187085,0.0566484
4.41888,-0.0391934,0.0389057,0.0124215,0.823143,-0.533205,0.186674,0.0572829
4.41988,-0.0391934,0.0389057,0.0124215,0.823143,-0.533205,0.186674,0.0572829
4.42089,-0.0388863,0.0389616,0.0124053,0.822841,-0.533515,0.186917,0.057932
4.42189,-0.0388863,0.0389616,0.0124053,0.822841,-0.533515,0.186917,0.057932
4.42288,-0.0385263,0.0390024,0.0123892,0.822911,-0.533442,0.186624,0.0585558
4.42388,-0.0385263,0.0390024,0.0123892,0.822911,-0.533442,0.186624,0.0585558
4.42488,-0.0382326,0.0390172,0.0123418,0.822697,-0.534018,0.185914,0.058575
4.42588,-0.0382326,0.0390172,0.0123418,0.822697,-0.534018,0.185914,0.058575
4.42688,-0.0379265,0.0390755,0.0123258,0.822397,-0.534324,0.186155,0.0592214
4.42789,-0.0379265,0.0390755,0.0123258,0.822397,-0.534324,0.186155,0.0592214
4.42887,-0.0376333,0.0390918,0.0122786,0.822507,-0.534259,0.185693,0.0597316
4.42989,-0.0376333,0.0390918,0.0122786,0.822507,-0.534259,0.185693,0.0597316
4.43087,-0.0373279,0.0391515,0.0122628,0.822296,-0.534829,0.184981,0.059747
4.43188,-0.0373279,0.0391515,0.0122628,0.822296,-0.534829,0.184981,0.059747
4.43288,-0.0370217,0.0392163,0.0121922,0.822149,-0.535128,0.184567,0.0603688
4.43388,-0.0370217,0.0392163,0.0121922,0.822149,-0.535128,0.184567,0.0603688
4.43485,-0.0367293,0.0392347,0.0121453,0.821851,-0.535429,0.184807,0.0610108
4.43588,-0.0367293,0.0392347,0.0121453,0.821851,-0.535429,0.184807,0.0610108
4.43688,-0.036425,0.0392967,0.0121297,0.821965,-0.535357,0.184346,0.0615154
4.43789,-0.036425,0.0392967,0.0121297,0.821965,-0.535357,0.184346,0.0615154
4.43888,-0.0361332,0.0393165,0.0120829,0.821718,-0.535802,0.183973,0.0620502
4.43988,-0.0361332,0.0393165,0.0120829,0.821718,-0.535802,0.183973,0.0620502
4.44087,-0.0358547,0.0392898,0.0120596,0.82141,-0.536513,0.183299,0.0619774
4.44188,-0.0358547,0.0392898,0.0120596,0.82141,-0.536513,0.183299,0.0619774
4.44287,-0.0355513,0.0393539,0.0120442,0.821164,-0.536955,0.182925,0.0625092
4.44388,-0.0355513,0.0393539,0.0120442,0.821164,-0.536955,0.182925,0.0625092
4.44487,-0.0352071,0.0393613,0.0119976,0.820882,-0.537381,0.18272,0.0631499
4.44588,-0.0352071,0.0393613,0.0119976,0.820882,-0.537381,0.18272,0.0631499
4.44687,-0.0349162,0.039384,0.0119511,0.820637,-0.537819,0.182345,0.0636784
4.44786,-0.0349162,0.039384,0.0119511,0.820637,-0.537819,0.182345,0.0636784
4.44888,-0.0346255,0.0394074,0.0119047,0.820434,-0.538372,0.181626,0.0636808
4.44988,-0.0346255,0.0394074,0.0119047,0.820434,-0.538372,0.181626,0.0636808
4.45084,-0.0343362,0.039427,0.0119128,0.820089,-0.538958,0.181291,0.0641274
4.45188,-0.0343362,0.039427,0.0119128,0.820089,-0.538958,0.181291,0.0641274
4.45284,-0.0339929,0.0394378,0.0118665,0.819809,-0.539377,0.181083,0.0647621
4.45388,-0.0339929,0.0394378,0.0118665,0.819809,-0.539377,0.181083,0.0647621
4.45487,-0.0337154,0.0394157,0.0118434,0.819464,-0.539961,0.180747,0.0652065
4.45585,-0.0337154,0.0394157,0.0118434,0.819464,-0.539961,0.180747,0.0652065
4.45687,-0.0334143,0.039485,0.0118284,0.819222,-0.54039,0.180369,0.0657274
4.45788,-0.0334143,0.039485,0.0118284,0.819222,-0.54039,0.180369,0.0657274
4.45886,-0.0331371,0.0394643,0.0118053,0.81892,-0.541085,0.179686,0.065646
4.45988,-0.0331371,0.0394643,0.0118053,0.81892,-0.541085,0.179686,0.065646
4.46087,-0.0328367,0.039535,0.0117905,0.81868,-0.541511,0.179308,0.066164
4.46188,-0.0328367,0.039535,0.0117905,0.81868,-0.541511,0.179308,0.066164
4.46288,-0.0325488,0.0395587,0.0117987,0.818336,-0.542089,0.178969,0.0666039
4.46387,-0.0325488,0.0395587,0.0117987,0.818336,-0.542089,0.178969,0.0666039
4.46488,-0.032272,0.0395398,0.0117757,0.818399,-0.54226,0.1782,0.0664916
4.46588,-0.032272,0.0395398,0.0117757,0.818399,-0.54226,0.1782,0.0664916
4.46688,-0.0319726,0.0396126,0.011761,0.818161,-0.542681,0.17782,0.0670055
4.46788,-0.0319726,0.0396126,0.011761,0.818161,-0.542681,0.17782,0.0670055
4.46887,-0.031696,0.039595,0.0117381,0.817862,-0.543367,0.177132,0.0669199
4.46985,-0.031696,0.039595,0.0117381,0.817862,-0.543367,0.177132,0.0669199
4.47088,-0.0314619,0.0396342,0.0117463,0.817599,-0.544065,0.176275,0.0667219
4.47187,-0.0314619,0.0396342,0.0117463,0.817599,-0.544065,0.176275,0.0667219
4.47288,-0.0311751,0.0396611,0.0117546,0.817258,-0.544635,0.175933,0.0671574
4.47388,-0.0311751,0.0396611,0.0117546,0.817258,-0.544635,0.175933,0.0671574
4.47487,-0.0309519,0.0396579,0.0117317,0.816996,-0.545329,0.175074,0.0669577
4.47588,-0.0309519,0.0396579,0.0117317,0.816996,-0.545329,0.175074,0.0669577
4.47687,-0.0306654,0.0396859,0.01174,0.816698,-0.546007,0.174381,0.0668694
4.47787,-0.0306654,0.0396859,0.01174,0.816698,-0.546007,0.174381,0.0668694
4.47888,-0.0304321,0.0397271,0.0117483,0.816437,-0.546697,0.173519,0.0666681
4.47987,-0.0304321,0.0397271,0.0117483,0.816437,-0.546697,0.173519,0.0666681
4.48088,-0.0301564,0.0397128,0.0117255,0.816456,-0.546719,0.173358,0.066666
4.48188,-0.0301564,0.0397128,0.0117255,0.816456,-0.546719,0.173358,0.066666
4.48288,-0.0299234,0.0397549,0.0117338,0.816238,-0.547516,0.172144,0.0659421
4.48387,-0.0299234,0.0397549,0.0117338,0.816238,-0.547516,0.172144,0.0659421
4.48488,-0.0297008,0.039754,0.011711,0.815977,-0.5482,0.171279,0.0657392
4.48587,-0.0297008,0.039754,0.011711,0.815977,-0.5482,0.171279,0.0657392
4.48687,-0.0294363,0.0396932,0.011711,0.815576,-0.549022,0.170618,0.0655773
4.48788,-0.0294363,0.0396932,0.011711,0.815576,-0.549022,0.170618,0.0655773
4.48888,-0.029151,0.0397246,0.0117194,0.815231,-0.549558,0.170531,0.0656028
4.48988,-0.029151,0.0397246,0.0117194,0.815231,-0.549558,0.170531,0.0656028
4.49085,-0.0289285,0.039725,0.0116967,0.81538,-0.549827,0.169235,0.0648497
4.49185,-0.0289285,0.039725,0.0116967,0.81538,-0.549827,0.169235,0.0648497
4.49286,-0.0286533,0.039714,0.011674,0.815036,-0.550361,0.169145,0.0648751
4.49388,-0.0286533,0.039714,0.011674,0.815036,-0.550361,0.169145,0.0648751
4.49485,-0.028431,0.0397153,0.0116513,0.814818,-0.551143,0.167922,0.0641492
4.49584,-0.028431,0.0397153,0.0116513,0.814818,-0.551143,0.167922,0.0641492
4.49688,-0.0281464,0.039749,0.0116597,0.814475,-0.551674,0.167829,0.064175
4.49787,-0.0281464,0.039749,0.0116597,0.814475,-0.551674,0.167829,0.064175
4.49887,-0.0279243,0.0397511,0.011637,0.814258,-0.552451,0.166602,0.0634484
4.49988,-0.0279243,0.0397511,0.011637,0.814258,-0.552451,0.166602,0.0634484
4.50087,-0.0276495,0.0397423,0.0116144,0.814283,-0.552464,0.166436,0.0634454
4.50187,-0.0276495,0.0397423,0.0116144,0.814283,-0.552464,0.166436,0.0634454
4.50286,-0.0273747,0.039734,0.0115918,0.814032,-0.553223,0.165374,0.0628319
4.50385,-0.0273747,0.039734,0.0115918,0.814032,-0.553223,0.165374,0.0628319
4.50487,-0.0270898,0.0397748,0.0115467,0.813799,-0.553595,0.165241,0.0629251
4.50588,-0.0270898,0.0397748,0.0115467,0.813799,-0.553595,0.165241,0.0629251
4.50689,-0.0268153,0.0397677,0.0115241,0.813508,-0.554245,0.164529,0.0628308
4.50788,-0.0268153,0.0397677,0.0115241,0.813508,-0.554245,0.164529,0.0628308
4.50887,-0.02655,0.0397176,0.0114706,0.813577,-0.554358,0.164008,0.0623067
4.50988,-0.02655,0.0397176,0.0114706,0.813577,-0.554358,0.164008,0.0623067
4.51088,-0.0262656,0.0397602,0.0114256,0.813395,-0.554848,0.163259,0.0622777
4.51188,-0.0262656,0.0397602,0.0114256,0.813395,-0.554848,0.163259,0.0622777
4.51288,-0.0259914,0.0397549,0.0114032,0.813057,-0.555371,0.163158,0.0623032
4.51388,-0.0259914,0.0397549,0.0114032,0.813057,-0.555371,0.163158,0.0623032
4.51487,-0.0257075,0.0397989,0.0113583,0.812877,-0.555857,0.162407,0.062272
4.51588,-0.0257075,0.0397989,0.0113583,0.812877,-0.555857,0.162407,0.062272
4.51687,-0.0254336,0.0397948,0.0113359,0.812629,-0.556601,0.161334,0.0616554
4.51787,-0.0254336,0.0397948,0.0113359,0.812629,-0.556601,0.161334,0.0616554
4.51888,-0.0251588,0.0397962,0.0112601,0.81277,-0.556447,0.161131,0.0617138
4.51987,-0.0251588,0.0397962,0.0112601,0.81277,-0.556447,0.161131,0.0617138
4.52087,-0.0248756,0.039842,0.0112155,0.812592,-0.556927,0.160378,0.0616791
4.52188,-0.0248756,0.039842,0.0112155,0.812592,-0.556927,0.160378,0.0616791
4.52287,-0.024602,0.0398398,0.0111932,0.812307,-0.557562,0.159658,0.0615796
4.52388,-0.024602,0.0398398,0.0111932,0.812307,-0.557562,0.159658,0.0615796
4.52487,-0.0243193,0.0398869,0.0111486,0.812081,-0.557921,0.159518,0.0616665
4.52588,-0.0243193,0.0398869,0.0111486,0.812081,-0.557921,0.159518,0.0616665
4.52689,-0.024046,0.0398859,0.0111264,0.812166,-0.558035,0.158734,0.0615347
4.52788,-0.024046,0.0398859,0.0111264,0.812166,-0.558035,0.158734,0.0615347
4.52888,-0.0237719,0.0398904,0.0110509,0.811942,-0.558392,0.158592,0.0616201
4.52988,-0.0237719,0.0398904,0.0110509,0.811942,-0.558392,0.158592,0.0616201
4.53088,-0.0234988,0.0398905,0.0110287,0.811659,-0.55902,0.157869,0.0615181
4.53185,-0.0234988,0.0398905,0.0110287,0.811659,-0.55902,0.157869,0.0615181
4.53287,-0.023173,0.0398818,0.0110066,0.811344,-0.559633,0.157311,0.0615304
4.53388,-0.023173,0.0398818,0.0110066,0.811344,-0.559633,0.157311,0.0615304
4.53488,-0.0229001,0.0398833,0.0109845,0.811432,-0.559739,0.156526,0.0613958
4.53587,-0.0229001,0.0398833,0.0109845,0.811432,-0.559739,0.156526,0.0613958
4.53688,-0.0226802,0.0398947,0.0109624,0.811133,-0.560261,0.156247,0.0613032
4.53788,-0.0226802,0.0398947,0.0109624,0.811133,-0.560261,0.156247,0.0613032
4.53887,-0.0223989,0.0399461,0.0109182,0.810962,-0.560724,0.155487,0.0612585
4.53988,-0.0223989,0.0399461,0.0109182,0.810962,-0.560724,0.155487,0.0612585
4.54087,-0.0221349,0.0399003,0.0109182,0.810942,-0.560983,0.154733,0.0610625
4.54187,-0.0221349,0.0399003,0.0109182,0.810942,-0.560983,0.154733,0.0610625
4.54288,-0.0218466,0.0399971,0.0109052,0.810683,-0.561233,0.154946,0.0616615
4.54388,-0.0218466,0.0399971,0.0109052,0.810683,-0.561233,0.154946,0.0616615
4.54487,-0.0216272,0.0400103,0.0108832,0.810436,-0.561861,0.154049,0.0614395
4.54587,-0.0216272,0.0400103,0.0108832,0.810436,-0.561861,0.154049,0.0614395
4.54688,-0.0213633,0.0399661,0.0108832,0.810367,-0.562006,0.153909,0.061371
4.54787,-0.0213633,0.0399661,0.0108832,0.810367,-0.562006,0.153909,0.061371
4.54887,-0.021144,0.0399802,0.0108612,0.810121,-0.562631,0.15301,0.0611484
4.54987,-0.021144,0.0399802,0.0108612,0.810121,-0.562631,0.15301,0.0611484
4.55087,-0.0208721,0.039986,0.0108392,0.809843,-0.563241,0.152277,0.0610406
4.55187,-0.0208721,0.039986,0.0108392,0.809843,-0.563241,0.152277,0.0610406
4.55288,-0.020653,0.0400009,0.0108173,0.809918,-0.563238,0.151938,0.0609139
4.55388,-0.020653,0.0400009,0.0108173,0.809918,-0.563238,0.151938,0.0609139
4.55487,-0.0204341,0.0400162,0.0107953,0.809622,-0.56375,0.151652,0.0608188
4.55588,-0.0204341,0.0400162,0.0107953,0.809622,-0.56375,0.151652,0.0608188
4.55687,-0.0201624,0.0400236,0.0107734,0.809307,-0.564259,0.151277,0.061227
4.55787,-0.0201624,0.0400236,0.0107734,0.809307,-0.564259,0.151277,0.061227
4.55887,-0.0199513,0.0399906,0.0107734,0.809272,-0.564412,0.150967,0.0610436
4.55987,-0.0199513,0.0399906,0.0107734,0.809272,-0.564412,0.150967,0.0610436
4.56086,-0.0197326,0.0400071,0.0107515,0.809028,-0.565028,0.150064,0.0608176
4.56187,-0.0197326,0.0400071,0.0107515,0.809028,-0.565028,0.150064,0.0608176
4.56288,-0.019514,0.040024,0.0107297,0.808733,-0.565536,0.149775,0.0607217
4.56387,-0.019514,0.040024,0.0107297,0.808733,-0.565536,0.149775,0.0607217
4.56485,-0.0192428,0.0400334,0.0107078,0.808458,-0.566136,0.149036,0.0606106
4.56585,-0.0192428,0.0400334,0.0107078,0.808458,-0.566136,0.149036,0.0606106
4.56686,-0.0190244,0.0400511,0.010686,0.808537,-0.566127,0.148695,0.060482
4.56787,-0.0190244,0.0400511,0.010686,0.808537,-0.566127,0.148695,0.060482
4.56888,-0.0188133,0.04002,0.010686,0.808131,-0.566791,0.148432,0.0603317
4.56988,-0.0188133,0.04002,0.010686,0.808131,-0.566791,0.148432,0.0603317
4.57088,-0.0185423,0.0400309,0.0106642,0.80818,-0.566768,0.148257,0.0603193
4.57188,-0.0185423,0.0400309,0.0106642,0.80818,-0.566768,0.148257,0.0603193
4.57287,-0.0183242,0.0400498,0.0106424,0.807938,-0.567375,0.147349,0.0600904
4.57387,-0.0183242,0.0400498,0.0106424,0.807938,-0.567375,0.147349,0.0600904
4.57488,-0.0181062,0.0400692,0.0106206,0.807645,-0.567878,0.147054,0.0599937
4.57587,-0.0181062,0.0400692,0.0106206,0.807645,-0.567878,0.147054,0.0599937
4.57687,-0.0178356,0.0400815,0.0105989,0.807696,-0.567852,0.146879,0.0599805
4.57784,-0.0178356,0.0400815,0.0105989,0.807696,-0.567852,0.146879,0.0599805
4.57888,-0.0176178,0.0401017,0.0105771,0.807404,-0.568354,0.146583,0.0598837
4.57988,-0.0176178,0.0401017,0.0105771,0.807404,-0.568354,0.146583,0.0598837
4.58089,-0.0174061,0.040078,0.0105244,0.807537,-0.568439,0.145626,0.0596191
4.58187,-0.0174061,0.040078,0.0105244,0.807537,-0.568439,0.145626,0.0596191
4.58288,-0.0171358,0.0400919,0.0105027,0.807254,-0.569019,0.145131,0.0591226
4.58387,-0.0171358,0.0400919,0.0105027,0.807254,-0.569019,0.145131,0.0591226
4.58484,-0.0169241,0.040069,0.0104499,0.806963,-0.569518,0.144833,0.0590254
4.58587,-0.0169241,0.040069,0.0104499,0.806963,-0.569518,0.144833,0.0590254
4.58685,-0.016706,0.0400959,0.0103755,0.806785,-0.569857,0.144507,0.0589786
4.58788,-0.016706,0.0400959,0.0103755,0.806785,-0.569857,0.144507,0.0589786
4.58886,-0.0164416,0.0400671,0.0103228,0.806891,-0.569923,0.143716,0.0588278
4.58987,-0.0164416,0.0400671,0.0103228,0.806891,-0.569923,0.143716,0.0588278
4.59087,-0.0162236,0.0400949,0.0102485,0.806715,-0.57026,0.143389,0.0587792
4.59187,-0.0162236,0.0400949,0.0102485,0.806715,-0.57026,0.143389,0.0587792
4.59287,-0.016012,0.0400736,0.0101957,0.806425,-0.570755,0.143088,0.0586808
4.59387,-0.016012,0.0400736,0.0101957,0.806425,-0.570755,0.143088,0.0586808
4.59488,-0.0157415,0.0400958,0.0101215,0.806632,-0.570653,0.14252,0.0581977
4.59588,-0.0157415,0.0400958,0.0101215,0.806632,-0.570653,0.14252,0.0581977
4.59687,-0.0155239,0.0401249,0.0100474,0.806458,-0.570987,0.142192,0.0581474
4.59788,-0.0155239,0.0401249,0.0100474,0.806458,-0.570987,0.142192,0.0581474
4.59886,-0.0153117,0.0401103,0.00994202,0.806335,-0.571414,0.141248,0.0579583
4.59985,-0.0153117,0.0401103,0.00994202,0.806335,-0.571414,0.141248,0.0579583
4.60084,-0.0151001,0.0400906,0.00988935,0.806047,-0.571905,0.140944,0.0578583
4.60188,-0.0151001,0.0400906,0.00988935,0.806047,-0.571905,0.140944,0.0578583
4.60283,-0.0148879,0.0400768,0.00978403,0.806249,-0.57172,0.140576,0.0577696
4.60388,-0.0148879,0.0400768,0.00978403,0.806249,-0.57172,0.140576,0.0577696
4.60486,-0.0146706,0.0401076,0.00971004,0.806076,-0.57205,0.140246,0.0577161
4.60588,-0.0146706,0.0401076,0.00971004,0.806076,-0.57205,0.140246,0.0577161
4.60687,-0.0144584,0.0400946,0.00960477,0.805992,-0.572559,0.138935,0.0570066
4.60788,-0.0144584,0.0400946,0.00960477,0.805992,-0.572559,0.138935,0.0570066
4.6089,-0.0142517,0.0400323,0.00952075,0.805706,-0.573047,0.138628,0.0569051
4.60987,-0.0142517,0.0400323,0.00952075,0.805706,-0.573047,0.138628,0.0569051
4.61086,-0.0140346,0.0400643,0.00944688,0.805961,-0.572947,0.137646,0.0566714
4.61187,-0.0140346,0.0400643,0.00944688,0.805961,-0.572947,0.137646,0.0566714
4.61287,-0.0138224,0.0400526,0.00934162,0.805826,-0.57336,0.136948,0.0560991
4.61388,-0.0138224,0.0400526,0.00934162,0.805826,-0.57336,0.136948,0.0560991
4.61487,-0.0136101,0.0400413,0.00923638,0.805656,-0.573684,0.136616,0.0560414
4.61589,-0.0136101,0.0400413,0.00923638,0.805656,-0.573684,0.136616,0.0560414
4.61688,-0.0133979,0.0400305,0.00913115,0.805538,-0.574095,0.135668,0.05584
4.61788,-0.0133979,0.0400305,0.00913115,0.805538,-0.574095,0.135668,0.05584
4.61887,-0.0131328,0.0400147,0.00902592,0.805341,-0.574405,0.1355,0.0558983
4.61988,-0.0131328,0.0400147,0.00902592,0.805341,-0.574405,0.1355,0.0558983
4.62087,-0.0129212,0.039999,0.00897332,0.805057,-0.574887,0.135189,0.0557941
4.62188,-0.0129212,0.039999,0.00897332,0.805057,-0.574887,0.135189,0.0557941
4.62289,-0.0127089,0.0399895,0.0088681,0.804888,-0.575207,0.134855,0.0557334
4.62388,-0.0127089,0.0399895,0.0088681,0.804888,-0.575207,0.134855,0.0557334
4.62488,-0.0124972,0.0399746,0.0088155,0.804657,-0.575771,0.133928,0.0554835
4.62587,-0.0124972,0.0399746,0.0088155,0.804657,-0.575771,0.133928,0.0554835
4.6269,-0.0122321,0.0399609,0.00871031,0.804462,-0.576078,0.133757,0.0555396
4.62788,-0.0122321,0.0399609,0.00871031,0.804462,-0.576078,0.133757,0.0555396
4.62887,-0.0120204,0.0399468,0.00865771,0.804179,-0.576556,0.133443,0.0554342
4.62988,-0.0120204,0.0399468,0.00865771,0.804179,-0.576556,0.133443,0.0554342
4.63087,-0.0117558,0.0399283,0.00860512,0.803921,-0.577104,0.132679,0.0553006
4.63188,-0.0117558,0.0399283,0.00860512,0.803921,-0.577104,0.132679,0.0553006
4.63288,-0.0115395,0.0399651,0.00853168,0.804131,-0.576905,0.132314,0.0551976
4.6339,-0.0115395,0.0399651,0.00853168,0.804131,-0.576905,0.132314,0.0551976
4.63487,-0.011275,0.0399476,0.00847911,0.803787,-0.577284,0.132532,0.0557237
4.63588,-0.011275,0.0399476,0.00847911,0.803787,-0.577284,0.132532,0.0557237
4.63687,-0.0110595,0.0399792,0.0084583,0.803558,-0.57784,0.131601,0.055469
4.63785,-0.0110595,0.0399792,0.0084583,0.803558,-0.57784,0.131601,0.055469
4.63888,-0.010795,0.0399628,0.00840576,0.803302,-0.578383,0.130835,0.0553323
4.63987,-0.010795,0.0399628,0.00840576,0.803302,-0.578383,0.130835,0.0553323
4.64087,-0.0105797,0.0399952,0.00838499,0.802985,-0.578772,0.130887,0.055738
4.64187,-0.0105797,0.0399952,0.00838499,0.802985,-0.578772,0.130887,0.055738
4.64289,-0.0103153,0.0399798,0.00833247,0.80273,-0.579312,0.130119,0.0555998
4.64388,-0.0103153,0.0399798,0.00833247,0.80273,-0.579312,0.130119,0.0555998
4.64487,-0.0100963,0.0400631,0.00829103,0.802531,-0.579538,0.130149,0.0560438
4.64587,-0.0100963,0.0400631,0.00829103,0.802531,-0.579538,0.130149,0.0560438
4.64687,-0.00988141,0.0400968,0.00827034,0.802304,-0.580087,0.129215,0.0557843
4.64785,-0.00988141,0.0400968,0.00827034,0.802304,-0.580087,0.129215,0.0557843
4.64888,-0.00961394,0.0401269,0.00824968,0.801962,-0.580461,0.12943,0.056307
4.64988,-0.00961394,0.0401269,0.00824968,0.801962,-0.580461,0.12943,0.056307
4.65086,-0.00940258,0.0401173,0.00819724,0.802113,-0.580494,0.128471,0.0560075
4.65188,-0.00940258,0.0401173,0.00819724,0.802113,-0.580494,0.128471,0.0560075
4.65287,-0.00918806,0.0401522,0.00817661,0.801851,-0.580956,0.127907,0.056258
4.65388,-0.00918806,0.0401522,0.00817661,0.801851,-0.580956,0.127907,0.056258
4.65488,-0.00897368,0.0401874,0.00815601,0.801573,-0.581422,0.127585,0.0561471
4.65588,-0.00897368,0.0401874,0.00815601,0.801573,-0.581422,0.127585,0.0561471
4.65689,-0.00876286,0.0401728,0.00815601,0.801193,-0.582043,0.12704,0.0563585
4.65789,-0.00876286,0.0401728,0.00815601,0.801193,-0.582043,0.12704,0.0563585
4.65887,-0.00854533,0.0402589,0.00811486,0.800997,-0.582264,0.127069,0.0567958
4.65988,-0.00854533,0.0402589,0.00811486,0.800997,-0.582264,0.127069,0.0567958
4.66088,-0.00833464,0.040245,0.00811486,0.801033,-0.582452,0.126129,0.0564561
4.66188,-0.00833464,0.040245,0.00811486,0.801033,-0.582452,0.126129,0.0564561
4.66287,-0.0081734,0.0402851,0.00809431,0.800746,-0.582845,0.126012,0.0567357
4.66388,-0.0081734,0.0402851,0.00809431,0.800746,-0.582845,0.126012,0.0567357
4.66488,-0.00795962,0.040322,0.00807379,0.800484,-0.583302,0.125447,0.0569803
4.66588,-0.00795962,0.040322,0.00807379,0.800484,-0.583302,0.125447,0.0569803
4.66685,-0.00779862,0.0403625,0.00805329,0.800613,-0.583261,0.124935,0.0567095
4.66787,-0.00779862,0.0403625,0.00805329,0.800613,-0.583261,0.124935,0.0567095
4.66887,-0.00758512,0.0404001,0.0080328,0.800352,-0.583716,0.12437,0.0569522
4.66987,-0.00758512,0.0404001,0.0080328,0.800352,-0.583716,0.12437,0.0569522
4.67087,-0.00742436,0.0404411,0.00801234,0.800066,-0.584107,0.124253,0.057229
4.67188,-0.00742436,0.0404411,0.00801234,0.800066,-0.584107,0.124253,0.057229
4.67288,-0.00726656,0.040432,0.00801234,0.799712,-0.584733,0.123541,0.0573148
4.67388,-0.00726656,0.040432,0.00801234,0.799712,-0.584733,0.123541,0.0573148
4.67488,-0.00710597,0.0404734,0.0079919,0.799842,-0.58469,0.123029,0.0570425
4.67587,-0.00710597,0.0404734,0.0079919,0.799842,-0.58469,0.123029,0.0570425
4.67687,-0.00694788,0.040471,0.00793967,0.799556,-0.585079,0.122911,0.0573175
4.67787,-0.00694788,0.040471,0.00793967,0.799556,-0.585079,0.122911,0.0573175
4.67887,-0.00678745,0.0405128,0.00791927,0.799321,-0.585542,0.12218,0.0574349
4.67985,-0.00678745,0.0405128,0.00791927,0.799321,-0.585542,0.12218,0.0574349
4.68088,-0.00662942,0.0405107,0.00786706,0.799452,-0.585496,0.121668,0.0571613
4.68188,-0.00662942,0.0405107,0.00786706,0.799452,-0.585496,0.121668,0.0571613
4.68288,-0.0064714,0.0405089,0.00781486,0.799166,-0.585884,0.12155,0.0574344
4.68389,-0.0064714,0.0405089,0.00781486,0.799166,-0.585884,0.12155,0.0574344
4.68487,-0.00636595,0.0405099,0.00776266,0.799286,-0.585772,0.121248,0.0575504
4.68588,-0.00636595,0.0405099,0.00776266,0.799286,-0.585772,0.121248,0.0575504
4.68687,-0.00620793,0.0405084,0.00771046,0.799052,-0.586231,0.120517,0.057664
4.68787,-0.00620793,0.0405084,0.00771046,0.799052,-0.586231,0.120517,0.057664
4.68887,-0.00610249,0.0405097,0.00765826,0.798791,-0.58663,0.120234,0.0578142
4.68988,-0.00610249,0.0405097,0.00765826,0.798791,-0.58663,0.120234,0.0578142
4.69089,-0.00594449,0.0405086,0.00760607,0.798886,-0.586505,0.120097,0.0580493
4.69188,-0.00594449,0.0405086,0.00760607,0.798886,-0.586505,0.120097,0.0580493
4.69288,-0.00583877,0.0405165,0.00750169,0.798744,-0.586741,0.119797,0.05823
4.69387,-0.00583877,0.0405165,0.00750169,0.798744,-0.586741,0.119797,0.05823
4.69487,-0.00568079,0.0405158,0.0074495,0.798459,-0.587127,0.119679,0.0584988
4.69588,-0.00568079,0.0405158,0.0074495,0.798459,-0.587127,0.119679,0.0584988
4.69688,-0.00557729,0.0404736,0.00736532,0.798617,-0.587089,0.119002,0.0581011
4.69788,-0.00557729,0.0404736,0.00736532,0.798617,-0.587089,0.119002,0.0581011
4.69887,-0.00546969,0.040526,0.00729296,0.798476,-0.587324,0.118702,0.0582792
4.69988,-0.00546969,0.040526,0.00729296,0.798476,-0.587324,0.118702,0.0582792
4.70086,-0.00536614,0.0404841,0.00720873,0.798266,-0.587791,0.117807,0.0582639
4.70187,-0.00536614,0.0404841,0.00720873,0.798266,-0.587791,0.117807,0.0582639
4.70287,-0.00520992,0.0404402,0.00712444,0.798362,-0.587664,0.117671,0.0584957
4.70387,-0.00520992,0.0404402,0.00712444,0.798362,-0.587664,0.117671,0.0584957
4.70488,-0.0051042,0.0404491,0.00702003,0.798221,-0.587898,0.117371,0.0586704
4.70588,-0.0051042,0.0404491,0.00702003,0.798221,-0.587898,0.117371,0.0586704
4.70688,-0.00500047,0.0404077,0.00693566,0.797961,-0.588294,0.117089,0.0588138
4.70787,-0.00500047,0.0404077,0.00693566,0.797961,-0.588294,0.117089,0.0588138
4.70887,-0.00489474,0.0404169,0.00683124,0.79782,-0.588527,0.116789,0.0589864
4.70987,-0.00489474,0.0404169,0.00683124,0.79782,-0.588527,0.116789,0.0589864
4.71085,-0.00479092,0.0403758,0.00674679,0.797891,-0.588342,0.117101,0.0592584
4.71187,-0.00479092,0.0403758,0.00674679,0.797891,-0.588342,0.117101,0.0592584
4.71287,-0.00468518,0.0403854,0.00664234,0.79775,-0.588575,0.116802,0.0594297
4.71388,-0.00468518,0.0403854,0.00664234,0.79775,-0.588575,0.116802,0.0594297
4.71487,-0.00452684,0.0403932,0.0065379,0.797585,-0.588795,0.116667,0.0597211
4.71588,-0.00452684,0.0403932,0.0065379,0.797585,-0.588795,0.116667,0.0597211
4.71687,-0.00442288,0.0403526,0.00645334,0.797325,-0.589189,0.116384,0.0598609
4.71784,-0.00442288,0.0403526,0.00645334,0.797325,-0.589189,0.116384,0.0598609
4.71887,-0.00431886,0.0403121,0.00636873,0.797103,-0.589657,0.115725,0.0594905
4.71988,-0.00431886,0.0403121,0.00636873,0.797103,-0.589657,0.115725,0.0594905
4.72087,-0.0042131,0.0403224,0.00626424,0.796962,-0.589889,0.115426,0.0596579
4.72188,-0.0042131,0.0403224,0.00626424,0.796962,-0.589889,0.115426,0.0596579
4.72288,-0.00410899,0.0402822,0.00617955,0.796652,-0.590213,0.115754,0.0599623
4.72387,-0.00410899,0.0402822,0.00617955,0.796652,-0.590213,0.115754,0.0599623
4.72487,-0.00400481,0.0402422,0.00609481,0.796391,-0.590606,0.115471,0.0600996
4.72587,-0.00400481,0.0402422,0.00609481,0.796391,-0.590606,0.115471,0.0600996
4.72686,-0.00389903,0.040253,0.00599027,0.796289,-0.59091,0.114794,0.0597556
4.72788,-0.00389903,0.040253,0.00599027,0.796289,-0.59091,0.114794,0.0597556
4.72888,-0.00379348,0.0402568,0.00593801,0.796029,-0.591302,0.114511,0.0598915
4.72987,-0.00379348,0.0402568,0.00593801,0.796029,-0.591302,0.114511,0.0598915
4.73087,-0.00374187,0.0402187,0.00585317,0.795792,-0.591706,0.114064,0.0599049
4.73184,-0.00374187,0.0402187,0.00585317,0.795792,-0.591706,0.114064,0.0599049
4.73288,-0.00363629,0.0402228,0.00580089,0.795481,-0.59203,0.114391,0.0602086
4.73384,-0.00363629,0.0402228,0.00580089,0.795481,-0.59203,0.114391,0.0602086
4.73487,-0.00353073,0.040227,0.00574862,0.795259,-0.592493,0.113729,0.0598343
4.73585,-0.00353073,0.040227,0.00574862,0.795259,-0.592493,0.113729,0.0598343
4.73687,-0.00347903,0.0401891,0.0056637,0.795022,-0.592896,0.113282,0.0598458
4.73787,-0.00347903,0.0401891,0.0056637,0.795022,-0.592896,0.113282,0.0598458
4.73888,-0.00337229,0.040237,0.00564408,0.794761,-0.593286,0.112998,0.0599784
4.73988,-0.00337229,0.040237,0.00564408,0.794761,-0.593286,0.112998,0.0599784
4.74087,-0.00326804,0.0401907,0.00561142,0.794368,-0.593843,0.11296,0.0597469
4.74188,-0.00326804,0.0401907,0.00561142,0.794368,-0.593843,0.11296,0.0597469
4.74288,-0.00321643,0.0401459,0.00557873,0.79401,-0.594406,0.112528,0.0597297
4.74385,-0.00321643,0.0401459,0.00557873,0.79401,-0.594406,0.112528,0.0597297
4.74487,-0.00316247,0.0401953,0.00555913,0.793722,-0.594741,0.112691,0.0599111
4.74588,-0.00316247,0.0401953,0.00555913,0.793722,-0.594741,0.112691,0.0599111
4.74687,-0.00310977,0.040194,0.00555913,0.793363,-0.595303,0.112259,0.059893
4.74787,-0.00310977,0.040194,0.00555913,0.793363,-0.595303,0.112259,0.059893
4.74887,-0.00305811,0.0401492,0.00552643,0.793042,-0.595936,0.111445,0.0593673
4.74988,-0.00305811,0.0401492,0.00552643,0.793042,-0.595936,0.111445,0.0593673
4.75086,-0.00295268,0.0401468,0.00552643,0.792659,-0.596485,0.111176,0.0594708
4.75188,-0.00295268,0.0401468,0.00552643,0.792659,-0.596485,0.111176,0.0594708
4.75287,-0.00295268,0.0401468,0.00552643,0.792659,-0.596485,0.111176,0.0594708
4.75388,-0.00295268,0.0401468,0.00552643,0.792659,-0.596485,0.111176,0.0594708
4.75488,-0.00284708,0.0401516,0.00547414,0.792435,-0.596944,0.11051,0.0590936
4.75588,-0.00284708,0.0401516,0.00547414,0.792435,-0.596944,0.11051,0.0590936
4.75687,-0.00279436,0.0401504,0.00547414,0.792026,-0.597439,0.110686,0.0592482
4.75788,-0.00279436,0.0401504,0.00547414,0.792026,-0.597439,0.110686,0.0592482
4.75883,-0.00274057,0.0402,0.00545458,0.791787,-0.597838,0.110238,0.0592539
4.75988,-0.00274057,0.0402,0.00545458,0.791787,-0.597838,0.110238,0.0592539
4.76086,-0.00268878,0.0401554,0.00542184,0.791426,-0.598398,0.109805,0.0592329
4.76188,-0.00268878,0.0401554,0.00542184,0.791426,-0.598398,0.109805,0.0592329
4.76287,-0.00263592,0.0401616,0.00536955,0.791137,-0.598732,0.109966,0.0594129
4.76388,-0.00263592,0.0401616,0.00536955,0.791137,-0.598732,0.109966,0.0594129
4.76488,-0.00258219,0.0402112,0.00535004,0.790935,-0.5992,0.109136,0.058911
4.76587,-0.00258219,0.0402112,0.00535004,0.790935,-0.5992,0.109136,0.058911
4.76687,-0.00252935,0.0402174,0.00529777,0.790646,-0.599534,0.109297,0.0590909
4.76787,-0.00252935,0.0402174,0.00529777,0.790646,-0.599534,0.109297,0.0590909
4.76887,-0.00247652,0.0402237,0.0052455,0.790444,-0.600001,0.108465,0.0585882
4.76988,-0.00247652,0.0402237,0.0052455,0.790444,-0.600001,0.108465,0.0585882
4.77088,-0.0024237,0.04023,0.00519324,0.790155,-0.600335,0.108626,0.0587681
4.77188,-0.0024237,0.04023,0.00519324,0.790155,-0.600335,0.108626,0.0587681
4.77288,-0.00237088,0.0402364,0.00514098,0.789915,-0.600732,0.108178,0.0587694
4.77388,-0.00237088,0.0402364,0.00514098,0.789915,-0.600732,0.108178,0.0587694
4.77489,-0.00237074,0.0402438,0.00508873,0.789648,-0.601077,0.108176,0.0588254
4.77588,-0.00237074,0.0402438,0.00508873,0.789648,-0.601077,0.108176,0.0588254
4.77688,-0.00231793,0.0402502,0.00503648,0.789407,-0.601474,0.107728,0.0588254
4.77788,-0.00231793,0.0402502,0.00503648,0.789407,-0.601474,0.107728,0.0588254
4.77887,-0.0023178,0.0402576,0.00498423,0.789178,-0.601888,0.107341,0.0583764
4.77987,-0.0023178,0.0402576,0.00498423,0.789178,-0.601888,0.107341,0.0583764
4.78088,-0.00226499,0.0402641,0.00493198,0.788937,-0.602283,0.106893,0.0583752
4.78188,-0.00226499,0.0402641,0.00493198,0.788937,-0.602283,0.106893,0.0583752
4.78287,-0.00226486,0.0402716,0.00487974,0.788669,-0.602628,0.106891,0.0584304
4.78387,-0.00226486,0.0402716,0.00487974,0.788669,-0.602628,0.106891,0.0584304
4.78487,-0.00221207,0.0402781,0.0048275,0.788428,-0.603024,0.106443,0.0584277
4.78587,-0.00221207,0.0402781,0.0048275,0.788428,-0.603024,0.106443,0.0584277
4.78688,-0.00221194,0.0402856,0.00477526,0.78816,-0.603369,0.106441,0.0584824
4.78788,-0.00221194,0.0402856,0.00477526,0.78816,-0.603369,0.106441,0.0584824
4.78888,-0.00215915,0.0402923,0.00472302,0.78787,-0.603701,0.106601,0.0586612
4.78987,-0.00215915,0.0402923,0.00472302,0.78787,-0.603701,0.106601,0.0586612
4.79088,-0.00210637,0.0402989,0.00467079,0.787666,-0.604164,0.105767,0.0581533
4.79188,-0.00210637,0.0402989,0.00467079,0.787666,-0.604164,0.105767,0.0581533
4.79288,-0.00210624,0.0403065,0.00461857,0.787398,-0.604508,0.105764,0.0582078
4.79388,-0.00210624,0.0403065,0.00461857,0.787398,-0.604508,0.105764,0.0582078
4.79487,-0.00205347,0.0403132,0.00456634,0.787156,-0.604902,0.105316,0.0582021
4.79588,-0.00205347,0.0403132,0.00456634,0.787156,-0.604902,0.105316,0.0582021
4.79687,-0.00205335,0.0403208,0.00451412,0.786887,-0.605247,0.105314,0.058256
4.79788,-0.00205335,0.0403208,0.00451412,0.786887,-0.605247,0.105314,0.058256
4.79887,-0.00200126,0.0402844,0.00442883,0.786645,-0.60564,0.104866,0.058249
4.79987,-0.00200126,0.0402844,0.00442883,0.786645,-0.60564,0.104866,0.058249
4.80084,-0.00200193,0.0402412,0.00439573,0.786253,-0.606144,0.104877,0.0582786
4.80184,-0.00200193,0.0402412,0.00439573,0.786253,-0.606144,0.104877,0.0582786
4.80288,-0.00194914,0.0402481,0.00434348,0.785962,-0.606476,0.105036,0.0584567
4.80387,-0.00194914,0.0402481,0.00434348,0.785962,-0.606476,0.105036,0.0584567
4.80483,-0.00194902,0.0402558,0.00429123,0.785778,-0.606948,0.104039,0.0578211
4.80588,-0.00194902,0.0402558,0.00429123,0.785778,-0.606948,0.104039,0.0578211
4.80688,-0.0019489,0.0402635,0.00423899,0.785509,-0.607291,0.104036,0.0578742
4.80787,-0.0019489,0.0402635,0.00423899,0.785509,-0.607291,0.104036,0.0578742
4.80885,-0.00189612,0.0402705,0.00418675,0.785218,-0.607623,0.104195,0.0580522
4.80987,-0.00189612,0.0402705,0.00418675,0.785218,-0.607623,0.104195,0.0580522
4.81087,-0.00189676,0.0402273,0.00415357,0.784825,-0.608126,0.104205,0.0580817
4.81188,-0.00189676,0.0402273,0.00415357,0.784825,-0.608126,0.104205,0.0580817
4.81287,-0.00189664,0.0402351,0.00410131,0.784603,-0.60853,0.103596,0.057946
4.81387,-0.00189664,0.0402351,0.00410131,0.784603,-0.60853,0.103596,0.057946
4.81487,-0.00189653,0.0402429,0.00404906,0.784333,-0.608873,0.103593,0.0579985
4.8159,-0.00189653,0.0402429,0.00404906,0.784333,-0.608873,0.103593,0.0579985
4.81685,-0.00184447,0.0401991,0.00401583,0.783965,-0.609424,0.103159,0.0579631
4.81787,-0.00184447,0.0401991,0.00401583,0.783965,-0.609424,0.103159,0.0579631
4.81886,-0.00184374,0.04025,0.00399681,0.783695,-0.609767,0.103156,0.0580152
4.81987,-0.00184374,0.04025,0.00399681,0.783695,-0.609767,0.103156,0.0580152
4.82088,-0.00184436,0.0402069,0.00396356,0.782906,-0.610771,0.103177,0.0580726
4.82187,-0.00184436,0.0402069,0.00396356,0.782906,-0.610771,0.103177,0.0580726
4.82288,-0.00184363,0.0402578,0.00394456,0.782672,-0.611179,0.102783,0.0576244
4.82388,-0.00184363,0.0402578,0.00394456,0.782672,-0.611179,0.102783,0.0576244
4.82486,-0.00184424,0.0402147,0.0039113,0.782718,-0.611239,0.102178,0.0574328
4.82588,-0.00184424,0.0402147,0.0039113,0.782718,-0.611239,0.102178,0.0574328
4.82688,-0.00179145,0.0402219,0.00385903,0.782031,-0.612071,0.102346,0.0576388
4.82788,-0.00179145,0.0402219,0.00385903,0.782031,-0.612071,0.102346,0.0576388
4.82887,-0.00179145,0.0402219,0.00385903,0.781635,-0.612572,0.102356,0.0576674
4.82988,-0.00179145,0.0402219,0.00385903,0.781635,-0.612572,0.102356,0.0576674
4.83087,-0.00179145,0.0402219,0.00385903,0.781239,-0.613072,0.102366,0.0576959
4.83187,-0.00179145,0.0402219,0.00385903,0.781239,-0.613072,0.102366,0.0576959
4.83285,-0.00179145,0.0402219,0.00385903,0.780889,-0.613633,0.101771,0.0575308
4.83387,-0.00179145,0.0402219,0.00385903,0.780889,-0.613633,0.101771,0.0575308
4.83487,-0.00179205,0.0401788,0.00382573,0.780889,-0.613633,0.101771,0.0575308
4.83588,-0.00179205,0.0401788,0.00382573,0.780889,-0.613633,0.101771,0.0575308
4.83687,-0.00179205,0.0401788,0.00382573,0.780492,-0.614133,0.101781,0.0575589
4.83787,-0.00179205,0.0401788,0.00382573,0.780492,-0.614133,0.101781,0.0575589
4.83888,-0.00173934,0.0401781,0.00382573,0.780074,-0.614621,0.101951,0.0577134
4.83987,-0.00173934,0.0401781,0.00382573,0.780074,-0.614621,0.101951,0.0577134
4.84085,-0.00173934,0.0401781,0.00382573,0.779677,-0.615121,0.101961,0.0577416
4.84187,-0.00173934,0.0401781,0.00382573,0.779677,-0.615121,0.101961,0.0577416
4.84285,-0.00173934,0.0401781,0.00382573,0.779325,-0.61568,0.101367,0.0575745
4.84388,-0.00173934,0.0401781,0.00382573,0.779325,-0.61568,0.101367,0.0575745
4.84488,-0.00173934,0.0401781,0.00382573,0.778927,-0.616179,0.101377,0.0576022
4.84588,-0.00173934,0.0401781,0.00382573,0.778927,-0.616179,0.101377,0.0576022
4.84687,-0.00173934,0.0401781,0.00382573,0.778529,-0.616678,0.101387,0.05763
4.84787,-0.00173934,0.0401781,0.00382573,0.778529,-0.616678,0.101387,0.05763
4.84885,-0.00173934,0.0401781,0.00382573,0.778167,-0.617242,0.101002,0.0571603
4.84985,-0.00173934,0.0401781,0.00382573,0.778167,-0.617242,0.101002,0.0571603
4.85084,-0.00173934,0.0401781,0.00382573,0.778213,-0.617301,0.100398,0.0569638
4.85188,-0.00173934,0.0401781,0.00382573,0.778213,-0.617301,0.100398,0.0569638
4.85287,-0.00173934,0.0401781,0.00382573,0.777814,-0.617799,0.100408,0.0569914
4.85388,-0.00173934,0.0401781,0.00382573,0.777814,-0.617799,0.100408,0.0569914
4.85488,-0.00173934,0.0401781,0.00382573,0.777415,-0.618297,0.100417,0.0570189
4.85587,-0.00173934,0.0401781,0.00382573,0.777415,-0.618297,0.100417,0.0570189
4.85685,-0.00173934,0.0401781,0.00382573,0.777015,-0.618795,0.100427,0.0570464
4.85788,-0.00173934,0.0401781,0.00382573,0.777015,-0.618795,0.100427,0.0570464
4.85888,-0.00173934,0.0401781,0.00382573,0.77706,-0.618854,0.0998235,0.0568488
4.85988,-0.00173934,0.0401781,0.00382573,0.77706,-0.618854,0.0998235,0.0568488
4.86088,-0.00173993,0.0401351,0.00379241,0.776697,-0.619416,0.0994372,0.0563794
4.86187,-0.00173993,0.0401351,0.00379241,0.776697,-0.619416,0.0994372,0.0563794
4.86287,-0.00173993,0.0401351,0.00379241,0.776296,-0.619913,0.0994464,0.0564067
4.86388,-0.00173993,0.0401351,0.00379241,0.775896,-0.620411,0.0994555,0.056434
4.86485,-0.00173993,0.0401351,0.00379241,0.775896,-0.620411,0.0994555,0.056434
4.86583,-0.00173993,0.0401351,0.00379241,0.775495,-0.620908,0.0994646,0.0564613
4.86687,-0.00173993,0.0401351,0.00379241,0.775495,-0.620908,0.0994646,0.0564613
4.86787,-0.00174051,0.0400921,0.00375908,0.775175,-0.621526,0.0984737,0.0557935
4.86887,-0.00174051,0.0400921,0.00375908,0.775175,-0.621526,0.0984737,0.0557935
4.86985,-0.00174109,0.0400491,0.00372572,0.775175,-0.621526,0.0984737,0.0557935
4.87087,-0.00174109,0.0400491,0.00372572,0.775175,-0.621526,0.0984737,0.0557935
4.87187,-0.00174109,0.0400491,0.00372572,0.774773,-0.622022,0.0984826,0.0558205
4.87284,-0.00174109,0.0400491,0.00372572,0.774773,-0.622022,0.0984826,0.0558205
4.87387,-0.00174168,0.0400062,0.00369235,0.774371,-0.622519,0.0984914,0.0558476
4.87488,-0.00174168,0.0400062,0.00369235,0.774371,-0.622519,0.0984914,0.0558476
4.87587,-0.00174168,0.0400062,0.00369235,0.774005,-0.623077,0.0981019,0.0553799
4.87689,-0.00174168,0.0400062,0.00369235,0.774005,-0.623077,0.0981019,0.0553799
4.87787,-0.00174226,0.0399632,0.00365896,0.774005,-0.623077,0.0981019,0.0553799
4.87888,-0.00174226,0.0399632,0.00365896,0.774005,-0.623077,0.0981019,0.0553799
4.87986,-0.00174284,0.0399203,0.00362555,0.773602,-0.623573,0.0981103,0.0554072
4.88087,-0.00174284,0.0399203,0.00362555,0.773602,-0.623573,0.0981103,0.0554072
4.88183,-0.00174343,0.0398773,0.00359213,0.773279,-0.624188,0.0971175,0.0547386
4.88287,-0.00174343,0.0398773,0.00359213,0.773279,-0.624188,0.0971175,0.0547386
4.88387,-0.00174332,0.0398853,0.00353973,0.773003,-0.624526,0.0971128,0.0547876
4.88487,-0.00174332,0.0398853,0.00353973,0.773003,-0.624526,0.0971128,0.0547876
4.88585,-0.00174332,0.0398853,0.00353973,0.773003,-0.624526,0.0971128,0.0547876
4.88687,-0.00174332,0.0398853,0.00353973,0.773003,-0.624526,0.0971128,0.0547876
4.88787,-0.0017439,0.0398424,0.00350627,0.772635,-0.625084,0.0967213,0.0543209
4.88885,-0.0017439,0.0398424,0.00350627,0.772635,-0.625084,0.0967213,0.0543209
4.88986,-0.00174448,0.0397995,0.00347279,0.772231,-0.625578,0.0967291,0.0543482
4.89087,-0.00174448,0.0397995,0.00347279,0.772231,-0.625578,0.0967291,0.0543482
4.89187,-0.00174437,0.0398076,0.00342036,0.772359,-0.625421,0.0967163,0.05437
4.89287,-0.00174437,0.0398076,0.00342036,0.772359,-0.625421,0.0967163,0.05437
4.89387,-0.00174495,0.0397647,0.00338685,0.771955,-0.625916,0.096724,0.0543973
4.89488,-0.00174495,0.0397647,0.00338685,0.771955,-0.625916,0.096724,0.0543973
4.89583,-0.00174553,0.0397219,0.00335332,0.771586,-0.626472,0.0963312,0.0539314
4.89687,-0.00174553,0.0397219,0.00335332,0.771586,-0.626472,0.0963312,0.0539314
4.89783,-0.00174542,0.03973,0.00330086,0.771713,-0.626315,0.0963185,0.0539532
4.89887,-0.00174542,0.03973,0.00330086,0.771713,-0.626315,0.0963185,0.0539532
4.89986,-0.00174531,0.0397381,0.0032484,0.771427,-0.626658,0.0965139,0.0537139
4.90084,-0.00174531,0.0397381,0.0032484,0.771427,-0.626658,0.0965139,0.0537139
4.90187,-0.00174531,0.0397381,0.0032484,0.771022,-0.627152,0.0965207,0.053742
4.90286,-0.00174531,0.0397381,0.0032484,0.771022,-0.627152,0.0965207,0.053742
4.90387,-0.00174531,0.0397381,0.0032484,0.771022,-0.627152,0.0965207,0.053742
4.90481,-0.00174531,0.0397381,0.0032484,0.771022,-0.627152,0.0965207,0.053742
4.90587,-0.00169243,0.0397374,0.0032484,0.770598,-0.627635,0.0966858,0.0538992
4.90687,-0.00169243,0.0397374,0.0032484,0.770598,-0.627635,0.0966858,0.0538992
4.90787,-0.00169243,0.0397374,0.0032484,0.770227,-0.62819,0.096291,0.0534351
4.90887,-0.00169243,0.0397374,0.0032484,0.770227,-0.62819,0.096291,0.0534351
4.90988,-0.00169243,0.0397374,0.0032484,0.770227,-0.62819,0.096291,0.0534351
4.91088,-0.00169243,0.0397374,0.0032484,0.770227,-0.62819,0.096291,0.0534351
4.91187,-0.00169243,0.0397374,0.0032484,0.769822,-0.628684,0.0962972,0.0534635
4.91287,-0.00169243,0.0397374,0.0032484,0.769822,-0.628684,0.0962972,0.0534635
4.91381,-0.00169243,0.0397374,0.0032484,0.769822,-0.628684,0.0962972,0.0534635
4.91489,-0.00169243,0.0397374,0.0032484,0.769856,-0.628745,0.0958954,0.0529715
4.91583,-0.00169243,0.0397374,0.0032484,0.769856,-0.628745,0.0958954,0.0529715
4.91683,-0.00169243,0.0397374,0.0032484,0.76945,-0.629238,0.0959013,0.0530001
4.91788,-0.00169243,0.0397374,0.0032484,0.76945,-0.629238,0.0959013,0.0530001
4.91887,-0.00169187,0.0397802,0.00328196,0.76945,-0.629238,0.0959013,0.0530001
4.91983,-0.00169187,0.0397802,0.00328196,0.76945,-0.629238,0.0959013,0.0530001
4.92086,-0.00169187,0.0397802,0.00328196,0.769044,-0.629731,0.0959072,0.0530288
4.92185,-0.00169187,0.0397802,0.00328196,0.769044,-0.629731,0.0959072,0.0530288
4.92287,-0.00163845,0.0398224,0.00331551,0.769058,-0.629781,0.0956628,0.0526667
4.92389,-0.00163845,0.0398224,0.00331551,0.769058,-0.629781,0.0956628,0.0526667
4.92488,-0.00163845,0.0398224,0.00331551,0.768652,-0.630274,0.0956682,0.0526957
4.92589,-0.00163845,0.0398224,0.00331551,0.768652,-0.630274,0.0956682,0.0526957
4.9269,-0.00163855,0.0398143,0.00336794,0.768523,-0.63043,0.0956806,0.0526742
4.92788,-0.00163855,0.0398143,0.00336794,0.768523,-0.63043,0.0956806,0.0526742
4.9289,-0.0015857,0.0398136,0.00336794,0.768097,-0.630912,0.0958439,0.0528329
4.92991,-0.0015857,0.0398136,0.00336794,0.768097,-0.630912,0.0958439,0.0528329
4.93088,-0.00158517,0.0398565,0.00340145,0.768131,-0.630973,0.0954406,0.0523419
4.93187,-0.00158517,0.0398565,0.00340145,0.768131,-0.630973,0.0954406,0.0523419
4.93287,-0.00153234,0.0398558,0.00340145,0.768111,-0.630962,0.0955986,0.0524716
4.93388,-0.00153234,0.0398558,0.00340145,0.768111,-0.630962,0.0955986,0.0524716
4.93489,-0.00153243,0.0398478,0.00345386,0.767575,-0.63161,0.0956157,0.0524797
4.93587,-0.00153243,0.0398478,0.00345386,0.767575,-0.63161,0.0956157,0.0524797
4.9369,-0.00147959,0.0398472,0.00345386,0.767556,-0.631599,0.0957735,0.0526095
4.9379,-0.00147959,0.0398472,0.00345386,0.767556,-0.631599,0.0957735,0.0526095
4.93888,-0.00147968,0.0398391,0.00350627,0.767427,-0.631756,0.0957857,0.0525882
4.93988,-0.00147968,0.0398391,0.00350627,0.767427,-0.631756,0.0957857,0.0525882
4.94089,-0.00142684,0.0398385,0.00350627,0.767,-0.632236,0.0959482,0.0527477
4.94188,-0.00142684,0.0398385,0.00350627,0.767,-0.632236,0.0959482,0.0527477
4.94288,-0.001374,0.0398379,0.00350627,0.76698,-0.632225,0.0961059,0.0528777
4.94388,-0.001374,0.0398379,0.00350627,0.76698,-0.632225,0.0961059,0.0528777
4.94489,-0.00132168,0.0397865,0.00352523,0.766832,-0.632371,0.0962757,0.0529865
4.94588,-0.00132168,0.0397865,0.00352523,0.766832,-0.632371,0.0962757,0.0529865
4.94687,-0.00126881,0.0397859,0.00352523,0.766404,-0.632851,0.0964377,0.0531463
4.94783,-0.00126881,0.0397859,0.00352523,0.766404,-0.632851,0.0964377,0.0531463
4.94886,-0.00121554,0.0398283,0.00355869,0.766418,-0.632901,0.0961908,0.0527866
4.94989,-0.00121554,0.0398283,0.00355869,0.766418,-0.632901,0.0961908,0.0527866
4.95086,-0.00116269,0.0398278,0.00355869,0.766398,-0.632891,0.0963484,0.0529167
4.95185,-0.00116269,0.0398278,0.00355869,0.766398,-0.632891,0.0963484,0.0529167
4.95288,-0.00111028,0.0397765,0.00357766,0.765841,-0.633526,0.0965217,0.0530562
4.95392,-0.00111028,0.0397765,0.00357766,0.765841,-0.633526,0.0965217,0.0530562
4.95488,-0.00100421,0.0398185,0.0036111,0.765802,-0.633505,0.0968366,0.0533167
4.95587,-0.00100421,0.0398185,0.0036111,0.765802,-0.633505,0.0968366,0.0533167
4.95687,-0.000898504,0.0398177,0.0036111,0.765762,-0.633483,0.0971515,0.0535772
4.95791,-0.000898504,0.0398177,0.0036111,0.765762,-0.633483,0.0971515,0.0535772
4.95887,-0.000845987,0.0397665,0.0036301,0.765613,-0.633627,0.0973207,0.0536866
4.95988,-0.000845987,0.0397665,0.0036301,0.765613,-0.633627,0.0973207,0.0536866
4.96093,-0.00074024,0.0397658,0.0036301,0.765573,-0.633605,0.0976355,0.0539471
4.96187,-0.00074024,0.0397658,0.0036301,0.765573,-0.633605,0.0976355,0.0539471
4.96288,-0.000634492,0.0397652,0.0036301,0.765124,-0.634073,0.0979533,0.054239
4.96386,-0.000634492,0.0397652,0.0036301,0.765124,-0.634073,0.0979533,0.054239
4.96489,-0.000528953,0.0397139,0.00364912,0.764954,-0.634207,0.0982796,0.054479
4.96589,-0.000528953,0.0397139,0.00364912,0.764954,-0.634207,0.0982796,0.054479
4.96689,-0.000423163,0.0397135,0.00364912,0.764914,-0.634184,0.0985941,0.0547398
4.96788,-0.000423163,0.0397135,0.00364912,0.764914,-0.634184,0.0985941,0.0547398
4.96889,-0.000317373,0.0397132,0.00364912,0.764919,-0.634217,0.0983088,0.054792
4.96985,-0.000317373,0.0397132,0.00364912,0.764919,-0.634217,0.0983088,0.054792
4.97088,-0.000211666,0.0396621,0.00366816,0.76475,-0.63435,0.0986347,0.0550325
4.97188,-0.000211666,0.0396621,0.00366816,0.76475,-0.63435,0.0986347,0.0550325
4.97287,-0.000105833,0.0396619,0.00366816,0.7643,-0.634818,0.0989515,0.0553252
4.97387,-0.000105833,0.0396619,0.00366816,0.7643,-0.634818,0.0989515,0.0553252
4.97488,0,0.039611,0.00368722,0.764165,-0.635014,0.0988712,0.0550776
4.97588,0,0.039611,0.00368722,0.764165,-0.635014,0.0988712,0.0550776
4.97689,0.000158812,0.0396111,0.00368722,0.764104,-0.63498,0.0993425,0.0554693
4.97788,0.000158812,0.0396111,0.00368722,0.764104,-0.63498,0.0993425,0.0554693
4.97887,0.000264791,0.0395604,0.0037063,0.763981,-0.635168,0.099068,0.0555019
4.97987,0.000264791,0.0395604,0.0037063,0.763981,-0.635168,0.099068,0.0555019
4.9809,0.000370854,0.0395098,0.0037254,0.763811,-0.635301,0.0993931,0.0557433
4.98189,0.000370854,0.0395098,0.0037254,0.763811,-0.635301,0.0993931,0.0557433
4.98289,0.000423833,0.0395099,0.0037254,0.76379,-0.635289,0.0995501,0.0558739
4.98388,0.000423833,0.0395099,0.0037254,0.76379,-0.635289,0.0995501,0.0558739
4.98488,0.000529999,0.0394595,0.00374452,0.76321,-0.635911,0.0998762,0.0561483
4.98588,0.000529999,0.0394595,0.00374452,0.76321,-0.635911,0.0998762,0.0561483
4.98689,0.000636249,0.0394091,0.00376367,0.763087,-0.636099,0.099601,0.0561817
4.98787,0.000636249,0.0394091,0.00376367,0.763087,-0.636099,0.099601,0.0561817
4.98887,0.00074229,0.0394097,0.00376367,0.763046,-0.636076,0.0999148,0.0564433
4.98987,0.00074229,0.0394097,0.00376367,0.763046,-0.636076,0.0999148,0.0564433
4.9909,0.000795624,0.0393591,0.00378283,0.762943,-0.636275,0.0994826,0.0563463
4.99188,0.000795624,0.0393591,0.00378283,0.762943,-0.636275,0.0994826,0.0563463
4.99289,0.000902061,0.039309,0.00380201,0.762773,-0.636407,0.0998069,0.0565887
4.99388,0.000902061,0.039309,0.00380201,0.762773,-0.636407,0.0998069,0.0565887
4.99487,0.000955498,0.0392585,0.00382122,0.762622,-0.636551,0.0999743,0.0567003
4.99587,0.000955498,0.0392585,0.00382122,0.762622,-0.636551,0.0999743,0.0567003
4.99688,0.00106208,0.0392086,0.00384044,0.762041,-0.637172,0.100299,0.0569761
4.99788,0.00106208,0.0392086,0.00384044,0.762041,-0.637172,0.100299,0.0569761
4.99888,0.00111562,0.0391582,0.00385969,0.761938,-0.637371,0.0998663,0.0568798
4.99988,0.00111562,0.0391582,0.00385969,0.761938,-0.637371,0.0998663,0.0568798
5.00088,0.00122235,0.0391083,0.00387896,0.761767,-0.637503,0.10019,0.0571229
5.00188,0.00122235,0.0391083,0.00387896,0.761767,-0.637503,0.10019,0.0571229
5.00288,0.00127549,0.0391089,0.00387896,0.761795,-0.637546,0.0997467,0.057046
5.00387,0.00127549,0.0391089,0.00387896,0.761795,-0.637546,0.0997467,0.057046
5.00487,0.00132916,0.0390586,0.00389825,0.761644,-0.63769,0.0999136,0.0571583
5.00587,0.00132916,0.0390586,0.00389825,0.761644,-0.63769,0.0999136,0.0571583
5.00688,0.00143605,0.0390089,0.00391755,0.761473,-0.637822,0.100237,0.0574018
5.00788,0.00143605,0.0390089,0.00391755,0.761473,-0.637822,0.100237,0.0574018
5.00888,0.00148982,0.0389588,0.00393688,0.761371,-0.63802,0.0998038,0.0573066
5.00987,0.00148982,0.0389588,0.00393688,0.761371,-0.63802,0.0998038,0.0573066
5.01085,0.00154363,0.0389086,0.00395623,0.76122,-0.638164,0.0999704,0.0574193
5.01187,0.00154363,0.0389086,0.00395623,0.76122,-0.638164,0.0999704,0.0574193
5.01288,0.00159748,0.0388585,0.0039756,0.761069,-0.638307,0.100137,0.057532
5.01387,0.00159748,0.0388585,0.0039756,0.761069,-0.638307,0.100137,0.057532
5.01488,0.00165138,0.0388084,0.00399499,0.760967,-0.638506,0.0997034,0.0574375
5.01588,0.00165138,0.0388084,0.00399499,0.760967,-0.638506,0.0997034,0.0574375
5.01689,0.0017586,0.0387591,0.00401441,0.760796,-0.638637,0.100026,0.0576818
5.01788,0.0017586,0.0387591,0.00401441,0.760796,-0.638637,0.100026,0.0576818
5.01888,0.0018126,0.0387091,0.00403384,0.760233,-0.639268,0.100193,0.0578278
5.01988,0.0018126,0.0387091,0.00403384,0.760233,-0.639268,0.100193,0.0578278
5.02087,0.00186591,0.0387098,0.00403384,0.760261,-0.639311,0.0997487,0.0577519
5.02188,0.00186591,0.0387098,0.00403384,0.760261,-0.639311,0.0997487,0.0577519
5.02286,0.00191996,0.0386599,0.00405329,0.76011,-0.639454,0.0999149,0.0578653
5.02388,0.00191996,0.0386599,0.00405329,0.76011,-0.639454,0.0999149,0.0578653
5.02488,0.00197406,0.0386099,0.00407277,0.759959,-0.639598,0.100081,0.0579787
5.02587,0.00197406,0.0386099,0.00407277,0.759959,-0.639598,0.100081,0.0579787
5.02687,0.00202741,0.0386108,0.00407277,0.759987,-0.639641,0.099637,0.0579031
5.02786,0.00202741,0.0386108,0.00407277,0.759987,-0.639641,0.099637,0.0579031
5.02889,0.00213494,0.0385618,0.00409226,0.759815,-0.639772,0.0999592,0.0581483
5.02988,0.00213494,0.0385618,0.00409226,0.759815,-0.639772,0.0999592,0.0581483
5.03088,0.00218917,0.0385119,0.00411178,0.759664,-0.639915,0.100125,0.058262
5.03188,0.00218917,0.0385119,0.00411178,0.759664,-0.639915,0.100125,0.058262
5.03288,0.00224256,0.0385129,0.00411178,0.759643,-0.639903,0.100281,0.0583936
5.03388,0.00224256,0.0385129,0.00411178,0.759643,-0.639903,0.100281,0.0583936
5.03489,0.00229684,0.0384631,0.00413131,0.759541,-0.640101,0.0998467,0.0583007
5.03587,0.00229684,0.0384631,0.00413131,0.759541,-0.640101,0.0998467,0.0583007
5.03685,0.00235025,0.038464,0.00413131,0.759521,-0.640089,0.100003,0.0584323
5.03785,0.00235025,0.038464,0.00413131,0.759521,-0.640089,0.100003,0.0584323
5.03887,0.00245884,0.0383724,0.00411743,0.759349,-0.64022,0.100325,0.058678
5.03988,0.00245884,0.0383724,0.00411743,0.759349,-0.64022,0.100325,0.058678
5.04087,0.00251228,0.0383734,0.00411743,0.759377,-0.640262,0.0998804,0.058603
5.04187,0.00251228,0.0383734,0.00411743,0.759377,-0.640262,0.0998804,0.058603
5.04287,0.00256573,0.0383745,0.00411743,0.758944,-0.640737,0.100036,0.0587675
5.04387,0.00256573,0.0383745,0.00411743,0.758944,-0.640737,0.100036,0.0587675
5.04489,0.0026202,0.0383249,0.004137,0.759254,-0.640448,0.0996015,0.0586425
5.04587,0.0026202,0.0383249,0.004137,0.759254,-0.640448,0.0996015,0.0586425
5.04687,0.00267455,0.0382831,0.00410354,0.759234,-0.640436,0.0997576,0.0587742
5.04785,0.00267455,0.0382831,0.00410354,0.759234,-0.640436,0.0997576,0.0587742
5.04888,0.00272803,0.0382842,0.00410354,0.7588,-0.64091,0.0999128,0.0589386
5.04989,0.00272803,0.0382842,0.00410354,0.7588,-0.64091,0.0999128,0.0589386
5.05085,0.0027826,0.0382346,0.00412314,0.758698,-0.641108,0.0994777,0.0588466
5.05188,0.0027826,0.0382346,0.00412314,0.758698,-0.641108,0.0994777,0.0588466
5.05287,0.00283703,0.0381929,0.00408966,0.758677,-0.641095,0.0996337,0.0589784
5.05389,0.00283703,0.0381929,0.00408966,0.758677,-0.641095,0.0996337,0.0589784
5.05488,0.00289055,0.0381941,0.00408966,0.758657,-0.641083,0.0997897,0.0591102
5.05587,0.00289055,0.0381941,0.00408966,0.758657,-0.641083,0.0997897,0.0591102
5.05688,0.00294407,0.0381953,0.00408966,0.758685,-0.641125,0.0993453,0.0590353
5.05787,0.00294407,0.0381953,0.00408966,0.758685,-0.641125,0.0993453,0.0590353
5.05886,0.00299876,0.0381458,0.00410928,0.758534,-0.641268,0.0995103,0.0591504
5.05986,0.00299876,0.0381458,0.00410928,0.758534,-0.641268,0.0995103,0.0591504
5.06088,0.00299993,0.0380952,0.00412892,0.758452,-0.641477,0.0989188,0.0589272
5.06188,0.00299993,0.0380952,0.00412892,0.758452,-0.641477,0.0989188,0.0589272
5.06288,0.00305449,0.0380536,0.00409543,0.758432,-0.641465,0.0990747,0.0590591
5.06388,0.00305449,0.0380536,0.00409543,0.758432,-0.641465,0.0990747,0.0590591
5.06488,0.00310928,0.0380042,0.00411509,0.75828,-0.641608,0.0992396,0.0591745
5.06588,0.00310928,0.0380042,0.00411509,0.75828,-0.641608,0.0992396,0.0591745
5.06688,0.00310928,0.0380042,0.00411509,0.758318,-0.641671,0.0988295,0.0586898
5.06785,0.00310928,0.0380042,0.00411509,0.758318,-0.641671,0.0988295,0.0586898
5.06886,0.0031641,0.0379549,0.00413477,0.758216,-0.641868,0.0983936,0.058599
5.06984,0.0031641,0.0379549,0.00413477,0.758216,-0.641868,0.0983936,0.058599
5.07089,0.00316514,0.037912,0.00410125,0.758216,-0.641868,0.0983936,0.058599
5.07183,0.00316514,0.037912,0.00410125,0.758216,-0.641868,0.0983936,0.058599
5.07288,0.00321878,0.0379133,0.00410125,0.758281,-0.641971,0.0975385,0.0580401
5.07387,0.00321878,0.0379133,0.00410125,0.758281,-0.641971,0.0975385,0.0580401
5.07487,0.00322108,0.0378199,0.00408743,0.758187,-0.642189,0.0971366,0.0575394
5.07587,0.00322108,0.0378199,0.00408743,0.758187,-0.642189,0.0971366,0.0575394
5.07688,0.00322108,0.0378199,0.00408743,0.758224,-0.64225,0.0967261,0.0570548
5.07787,0.00322108,0.0378199,0.00408743,0.758224,-0.64225,0.0967261,0.0570548
5.07888,0.00322339,0.0377264,0.0040736,0.758165,-0.642529,0.0959132,0.0560697
5.07988,0.00322339,0.0377264,0.0040736,0.758165,-0.642529,0.0959132,0.0560697
5.08089,0.00322445,0.0376836,0.00404004,0.758236,-0.642651,0.0950917,0.0551004
5.08189,0.00322445,0.0376836,0.00404004,0.758236,-0.642651,0.0950917,0.0551004
5.08288,0.0032257,0.037633,0.00405978,0.758175,-0.642927,0.0942779,0.0541157
5.08385,0.0032257,0.037633,0.00405978,0.758175,-0.642927,0.0942779,0.0541157
5.08486,0.003228,0.0375396,0.00404596,0.758112,-0.643201,0.0934635,0.0531312
5.08587,0.003228,0.0375396,0.00404596,0.758112,-0.643201,0.0934635,0.0531312
5.08689,0.003228,0.0375396,0.00404596,0.758179,-0.64332,0.0926412,0.052162
5.08788,0.003228,0.0375396,0.00404596,0.758179,-0.64332,0.0926412,0.052162
5.08887,0.0032303,0.0374462,0.00403214,0.757653,-0.644031,0.0924212,0.0514203
5.08987,0.0032303,0.0374462,0.00403214,0.757653,-0.644031,0.0924212,0.0514203
5.09086,0.0032303,0.0374462,0.00403214,0.757718,-0.644149,0.0915978,0.0504517
5.09185,0.0032303,0.0374462,0.00403214,0.757718,-0.644149,0.0915978,0.0504517
5.09292,0.00323155,0.0373956,0.00405195,0.757651,-0.64442,0.0907811,0.0494683
5.09388,0.00323155,0.0373956,0.00405195,0.757651,-0.64442,0.0907811,0.0494683
5.09487,0.00323261,0.0373529,0.00401833,0.757698,-0.644548,0.0901467,0.0482219
5.09587,0.00323261,0.0373529,0.00401833,0.757698,-0.644548,0.0901467,0.0482219
5.09687,0.00323386,0.0373023,0.00403816,0.757628,-0.644817,0.089329,0.0472389
5.09788,0.00323386,0.0373023,0.00403816,0.757628,-0.644817,0.089329,0.0472389
5.09888,0.00323386,0.0373023,0.00403816,0.757687,-0.644931,0.0885046,0.0462703
5.09987,0.00323386,0.0373023,0.00403816,0.757687,-0.644931,0.0885046,0.0462703
5.10085,0.00323616,0.037209,0.00402437,0.757598,-0.645211,0.0878753,0.0450098
5.10188,0.00323616,0.037209,0.00402437,0.757598,-0.645211,0.0878753,0.0450098
5.10288,0.00323616,0.037209,0.00402437,0.757268,-0.645864,0.0866263,0.0435986
5.10388,0.00323616,0.037209,0.00402437,0.757268,-0.645864,0.0866263,0.0435986
5.10488,0.00323721,0.0371662,0.00399071,0.757306,-0.645988,0.0859893,0.0423534
5.10587,0.00323721,0.0371662,0.00399071,0.757306,-0.645988,0.0859893,0.0423534
5.10687,0.00323721,0.0371662,0.00399071,0.757386,-0.646151,0.0847505,0.0409012
5.10786,0.00323721,0.0371662,0.00399071,0.757386,-0.646151,0.0847505,0.0409012
5.10888,0.00323827,0.0371235,0.00395704,0.757418,-0.646274,0.0841131,0.039656
5.10987,0.00323827,0.0371235,0.00395704,0.757418,-0.646274,0.0841131,0.039656
5.11086,0.00323827,0.0371235,0.00395704,0.757493,-0.646434,0.0828737,0.0382035
5.11188,0.00323827,0.0371235,0.00395704,0.757493,-0.646434,0.0828737,0.0382035
5.11286,0.00323932,0.0370808,0.00392336,0.757521,-0.646555,0.0822358,0.0369583
5.11385,0.00323932,0.0370808,0.00392336,0.757521,-0.646555,0.0822358,0.0369583
5.11487,0.00324162,0.0369875,0.00390952,0.757436,-0.646814,0.0814133,0.0359771
5.11586,0.00324162,0.0369875,0.00390952,0.757436,-0.646814,0.0814133,0.0359771
5.11685,0.00324268,0.0369448,0.0038758,0.75746,-0.646934,0.0807749,0.0347319
5.11784,0.00324268,0.0369448,0.0038758,0.75746,-0.646934,0.0807749,0.0347319
5.11888,0.00324373,0.0369021,0.00384206,0.757111,-0.647572,0.0795149,0.0333285
5.11989,0.00324373,0.0369021,0.00384206,0.757111,-0.647572,0.0795149,0.0333285
5.12089,0.00324478,0.0368595,0.0038083,0.75713,-0.64769,0.078875,0.0320846
5.12187,0.00324478,0.0368595,0.0038083,0.75713,-0.64769,0.078875,0.0320846
5.12287,0.00324584,0.0368168,0.00377453,0.757128,-0.647758,0.0786489,0.0313246
5.12385,0.00324584,0.0368168,0.00377453,0.757128,-0.647758,0.0786489,0.0313246
5.12488,0.00324689,0.0367742,0.00374074,0.757186,-0.647908,0.0774067,0.0298727
5.12587,0.00324689,0.0367742,0.00374074,0.757186,-0.647908,0.0774067,0.0298727
5.12688,0.00324794,0.0367316,0.00370693,0.7572,-0.648025,0.0767662,0.0286288
5.12787,0.00324794,0.0367316,0.00370693,0.7572,-0.648025,0.0767662,0.0286288
5.12885,0.00330313,0.0366903,0.0036731,0.75722,-0.648116,0.0760934,0.027794
5.12986,0.00330313,0.0366903,0.0036731,0.75722,-0.648116,0.0760934,0.027794
5.13086,0.0033042,0.0366477,0.00363926,0.75723,-0.648232,0.0754527,0.0265502
5.13186,0.0033042,0.0366477,0.00363926,0.75723,-0.648232,0.0754527,0.0265502
5.13285,0.00335944,0.0366065,0.0036054,0.757205,-0.648295,0.0753818,0.0259237
5.13386,0.00335944,0.0366065,0.0036054,0.757205,-0.648295,0.0753818,0.0259237
5.13486,0.00336052,0.036564,0.00357152,0.757238,-0.64839,0.0745529,0.0249556
5.13586,0.00336052,0.036564,0.00357152,0.757238,-0.64839,0.0745529,0.0249556
5.13686,0.00336161,0.0365214,0.00353762,0.756813,-0.648941,0.0742991,0.0242534
5.13786,0.00336161,0.0365214,0.00353762,0.756813,-0.648941,0.0742991,0.0242534
5.13886,0.00341692,0.0364803,0.00350371,0.756786,-0.649004,0.0742271,0.0236281
5.13985,0.00341692,0.0364803,0.00350371,0.756786,-0.649004,0.0742271,0.0236281
5.14085,0.00341802,0.0364378,0.00346978,0.756816,-0.649099,0.0733973,0.0226606
5.14186,0.00341802,0.0364378,0.00346978,0.756816,-0.649099,0.0733973,0.0226606
5.14286,0.00347226,0.0364392,0.00346978,0.756787,-0.649162,0.0733252,0.0220354
5.14386,0.00347226,0.0364392,0.00346978,0.756787,-0.649162,0.0733252,0.0220354
5.14486,0.00347338,0.0363967,0.00343583,0.756814,-0.649255,0.0724952,0.021068
5.14583,0.00347338,0.0363967,0.00343583,0.756814,-0.649255,0.0724952,0.021068
5.14683,0.00352764,0.0363981,0.00343583,0.756784,-0.649319,0.0724229,0.0204429
5.14787,0.00352764,0.0363981,0.00343583,0.756784,-0.649319,0.0724229,0.0204429
5.14883,0.00358305,0.0363571,0.00340187,0.756739,-0.649337,0.0727655,0.0203016
5.14983,0.00358305,0.0363571,0.00340187,0.756739,-0.649337,0.0727655,0.0203016
5.15083,0.00358421,0.0363146,0.00336788,0.756765,-0.64943,0.0719354,0.0193342
5.15181,0.00358421,0.0363146,0.00336788,0.756765,-0.64943,0.0719354,0.0193342
5.15284,0.0036385,0.0363161,0.00336788,0.756307,-0.649931,0.0722454,0.0192567
5.15387,0.0036385,0.0363161,0.00336788,0.756307,-0.649931,0.0722454,0.0192567
5.15486,0.00369398,0.0362751,0.00333388,0.756273,-0.649996,0.0721719,0.0186329
5.15581,0.00369398,0.0362751,0.00333388,0.756273,-0.649996,0.0721719,0.0186329
5.15685,0.00369398,0.0362751,0.00333388,0.756285,-0.650042,0.0717564,0.0181495
5.15785,0.00369398,0.0362751,0.00333388,0.756285,-0.650042,0.0717564,0.0181495
5.15883,0.00374829,0.0362767,0.00333388,0.756239,-0.650062,0.0720983,0.0180092
5.15986,0.00374829,0.0362767,0.00333388,0.756239,-0.650062,0.0720983,0.0180092
5.16084,0.00380382,0.0362358,0.00329987,0.756247,-0.65015,0.0714228,0.0171761
5.16184,0.00380382,0.0362358,0.00329987,0.756247,-0.65015,0.0714228,0.0171761
5.16285,0.00385814,0.0362373,0.00329987,0.7562,-0.65017,0.0717646,0.017036
5.16386,0.00385814,0.0362373,0.00329987,0.7562,-0.65017,0.0717646,0.017036
5.16495,0.00391247,0.0362389,0.00329987,0.756196,-0.650213,0.0715045,0.0166863
5.16586,0.00391247,0.0362389,0.00329987,0.756196,-0.650213,0.0715045,0.0166863
5.16686,0.00396806,0.0361981,0.00326583,0.756149,-0.650234,0.0718462,0.0165463
5.16786,0.00396806,0.0361981,0.00326583,0.756149,-0.650234,0.0718462,0.0165463
5.16886,0.0040224,0.0361998,0.00326583,0.756144,-0.650276,0.0715861,0.0161966
5.1698,0.0040224,0.0361998,0.00326583,0.756144,-0.650276,0.0715861,0.0161966
5.17086,0.00407674,0.0362014,0.00326583,0.756096,-0.650298,0.0719278,0.0160567
5.17186,0.00407674,0.0362014,0.00326583,0.756096,-0.650298,0.0719278,0.0160567
5.17287,0.00413108,0.0362031,0.00326583,0.756092,-0.65034,0.0716675,0.0157071
5.17388,0.00413108,0.0362031,0.00326583,0.756092,-0.65034,0.0716675,0.0157071
5.17488,0.00418542,0.0362048,0.00326583,0.756043,-0.650362,0.0720092,0.0155672
5.17584,0.00418542,0.0362048,0.00326583,0.756043,-0.650362,0.0720092,0.0155672
5.17685,0.00424112,0.0361641,0.00323178,0.756038,-0.650405,0.0717489,0.0152177
5.17787,0.00424112,0.0361641,0.00323178,0.756038,-0.650405,0.0717489,0.0152177
5.17887,0.00429547,0.0361659,0.00323178,0.755979,-0.650382,0.0725062,0.0155611
5.17984,0.00429547,0.0361659,0.00323178,0.755979,-0.650382,0.0725062,0.0155611
5.18085,0.00434983,0.0361677,0.00323178,0.755562,-0.650906,0.0722066,0.0152831
5.18187,0.00434983,0.0361677,0.00323178,0.755562,-0.650906,0.0722066,0.0152831
5.18286,0.00440418,0.0361695,0.00323178,0.755969,-0.650468,0.0719855,0.0148621
5.18384,0.00440418,0.0361695,0.00323178,0.755969,-0.650468,0.0719855,0.0148621
5.18484,0.00440418,0.0361695,0.00323178,0.755557,-0.650949,0.0719459,0.014934
5.18585,0.00440418,0.0361695,0.00323178,0.755557,-0.650949,0.0719459,0.014934
5.18686,0.00445853,0.0361713,0.00323178,0.755507,-0.650973,0.0722868,0.0147951
5.18787,0.00445853,0.0361713,0.00323178,0.755507,-0.650973,0.0722868,0.0147951
5.18885,0.00451433,0.0361307,0.00319771,0.755501,-0.651016,0.0720261,0.014446
5.18985,0.00451433,0.0361307,0.00319771,0.755501,-0.651016,0.0720261,0.014446
5.19084,0.00451433,0.0361307,0.00319771,0.755501,-0.651016,0.0720261,0.014446
5.19183,0.00451433,0.0361307,0.00319771,0.755501,-0.651016,0.0720261,0.014446
5.19286,0.0045687,0.0361326,0.00319771,0.755451,-0.65104,0.0723669,0.0143071
5.19382,0.0045687,0.0361326,0.00319771,0.755451,-0.65104,0.0723669,0.0143071
5.19483,0.0045687,0.0361326,0.00319771,0.755451,-0.65104,0.0723669,0.0143071
5.19583,0.0045687,0.0361326,0.00319771,0.755451,-0.65104,0.0723669,0.0143071
5.19683,0.00462307,0.0361345,0.00319771,0.755445,-0.651083,0.0721061,0.0139581
5.19783,0.00462307,0.0361345,0.00319771,0.755445,-0.651083,0.0721061,0.0139581
5.19883,0.00462455,0.0360921,0.00316363,0.755454,-0.651129,0.0716899,0.0134752
5.19987,0.00462455,0.0360921,0.00316363,0.755454,-0.651129,0.0716899,0.0134752
5.20086,0.00467893,0.036094,0.00316363,0.755439,-0.651126,0.0718452,0.0136091
5.20184,0.00467893,0.036094,0.00316363,0.755439,-0.651126,0.0718452,0.0136091
5.20286,0.00467893,0.036094,0.00316363,0.755394,-0.651107,0.0724469,0.0138193
5.20385,0.00467893,0.036094,0.00316363,0.755394,-0.651107,0.0724469,0.0138193
5.20484,0.00467893,0.036094,0.00316363,0.755402,-0.651153,0.0720307,0.0133365
5.20585,0.00467893,0.036094,0.00316363,0.755402,-0.651153,0.0720307,0.0133365
5.20684,0.00473332,0.036096,0.00316363,0.755388,-0.651151,0.072186,0.0134704
5.20787,0.00473332,0.036096,0.00316363,0.755388,-0.651151,0.072186,0.0134704
5.20888,0.00473332,0.036096,0.00316363,0.755388,-0.651151,0.072186,0.0134704
5.2099,0.00473332,0.036096,0.00316363,0.755388,-0.651151,0.072186,0.0134704
5.21085,0.00478923,0.0360556,0.00312952,0.755336,-0.651176,0.0725267,0.0133317
5.21187,0.00478923,0.0360556,0.00312952,0.755336,-0.651176,0.0725267,0.0133317
5.21286,0.00478923,0.0360556,0.00312952,0.755336,-0.651176,0.0725267,0.0133317
5.21389,0.00478923,0.0360556,0.00312952,0.755336,-0.651176,0.0725267,0.0133317
5.21485,0.00478923,0.0360556,0.00312952,0.755344,-0.651222,0.0721105,0.0128489
5.21587,0.00478923,0.0360556,0.00312952,0.755344,-0.651222,0.0721105,0.0128489
5.21687,0.00484363,0.0360575,0.00312952,0.755329,-0.651219,0.0722658,0.0129828
5.21786,0.00484363,0.0360575,0.00312952,0.755329,-0.651219,0.0722658,0.0129828
5.21885,0.00484518,0.0360152,0.0030954,0.755329,-0.651219,0.0722658,0.0129828
5.21986,0.00484518,0.0360152,0.0030954,0.755329,-0.651219,0.0722658,0.0129828
5.22088,0.0048996,0.0360172,0.0030954,0.754903,-0.651697,0.0723776,0.0131931
5.22191,0.0048996,0.0360172,0.0030954,0.754903,-0.651697,0.0723776,0.0131931
5.22287,0.0048996,0.0360172,0.0030954,0.755277,-0.651245,0.0726064,0.0128442
5.22389,0.0048996,0.0360172,0.0030954,0.755277,-0.651245,0.0726064,0.0128442
5.22488,0.00495401,0.0360192,0.0030954,0.755262,-0.651242,0.0727617,0.0129781
5.22589,0.00495401,0.0360192,0.0030954,0.755262,-0.651242,0.0727617,0.0129781
5.22687,0.00495401,0.0360192,0.0030954,0.755262,-0.651242,0.0727617,0.0129781
5.22786,0.00495401,0.0360192,0.0030954,0.755262,-0.651242,0.0727617,0.0129781
5.22886,0.00501003,0.0359789,0.00306126,0.754835,-0.65172,0.0728729,0.0131892
5.22987,0.00501003,0.0359789,0.00306126,0.754835,-0.65172,0.0728729,0.0131892
5.23085,0.00501003,0.0359789,0.00306126,0.754844,-0.651767,0.0724563,0.0127068
5.23186,0.00501003,0.0359789,0.00306126,0.754844,-0.651767,0.0724563,0.0127068
5.23287,0.00501003,0.0359789,0.00306126,0.754844,-0.651767,0.0724563,0.0127068
5.23384,0.00501003,0.0359789,0.00306126,0.754844,-0.651767,0.0724563,0.0127068
5.23483,0.00506446,0.035981,0.00306126,0.755241,-0.651283,0.072656,0.0127632
5.23588,0.00506446,0.035981,0.00306126,0.755241,-0.651283,0.072656,0.0127632
5.23689,0.00511889,0.0359831,0.00306126,0.754768,-0.651743,0.0733681,0.0131855
5.23791,0.00511889,0.0359831,0.00306126,0.754768,-0.651743,0.0733681,0.0131855
5.23889,0.00511889,0.0359831,0.00306126,0.754768,-0.651743,0.0733681,0.0131855
5.2399,0.00511889,0.0359831,0.00306126,0.754768,-0.651743,0.0733681,0.0131855
5.24088,0.00517332,0.0359852,0.00306126,0.754761,-0.651787,0.0731067,0.0128371
5.24187,0.00517332,0.0359852,0.00306126,0.754761,-0.651787,0.0731067,0.0128371
5.24287,0.00517332,0.0359852,0.00306126,0.754761,-0.651787,0.0731067,0.0128371
5.24388,0.00517332,0.0359852,0.00306126,0.754761,-0.651787,0.0731067,0.0128371
5.24488,0.00522774,0.0359873,0.00306126,0.754746,-0.651785,0.0732619,0.0129711
5.24587,0.00522774,0.0359873,0.00306126,0.754746,-0.651785,0.0732619,0.0129711
5.24689,0.00522774,0.0359873,0.00306126,0.754746,-0.651785,0.0732619,0.0129711
5.24785,0.00522774,0.0359873,0.00306126,0.754746,-0.651785,0.0732619,0.0129711
5.24888,0.00522774,0.0359873,0.00306126,0.754746,-0.651785,0.0732619,0.0129711
5.24988,0.00522774,0.0359873,0.00306126,0.754746,-0.651785,0.0732619,0.0129711
5.25086,0.00528217,0.0359895,0.00306126,0.754731,-0.651782,0.0734171,0.0131051
5.25187,0.00528217,0.0359895,0.00306126,0.754731,-0.651782,0.0734171,0.0131051
5.25288,0.0053366,0.0359917,0.00306126,0.754716,-0.651779,0.0735722,0.0132391
5.25386,0.0053366,0.0359917,0.00306126,0.754716,-0.651779,0.0735722,0.0132391
5.25486,0.0053366,0.0359917,0.00306126,0.754724,-0.651826,0.0731556,0.0127567
5.2559,0.0053366,0.0359917,0.00306126,0.754724,-0.651826,0.0731556,0.0127567
5.25688,0.00539102,0.0359939,0.00306126,0.754709,-0.651824,0.0733108,0.0128907
5.25788,0.00539102,0.0359939,0.00306126,0.754709,-0.651824,0.0733108,0.0128907
5.25887,0.00539102,0.0359939,0.00306126,0.754709,-0.651824,0.0733108,0.0128907
5.25988,0.00539102,0.0359939,0.00306126,0.754709,-0.651824,0.0733108,0.0128907
5.26089,0.00544545,0.0359961,0.00306126,0.754694,-0.651821,0.0734659,0.0130247
5.26188,0.00544545,0.0359961,0.00306126,0.754694,-0.651821,0.0734659,0.0130247
5.26285,0.00544545,0.0359961,0.00306126,0.754694,-0.651821,0.0734659,0.0130247
5.26388,0.00544545,0.0359961,0.00306126,0.754694,-0.651821,0.0734659,0.0130247
5.26487,0.00549987,0.0359984,0.00306126,0.754679,-0.651818,0.0736211,0.0131587
5.26589,0.00549987,0.0359984,0.00306126,0.754679,-0.651818,0.0736211,0.0131587
5.26689,0.00549987,0.0359984,0.00306126,0.754679,-0.651818,0.0736211,0.0131587
5.26787,0.00549987,0.0359984,0.00306126,0.754679,-0.651818,0.0736211,0.0131587
5.26888,0.00555252,0.036043,0.0030954,0.754663,-0.651815,0.0737763,0.0132927
5.26985,0.00555252,0.036043,0.0030954,0.754663,-0.651815,0.0737763,0.0132927
5.27092,0.00555252,0.036043,0.0030954,0.754663,-0.651815,0.0737763,0.0132927
5.27188,0.00555252,0.036043,0.0030954,0.754663,-0.651815,0.0737763,0.0132927
5.27288,0.00555252,0.036043,0.0030954,0.754672,-0.651863,0.0733596,0.0128104
5.27388,0.00555252,0.036043,0.0030954,0.754672,-0.651863,0.0733596,0.0128104
5.27487,0.00560692,0.0360453,0.0030954,0.754657,-0.65186,0.0735148,0.0129444
5.27588,0.00560692,0.0360453,0.0030954,0.754657,-0.65186,0.0735148,0.0129444
5.27688,0.00560692,0.0360453,0.0030954,0.754657,-0.65186,0.0735148,0.0129444
5.27788,0.00560692,0.0360453,0.0030954,0.754657,-0.65186,0.0735148,0.0129444
5.27888,0.00560692,0.0360453,0.0030954,0.754657,-0.65186,0.0735148,0.0129444
5.27983,0.00560692,0.0360453,0.0030954,0.754657,-0.65186,0.0735148,0.0129444
5.28088,0.00560692,0.0360453,0.0030954,0.754657,-0.65186,0.0735148,0.0129444
5.28188,0.00560692,0.0360453,0.0030954,0.754657,-0.65186,0.0735148,0.0129444
5.28289,0.00560512,0.0360876,0.00312952,0.754657,-0.65186,0.0735148,0.0129444
5.28387,0.00560512,0.0360876,0.00312952,0.754657,-0.65186,0.0735148,0.0129444
5.28487,0.00565951,0.0360899,0.00312952,0.754642,-0.651857,0.0736699,0.0130784
5.28588,0.00565951,0.0360899,0.00312952,0.754642,-0.651857,0.0736699,0.0130784
5.28689,0.00565951,0.0360899,0.00312952,0.754642,-0.651857,0.0736699,0.0130784
5.28788,0.00565951,0.0360899,0.00312952,0.754642,-0.651857,0.0736699,0.0130784
5.28885,0.00565951,0.0360899,0.00312952,0.754642,-0.651857,0.0736699,0.0130784
5.28987,0.00565951,0.0360899,0.00312952,0.754642,-0.651857,0.0736699,0.0130784
5.29085,0.00565951,0.0360899,0.00312952,0.754642,-0.651857,0.0736699,0.0130784
5.29183,0.00565951,0.0360899,0.00312952,0.754642,-0.651857,0.0736699,0.0130784
5.29287,0.00565951,0.0360899,0.00312952,0.754642,-0.651857,0.0736699,0.0130784
5.29385,0.00565951,0.0360899,0.00312952,0.754642,-0.651857,0.0736699,0.0130784
5.29487,0.00565951,0.0360899,0.00312952,0.754642,-0.651857,0.0736699,0.0130784
5.29585,0.00565951,0.0360899,0.00312952,0.754642,-0.651857,0.0736699,0.0130784
5.29687,0.00565951,0.0360899,0.00312952,0.754642,-0.651857,0.0736699,0.0130784
5.29783,0.00565951,0.0360899,0.00312952,0.754642,-0.651857,0.0736699,0.0130784
5.29888,0.00565951,0.0360899,0.00312952,0.754642,-0.651857,0.0736699,0.0130784
5.29986,0.00565951,0.0360899,0.00312952,0.754642,-0.651857,0.0736699,0.0130784
5.30087,0.00565951,0.0360899,0.00312952,0.754642,-0.651857,0.0736699,0.0130784
5.30186,0.00565951,0.0360899,0.00312952,0.754642,-0.651857,0.0736699,0.0130784
5.30285,0.00565951,0.0360899,0.00312952,0.754642,-0.651857,0.0736699,0.0130784
5.30387,0.00565951,0.0360899,0.00312952,0.754642,-0.651857,0.0736699,0.0130784
5.30485,0.00565951,0.0360899,0.00312952,0.754642,-0.651857,0.0736699,0.0130784
5.30587,0.00565951,0.0360899,0.00312952,0.754642,-0.651857,0.0736699,0.0130784
5.30687,0.00565735,0.0361405,0.00310966,0.754774,-0.651703,0.0736729,0.0130868
5.30785,0.00565735,0.0361405,0.00310966,0.754774,-0.651703,0.0736729,0.0130868
5.30887,0.00565735,0.0361405,0.00310966,0.754774,-0.651703,0.0736729,0.0130868
5.30986,0.00565735,0.0361405,0.00310966,0.754774,-0.651703,0.0736729,0.0130868
5.31086,0.00565735,0.0361405,0.00310966,0.754783,-0.65175,0.0732564,0.0126044
5.31187,0.00565735,0.0361405,0.00310966,0.754783,-0.65175,0.0732564,0.0126044
5.31284,0.00565735,0.0361405,0.00310966,0.754774,-0.651703,0.0736729,0.0130868
5.31386,0.00565735,0.0361405,0.00310966,0.754774,-0.651703,0.0736729,0.0130868
5.31485,0.00565735,0.0361405,0.00310966,0.754774,-0.651703,0.0736729,0.0130868
5.31585,0.00565735,0.0361405,0.00310966,0.754774,-0.651703,0.0736729,0.0130868
5.31684,0.00565735,0.0361405,0.00310966,0.754783,-0.65175,0.0732564,0.0126044
5.31784,0.00565735,0.0361405,0.00310966,0.754783,-0.65175,0.0732564,0.0126044
5.31883,0.00565735,0.0361405,0.00310966,0.754735,-0.651733,0.0738577,0.0128153
5.31984,0.00565735,0.0361405,0.00310966,0.754735,-0.651733,0.0738577,0.0128153
5.32079,0.00565735,0.0361405,0.00310966,0.754735,-0.651733,0.0738577,0.0128153
5.32184,0.00565735,0.0361405,0.00310966,0.754735,-0.651733,0.0738577,0.0128153
5.32287,0.00571171,0.0361428,0.00310966,0.75472,-0.65173,0.0740128,0.0129493
5.32381,0.00571171,0.0361428,0.00310966,0.75472,-0.65173,0.0740128,0.0129493
5.32488,0.00571171,0.0361428,0.00310966,0.75472,-0.65173,0.0740128,0.0129493
5.32587,0.00571171,0.0361428,0.00310966,0.75472,-0.65173,0.0740128,0.0129493
5.32687,0.00571171,0.0361428,0.00310966,0.75472,-0.65173,0.0740128,0.0129493
5.32787,0.00571171,0.0361428,0.00310966,0.75472,-0.65173,0.0740128,0.0129493
5.32889,0.00576608,0.0361452,0.00310966,0.754705,-0.651727,0.074168,0.0130833
5.32987,0.00576608,0.0361452,0.00310966,0.754705,-0.651727,0.074168,0.0130833
5.33086,0.00576608,0.0361452,0.00310966,0.754705,-0.651727,0.074168,0.0130833
5.33187,0.00576608,0.0361452,0.00310966,0.754705,-0.651727,0.074168,0.0130833
5.33287,0.00582044,0.0361475,0.00310966,0.75469,-0.651725,0.0743232,0.0132173
5.33388,0.00582044,0.0361475,0.00310966,0.75469,-0.651725,0.0743232,0.0132173
5.33489,0.00582044,0.0361475,0.00310966,0.754642,-0.651707,0.0749244,0.0134282
5.33588,0.00582044,0.0361475,0.00310966,0.754642,-0.651707,0.0749244,0.0134282
5.33687,0.0058748,0.0361499,0.00310966,0.754626,-0.651704,0.0750795,0.0135622
