t,x,y,z,qw,qx,qy,qz
0.00501779,-0.00159554,0.0662476,0.179836,0.723477,-0.689653,0.0220293,0.0217754
0.0100237,-0.00159554,0.0662476,0.179836,0.723477,-0.689653,0.0220293,0.0217754
0.0150205,-0.00159554,0.0662476,0.179836,0.723918,-0.689191,0.022007,0.0217958
0.0200469,-0.00159554,0.0662476,0.179836,0.723918,-0.689191,0.022007,0.0217958
0.0250106,-0.00159554,0.0662476,0.179836,0.723918,-0.689191,0.022007,0.0217958
0.0300023,-0.00159554,0.0662476,0.179836,0.724358,-0.688728,0.0219848,0.0218161
0.0350088,-0.00159554,0.0662476,0.179836,0.724358,-0.688728,0.0219848,0.0218161
0.0400247,-0.00159554,0.0662476,0.179836,0.724358,-0.688728,0.0219848,0.0218161
0.0450343,-0.00159554,0.0662476,0.179836,0.724798,-0.688265,0.0219625,0.0218365
0.0500183,-0.00159554,0.0662476,0.179836,0.724798,-0.688265,0.0219625,0.0218365
0.0549625,-0.00159554,0.0662476,0.179836,0.724774,-0.688283,0.0216226,0.022377
0.0600518,-0.00159554,0.0662476,0.179836,0.725214,-0.68782,0.0216007,0.0223976
0.0649905,-0.00159554,0.0662476,0.179836,0.725214,-0.68782,0.0216007,0.0223976
0.0699504,-0.00159554,0.0662476,0.179836,0.725214,-0.68782,0.0216007,0.0223976
0.0750022,-0.00159554,0.0662476,0.179836,0.725629,-0.687374,0.0212395,0.0229591
0.0800064,-0.00159554,0.0662476,0.179836,0.725629,-0.687374,0.0212395,0.0229591
0.0849631,-0.00159554,0.0662476,0.179836,0.726068,-0.686911,0.0212179,0.0229799
0.0899909,-0.00159554,0.0662476,0.179836,0.726507,-0.686447,0.0211963,0.0230007
0.0950129,-0.00159554,0.0662476,0.179836,0.726507,-0.686447,0.0211963,0.0230007
0.100005,-0.00159537,0.0662583,0.179889,0.726806,-0.686131,0.0211816,0.0230148
0.104995,-0.00159537,0.0662583,0.179889,0.727244,-0.685666,0.02116,0.0230356
0.110027,-0.00159537,0.0662583,0.179889,0.727244,-0.685666,0.02116,0.0230356
0.115011,-0.00159537,0.0662583,0.179889,0.727696,-0.685215,0.0207004,0.0225912
0.120008,-0.00159537,0.0662583,0.179889,0.728134,-0.68475,0.020679,0.0226116
0.125015,-0.00159537,0.0662583,0.179889,0.728571,-0.684285,0.0206577,0.0226321
0.130048,-0.00159537,0.0662583,0.179889,0.728571,-0.684285,0.0206577,0.0226321
0.135007,-0.00159537,0.0662583,0.179889,0.728594,-0.684267,0.0209943,0.0220895
0.14001,-0.00159537,0.0662583,0.179889,0.729017,-0.683788,0.0214097,0.0225757
0.145022,-0.00159537,0.0662583,0.179889,0.72904,-0.68377,0.021746,0.022033
0.150013,-0.00159537,0.0662583,0.179889,0.7295,-0.683286,0.0220596,0.0215103
0.155008,-0.00159537,0.0662583,0.179889,0.729523,-0.683268,0.0223955,0.0209673
0.160337,-0.00159537,0.0662583,0.179889,0.729523,-0.683268,0.0223955,0.0209673
0.165018,-0.00159537,0.0662583,0.179889,0.729109,-0.683715,0.0227549,0.0204047
0.16996,-0.00159537,0.0662583,0.179889,0.729131,-0.683696,0.0230912,0.0198619
0.175012,-0.0015962,0.0662052,0.179901,0.729153,-0.683677,0.0234274,0.0193191
0.180028,-0.0015962,0.0662052,0.179901,0.729175,-0.683657,0.0237637,0.0187763
0.185016,-0.0015962,0.0662052,0.179901,0.72877,-0.684118,0.0236874,0.0177488
0.190008,-0.0015962,0.0662052,0.179901,0.729228,-0.683633,0.0239992,0.0172245
0.195025,-0.0015962,0.0662052,0.179901,0.728811,-0.684078,0.0243606,0.0166636
0.200007,-0.0015962,0.0662052,0.179901,0.728851,-0.684037,0.0250338,0.0155783
0.205004,-0.0015962,0.0662052,0.179901,0.728871,-0.684016,0.0253703,0.0150357
0.210012,-0.0015962,0.0662052,0.179901,0.72889,-0.683995,0.0257069,0.014493
0.215011,-0.0015962,0.0662052,0.179901,0.728909,-0.683973,0.0260434,0.0139503
0.22,-0.0015962,0.0662052,0.179901,0.72849,-0.684416,0.0264072,0.0133909
0.225007,-0.0015962,0.0662052,0.179901,0.728946,-0.683929,0.0267164,0.012865
0.230032,-0.0015962,0.0662052,0.179901,0.728508,-0.684394,0.026744,0.0128484
0.235005,-0.0015962,0.0662052,0.179901,0.728526,-0.684372,0.0270809,0.012306
0.240043,-0.0015962,0.0662052,0.179901,0.728544,-0.684349,0.0274177,0.0117635
0.245016,-0.0015962,0.0662052,0.179901,0.728561,-0.684326,0.0277545,0.011221
0.250014,-0.0015962,0.0662052,0.179901,0.728561,-0.684326,0.0277545,0.011221
0.25502,-0.0015962,0.0662052,0.179901,0.728578,-0.684303,0.0280914,0.0106786
0.260041,-0.0015962,0.0662052,0.179901,0.728578,-0.684303,0.0280914,0.0106786
0.264991,-0.0015962,0.0662052,0.179901,0.728595,-0.684279,0.0284282,0.0101361
0.269991,-0.0015962,0.0662052,0.179901,0.728595,-0.684279,0.0284282,0.0101361
0.275015,-0.0015962,0.0662052,0.179901,0.728595,-0.684279,0.0284282,0.0101361
0.280016,-0.0015962,0.0662052,0.179901,0.728612,-0.684256,0.0287649,0.00959359
0.285011,-0.0015962,0.0662052,0.179901,0.728174,-0.68472,0.0287946,0.00957833
0.290005,-0.0016382,0.0662059,0.179901,0.728196,-0.684698,0.028982,0.00889528
0.295028,-0.0016382,0.0662059,0.179901,0.728196,-0.684698,0.028982,0.00889528
0.300014,-0.0016382,0.0662059,0.179901,0.728196,-0.684698,0.028982,0.00889528
0.305007,-0.0016382,0.0662059,0.179901,0.728196,-0.684698,0.028982,0.00889528
0.31001,-0.0016382,0.0662059,0.179901,0.727758,-0.685162,0.0290121,0.00888012
0.314955,-0.0016382,0.0662059,0.179901,0.727774,-0.685138,0.0293496,0.00833807
0.319967,-0.0016382,0.0662059,0.179901,0.727774,-0.685138,0.0293496,0.00833807
0.32502,-0.0016382,0.0662059,0.179901,0.727336,-0.685602,0.02938,0.00832312
0.330018,-0.0016382,0.0662059,0.179901,0.727336,-0.685602,0.02938,0.00832312
0.335017,-0.0016382,0.0662059,0.179901,0.727352,-0.685577,0.0297178,0.00778128
0.340016,-0.0016382,0.0662059,0.179901,0.726913,-0.686041,0.0297485,0.00776655
0.345029,-0.0016382,0.0662059,0.179901,0.726913,-0.686041,0.0297485,0.00776655
0.350023,-0.0016382,0.0662059,0.179901,0.726913,-0.686041,0.0297485,0.00776655
0.355032,-0.0016382,0.0662059,0.179901,0.72649,-0.686479,0.0301178,0.0072104
0.360041,-0.0016382,0.0662059,0.179901,0.72649,-0.686479,0.0301178,0.0072104
0.36503,-0.0016382,0.0662059,0.179901,0.72649,-0.686479,0.0301178,0.0072104
0.369959,-0.0016382,0.0662059,0.179901,0.72649,-0.686479,0.0301178,0.0072104
0.37502,-0.0016382,0.0662059,0.179901,0.72605,-0.686943,0.0301488,0.00719588
0.380028,-0.0016382,0.0662059,0.179901,0.72605,-0.686943,0.0301488,0.00719588
0.384971,-0.0016382,0.0662059,0.179901,0.72605,-0.686943,0.0301488,0.00719588
0.390024,-0.0016382,0.0662059,0.179901,0.72605,-0.686943,0.0301488,0.00719588
0.395038,-0.0016382,0.0662059,0.179901,0.72605,-0.686943,0.0301488,0.00719588
0.400013,-0.0016382,0.0662059,0.179901,0.725611,-0.687405,0.0301799,0.00718135
0.404958,-0.0016382,0.0662059,0.179901,0.725611,-0.687405,0.0301799,0.00718135
0.410031,-0.0016382,0.0662059,0.179901,0.725611,-0.687405,0.0301799,0.00718135
0.415011,-0.0016382,0.0662059,0.179901,0.725596,-0.687431,0.0298407,0.00772233
0.420015,-0.0016382,0.0662059,0.179901,0.725596,-0.687431,0.0298407,0.00772233
0.425031,-0.0016382,0.0662059,0.179901,0.725596,-0.687431,0.0298407,0.00772233
0.430034,-0.0016382,0.0662059,0.179901,0.725596,-0.687431,0.0298407,0.00772233
0.435027,-0.0016382,0.0662059,0.179901,0.725596,-0.687431,0.0298407,0.00772233
0.440017,-0.0016382,0.0662059,0.179901,0.72558,-0.687455,0.0295016,0.0082633
0.445028,-0.0016382,0.0662059,0.179901,0.72558,-0.687455,0.0295016,0.0082633
0.450029,-0.0016382,0.0662059,0.179901,0.726019,-0.686993,0.0294712,0.00827826
0.455006,-0.0016382,0.0662059,0.179901,0.726019,-0.686993,0.0294712,0.00827826
0.460035,-0.0016382,0.0662059,0.179901,0.726003,-0.687017,0.0291323,0.00881945
0.464981,-0.0016382,0.0662059,0.179901,0.726003,-0.687017,0.0291323,0.00881945
0.470019,-0.0016382,0.0662059,0.179901,0.726003,-0.687017,0.0291323,0.00881945
0.47502,-0.0016382,0.0662059,0.179901,0.726003,-0.687017,0.0291323,0.00881945
0.480047,-0.0016382,0.0662059,0.179901,0.725987,-0.687041,0.0287935,0.00936064
0.485011,-0.0016382,0.0662059,0.179901,0.725987,-0.687041,0.0287935,0.00936064
0.490023,-0.0016382,0.0662059,0.179901,0.725987,-0.687041,0.0287935,0.00936064
0.495044,-0.0016382,0.0662059,0.179901,0.725987,-0.687041,0.0287935,0.00936064
0.499987,-0.0016382,0.0662059,0.179901,0.725971,-0.687065,0.0284546,0.00990182
0.505021,-0.0016382,0.0662059,0.179901,0.725971,-0.687065,0.0284546,0.00990182
0.510029,-0.0016382,0.0662059,0.179901,0.725971,-0.687065,0.0284546,0.00990182
0.515035,-0.0016382,0.0662059,0.179901,0.725971,-0.687065,0.0284546,0.00990182
0.520017,-0.0016382,0.0662059,0.179901,0.725971,-0.687065,0.0284546,0.00990182
0.525035,-0.0016382,0.0662059,0.179901,0.725971,-0.687065,0.0284546,0.00990182
0.530033,-0.0016382,0.0662059,0.179901,0.725971,-0.687065,0.0284546,0.00990182
0.535048,-0.0016382,0.0662059,0.179901,0.725971,-0.687065,0.0284546,0.00990182
0.54002,-0.0016382,0.0662059,0.179901,0.725971,-0.687065,0.0284546,0.00990182
0.545042,-0.0016382,0.0662059,0.179901,0.725987,-0.687041,0.0287935,0.00936064
0.550027,-0.0016382,0.0662059,0.179901,0.725987,-0.687041,0.0287935,0.00936064
0.555025,-0.0016382,0.0662059,0.179901,0.725987,-0.687041,0.0287935,0.00936064
0.560019,-0.0016382,0.0662059,0.179901,0.725987,-0.687041,0.0287935,0.00936064
0.565029,-0.0016382,0.0662059,0.179901,0.725548,-0.687504,0.0288232,0.00934524
0.570037,-0.0016382,0.0662059,0.179901,0.725564,-0.68748,0.0291624,0.00880427
0.575054,-0.0016382,0.0662059,0.179901,0.725564,-0.68748,0.0291624,0.00880427
0.580055,-0.0016382,0.0662059,0.179901,0.72558,-0.687455,0.0295016,0.0082633
0.585032,-0.0016382,0.0662059,0.179901,0.72558,-0.687455,0.0295016,0.0082633
0.58999,-0.0016382,0.0662059,0.179901,0.72558,-0.687455,0.0295016,0.0082633
0.595033,-0.0016382,0.0662059,0.179901,0.725156,-0.687893,0.0298714,0.00770758
0.600045,-0.0016382,0.0662059,0.179901,0.725156,-0.687893,0.0298714,0.00770758
0.604974,-0.0016382,0.0662059,0.179901,0.725171,-0.687868,0.030211,0.00716682
0.610076,-0.0016382,0.0662059,0.179901,0.725171,-0.687868,0.030211,0.00716682
0.615064,-0.0016382,0.0662059,0.179901,0.725171,-0.687868,0.030211,0.00716682
0.620071,-0.0016382,0.0662059,0.179901,0.724731,-0.68833,0.030242,0.00715229
0.625023,-0.0016382,0.0662059,0.179901,0.724746,-0.688305,0.0305818,0.00661175
0.630068,-0.0016382,0.0662059,0.179901,0.725186,-0.687843,0.0305504,0.00662606
0.635043,-0.0016382,0.0662059,0.179901,0.724746,-0.688305,0.0305818,0.00661175
0.639999,-0.0016382,0.0662059,0.179901,0.724746,-0.688305,0.0305818,0.00661175
0.645057,-0.0016382,0.0662059,0.179901,0.724746,-0.688305,0.0305818,0.00661175
0.650011,-0.0016382,0.0662059,0.179901,0.724746,-0.688305,0.0305818,0.00661175
0.654983,-0.0016382,0.0662059,0.179901,0.724746,-0.688305,0.0305818,0.00661175
0.660037,-0.0016382,0.0662059,0.179901,0.724746,-0.688305,0.0305818,0.00661175
0.665044,-0.0016382,0.0662059,0.179901,0.724746,-0.688305,0.0305818,0.00661175
0.670027,-0.0016382,0.0662059,0.179901,0.724306,-0.688767,0.0306132,0.00659743
0.675026,-0.0016382,0.0662059,0.179901,0.724306,-0.688767,0.0306132,0.00659743
0.680044,-0.0016382,0.0662059,0.179901,0.724306,-0.688767,0.0306132,0.00659743
0.685044,-0.0016382,0.0662059,0.179901,0.724306,-0.688767,0.0306132,0.00659743
0.690021,-0.0016382,0.0662059,0.179901,0.724306,-0.688767,0.0306132,0.00659743
0.695046,-0.0016382,0.0662059,0.179901,0.724306,-0.688767,0.0306132,0.00659743
0.700037,-0.0016382,0.0662059,0.179901,0.724306,-0.688767,0.0306132,0.00659743
0.705058,-0.0016382,0.0662059,0.179901,0.724306,-0.688767,0.0306132,0.00659743
0.710037,-0.0016382,0.0662059,0.179901,0.724306,-0.688767,0.0306132,0.00659743
0.715034,-0.0016382,0.0662059,0.179901,0.723865,-0.689229,0.0306446,0.00658311
0.720041,-0.0016382,0.0662059,0.179901,0.72385,-0.689254,0.030304,0.00712322
0.72503,-0.0016382,0.0662059,0.179901,0.72385,-0.689254,0.030304,0.00712322
0.730054,-0.0016382,0.0662059,0.179901,0.72385,-0.689254,0.030304,0.00712322
0.735042,-0.0016382,0.0662059,0.179901,0.724291,-0.688793,0.030273,0.00713776
0.740026,-0.0016382,0.0662059,0.179901,0.72385,-0.689254,0.030304,0.00712322
0.745022,-0.0016382,0.0662059,0.179901,0.72385,-0.689254,0.030304,0.00712322
0.750028,-0.0016382,0.0662059,0.179901,0.72385,-0.689254,0.030304,0.00712322
0.755035,-0.0016382,0.0662059,0.179901,0.723835,-0.68928,0.0299635,0.00766333
0.760065,-0.0016382,0.0662059,0.179901,0.723835,-0.68928,0.0299635,0.00766333
0.765073,-0.0016382,0.0662059,0.179901,0.723835,-0.68928,0.0299635,0.00766333
0.77008,-0.0016382,0.0662059,0.179901,0.723835,-0.68928,0.0299635,0.00766333
0.775035,-0.0016382,0.0662059,0.179901,0.724276,-0.688818,0.0299328,0.00767808
0.780028,-0.0016382,0.0662059,0.179901,0.724276,-0.688818,0.0299328,0.00767808
0.785022,-0.0016382,0.0662059,0.179901,0.724276,-0.688818,0.0299328,0.00767808
0.790034,-0.00163905,0.0661527,0.179912,0.724271,-0.688798,0.0303731,0.00814103
0.795058,-0.00163905,0.0661527,0.179912,0.724271,-0.688798,0.0303731,0.00814103
0.800033,-0.00163905,0.0661527,0.179912,0.724711,-0.688336,0.0303421,0.00815606
0.805031,-0.00163905,0.0661527,0.179912,0.724695,-0.688361,0.0300023,0.00869659
0.81007,-0.00163991,0.0660996,0.179924,0.724695,-0.688361,0.0300023,0.00869659
0.81507,-0.00163991,0.0660996,0.179924,0.724695,-0.688361,0.0300023,0.00869659
0.820075,-0.00164076,0.0660464,0.179935,0.724695,-0.688361,0.0300023,0.00869659
0.825033,-0.00164076,0.0660464,0.179935,0.724679,-0.688386,0.0296624,0.00923712
0.830031,-0.00164076,0.0660464,0.179935,0.724679,-0.688386,0.0296624,0.00923712
0.835027,-0.00164161,0.0659933,0.179947,0.725119,-0.687924,0.0296321,0.00925258
0.840555,-0.00164161,0.0659933,0.179947,0.725119,-0.687924,0.0296321,0.00925258
0.84504,-0.00164161,0.0659933,0.179947,0.725119,-0.687924,0.0296321,0.00925258
0.849996,-0.00164246,0.0659401,0.179959,0.725119,-0.687924,0.0296321,0.00925258
0.855069,-0.00164246,0.0659401,0.179959,0.725102,-0.687948,0.0292926,0.00979332
0.860058,-0.00164246,0.0659401,0.179959,0.725102,-0.687948,0.0292926,0.00979332
0.865065,-0.00164246,0.0659401,0.179959,0.725102,-0.687948,0.0292926,0.00979332
0.87004,-0.00164332,0.0658869,0.17997,0.725102,-0.687948,0.0292926,0.00979332
0.875043,-0.00164332,0.0658869,0.17997,0.725542,-0.687486,0.0292626,0.009809
0.88007,-0.00164332,0.0658869,0.17997,0.725558,-0.687461,0.0296018,0.00926804
0.885066,-0.00164332,0.0658869,0.17997,0.725542,-0.687486,0.0292626,0.009809
0.890073,-0.00164332,0.0658869,0.17997,0.725542,-0.687486,0.0292626,0.009809
0.895064,-0.00164417,0.0658338,0.179982,0.725542,-0.687486,0.0292626,0.009809
0.900076,-0.00164417,0.0658338,0.179982,0.725535,-0.687467,0.029702,0.0102728
0.905049,-0.00164417,0.0658338,0.179982,0.725542,-0.687486,0.0292626,0.009809
0.910062,-0.00164417,0.0658338,0.179982,0.725535,-0.687467,0.029702,0.0102728
0.915042,-0.00164417,0.0658338,0.179982,0.725535,-0.687467,0.029702,0.0102728
0.92003,-0.00164502,0.0657806,0.179993,0.725542,-0.687486,0.0292626,0.009809
0.92503,-0.00164502,0.0657806,0.179993,0.725535,-0.687467,0.029702,0.0102728
0.930041,-0.00164502,0.0657806,0.179993,0.725542,-0.687486,0.0292626,0.009809
0.935033,-0.00164502,0.0657806,0.179993,0.725542,-0.687486,0.0292626,0.009809
0.940021,-0.00164502,0.0657806,0.179993,0.725542,-0.687486,0.0292626,0.009809
0.945066,-0.00164587,0.0657274,0.180005,0.725535,-0.687467,0.029702,0.0102728
0.950038,-0.00164587,0.0657274,0.180005,0.725998,-0.686998,0.0295715,0.0092835
0.955031,-0.00164587,0.0657274,0.180005,0.725558,-0.687461,0.0296018,0.00926804
0.960028,-0.00164587,0.0657274,0.180005,0.725542,-0.687486,0.0292626,0.009809
0.96504,-0.00164587,0.0657274,0.180005,0.725981,-0.687023,0.0292326,0.00982467
0.969994,-0.00164587,0.0657274,0.180005,0.725981,-0.687023,0.0292326,0.00982467
0.975048,-0.00164673,0.0656742,0.180016,0.725998,-0.686998,0.0295715,0.0092835
0.980042,-0.00164673,0.0656742,0.180016,0.725558,-0.687461,0.0296018,0.00926804
0.985038,-0.00164758,0.065621,0.180027,0.725542,-0.687486,0.0292626,0.009809
0.990027,-0.00164758,0.065621,0.180027,0.725998,-0.686998,0.0295715,0.0092835
0.995049,-0.00164843,0.0655679,0.180039,0.725981,-0.687023,0.0292326,0.00982467
1.00006,-0.00164843,0.0655679,0.180039,0.725998,-0.686998,0.0295715,0.0092835
1.00503,-0.00164929,0.0655147,0.18005,0.725975,-0.687004,0.0296718,0.0102887
1.01032,-0.00164929,0.0655147,0.18005,0.725981,-0.687023,0.0292326,0.00982467
1.01499,-0.00165014,0.0654615,0.180062,0.725981,-0.687023,0.0292326,0.00982467
1.02004,-0.00165014,0.0654615,0.180062,0.725981,-0.687023,0.0292326,0.00982467
1.02504,-0.00165099,0.0654082,0.180073,0.725981,-0.687023,0.0292326,0.00982467
1.03004,-0.00165099,0.0654082,0.180073,0.725981,-0.687023,0.0292326,0.00982467
1.035,-0.00165185,0.065355,0.180084,0.725981,-0.687023,0.0292326,0.00982467
1.04002,-0.0016527,0.0653018,0.180096,0.725981,-0.687023,0.0292326,0.00982467
1.04506,-0.0016527,0.0653018,0.180096,0.725975,-0.687004,0.0296718,0.0102887
1.05004,-0.00165355,0.0652486,0.180107,0.725981,-0.687023,0.0292326,0.00982467
1.05503,-0.00165441,0.0651954,0.180118,0.725964,-0.687047,0.0288938,0.0103658
1.06007,-0.00165526,0.0651421,0.180129,0.725964,-0.687047,0.0288938,0.0103658
1.06506,-0.00165612,0.0650889,0.180141,0.725964,-0.687047,0.0288938,0.0103658
1.06999,-0.00165612,0.0650889,0.180141,0.725957,-0.687028,0.0293329,0.0108299
1.07503,-0.00165697,0.0650357,0.180152,0.725957,-0.687028,0.0293329,0.0108299
1.08009,-0.00165782,0.0649824,0.180163,0.725957,-0.687028,0.0293329,0.0108299
1.08503,-0.00165868,0.0649292,0.180174,0.725964,-0.687047,0.0288938,0.0103658
1.09001,-0.00165868,0.0649292,0.180174,0.725957,-0.687028,0.0293329,0.0108299
1.09507,-0.00165953,0.0648759,0.180185,0.725964,-0.687047,0.0288938,0.0103658
1.10003,-0.00166039,0.0648227,0.180196,0.725964,-0.687047,0.0288938,0.0103658
1.10498,-0.00166124,0.0647694,0.180207,0.725964,-0.687047,0.0288938,0.0103658
1.11003,-0.00166124,0.0647694,0.180207,0.725964,-0.687047,0.0288938,0.0103658
1.11504,-0.00166209,0.0647161,0.180218,0.725957,-0.687028,0.0293329,0.0108299
1.12007,-0.00166295,0.0646629,0.18023,0.725964,-0.687047,0.0288938,0.0103658
1.12504,-0.0016638,0.0646096,0.180241,0.725964,-0.687047,0.0288938,0.0103658
1.13003,-0.00166466,0.0645563,0.180252,0.725964,-0.687047,0.0288938,0.0103658
1.135,-0.00166551,0.064503,0.180263,0.725964,-0.687047,0.0288938,0.0103658
1.14009,-0.00166551,0.064503,0.180263,0.725964,-0.687047,0.0288938,0.0103658
1.14507,-0.00166637,0.0644497,0.180273,0.725964,-0.687047,0.0288938,0.0103658
1.15005,-0.00166722,0.0643964,0.180284,0.725964,-0.687047,0.0288938,0.0103658
1.15504,-0.00166808,0.0643431,0.180295,0.725964,-0.687047,0.0288938,0.0103658
1.16005,-0.00166893,0.0642898,0.180306,0.725964,-0.687047,0.0288938,0.0103658
1.16508,-0.00166979,0.0642365,0.180317,0.725957,-0.687028,0.0293329,0.0108299
1.17004,-0.00166979,0.0642365,0.180317,0.725964,-0.687047,0.0288938,0.0103658
1.17504,-0.00167064,0.0641832,0.180328,0.725964,-0.687047,0.0288938,0.0103658
1.18009,-0.0016715,0.0641299,0.180339,0.725964,-0.687047,0.0288938,0.0103658
1.18501,-0.00167235,0.0640766,0.18035,0.725964,-0.687047,0.0288938,0.0103658
1.18999,-0.00167235,0.0640766,0.18035,0.725964,-0.687047,0.0288938,0.0103658
1.19507,-0.00167338,0.0640125,0.180307,0.726097,-0.686881,0.0293285,0.0108382
1.20003,-0.00167423,0.0639592,0.180318,0.726104,-0.686899,0.0288894,0.0103741
1.20503,-0.00167509,0.0639059,0.180329,0.726115,-0.686856,0.0296674,0.0102971
1.21006,-0.00167594,0.0638525,0.180339,0.726104,-0.686899,0.0288894,0.0103741
1.21506,-0.0016768,0.0637992,0.18035,0.726097,-0.686881,0.0293285,0.0108382
1.22005,-0.0016768,0.0637992,0.18035,0.726097,-0.686881,0.0293285,0.0108382
1.22504,-0.00167851,0.0636925,0.180371,0.726104,-0.686899,0.0288894,0.0103741
1.23005,-0.00167851,0.0636925,0.180371,0.726104,-0.686899,0.0288894,0.0103741
1.23505,-0.00167937,0.0636391,0.180382,0.726104,-0.686899,0.0288894,0.0103741
1.24,-0.00168022,0.0635858,0.180392,0.726104,-0.686899,0.0288894,0.0103741
1.24508,-0.00168108,0.0635324,0.180403,0.726104,-0.686899,0.0288894,0.0103741
1.25004,-0.00168193,0.0634791,0.180414,0.726104,-0.686899,0.0288894,0.0103741
1.25502,-0.00168279,0.0634257,0.180424,0.726104,-0.686899,0.0288894,0.0103741
1.26007,-0.00168279,0.0634257,0.180424,0.726097,-0.686881,0.0293285,0.0108382
1.26502,-0.00168365,0.0633723,0.180435,0.726104,-0.686899,0.0288894,0.0103741
1.27004,-0.0016845,0.0633189,0.180445,0.726104,-0.686899,0.0288894,0.0103741
1.27504,-0.0016845,0.0633189,0.180445,0.72608,-0.686905,0.0289895,0.0113793
1.28007,-0.00168536,0.0632655,0.180456,0.726087,-0.686923,0.0285505,0.0109152
1.2851,-0.00168621,0.0632121,0.180466,0.726087,-0.686923,0.0285505,0.0109152
1.29009,-0.00168621,0.0632121,0.180466,0.726087,-0.686923,0.0285505,0.0109152
1.29509,-0.00168707,0.0631587,0.180477,0.726087,-0.686923,0.0285505,0.0109152
1.30006,-0.00168707,0.0631587,0.180477,0.726087,-0.686923,0.0285505,0.0109152
1.30511,-0.00168707,0.0631587,0.180477,0.726087,-0.686923,0.0285505,0.0109152
1.31013,-0.00168793,0.0631054,0.180487,0.726087,-0.686923,0.0285505,0.0109152
1.31507,-0.00168793,0.0631054,0.180487,0.726087,-0.686923,0.0285505,0.0109152
1.32006,-0.00168878,0.0630519,0.180497,0.72608,-0.686905,0.0289895,0.0113793
1.32502,-0.00168878,0.0630519,0.180497,0.726087,-0.686923,0.0285505,0.0109152
1.33005,-0.00168878,0.0630519,0.180497,0.726087,-0.686923,0.0285505,0.0109152
1.33505,-0.00168878,0.0630519,0.180497,0.726087,-0.686923,0.0285505,0.0109152
1.34003,-0.00168878,0.0630519,0.180497,0.726087,-0.686923,0.0285505,0.0109152
1.34508,-0.00168878,0.0630519,0.180497,0.726062,-0.686929,0.0286505,0.0119204
1.35007,-0.00168878,0.0630519,0.180497,0.726069,-0.686947,0.0282115,0.0114563
1.35504,-0.00168878,0.0630519,0.180497,0.726069,-0.686947,0.0282115,0.0114563
1.36011,-0.00168878,0.0630519,0.180497,0.726069,-0.686947,0.0282115,0.0114563
1.36504,-0.00168878,0.0630519,0.180497,0.726069,-0.686947,0.0282115,0.0114563
1.37004,-0.00168878,0.0630519,0.180497,0.726052,-0.68697,0.0278725,0.0119974
1.37507,-0.00168878,0.0630519,0.180497,0.726052,-0.68697,0.0278725,0.0119974
1.38008,-0.00168878,0.0630519,0.180497,0.726052,-0.68697,0.0278725,0.0119974
1.38509,-0.00168878,0.0630519,0.180497,0.726052,-0.68697,0.0278725,0.0119974
1.39005,-0.00168878,0.0630519,0.180497,0.726483,-0.686489,0.0282827,0.0124783
1.39509,-0.00168878,0.0630519,0.180497,0.726034,-0.686993,0.0275335,0.0125385
1.4001,-0.00168964,0.0629985,0.180508,0.726034,-0.686993,0.0275335,0.0125385
1.40508,-0.00168964,0.0629985,0.180508,0.726473,-0.68653,0.0275052,0.0125552
1.41007,-0.00168964,0.0629985,0.180508,0.726473,-0.68653,0.0275052,0.0125552
1.4151,-0.00168964,0.0629985,0.180508,0.726473,-0.68653,0.0275052,0.0125552
1.42008,-0.00168964,0.0629985,0.180508,0.726454,-0.686553,0.0271665,0.0130965
1.42505,-0.00168964,0.0629985,0.180508,0.726454,-0.686553,0.0271665,0.0130965
1.43006,-0.00168964,0.0629985,0.180508,0.726454,-0.686553,0.0271665,0.0130965
1.43505,-0.00168964,0.0629985,0.180508,0.726454,-0.686553,0.0271665,0.0130965
1.44009,-0.00168964,0.0629985,0.180508,0.726454,-0.686553,0.0271665,0.0130965
1.44509,-0.00168964,0.0629985,0.180508,0.726865,-0.686094,0.0272388,0.0141196
1.45008,-0.00168964,0.0629985,0.180508,0.726874,-0.686112,0.0268003,0.013655
1.45508,-0.00168964,0.0629985,0.180508,0.726874,-0.686112,0.0268003,0.013655
1.4601,-0.00168964,0.0629985,0.180508,0.726874,-0.686112,0.0268003,0.013655
1.46502,-0.00168964,0.0629985,0.180508,0.726874,-0.686112,0.0268003,0.013655
1.47006,-0.00168964,0.0629985,0.180508,0.726855,-0.686134,0.0264619,0.0141965
1.47508,-0.0016905,0.0629451,0.180518,0.726855,-0.686134,0.0264619,0.0141965
1.48009,-0.0016905,0.0629451,0.180518,0.726855,-0.686134,0.0264619,0.0141965
1.48511,-0.0016905,0.0629451,0.180518,0.726855,-0.686134,0.0264619,0.0141965
1.49006,-0.0016905,0.0629451,0.180518,0.726855,-0.686134,0.0264619,0.0141965
1.49508,-0.0016905,0.0629451,0.180518,0.726855,-0.686134,0.0264619,0.0141965
1.50011,-0.00169135,0.0628917,0.180528,0.726855,-0.686134,0.0264619,0.0141965
1.50505,-0.00169135,0.0628917,0.180528,0.726855,-0.686134,0.0264619,0.0141965
1.51008,-0.00169135,0.0628917,0.180528,0.726846,-0.686117,0.0269005,0.0146611
1.51507,-0.00169221,0.0628383,0.180539,0.726855,-0.686134,0.0264619,0.0141965
1.52006,-0.00169221,0.0628383,0.180539,0.726855,-0.686134,0.0264619,0.0141965
1.52504,-0.00169221,0.0628383,0.180539,0.727294,-0.68567,0.0264347,0.0142139
1.53008,-0.00169307,0.0627849,0.180549,0.727294,-0.68567,0.0264347,0.0142139
1.53506,-0.00169307,0.0627849,0.180549,0.727274,-0.685692,0.0260967,0.0147556
1.54011,-0.00169307,0.0627849,0.180549,0.727294,-0.68567,0.0264347,0.0142139
1.54507,-0.00169392,0.0627314,0.180559,0.727294,-0.68567,0.0264347,0.0142139
1.55013,-0.00169392,0.0627314,0.180559,0.727274,-0.685692,0.0260967,0.0147556
1.55505,-0.00169478,0.062678,0.180569,0.727274,-0.685692,0.0260967,0.0147556
1.56008,-0.00169478,0.062678,0.180569,0.727274,-0.685692,0.0260967,0.0147556
1.5651,-0.00169564,0.0626246,0.18058,0.727274,-0.685692,0.0260967,0.0147556
1.57013,-0.00169564,0.0626246,0.18058,0.727274,-0.685692,0.0260967,0.0147556
1.57505,-0.0016965,0.0625711,0.18059,0.727274,-0.685692,0.0260967,0.0147556
1.58006,-0.0016965,0.0625711,0.18059,0.727274,-0.685692,0.0260967,0.0147556
1.58501,-0.00169735,0.0625177,0.1806,0.727274,-0.685692,0.0260967,0.0147556
1.59008,-0.00169735,0.0625177,0.1806,0.727274,-0.685692,0.0260967,0.0147556
1.59509,-0.00169821,0.0624642,0.18061,0.727274,-0.685692,0.0260967,0.0147556
1.60011,-0.00169821,0.0624642,0.18061,0.727274,-0.685692,0.0260967,0.0147556
1.60507,-0.00169907,0.0624108,0.18062,0.727274,-0.685692,0.0260967,0.0147556
1.6101,-0.00169907,0.0624108,0.18062,0.727255,-0.685713,0.0257586,0.0152973
1.61526,-0.00169992,0.0623573,0.18063,0.727255,-0.685713,0.0257586,0.0152973
1.62003,-0.00169992,0.0623573,0.18063,0.727255,-0.685713,0.0257586,0.0152973
1.62508,-0.00170078,0.0623039,0.18064,0.727255,-0.685713,0.0257586,0.0152973
1.6301,-0.00170078,0.0623039,0.18064,0.727255,-0.685713,0.0257586,0.0152973
1.63502,-0.00170078,0.0623039,0.18064,0.727255,-0.685713,0.0257586,0.0152973
1.64011,-0.00170164,0.0622504,0.180651,0.727255,-0.685713,0.0257586,0.0152973
1.6451,-0.00170164,0.0622504,0.180651,0.727235,-0.685735,0.0254206,0.015839
1.65008,-0.0017025,0.0621969,0.180661,0.727235,-0.685735,0.0254206,0.015839
1.65507,-0.0017025,0.0621969,0.180661,0.727225,-0.685718,0.0258589,0.0163038
1.66009,-0.00170335,0.0621435,0.180671,0.727235,-0.685735,0.0254206,0.015839
1.66503,-0.00170335,0.0621435,0.180671,0.727235,-0.685735,0.0254206,0.015839
1.67007,-0.00170335,0.0621435,0.180671,0.727235,-0.685735,0.0254206,0.015839
1.67507,-0.00170421,0.06209,0.180681,0.727225,-0.685718,0.0258589,0.0163038
1.6801,-0.00170421,0.06209,0.180681,0.727235,-0.685735,0.0254206,0.015839
1.68508,-0.00170421,0.06209,0.180681,0.727235,-0.685735,0.0254206,0.015839
1.69007,-0.00170507,0.0620365,0.180691,0.727235,-0.685735,0.0254206,0.015839
1.69509,-0.00170507,0.0620365,0.180691,0.727235,-0.685735,0.0254206,0.015839
1.70007,-0.00170507,0.0620365,0.180691,0.727215,-0.685756,0.0250826,0.0163807
1.70505,-0.00170593,0.061983,0.180701,0.727653,-0.685292,0.0250567,0.0163989
1.71006,-0.00170593,0.061983,0.180701,0.727215,-0.685756,0.0250826,0.0163807
1.71505,-0.00170593,0.061983,0.180701,0.727215,-0.685756,0.0250826,0.0163807
1.72002,-0.00170593,0.061983,0.180701,0.727215,-0.685756,0.0250826,0.0163807
1.72509,-0.00170593,0.061983,0.180701,0.727215,-0.685756,0.0250826,0.0163807
1.73006,-0.00170593,0.061983,0.180701,0.727215,-0.685756,0.0250826,0.0163807
1.73506,-0.00170593,0.061983,0.180701,0.727194,-0.685777,0.0247445,0.0169224
1.74006,-0.00170679,0.0619295,0.18071,0.727194,-0.685777,0.0247445,0.0169224
1.74506,-0.00170679,0.0619295,0.18071,0.727194,-0.685777,0.0247445,0.0169224
1.75006,-0.00170679,0.0619295,0.18071,0.727194,-0.685777,0.0247445,0.0169224
1.75506,-0.00170679,0.0619295,0.18071,0.727194,-0.685777,0.0247445,0.0169224
1.76009,-0.00170679,0.0619295,0.18071,0.727194,-0.685777,0.0247445,0.0169224
1.76508,-0.00170679,0.0619295,0.18071,0.727194,-0.685777,0.0247445,0.0169224
1.7701,-0.00170764,0.061876,0.18072,0.727194,-0.685777,0.0247445,0.0169224
1.77508,-0.00170764,0.061876,0.18072,0.727194,-0.685777,0.0247445,0.0169224
1.7801,-0.00170764,0.061876,0.18072,0.727194,-0.685777,0.0247445,0.0169224
1.78505,-0.00170764,0.061876,0.18072,0.727194,-0.685777,0.0247445,0.0169224
1.79007,-0.00170764,0.061876,0.18072,0.727194,-0.685777,0.0247445,0.0169224
1.79513,-0.00170764,0.061876,0.18072,0.727174,-0.685797,0.0244064,0.017464
1.80013,-0.0017085,0.0618225,0.18073,0.727174,-0.685797,0.0244064,0.017464
1.80505,-0.0017085,0.0618225,0.18073,0.727174,-0.685797,0.0244064,0.017464
1.81005,-0.00170936,0.061769,0.18074,0.727174,-0.685797,0.0244064,0.017464
1.81505,-0.00170936,0.061769,0.18074,0.727174,-0.685797,0.0244064,0.017464
1.82001,-0.00170936,0.061769,0.18074,0.727174,-0.685797,0.0244064,0.017464
1.82507,-0.00171022,0.0617155,0.18075,0.727153,-0.685818,0.0240684,0.0180057
1.8301,-0.00171022,0.0617155,0.18075,0.727153,-0.685818,0.0240684,0.0180057
1.83503,-0.00171108,0.061662,0.18076,0.727153,-0.685818,0.0240684,0.0180057
1.84007,-0.00171108,0.061662,0.18076,0.727174,-0.685797,0.0244064,0.017464
1.84506,-0.00171108,0.061662,0.18076,0.727153,-0.685818,0.0240684,0.0180057
1.85006,-0.00171108,0.061662,0.18076,0.727153,-0.685818,0.0240684,0.0180057
1.85509,-0.00171193,0.0616085,0.18077,0.727153,-0.685818,0.0240684,0.0180057
1.8601,-0.00171193,0.0616085,0.18077,0.727153,-0.685818,0.0240684,0.0180057
1.86509,-0.00171193,0.0616085,0.18077,0.727153,-0.685818,0.0240684,0.0180057
1.87007,-0.00171279,0.061555,0.180779,0.727153,-0.685818,0.0240684,0.0180057
1.87506,-0.00171279,0.061555,0.180779,0.727153,-0.685818,0.0240684,0.0180057
1.88012,-0.00171279,0.061555,0.180779,0.727153,-0.685818,0.0240684,0.0180057
1.88501,-0.00171365,0.0615015,0.180789,0.727153,-0.685818,0.0240684,0.0180057
1.89009,-0.00171365,0.0615015,0.180789,0.727153,-0.685818,0.0240684,0.0180057
1.89511,-0.00171365,0.0615015,0.180789,0.727153,-0.685818,0.0240684,0.0180057
1.90006,-0.00171365,0.0615015,0.180789,0.727153,-0.685818,0.0240684,0.0180057
1.90509,-0.00171365,0.0615015,0.180789,0.727153,-0.685818,0.0240684,0.0180057
1.91009,-0.00171451,0.0614479,0.180799,0.727153,-0.685818,0.0240684,0.0180057
1.91514,-0.00171451,0.0614479,0.180799,0.727153,-0.685818,0.0240684,0.0180057
1.92012,-0.00171451,0.0614479,0.180799,0.727153,-0.685818,0.0240684,0.0180057
1.9251,-0.00171451,0.0614479,0.180799,0.727153,-0.685818,0.0240684,0.0180057
1.93008,-0.00171451,0.0614479,0.180799,0.727153,-0.685818,0.0240684,0.0180057
1.93504,-0.00171537,0.0613944,0.180809,0.727153,-0.685818,0.0240684,0.0180057
1.94009,-0.00171537,0.0613944,0.180809,0.727153,-0.685818,0.0240684,0.0180057
1.9451,-0.00171537,0.0613944,0.180809,0.727153,-0.685818,0.0240684,0.0180057
1.95002,-0.00171537,0.0613944,0.180809,0.727153,-0.685818,0.0240684,0.0180057
1.95506,-0.00171537,0.0613944,0.180809,0.727153,-0.685818,0.0240684,0.0180057
1.96012,-0.00171623,0.0613409,0.180818,0.727153,-0.685818,0.0240684,0.0180057
1.96509,-0.00171623,0.0613409,0.180818,0.727153,-0.685818,0.0240684,0.0180057
1.97006,-0.00171623,0.0613409,0.180818,0.727153,-0.685818,0.0240684,0.0180057
1.97504,-0.00171623,0.0613409,0.180818,0.727141,-0.685802,0.0245067,0.0184705
1.98009,-0.00171623,0.0613409,0.180818,0.727153,-0.685818,0.0240684,0.0180057
1.98506,-0.00171709,0.0612873,0.180828,0.727153,-0.685818,0.0240684,0.0180057
1.99007,-0.00171709,0.0612873,0.180828,0.727153,-0.685818,0.0240684,0.0180057
1.99507,-0.00171709,0.0612873,0.180828,0.727153,-0.685818,0.0240684,0.0180057
2.00008,-0.00171794,0.0612338,0.180838,0.727153,-0.685818,0.0240684,0.0180057
2.00501,-0.00171794,0.0612338,0.180838,0.727153,-0.685818,0.0240684,0.0180057
2.01013,-0.00171794,0.0612338,0.180838,0.727153,-0.685818,0.0240684,0.0180057
2.01513,-0.00171794,0.0612338,0.180838,0.727153,-0.685818,0.0240684,0.0180057
2.02007,-0.0017188,0.0611802,0.180847,0.727153,-0.685818,0.0240684,0.0180057
2.02509,-0.0017188,0.0611802,0.180847,0.727153,-0.685818,0.0240684,0.0180057
2.0301,-0.0017188,0.0611802,0.180847,0.727153,-0.685818,0.0240684,0.0180057
2.03508,-0.00171966,0.0611267,0.180857,0.727153,-0.685818,0.0240684,0.0180057
2.04016,-0.00171966,0.0611267,0.180857,0.727153,-0.685818,0.0240684,0.0180057
2.04513,-0.00171966,0.0611267,0.180857,0.727141,-0.685802,0.0245067,0.0184705
2.05011,-0.00171966,0.0611267,0.180857,0.727153,-0.685818,0.0240684,0.0180057
2.05506,-0.00172052,0.0610731,0.180866,0.727153,-0.685818,0.0240684,0.0180057
2.0601,-0.00172052,0.0610731,0.180866,0.727153,-0.685818,0.0240684,0.0180057
2.06507,-0.00172052,0.0610731,0.180866,0.727153,-0.685818,0.0240684,0.0180057
2.07004,-0.00172052,0.0610731,0.180866,0.727153,-0.685818,0.0240684,0.0180057
2.07509,-0.00172138,0.0610196,0.180876,0.727119,-0.685822,0.0241686,0.0190121
2.08012,-0.00172138,0.0610196,0.180876,0.727141,-0.685802,0.0245067,0.0184705
2.08511,-0.00172138,0.0610196,0.180876,0.727153,-0.685818,0.0240684,0.0180057
2.09002,-0.00172224,0.060966,0.180885,0.727131,-0.685838,0.0237303,0.0185474
2.0951,-0.00172224,0.060966,0.180885,0.727131,-0.685838,0.0237303,0.0185474
2.10014,-0.00172224,0.060966,0.180885,0.727131,-0.685838,0.0237303,0.0185474
2.10503,-0.0017231,0.0609125,0.180895,0.727131,-0.685838,0.0237303,0.0185474
2.11007,-0.0017231,0.0609125,0.180895,0.727119,-0.685822,0.0241686,0.0190121
2.11505,-0.0017231,0.0609125,0.180895,0.727131,-0.685838,0.0237303,0.0185474
2.12006,-0.00172396,0.0608589,0.180904,0.72711,-0.685857,0.0233922,0.019089
2.12509,-0.00172396,0.0608589,0.180904,0.72711,-0.685857,0.0233922,0.019089
2.1301,-0.00172396,0.0608589,0.180904,0.72711,-0.685857,0.0233922,0.019089
2.13507,-0.00172396,0.0608589,0.180904,0.72711,-0.685857,0.0233922,0.019089
2.14009,-0.00172482,0.0608053,0.180914,0.72711,-0.685857,0.0233922,0.019089
2.1451,-0.00172482,0.0608053,0.180914,0.727088,-0.685877,0.0230541,0.0196307
2.15003,-0.00172482,0.0608053,0.180914,0.727088,-0.685877,0.0230541,0.0196307
2.15513,-0.00172567,0.0607517,0.180923,0.727088,-0.685877,0.0230541,0.0196307
2.16011,-0.00172653,0.0606982,0.180933,0.727088,-0.685877,0.0230541,0.0196307
2.16513,-0.00172653,0.0606982,0.180933,0.727075,-0.685862,0.0234925,0.0200954
2.17008,-0.00172739,0.0606446,0.180942,0.727088,-0.685877,0.0230541,0.0196307
2.17508,-0.00172739,0.0606446,0.180942,0.727065,-0.685896,0.022716,0.0201723
2.18006,-0.00172825,0.060591,0.180952,0.727065,-0.685896,0.022716,0.0201723
2.18508,-0.00172825,0.060591,0.180952,0.727065,-0.685896,0.022716,0.0201723
2.1901,-0.00172911,0.0605374,0.180961,0.727065,-0.685896,0.022716,0.0201723
2.19509,-0.00172997,0.0604838,0.18097,0.727065,-0.685896,0.022716,0.0201723
2.20008,-0.00172997,0.0604838,0.18097,0.727065,-0.685896,0.022716,0.0201723
2.20503,-0.00173083,0.0604302,0.18098,0.727065,-0.685896,0.022716,0.0201723
2.2101,-0.00173083,0.0604302,0.18098,0.727065,-0.685896,0.022716,0.0201723
2.21509,-0.00173169,0.0603766,0.180989,0.727065,-0.685896,0.022716,0.0201723
2.22013,-0.00173169,0.0603766,0.180989,0.727065,-0.685896,0.022716,0.0201723
2.22509,-0.00173255,0.060323,0.180998,0.727043,-0.685915,0.0223778,0.020714
2.23011,-0.00173255,0.060323,0.180998,0.727043,-0.685915,0.0223778,0.020714
2.23508,-0.00173341,0.0602694,0.181007,0.727052,-0.685881,0.0231544,0.0206371
2.24009,-0.00173341,0.0602694,0.181007,0.727043,-0.685915,0.0223778,0.020714
2.2451,-0.00173427,0.0602158,0.181017,0.727043,-0.685915,0.0223778,0.020714
2.25012,-0.00173427,0.0602158,0.181017,0.727043,-0.685915,0.0223778,0.020714
2.25506,-0.00173513,0.0601621,0.181026,0.727043,-0.685915,0.0223778,0.020714
2.26007,-0.00173513,0.0601621,0.181026,0.727043,-0.685915,0.0223778,0.020714
2.26506,-0.00173599,0.0601085,0.181035,0.727043,-0.685915,0.0223778,0.020714
2.27008,-0.00173599,0.0601085,0.181035,0.727043,-0.685915,0.0223778,0.020714
2.2751,-0.00173685,0.0600549,0.181044,0.727043,-0.685915,0.0223778,0.020714
2.28006,-0.00173771,0.0600013,0.181053,0.727029,-0.6859,0.0228163,0.0211787
2.28508,-0.00173771,0.0600013,0.181053,0.727043,-0.685915,0.0223778,0.020714
2.29007,-0.00173857,0.0599476,0.181062,0.727043,-0.685915,0.0223778,0.020714
2.29508,-0.00173857,0.0599476,0.181062,0.727043,-0.685915,0.0223778,0.020714
2.30008,-0.00173943,0.059894,0.181072,0.727043,-0.685915,0.0223778,0.020714
2.30506,-0.00173943,0.059894,0.181072,0.727043,-0.685915,0.0223778,0.020714
2.31007,-0.00174029,0.0598404,0.181081,0.727043,-0.685915,0.0223778,0.020714
2.31507,-0.00174029,0.0598404,0.181081,0.727043,-0.685915,0.0223778,0.020714
2.32011,-0.00174029,0.0598404,0.181081,0.727043,-0.685915,0.0223778,0.020714
2.32534,-0.00174115,0.0597867,0.18109,0.727043,-0.685915,0.0223778,0.020714
2.3301,-0.00174115,0.0597867,0.18109,0.727029,-0.6859,0.0228163,0.0211787
2.3351,-0.00174115,0.0597867,0.18109,0.727043,-0.685915,0.0223778,0.020714
2.34008,-0.00174201,0.0597331,0.181099,0.727029,-0.6859,0.0228163,0.0211787
2.34509,-0.00174201,0.0597331,0.181099,0.72702,-0.685933,0.0220397,0.0212556
2.35008,-0.00174201,0.0597331,0.181099,0.727043,-0.685915,0.0223778,0.020714
2.35508,-0.00174201,0.0597331,0.181099,0.72702,-0.685933,0.0220397,0.0212556
2.36014,-0.00174287,0.0596794,0.181108,0.72702,-0.685933,0.0220397,0.0212556
2.36504,-0.00174287,0.0596794,0.181108,0.72702,-0.685933,0.0220397,0.0212556
2.37007,-0.00174287,0.0596794,0.181108,0.72702,-0.685933,0.0220397,0.0212556
2.37509,-0.00174287,0.0596794,0.181108,0.72702,-0.685933,0.0220397,0.0212556
2.38012,-0.00174287,0.0596794,0.181108,0.72702,-0.685933,0.0220397,0.0212556
2.38507,-0.00174373,0.0596258,0.181117,0.726983,-0.685938,0.02214,0.0222619
2.39009,-0.00174373,0.0596258,0.181117,0.726997,-0.685952,0.0217016,0.0217972
2.3951,-0.00174373,0.0596258,0.181117,0.726997,-0.685952,0.0217016,0.0217972
2.40005,-0.00174459,0.0595721,0.181126,0.726997,-0.685952,0.0217016,0.0217972
2.40509,-0.00174459,0.0595721,0.181126,0.726997,-0.685952,0.0217016,0.0217972
2.41014,-0.00174459,0.0595721,0.181126,0.726997,-0.685952,0.0217016,0.0217972
2.41509,-0.00174546,0.0595184,0.181135,0.726997,-0.685952,0.0217016,0.0217972
2.42008,-0.00174546,0.0595184,0.181135,0.726983,-0.685938,0.02214,0.0222619
2.42509,-0.00174632,0.0594648,0.181144,0.726997,-0.685952,0.0217016,0.0217972
2.43013,-0.00174632,0.0594648,0.181144,0.726973,-0.68597,0.0213634,0.0223388
2.43508,-0.00174718,0.0594111,0.181152,0.726973,-0.68597,0.0213634,0.0223388
2.44006,-0.00174718,0.0594111,0.181152,0.726973,-0.68597,0.0213634,0.0223388
2.4451,-0.00174804,0.0593574,0.181161,0.726959,-0.685956,0.0218019,0.0228035
2.45008,-0.0017489,0.0593037,0.18117,0.726959,-0.685956,0.0218019,0.0228035
2.45508,-0.0017489,0.0593037,0.18117,0.726959,-0.685956,0.0218019,0.0228035
2.46014,-0.00174976,0.0592501,0.181179,0.726973,-0.68597,0.0213634,0.0223388
2.4651,-0.00174976,0.0592501,0.181179,0.726959,-0.685956,0.0218019,0.0228035
2.47008,-0.00175062,0.0591964,0.181188,0.726973,-0.68597,0.0213634,0.0223388
2.4751,-0.00175148,0.0591427,0.181197,0.726935,-0.685974,0.0214637,0.0233451
2.48011,-0.00175148,0.0591427,0.181197,0.72695,-0.685987,0.0210253,0.0228804
2.48509,-0.00175148,0.0591427,0.181197,0.72695,-0.685987,0.0210253,0.0228804
2.49008,-0.00175234,0.059089,0.181205,0.72695,-0.685987,0.0210253,0.0228804
2.49514,-0.00175234,0.059089,0.181205,0.72695,-0.685987,0.0210253,0.0228804
2.50007,-0.00175234,0.059089,0.181205,0.72695,-0.685987,0.0210253,0.0228804
2.5051,-0.0017532,0.0590353,0.181214,0.72695,-0.685987,0.0210253,0.0228804
2.51008,-0.0017532,0.0590353,0.181214,0.726935,-0.685974,0.0214637,0.0233451
2.51514,-0.0017532,0.0590353,0.181214,0.726935,-0.685974,0.0214637,0.0233451
2.52008,-0.00175406,0.0589816,0.181223,0.72695,-0.685987,0.0210253,0.0228804
2.52508,-0.00175406,0.0589816,0.181223,0.72695,-0.685987,0.0210253,0.0228804
2.53013,-0.00175493,0.0589279,0.181232,0.72695,-0.685987,0.0210253,0.0228804
2.53506,-0.00175493,0.0589279,0.181232,0.72695,-0.685987,0.0210253,0.0228804
2.54013,-0.00175579,0.0588742,0.18124,0.72695,-0.685987,0.0210253,0.0228804
2.54512,-0.00175579,0.0588742,0.18124,0.72695,-0.685987,0.0210253,0.0228804
2.55012,-0.00175665,0.0588205,0.181249,0.72695,-0.685987,0.0210253,0.0228804
2.5551,-0.00175751,0.0587668,0.181258,0.726935,-0.685974,0.0214637,0.0233451
2.56011,-0.00175768,0.0587561,0.181204,0.727089,-0.685839,0.0210184,0.0228871
2.56506,-0.00175854,0.0587024,0.181213,0.727089,-0.685839,0.0210184,0.0228871
2.57004,-0.0017594,0.0586487,0.181221,0.727075,-0.685826,0.0214567,0.0233518
2.57513,-0.0017594,0.0586487,0.181221,0.727075,-0.685826,0.0214567,0.0233518
2.58012,-0.00176027,0.0585949,0.18123,0.727089,-0.685839,0.0210184,0.0228871
2.5851,-0.00176027,0.0585949,0.18123,0.727075,-0.685826,0.0214567,0.0233518
2.59009,-0.00176113,0.0585412,0.181239,0.727075,-0.685826,0.0214567,0.0233518
2.59512,-0.00176113,0.0585412,0.181239,0.727075,-0.685826,0.0214567,0.0233518
2.60012,-0.00176199,0.0584875,0.181247,0.727075,-0.685826,0.0214567,0.0233518
2.60509,-0.00176285,0.0584337,0.181256,0.727075,-0.685826,0.0214567,0.0233518
2.61012,-0.00176285,0.0584337,0.181256,0.727075,-0.685826,0.0214567,0.0233518
2.61505,-0.00176285,0.0584337,0.181256,0.727075,-0.685826,0.0214567,0.0233518
2.62008,-0.00176371,0.05838,0.181264,0.727075,-0.685826,0.0214567,0.0233518
2.6251,-0.00176458,0.0583263,0.181273,0.727075,-0.685826,0.0214567,0.0233518
2.63011,-0.00176458,0.0583263,0.181273,0.72705,-0.685843,0.0211185,0.0238933
2.63516,-0.00176544,0.0582725,0.181281,0.72705,-0.685843,0.0211185,0.0238933
2.64011,-0.00176544,0.0582725,0.181281,0.72705,-0.685843,0.0211185,0.0238933
2.64512,-0.0017663,0.0582188,0.181289,0.72705,-0.685843,0.0211185,0.0238933
2.65007,-0.0017663,0.0582188,0.181289,0.72705,-0.685843,0.0211185,0.0238933
2.65506,-0.0017663,0.0582188,0.181289,0.727075,-0.685826,0.0214567,0.0233518
2.66012,-0.00176716,0.058165,0.181298,0.72705,-0.685843,0.0211185,0.0238933
2.66511,-0.00176716,0.058165,0.181298,0.72705,-0.685843,0.0211185,0.0238933
2.6701,-0.00176802,0.0581113,0.181306,0.72705,-0.685843,0.0211185,0.0238933
2.67509,-0.00176802,0.0581113,0.181306,0.72705,-0.685843,0.0211185,0.0238933
2.68014,-0.00176802,0.0581113,0.181306,0.72705,-0.685843,0.0211185,0.0238933
2.6851,-0.00176889,0.0580575,0.181315,0.72705,-0.685843,0.0211185,0.0238933
2.69007,-0.00176889,0.0580575,0.181315,0.72705,-0.685843,0.0211185,0.0238933
2.69512,-0.00176889,0.0580575,0.181315,0.72705,-0.685843,0.0211185,0.0238933
2.70005,-0.00176889,0.0580575,0.181315,0.72705,-0.685843,0.0211185,0.0238933
2.70506,-0.00176889,0.0580575,0.181315,0.72705,-0.685843,0.0211185,0.0238933
2.7101,-0.00176975,0.0580037,0.181323,0.72705,-0.685843,0.0211185,0.0238933
2.71508,-0.00176975,0.0580037,0.181323,0.72705,-0.685843,0.0211185,0.0238933
2.7201,-0.00176975,0.0580037,0.181323,0.72705,-0.685843,0.0211185,0.0238933
2.72509,-0.00176975,0.0580037,0.181323,0.72705,-0.685843,0.0211185,0.0238933
2.73009,-0.00176975,0.0580037,0.181323,0.72705,-0.685843,0.0211185,0.0238933
2.73509,-0.00177061,0.05795,0.181331,0.727026,-0.685861,0.0207802,0.0244348
2.74008,-0.00177061,0.05795,0.181331,0.727026,-0.685861,0.0207802,0.0244348
2.7451,-0.00177147,0.0578962,0.18134,0.727026,-0.685861,0.0207802,0.0244348
2.75009,-0.00177147,0.0578962,0.18134,0.727026,-0.685861,0.0207802,0.0244348
2.75508,-0.00177233,0.0578424,0.181348,0.727026,-0.685861,0.0207802,0.0244348
2.76011,-0.00177233,0.0578424,0.181348,0.726587,-0.686325,0.0208015,0.0244132
2.76514,-0.00177233,0.0578424,0.181348,0.727001,-0.685878,0.0204419,0.0249763
2.77005,-0.0017732,0.0577887,0.181356,0.727001,-0.685878,0.0204419,0.0249763
2.77509,-0.0017732,0.0577887,0.181356,0.727001,-0.685878,0.0204419,0.0249763
2.78013,-0.00177406,0.0577349,0.181364,0.727001,-0.685878,0.0204419,0.0249763
2.78512,-0.00177406,0.0577349,0.181364,0.727001,-0.685878,0.0204419,0.0249763
2.7901,-0.00177492,0.0576811,0.181372,0.727001,-0.685878,0.0204419,0.0249763
2.79512,-0.00177492,0.0576811,0.181372,0.727001,-0.685878,0.0204419,0.0249763
2.80007,-0.00177579,0.0576273,0.181381,0.727001,-0.685878,0.0204419,0.0249763
2.8051,-0.00177579,0.0576273,0.181381,0.727001,-0.685878,0.0204419,0.0249763
2.81011,-0.00177579,0.0576273,0.181381,0.727001,-0.685878,0.0204419,0.0249763
2.81506,-0.00177665,0.0575735,0.181389,0.726975,-0.685895,0.0201036,0.0255178
2.8201,-0.00177665,0.0575735,0.181389,0.726537,-0.686359,0.0201242,0.0254958
2.82509,-0.00177751,0.0575197,0.181397,0.726975,-0.685895,0.0201036,0.0255178
2.83012,-0.00177837,0.0574659,0.181405,0.726975,-0.685895,0.0201036,0.0255178
2.83516,-0.00177837,0.0574659,0.181405,0.726537,-0.686359,0.0201242,0.0254958
2.8401,-0.00177837,0.0574659,0.181405,0.726537,-0.686359,0.0201242,0.0254958
2.84511,-0.00177924,0.0574121,0.181413,0.726975,-0.685895,0.0201036,0.0255178
2.85013,-0.00177924,0.0574121,0.181413,0.726975,-0.685895,0.0201036,0.0255178
2.85509,-0.0017801,0.0573583,0.181421,0.726537,-0.686359,0.0201242,0.0254958
2.86013,-0.00178027,0.0573477,0.181368,0.727115,-0.685747,0.0200962,0.0255242
2.86513,-0.00173463,0.0573469,0.181368,0.727111,-0.685741,0.0202457,0.0256652
2.87014,-0.00173547,0.0572931,0.181376,0.727111,-0.685741,0.0202457,0.0256652
2.87511,-0.00173547,0.0572931,0.181376,0.726673,-0.686206,0.0202662,0.0256433
2.88013,-0.00173631,0.0572393,0.181384,0.727111,-0.685741,0.0202457,0.0256652
2.88509,-0.00173647,0.0572287,0.181331,0.72725,-0.685593,0.0202383,0.0256717
2.8901,-0.00173731,0.0571749,0.181339,0.72725,-0.685593,0.0202383,0.0256717
2.89511,-0.00173731,0.0571749,0.181339,0.72725,-0.685593,0.0202383,0.0256717
2.90011,-0.00173816,0.0571211,0.181347,0.726812,-0.686058,0.0202588,0.0256498
2.90508,-0.00173816,0.0571211,0.181347,0.72725,-0.685593,0.0202383,0.0256717
2.91013,-0.001739,0.0570672,0.181355,0.72725,-0.685593,0.0202383,0.0256717
2.91512,-0.00173916,0.0570566,0.181301,0.72739,-0.685445,0.0202308,0.0256781
2.92014,-0.00174,0.0570028,0.181309,0.726952,-0.68591,0.0202514,0.0256562
2.92516,-0.00174,0.0570028,0.181309,0.727373,-0.685432,0.020669,0.026143
2.9301,-0.00174,0.0570028,0.181309,0.72739,-0.685445,0.0202308,0.0256781
2.93512,-0.00174084,0.056949,0.181317,0.726935,-0.685897,0.0206898,0.0261208
2.94011,-0.00174084,0.056949,0.181317,0.72739,-0.685445,0.0202308,0.0256781
2.94513,-0.00174185,0.0568846,0.181272,0.727075,-0.685749,0.0206823,0.0261274
2.95014,-0.00174185,0.0568846,0.181272,0.727075,-0.685749,0.0206823,0.0261274
2.95515,-0.00174269,0.0568307,0.18128,0.727075,-0.685749,0.0206823,0.0261274
2.96012,-0.00174269,0.0568307,0.18128,0.727075,-0.685749,0.0206823,0.0261274
2.96515,-0.0017437,0.0567663,0.181234,0.727231,-0.685614,0.0202366,0.0256691
2.97007,-0.0017437,0.0567663,0.181234,0.727215,-0.685601,0.0206748,0.0261339
2.97512,-0.00174454,0.0567125,0.181242,0.727215,-0.685601,0.0206748,0.0261339
2.98018,-0.00174454,0.0567125,0.181242,0.727215,-0.685601,0.0206748,0.0261339
2.98513,-0.00174555,0.0566481,0.181197,0.727354,-0.685453,0.0206673,0.0261404
2.9901,-0.00174555,0.0566481,0.181197,0.727354,-0.685453,0.0206673,0.0261404
2.99518,-0.00174555,0.0566481,0.181197,0.727354,-0.685453,0.0206673,0.0261404
3.0001,-0.00174639,0.0565942,0.181204,0.727354,-0.685453,0.0206673,0.0261404
3.00505,-0.00174655,0.0565837,0.181151,0.727494,-0.685304,0.0206598,0.026147
3.01013,-0.00174739,0.0565299,0.181159,0.727494,-0.685304,0.0206598,0.026147
3.01511,-0.00174739,0.0565299,0.181159,0.727494,-0.685304,0.0206598,0.026147
3.02011,-0.0017484,0.0564655,0.181113,0.727633,-0.685156,0.0206523,0.0261535
3.02511,-0.0017484,0.0564655,0.181113,0.727633,-0.685156,0.0206523,0.0261535
3.03012,-0.00174924,0.0564117,0.181121,0.727633,-0.685156,0.0206523,0.0261535
3.0351,-0.00174924,0.0564117,0.181121,0.727633,-0.685156,0.0206523,0.0261535
3.04011,-0.00175025,0.0563473,0.181075,0.727335,-0.685473,0.0206656,0.0261378
3.04512,-0.00175025,0.0563473,0.181075,0.727335,-0.685473,0.0206656,0.0261378
3.05011,-0.00175109,0.0562935,0.181083,0.727335,-0.685473,0.0206656,0.0261378
3.0551,-0.00175193,0.0562396,0.181091,0.727335,-0.685473,0.0206656,0.0261378
3.06017,-0.00175209,0.0562291,0.181037,0.727475,-0.685325,0.0206581,0.0261444
3.06514,-0.00175294,0.0561753,0.181045,0.727475,-0.685325,0.0206581,0.0261444
3.0701,-0.00175294,0.0561753,0.181045,0.727037,-0.68579,0.0206789,0.0261222
3.07511,-0.00175294,0.0561753,0.181045,0.727037,-0.68579,0.0206789,0.0261222
3.08012,-0.00175378,0.0561214,0.181053,0.727037,-0.68579,0.0206789,0.0261222
3.0851,-0.00175462,0.0560675,0.18106,0.727037,-0.68579,0.0206789,0.0261222
3.0901,-0.00175478,0.0560571,0.181007,0.726738,-0.686106,0.0206923,0.0261065
3.09511,-0.00175562,0.0560032,0.181014,0.726738,-0.686106,0.0206923,0.0261065
3.1001,-0.00175647,0.0559493,0.181022,0.726738,-0.686106,0.0206923,0.0261065
3.10511,-0.00171025,0.0559486,0.181022,0.726734,-0.686101,0.0208417,0.0262476
3.11015,-0.00171107,0.0558947,0.181029,0.726734,-0.686101,0.0208417,0.0262476
3.11511,-0.00171107,0.0558947,0.181029,0.726734,-0.686101,0.0208417,0.0262476
3.12011,-0.00171189,0.0558408,0.181037,0.726734,-0.686101,0.0208417,0.0262476
3.12512,-0.00171189,0.0558408,0.181037,0.726734,-0.686101,0.0208417,0.0262476
3.13015,-0.00171287,0.0557765,0.180991,0.726436,-0.686417,0.020855,0.026232
3.13512,-0.00171287,0.0557765,0.180991,0.726436,-0.686417,0.020855,0.026232
3.1401,-0.00171287,0.0557765,0.180991,0.726436,-0.686417,0.020855,0.026232
3.14516,-0.00171287,0.0557765,0.180991,0.726436,-0.686417,0.020855,0.026232
3.15017,-0.00171369,0.0557226,0.180999,0.726436,-0.686417,0.020855,0.026232
3.1551,-0.00171369,0.0557226,0.180999,0.726436,-0.686417,0.020855,0.026232
3.16014,-0.00171384,0.0557122,0.180945,0.726575,-0.686269,0.0208475,0.0262385
3.16512,-0.00171384,0.0557122,0.180945,0.726558,-0.686256,0.0212861,0.0267029
3.1701,-0.00171384,0.0557122,0.180945,0.726558,-0.686256,0.0212861,0.0267029
3.17515,-0.00171466,0.0556583,0.180953,0.72612,-0.68672,0.0213072,0.0266805
3.18013,-0.00171466,0.0556583,0.180953,0.72612,-0.68672,0.0213072,0.0266805
3.18511,-0.00171482,0.055648,0.180899,0.72626,-0.686572,0.0212996,0.0266871
3.1901,-0.00171482,0.055648,0.180899,0.72626,-0.686572,0.0212996,0.0266871
3.19514,-0.00171564,0.0555941,0.180907,0.72626,-0.686572,0.0212996,0.0266871
3.20006,-0.00171564,0.0555941,0.180907,0.72626,-0.686572,0.0212996,0.0266871
3.20506,-0.00171564,0.0555941,0.180907,0.72626,-0.686572,0.0212996,0.0266871
3.21018,-0.00171646,0.0555402,0.180914,0.72626,-0.686572,0.0212996,0.0266871
3.21517,-0.00171646,0.0555402,0.180914,0.725821,-0.687036,0.0213206,0.0266647
3.22014,-0.00171646,0.0555402,0.180914,0.725778,-0.687039,0.0214175,0.0276676
3.22516,-0.00171646,0.0555402,0.180914,0.725804,-0.687022,0.0217598,0.0271286
3.23015,-0.00171728,0.0554863,0.180921,0.725795,-0.687053,0.0209784,0.0272037
3.23507,-0.00171728,0.0554863,0.180921,0.725795,-0.687053,0.0209784,0.0272037
3.24009,-0.00171728,0.0554863,0.180921,0.725795,-0.687053,0.0209784,0.0272037
3.24515,-0.00171744,0.0554759,0.180868,0.725935,-0.686905,0.0209707,0.0272102
3.25015,-0.00171744,0.0554759,0.180868,0.725935,-0.686905,0.0209707,0.0272102
3.25512,-0.00171744,0.0554759,0.180868,0.725935,-0.686905,0.0209707,0.0272102
3.26018,-0.00171826,0.055422,0.180875,0.725935,-0.686905,0.0209707,0.0272102
3.26512,-0.00171842,0.0554117,0.180822,0.726075,-0.686757,0.020963,0.0272167
3.27008,-0.00171842,0.0554117,0.180822,0.726049,-0.686774,0.0206206,0.0277555
3.27511,-0.00171842,0.0554117,0.180822,0.726049,-0.686774,0.0206206,0.0277555
3.28007,-0.00171857,0.0554014,0.180769,0.726188,-0.686626,0.0206128,0.0277619
3.28514,-0.00171939,0.0553474,0.180776,0.726188,-0.686626,0.0206128,0.0277619
3.29007,-0.00171939,0.0553474,0.180776,0.72575,-0.68709,0.0206331,0.0277391
3.29511,-0.00171955,0.0553372,0.180723,0.72589,-0.686942,0.0206253,0.0277456
3.30015,-0.00171955,0.0553372,0.180723,0.72589,-0.686942,0.0206253,0.0277456
3.30512,-0.00172037,0.0552832,0.18073,0.725872,-0.686929,0.0210644,0.0282095
3.31011,-0.00172053,0.055273,0.180677,0.726012,-0.686781,0.0210565,0.0282161
3.31513,-0.00172053,0.055273,0.180677,0.726012,-0.686781,0.0210565,0.0282161
3.3201,-0.00172068,0.0552627,0.180623,0.726151,-0.686633,0.0210487,0.0282226
3.32516,-0.0017215,0.0552088,0.180631,0.726169,-0.686646,0.0206098,0.0277585
3.33009,-0.00172166,0.0551986,0.180577,0.726291,-0.686485,0.0210408,0.0282292
3.3351,-0.00172166,0.0551986,0.180577,0.726291,-0.686485,0.0210408,0.0282292
3.34012,-0.00172181,0.0551884,0.180524,0.726431,-0.686337,0.0210329,0.0282357
3.34513,-0.00172263,0.0551345,0.180531,0.726431,-0.686337,0.0210329,0.0282357
3.35019,-0.00172263,0.0551345,0.180531,0.726431,-0.686337,0.0210329,0.0282357
3.35515,-0.00172279,0.0551243,0.180478,0.726571,-0.686189,0.021025,0.0282422
3.36015,-0.00172361,0.0550704,0.180485,0.726571,-0.686189,0.021025,0.0282422
3.36513,-0.00172376,0.0550602,0.180432,0.72671,-0.686041,0.0210172,0.0282488
3.37011,-0.00172376,0.0550602,0.180432,0.72671,-0.686041,0.0210172,0.0282488
3.37508,-0.00172392,0.0550501,0.180378,0.726412,-0.686357,0.0210299,0.0282322
3.38013,-0.00172474,0.0549961,0.180385,0.726412,-0.686357,0.0210299,0.0282322
3.38514,-0.00172489,0.054986,0.180332,0.726551,-0.68621,0.021022,0.0282387
3.39017,-0.00172489,0.054986,0.180332,0.726551,-0.68621,0.021022,0.0282387
3.39511,-0.00172489,0.054986,0.180332,0.726551,-0.68621,0.021022,0.0282387
3.40017,-0.00172587,0.054922,0.180286,0.726691,-0.686062,0.0210142,0.0282453
3.4051,-0.00172587,0.054922,0.180286,0.726691,-0.686062,0.0210142,0.0282453
3.41011,-0.00172602,0.0549119,0.180232,0.726857,-0.685897,0.0213508,0.0277143
3.41511,-0.00172684,0.054858,0.18024,0.726857,-0.685897,0.0213508,0.0277143
3.42015,-0.00172766,0.0548041,0.180247,0.726857,-0.685897,0.0213508,0.0277143
3.42507,-0.00168112,0.0547933,0.180193,0.726555,-0.686207,0.0215134,0.0278391
3.43011,-0.00168192,0.0547394,0.1802,0.726555,-0.686207,0.0215134,0.0278391
3.43515,-0.00168192,0.0547394,0.1802,0.726555,-0.686207,0.0215134,0.0278391
3.44013,-0.00168272,0.0546854,0.180208,0.726555,-0.686207,0.0215134,0.0278391
3.44512,-0.00168272,0.0546854,0.180208,0.726555,-0.686207,0.0215134,0.0278391
3.45014,-0.00168287,0.0546754,0.180154,0.726694,-0.686059,0.0215056,0.0278457
3.45513,-0.0016369,0.0546208,0.180161,0.72669,-0.686054,0.021655,0.0279867
3.46012,-0.00163768,0.0545668,0.180168,0.72669,-0.686054,0.021655,0.0279867
3.46513,-0.00163782,0.0545568,0.180115,0.72683,-0.685906,0.0216473,0.0279933
3.47014,-0.0016386,0.0545029,0.180122,0.72683,-0.685906,0.0216473,0.0279933
3.47509,-0.00163874,0.0544929,0.180068,0.726969,-0.685758,0.0216396,0.0279998
3.48011,-0.00163952,0.0544389,0.180075,0.726969,-0.685758,0.0216396,0.0279998
3.48518,-0.00163966,0.054429,0.180022,0.727109,-0.68561,0.0216319,0.0280064
3.49013,-0.00164044,0.054375,0.180029,0.726671,-0.686074,0.0216527,0.0279837
3.49507,-0.00164136,0.0543111,0.179983,0.72681,-0.685926,0.021645,0.0279902
3.50014,-0.00164136,0.0543111,0.179983,0.72681,-0.685926,0.021645,0.0279902
3.50514,-0.00164213,0.0542572,0.17999,0.72681,-0.685926,0.021645,0.0279902
3.51009,-0.00164228,0.0542472,0.179936,0.72695,-0.685778,0.0216373,0.0279967
3.51516,-0.0016432,0.0541834,0.17989,0.72709,-0.68563,0.0216296,0.0280033
3.5201,-0.0016432,0.0541834,0.17989,0.72709,-0.68563,0.0216296,0.0280033
3.52517,-0.00164334,0.0541735,0.179836,0.726791,-0.685947,0.0216427,0.0279871
3.53014,-0.00164411,0.0541195,0.179843,0.726791,-0.685947,0.0216427,0.0279871
3.53513,-0.00164503,0.0540557,0.179797,0.726931,-0.685799,0.021635,0.0279937
3.54012,-0.00164503,0.0540557,0.179797,0.726931,-0.685799,0.021635,0.0279937
3.54514,-0.00164517,0.0540459,0.179743,0.727071,-0.68565,0.0216273,0.0280002
3.55014,-0.00164609,0.0539821,0.179697,0.726772,-0.685967,0.0216404,0.027984
3.55515,-0.00164687,0.0539281,0.179703,0.726772,-0.685967,0.0216404,0.027984
3.56015,-0.00164701,0.0539183,0.17965,0.726912,-0.685819,0.0216327,0.0279906
3.56513,-0.00160071,0.0538637,0.179657,0.726907,-0.685813,0.0217821,0.0281316
3.57014,-0.00160085,0.0538539,0.179603,0.727047,-0.685665,0.0217744,0.0281381
3.57512,-0.0016016,0.0537999,0.17961,0.726609,-0.68613,0.0217952,0.0281155
3.58012,-0.00160236,0.0537459,0.179617,0.726609,-0.68613,0.0217952,0.0281155
3.58516,-0.00160311,0.053692,0.179624,0.726609,-0.68613,0.0217952,0.0281155
3.59013,-0.00160311,0.053692,0.179624,0.726609,-0.68613,0.0217952,0.0281155
3.59511,-0.001604,0.0536282,0.179577,0.726749,-0.685982,0.0217875,0.028122
3.60014,-0.00160476,0.0535742,0.179584,0.726749,-0.685982,0.0217875,0.028122
3.60515,-0.00160551,0.0535202,0.17959,0.72631,-0.686446,0.0218082,0.0280994
3.61012,-0.00160565,0.0535105,0.179537,0.72645,-0.686298,0.0218005,0.0281059
3.61513,-0.0016064,0.0534565,0.179543,0.72645,-0.686298,0.0218005,0.0281059
3.62015,-0.0016064,0.0534565,0.179543,0.72645,-0.686298,0.0218005,0.0281059
3.62515,-0.00160716,0.0534025,0.17955,0.72645,-0.686298,0.0218005,0.0281059
3.63013,-0.00160729,0.0533928,0.179497,0.72659,-0.68615,0.0217929,0.0281124
3.63518,-0.00160805,0.0533388,0.179503,0.72659,-0.68615,0.0217929,0.0281124
3.64013,-0.0016088,0.0532848,0.17951,0.726152,-0.686614,0.0218136,0.0280898
3.64512,-0.00160894,0.0532751,0.179456,0.726291,-0.686466,0.0218059,0.0280963
3.65018,-0.00160894,0.0532751,0.179456,0.726291,-0.686466,0.0218059,0.0280963
3.65508,-0.00160969,0.0532211,0.179463,0.726291,-0.686466,0.0218059,0.0280963
3.66012,-0.00160969,0.0532211,0.179463,0.726291,-0.686466,0.0218059,0.0280963
3.66514,-0.00160983,0.0532115,0.179409,0.726431,-0.686318,0.0217982,0.0281028
3.67016,-0.00161058,0.0531575,0.179416,0.726431,-0.686318,0.0217982,0.0281028
3.6751,-0.00161072,0.0531478,0.179363,0.726571,-0.68617,0.0217906,0.0281093
3.68013,-0.00161147,0.0530938,0.179369,0.726571,-0.68617,0.0217906,0.0281093
3.68515,-0.00161147,0.0530938,0.179369,0.726571,-0.68617,0.0217906,0.0281093
3.69016,-0.00161223,0.0530398,0.179376,0.726132,-0.686635,0.0218113,0.0280867
3.69512,-0.00161236,0.0530302,0.179322,0.726272,-0.686487,0.0218036,0.0280932
3.70019,-0.00161236,0.0530302,0.179322,0.726272,-0.686487,0.0218036,0.0280932
3.70512,-0.00156568,0.0529755,0.179329,0.726268,-0.686481,0.0219529,0.0282344
3.71012,-0.00156568,0.0529755,0.179329,0.726268,-0.686481,0.0219529,0.0282344
3.71511,-0.00156641,0.0529215,0.179335,0.726268,-0.686481,0.0219529,0.0282344
3.72013,-0.00156641,0.0529215,0.179335,0.726268,-0.686481,0.0219529,0.0282344
3.72512,-0.00156727,0.0528579,0.179288,0.726407,-0.686333,0.0219453,0.0282408
3.73012,-0.00156727,0.0528579,0.179288,0.726407,-0.686333,0.0219453,0.0282408
3.73514,-0.00156727,0.0528579,0.179288,0.726407,-0.686333,0.0219453,0.0282408
3.74016,-0.00156801,0.0528038,0.179294,0.726389,-0.686319,0.022384,0.0287051
3.74513,-0.00156801,0.0528038,0.179294,0.726407,-0.686333,0.0219453,0.0282408
3.75008,-0.00156801,0.0528038,0.179294,0.726407,-0.686333,0.0219453,0.0282408
3.75512,-0.00156887,0.0527402,0.179247,0.726529,-0.686171,0.0223762,0.0287117
3.76013,-0.00156887,0.0527402,0.179247,0.726529,-0.686171,0.0223762,0.0287117
3.76515,-0.0015696,0.0526862,0.179254,0.726529,-0.686171,0.0223762,0.0287117
3.77015,-0.00157034,0.0526322,0.17926,0.726529,-0.686171,0.0223762,0.0287117
3.77518,-0.00157034,0.0526322,0.17926,0.726547,-0.686185,0.0219376,0.0282473
3.78015,-0.00157107,0.0525781,0.179266,0.726091,-0.686635,0.0223972,0.0286889
3.78516,-0.00152418,0.0525235,0.179273,0.726086,-0.686629,0.0225465,0.0288301
3.79016,-0.00152489,0.0524694,0.179279,0.726086,-0.686629,0.0225465,0.0288301
3.79517,-0.0015256,0.0524154,0.179285,0.726524,-0.686165,0.0225256,0.0288528
3.80016,-0.0015256,0.0524154,0.179285,0.72606,-0.686646,0.0221964,0.0293639
3.80512,-0.00147861,0.0523607,0.179291,0.726055,-0.68664,0.0223456,0.0295051
3.81015,-0.0014793,0.0523067,0.179298,0.726055,-0.68664,0.0223456,0.0295051
3.81518,-0.00147999,0.0522526,0.179304,0.726055,-0.68664,0.0223456,0.0295051
3.82017,-0.00143292,0.052198,0.17931,0.72605,-0.686634,0.0224949,0.0296463
3.82515,-0.00143359,0.0521439,0.179316,0.72605,-0.686634,0.0224949,0.0296463
3.83014,-0.00143359,0.0521439,0.179316,0.72605,-0.686634,0.0224949,0.0296463
3.83514,-0.00143437,0.0520803,0.179269,0.726163,-0.686502,0.0221369,0.0301865
3.84015,-0.00138721,0.0520256,0.179275,0.726159,-0.686496,0.0222862,0.0303276
3.84508,-0.00138785,0.0519716,0.179281,0.726159,-0.686496,0.0222862,0.0303276
3.85019,-0.0013885,0.0519175,0.179287,0.726159,-0.686496,0.0222862,0.0303276
3.85514,-0.0013885,0.0519175,0.179287,0.726159,-0.686496,0.0222862,0.0303276
3.86009,-0.00138914,0.0518634,0.179293,0.726159,-0.686496,0.0222862,0.0303276
3.86513,-0.00134186,0.0518088,0.179299,0.726154,-0.68649,0.0224355,0.0304688
3.87009,-0.00134249,0.0517547,0.179305,0.726154,-0.68649,0.0224355,0.0304688
3.87513,-0.00134311,0.0517007,0.179311,0.726154,-0.68649,0.0224355,0.0304688
3.88012,-0.00129514,0.0517001,0.179311,0.72615,-0.686484,0.0225848,0.0306099
3.88515,-0.00129574,0.051646,0.179317,0.72615,-0.686484,0.0225848,0.0306099
3.89015,-0.00129634,0.051592,0.179323,0.72615,-0.686484,0.0225848,0.0306099
3.89507,-0.00124891,0.0515373,0.179329,0.726145,-0.686477,0.0227341,0.0307511
3.90016,-0.00124891,0.0515373,0.179329,0.726145,-0.686477,0.0227341,0.0307511
3.90514,-0.00120143,0.0514828,0.179335,0.72614,-0.686471,0.0228834,0.0308922
3.91012,-0.00120143,0.0514828,0.179335,0.72614,-0.686471,0.0228834,0.0308922
3.91515,-0.00120199,0.0514287,0.179341,0.72614,-0.686471,0.0228834,0.0308922
3.92016,-0.00115391,0.0514282,0.179341,0.726136,-0.686465,0.0230327,0.0310333
3.92518,-0.00115445,0.0513741,0.179347,0.726136,-0.686465,0.0230327,0.0310333
3.93013,-0.00115498,0.05132,0.179352,0.726136,-0.686465,0.0230327,0.0310333
3.93515,-0.00110686,0.0513195,0.179352,0.726131,-0.686458,0.023182,0.0311745
3.94015,-0.00110686,0.0513195,0.179352,0.726131,-0.686458,0.023182,0.0311745
3.94513,-0.00110737,0.0512654,0.179358,0.726131,-0.686458,0.023182,0.0311745
3.95016,-0.00110737,0.0512654,0.179358,0.726131,-0.686458,0.023182,0.0311745
3.95514,-0.00110788,0.0512113,0.179364,0.726131,-0.686458,0.023182,0.0311745
3.96014,-0.00105971,0.0512109,0.179364,0.726126,-0.686452,0.0233313,0.0313156
3.96514,-0.0010602,0.0511568,0.17937,0.7261,-0.686467,0.022981,0.0318494
3.97016,-0.0010602,0.0511568,0.17937,0.726126,-0.686452,0.0233313,0.0313156
3.97512,-0.00106069,0.0511027,0.179375,0.726126,-0.686452,0.0233313,0.0313156
3.98014,-0.00106069,0.0511027,0.179375,0.7261,-0.686467,0.022981,0.0318494
3.98515,-0.00106118,0.0510486,0.179381,0.726126,-0.686452,0.0233313,0.0313156
3.99016,-0.00106118,0.0510486,0.179381,0.7261,-0.686467,0.022981,0.0318494
3.99512,-0.00106127,0.051039,0.179328,0.726239,-0.686319,0.0229733,0.0318554
4.00014,-0.00106127,0.051039,0.179328,0.726239,-0.686319,0.0229733,0.0318554
4.00513,-0.00106127,0.051039,0.179328,0.726239,-0.686319,0.0229733,0.0318554
4.01013,-0.00106127,0.051039,0.179328,0.726239,-0.686319,0.0229733,0.0318554
4.01515,-0.00106176,0.0509849,0.179333,0.726266,-0.686304,0.0233237,0.0313217
4.02016,-0.00106176,0.0509849,0.179333,0.726239,-0.686319,0.0229733,0.0318554
4.02512,-0.00106184,0.0509754,0.17928,0.726379,-0.686171,0.0229655,0.0318614
4.0301,-0.00101358,0.050975,0.17928,0.726401,-0.686149,0.0234654,0.0314689
4.03518,-0.00101358,0.050975,0.17928,0.726374,-0.686164,0.0231149,0.0320025
4.04015,-0.00101358,0.050975,0.17928,0.726374,-0.686164,0.0231149,0.0320025
4.04516,-0.00101358,0.050975,0.17928,0.726374,-0.686164,0.0231149,0.0320025
4.05017,-0.00101358,0.050975,0.17928,0.726374,-0.686164,0.0231149,0.0320025
4.0552,-0.00101366,0.0509655,0.179226,0.726514,-0.686016,0.0231071,0.0320085
4.06015,-0.00101366,0.0509655,0.179226,0.726514,-0.686016,0.0231071,0.0320085
4.06513,-0.00101366,0.0509655,0.179226,0.726514,-0.686016,0.0231071,0.0320085
4.07013,-0.00101374,0.050956,0.179173,0.726654,-0.685868,0.0230994,0.0320145
4.07513,-0.00101374,0.050956,0.179173,0.726654,-0.685868,0.0230994,0.0320145
4.08017,-0.00101374,0.050956,0.179173,0.726654,-0.685868,0.0230994,0.0320145
4.08516,-0.00101382,0.0509466,0.179119,0.726794,-0.68572,0.0230917,0.0320205
4.09012,-0.00101429,0.0508925,0.179125,0.726794,-0.68572,0.0230917,0.0320205
4.09514,-0.00101429,0.0508925,0.179125,0.726794,-0.68572,0.0230917,0.0320205
4.10013,-0.00101429,0.0508925,0.179125,0.726794,-0.68572,0.0230917,0.0320205
4.10513,-0.00101437,0.0508831,0.179071,0.726933,-0.685572,0.023084,0.0320265
4.11014,-0.00101437,0.0508831,0.179071,0.726933,-0.685572,0.023084,0.0320265
4.11513,-0.00101484,0.0508289,0.179077,0.726933,-0.685572,0.023084,0.0320265
4.12017,-0.00101484,0.0508289,0.179077,0.726933,-0.685572,0.023084,0.0320265
4.12516,-0.00101531,0.0507748,0.179083,0.726933,-0.685572,0.023084,0.0320265
4.13016,-0.00101531,0.0507748,0.179083,0.726907,-0.685587,0.022733,0.0325598
4.13514,-0.00101539,0.0507654,0.179029,0.727046,-0.685439,0.0227252,0.0325657
4.14019,-0.00101586,0.0507113,0.179035,0.726608,-0.685904,0.0227437,0.0325432
4.14513,-0.00101586,0.0507113,0.179035,0.726635,-0.685889,0.0230951,0.0320101
4.15015,-0.00101594,0.0507019,0.178981,0.726775,-0.685741,0.0230874,0.0320161
4.1552,-0.0010164,0.0506478,0.178987,0.726748,-0.685756,0.0227359,0.0325491
4.16011,-0.0010164,0.0506478,0.178987,0.726748,-0.685756,0.0227359,0.0325491
4.16515,-0.00101687,0.0505937,0.178992,0.726748,-0.685756,0.0227359,0.0325491
4.17015,-0.00101687,0.0505937,0.178992,0.726748,-0.685756,0.0227359,0.0325491
4.17511,-0.000968973,0.0505298,0.178944,0.726883,-0.685601,0.0228775,0.032696
4.18013,-0.000968973,0.0505298,0.178944,0.726909,-0.685586,0.0232291,0.032163
4.18515,-0.000968973,0.0505298,0.178944,0.726883,-0.685601,0.0228775,0.032696
4.19014,-0.000969494,0.0504663,0.178896,0.727023,-0.685453,0.0228697,0.0327018
4.19513,-0.000969494,0.0504663,0.178896,0.727023,-0.685453,0.0228697,0.0327018
4.20016,-0.000921094,0.0504566,0.178843,0.727184,-0.685284,0.0233632,0.0323158
4.20519,-0.000921516,0.0504025,0.178848,0.727157,-0.685298,0.0230114,0.0328486
4.21013,-0.000921589,0.0503932,0.178795,0.727297,-0.68515,0.0230036,0.0328545
4.21513,-0.000922012,0.0503391,0.1788,0.727297,-0.68515,0.0230036,0.0328545
4.22014,-0.000873486,0.0503387,0.1788,0.727319,-0.685129,0.023505,0.0324626
4.22513,-0.000873955,0.0502753,0.178752,0.727432,-0.684995,0.0231453,0.0330011
4.23013,-0.000873955,0.0502753,0.178752,0.727432,-0.684995,0.0231453,0.0330011
4.23514,-0.000825781,0.0502208,0.178758,0.727427,-0.684988,0.0232949,0.033142
4.24014,-0.000825846,0.0502116,0.178704,0.727593,-0.684826,0.0236393,0.0326152
4.24518,-0.000825846,0.0502116,0.178704,0.727129,-0.685305,0.0233053,0.0331256
4.25011,-0.000826225,0.0501574,0.178709,0.727593,-0.684826,0.0236393,0.0326152
4.25514,-0.000778041,0.0500937,0.178661,0.727264,-0.68515,0.0234471,0.0332723
4.26014,-0.000778041,0.0500937,0.178661,0.727264,-0.68515,0.0234471,0.0332723
4.26515,-0.000729748,0.0500393,0.178667,0.727285,-0.685129,0.0239493,0.0328808
4.27015,-0.000729805,0.0500301,0.178613,0.727424,-0.684981,0.0239417,0.0328866
4.27514,-0.000681151,0.0500298,0.178613,0.727419,-0.684974,0.0240913,0.0330275
4.28008,-0.000681516,0.0499665,0.178565,0.727559,-0.684826,0.0240838,0.0330332
4.28515,-0.000681516,0.0499665,0.178565,0.727559,-0.684826,0.0240838,0.0330332
4.29014,-0.000633126,0.049912,0.17857,0.727554,-0.684819,0.0242333,0.033174
4.29513,-0.000633175,0.0499029,0.178517,0.727694,-0.684671,0.0242258,0.0331797
4.30019,-0.000633465,0.0498487,0.178522,0.727694,-0.684671,0.0242258,0.0331797
4.30518,-0.000633465,0.0498487,0.178522,0.727256,-0.685136,0.024244,0.0331582
4.3102,-0.000633754,0.0497946,0.178527,0.727256,-0.685136,0.024244,0.0331582
4.31514,-0.000585049,0.0497852,0.178474,0.727391,-0.684981,0.024386,0.0333048
4.32017,-0.000585049,0.0497852,0.178474,0.727391,-0.684981,0.024386,0.0333048
4.32515,-0.000585317,0.049731,0.178479,0.727391,-0.684981,0.024386,0.0333048
4.3302,-0.000585317,0.049731,0.178479,0.727391,-0.684981,0.024386,0.0333048
4.33521,-0.000585362,0.0497219,0.178425,0.72753,-0.684833,0.0243786,0.0333105
4.34015,-0.000536582,0.0497217,0.178425,0.727525,-0.684826,0.0245281,0.0334513
4.34514,-0.000536827,0.0496675,0.178431,0.727525,-0.684826,0.0245281,0.0334513
4.35012,-0.000536868,0.0496584,0.178377,0.727227,-0.685143,0.0245387,0.0334356
4.35518,-0.000537113,0.0496043,0.178382,0.727227,-0.685143,0.0245387,0.0334356
4.36014,-0.000537113,0.0496043,0.178382,0.727227,-0.685143,0.0245387,0.0334356
4.36515,-0.000537113,0.0496043,0.178382,0.727227,-0.685143,0.0245387,0.0334356
4.37022,-0.000537399,0.049541,0.178334,0.727366,-0.684995,0.0245312,0.0334412
4.37514,-0.000537399,0.049541,0.178334,0.727366,-0.684995,0.0245312,0.0334412
4.38015,-0.000537399,0.049541,0.178334,0.727366,-0.684995,0.0245312,0.0334412
4.38514,-0.000488767,0.0494867,0.178339,0.727361,-0.684988,0.0246808,0.0335821
4.39015,-0.000488767,0.0494867,0.178339,0.727361,-0.684988,0.0246808,0.0335821
4.39519,-0.00048899,0.0494325,0.178344,0.727361,-0.684988,0.0246808,0.0335821
4.40015,-0.00048899,0.0494325,0.178344,0.727361,-0.684988,0.0246808,0.0335821
4.40515,-0.00048899,0.0494325,0.178344,0.727361,-0.684988,0.0246808,0.0335821
4.41015,-0.000440325,0.0493691,0.178296,0.727058,-0.685298,0.0248407,0.0337073
4.41514,-0.000440325,0.0493691,0.178296,0.727496,-0.684833,0.0248229,0.0337285
4.42016,-0.000440325,0.0493691,0.178296,0.727058,-0.685298,0.0248407,0.0337073
4.42514,-0.000440526,0.0493149,0.178301,0.727058,-0.685298,0.0248407,0.0337073
4.43014,-0.000440559,0.0493059,0.178247,0.727198,-0.68515,0.0248334,0.0337129
4.43517,-0.00044076,0.0492517,0.178252,0.727198,-0.68515,0.0248334,0.0337129
4.44015,-0.00044076,0.0492517,0.178252,0.727198,-0.68515,0.0248334,0.0337129
4.44516,-0.00044076,0.0492517,0.178252,0.727198,-0.68515,0.0248334,0.0337129
4.45028,-0.00044076,0.0492517,0.178252,0.727198,-0.68515,0.0248334,0.0337129
4.4552,-0.000440994,0.0491885,0.178204,0.727337,-0.685002,0.024826,0.0337185
4.46015,-0.000391994,0.0491884,0.178204,0.727332,-0.684995,0.0249755,0.0338594
4.46519,-0.000392173,0.0491342,0.178209,0.727332,-0.684995,0.0249755,0.0338594
4.47017,-0.000392173,0.0491342,0.178209,0.727332,-0.684995,0.0249755,0.0338594
4.47513,-0.000392173,0.0491342,0.178209,0.727332,-0.684995,0.0249755,0.0338594
4.48012,-0.000392381,0.049071,0.17816,0.727472,-0.684846,0.0249681,0.033865
4.48516,-0.000392381,0.049071,0.17816,0.727034,-0.685311,0.0249859,0.0338439
4.4902,-0.000392381,0.049071,0.17816,0.727034,-0.685311,0.0249859,0.0338439
4.49509,-0.000392588,0.0490079,0.178111,0.727174,-0.685163,0.0249785,0.0338494
4.50028,-0.000392588,0.0490079,0.178111,0.727174,-0.685163,0.0249785,0.0338494
4.50515,-0.000392588,0.0490079,0.178111,0.727174,-0.685163,0.0249785,0.0338494
4.51017,-0.000392618,0.0489989,0.178058,0.727313,-0.685015,0.0249711,0.033855
4.51519,-0.000392796,0.0489447,0.178063,0.727313,-0.685015,0.0249711,0.033855
4.5202,-0.000392796,0.0489447,0.178063,0.727313,-0.685015,0.0249711,0.033855
4.52516,-0.000343852,0.0488904,0.178068,0.727308,-0.685008,0.0251207,0.0339959
4.53018,-0.000343852,0.0488904,0.178068,0.727308,-0.685008,0.0251207,0.0339959
4.53515,-0.000344034,0.0488273,0.178019,0.727448,-0.68486,0.0251133,0.0340014
4.5401,-0.000344034,0.0488273,0.178019,0.727448,-0.68486,0.0251133,0.0340014
4.54515,-0.000344034,0.0488273,0.178019,0.727448,-0.68486,0.0251133,0.0340014
4.55016,-0.00034419,0.0487731,0.178024,0.72701,-0.685325,0.025131,0.0339804
4.55517,-0.000344216,0.0487642,0.17797,0.72715,-0.685177,0.0251236,0.033986
4.56015,-0.000344216,0.0487642,0.17797,0.72715,-0.685177,0.0251236,0.033986
4.56516,-0.000295042,0.0487641,0.17797,0.727144,-0.68517,0.0252731,0.0341268
4.57017,-0.000295198,0.048701,0.177922,0.727284,-0.685022,0.0252658,0.0341323
4.57518,-0.000295198,0.048701,0.177922,0.727284,-0.685022,0.0252658,0.0341323
4.58015,-0.000295331,0.0486468,0.177927,0.727284,-0.685022,0.0252658,0.0341323
4.58515,-0.000295353,0.048638,0.177873,0.727423,-0.684874,0.0252585,0.0341379
4.59017,-0.000295353,0.048638,0.177873,0.727423,-0.684874,0.0252585,0.0341379
4.59513,-0.000246239,0.0485837,0.177878,0.727418,-0.684867,0.0254081,0.0342787
4.60016,-0.000246239,0.0485837,0.177878,0.727418,-0.684867,0.0254081,0.0342787
4.60518,-0.000246257,0.0485748,0.177824,0.727558,-0.684718,0.0254008,0.0342841
4.61015,-0.000246257,0.0485748,0.177824,0.727558,-0.684718,0.0254008,0.0342841
4.61515,-0.000246369,0.0485206,0.177829,0.72712,-0.685183,0.0254183,0.0342633
4.62015,-0.000246369,0.0485206,0.177829,0.727558,-0.684718,0.0254008,0.0342841
4.62523,-0.000246387,0.0485118,0.177775,0.72726,-0.685035,0.025411,0.0342688
4.63017,-0.000246387,0.0485118,0.177775,0.72726,-0.685035,0.025411,0.0342688
4.63515,-0.000246498,0.0484576,0.17778,0.72726,-0.685035,0.025411,0.0342688
4.64015,-0.000246498,0.0484576,0.17778,0.72726,-0.685035,0.025411,0.0342688
4.64514,-0.000246628,0.0483946,0.177731,0.727399,-0.684887,0.0254037,0.0342743
4.65019,-0.000197302,0.0483945,0.177731,0.727394,-0.68488,0.0255533,0.0344151
4.65519,-0.000197302,0.0483945,0.177731,0.727394,-0.68488,0.0255533,0.0344151
4.66016,-0.000197302,0.0483945,0.177731,0.727394,-0.68488,0.0255533,0.0344151
4.66516,-0.000197392,0.0483403,0.177736,0.727394,-0.68488,0.0255533,0.0344151
4.6702,-0.000148044,0.0483403,0.177736,0.727389,-0.684873,0.0257028,0.0345559
4.67518,-0.000148111,0.0482861,0.177741,0.727389,-0.684873,0.0257028,0.0345559
4.68015,-0.000148111,0.0482861,0.177741,0.727389,-0.684873,0.0257028,0.0345559
4.68515,-0.000148111,0.0482861,0.177741,0.727389,-0.684873,0.0257028,0.0345559
4.69017,-0.000148188,0.0482231,0.177692,0.727503,-0.684738,0.0253386,0.0350908
4.6952,-0.000148255,0.0481689,0.177696,0.727503,-0.684738,0.0253386,0.0350908
4.70016,-0.000148255,0.0481689,0.177696,0.727065,-0.685203,0.0253556,0.0350699
4.70516,-0.000148322,0.0481147,0.177701,0.727503,-0.684738,0.0253386,0.0350908
4.71016,-0.000148322,0.0481147,0.177701,0.727065,-0.685203,0.0253556,0.0350699
4.71517,-0.000148389,0.0480605,0.177706,0.727065,-0.685203,0.0253556,0.0350699
4.72022,-0.000148456,0.0480062,0.17771,0.727065,-0.685203,0.0253556,0.0350699
4.72522,-0.000148523,0.047952,0.177715,0.727065,-0.685203,0.0253556,0.0350699
4.73017,-9.90151e-05,0.047952,0.177715,0.72706,-0.685196,0.0255051,0.0352108
4.73517,-9.90597e-05,0.0478978,0.177719,0.727035,-0.685208,0.0251477,0.03574
4.74015,-9.90597e-05,0.0478978,0.177719,0.727035,-0.685208,0.0251477,0.03574
4.74525,-9.91043e-05,0.0478435,0.177724,0.727035,-0.685208,0.0251477,0.03574
4.75017,-9.91043e-05,0.0478435,0.177724,0.727035,-0.685208,0.0251477,0.03574
4.75518,-9.91489e-05,0.0477893,0.177729,0.727035,-0.685208,0.0251477,0.03574
4.76018,-9.91489e-05,0.0477893,0.177729,0.727035,-0.685208,0.0251477,0.03574
4.76516,-9.91935e-05,0.0477351,0.177733,0.727035,-0.685208,0.0251477,0.03574
4.77022,-9.91935e-05,0.0477351,0.177733,0.727035,-0.685208,0.0251477,0.03574
4.77519,-9.92381e-05,0.0476809,0.177738,0.727473,-0.684743,0.0251312,0.035761
4.78018,-9.92381e-05,0.0476809,0.177738,0.727058,-0.685224,0.0247097,0.0352753
4.78519,-4.96413e-05,0.0476266,0.177742,0.72703,-0.685201,0.0252972,0.0358809
4.79016,-4.96413e-05,0.0476266,0.177742,0.72703,-0.685201,0.0252972,0.0358809
4.79517,-4.96636e-05,0.0475724,0.177746,0.72703,-0.685201,0.0252972,0.0358809
4.80021,-4.96859e-05,0.0475181,0.177751,0.72703,-0.685201,0.0252972,0.0358809
4.80515,-4.97082e-05,0.0474639,0.177755,0.72703,-0.685201,0.0252972,0.0358809
4.81016,-4.97082e-05,0.0474639,0.177755,0.72703,-0.685201,0.0252972,0.0358809
4.81515,-4.97305e-05,0.0474097,0.17776,0.72703,-0.685201,0.0252972,0.0358809
4.82019,0,0.0474097,0.17776,0.727024,-0.685194,0.0254467,0.0360218
4.82523,0,0.0473554,0.177764,0.727047,-0.68521,0.0250087,0.0355571
4.83017,0,0.0473012,0.177768,0.727024,-0.685194,0.0254467,0.0360218
4.83517,0,0.0473012,0.177768,0.727024,-0.685194,0.0254467,0.0360218
4.84012,0,0.0472469,0.177772,0.726999,-0.685206,0.0250893,0.036551
4.84515,4.98233e-05,0.047184,0.177723,0.727159,-0.685038,0.0255888,0.0361678
4.85013,4.98233e-05,0.047184,0.177723,0.727159,-0.685038,0.0255888,0.0361678
4.8552,4.98456e-05,0.0471297,0.177727,0.727159,-0.685038,0.0255888,0.0361678
4.8602,9.97359e-05,0.0470755,0.177732,0.727154,-0.685031,0.0257383,0.0363087
4.86515,9.97805e-05,0.0470213,0.177736,0.727154,-0.685031,0.0257383,0.0363087
4.87019,0.000149671,0.0470213,0.177736,0.727148,-0.685023,0.0258878,0.0364495
4.87517,0.000149738,0.0469671,0.17774,0.727148,-0.685023,0.0258878,0.0364495
4.88016,0.000149805,0.0469128,0.177744,0.727148,-0.685023,0.0258878,0.0364495
4.88518,0.000199829,0.0468586,0.177748,0.727143,-0.685016,0.0260373,0.0365903
4.89018,0.000199829,0.0468586,0.177748,0.727143,-0.685016,0.0260373,0.0365903
4.89511,0.000249897,0.0468045,0.177752,0.727138,-0.685008,0.0261868,0.0367312
4.90017,0.000250009,0.0467502,0.177757,0.727138,-0.685008,0.0261868,0.0367312
4.90516,0.000250138,0.0466872,0.177707,0.727252,-0.684872,0.025822,0.0372653
4.91016,0.000250138,0.0466872,0.177707,0.727277,-0.68486,0.0261796,0.0367362
4.91511,0.0003003,0.0466331,0.177711,0.727272,-0.684852,0.0263292,0.036877
4.9202,0.000300434,0.0465788,0.177715,0.727272,-0.684852,0.0263292,0.036877
4.92516,0.000300568,0.0465246,0.177719,0.727272,-0.684852,0.0263292,0.036877
4.93015,0.000300568,0.0465246,0.177719,0.727272,-0.684852,0.0263292,0.036877
4.93522,0.000350974,0.0464162,0.177727,0.727241,-0.684856,0.0261211,0.0375469
4.94014,0.000350974,0.0464162,0.177727,0.726829,-0.68531,0.0264944,0.0369977
4.94517,0.000401321,0.0463534,0.177677,0.726986,-0.685171,0.0261988,0.0366789
4.95017,0.000401321,0.0463534,0.177677,0.726938,-0.685165,0.0262786,0.0376723
4.95516,0.000451686,0.0462993,0.177681,0.726932,-0.685158,0.0264281,0.0378132
4.96017,0.000451887,0.046245,0.177685,0.726957,-0.685146,0.0267862,0.0372844
4.96515,0.00045212,0.046182,0.177635,0.727097,-0.684998,0.0267791,0.0372893
4.97018,0.000502355,0.0461822,0.177635,0.727115,-0.685008,0.0264907,0.0369654
4.97518,0.000502578,0.046128,0.177639,0.727091,-0.684991,0.0269286,0.0374301
4.98016,0.000553121,0.0460653,0.177589,0.727225,-0.684835,0.027071,0.0375758
4.98522,0.000553121,0.0460653,0.177589,0.727225,-0.684835,0.027071,0.0375758
4.99017,0.000603672,0.0460112,0.177593,0.72722,-0.684827,0.0272206,0.0377166
4.99518,0.000603982,0.0459483,0.177543,0.727359,-0.684679,0.0272136,0.0377214
5.00019,0.000654314,0.0459486,0.177543,0.727329,-0.684682,0.0270047,0.0383908
5.00517,0.000654604,0.0458943,0.177547,0.726916,-0.685164,0.0265816,0.0379063
5.01014,0.00070527,0.0458403,0.177551,0.72691,-0.685128,0.0275277,0.0379835
5.0152,0.00075598,0.0457863,0.177555,0.726905,-0.685121,0.0276772,0.0381244
5.02017,0.00075598,0.0457863,0.177555,0.726905,-0.685121,0.0276772,0.0381244
5.02517,0.000806792,0.0457237,0.177505,0.727039,-0.684965,0.0278197,0.0382699
5.03016,0.000857216,0.0457241,0.177505,0.727033,-0.684985,0.0271725,0.0384743
5.03518,0.000857656,0.0456612,0.177455,0.727148,-0.684819,0.0276034,0.0389436
5.0402,0.000908105,0.0456616,0.177455,0.726705,-0.685276,0.0277672,0.0390651
5.04516,0.00090857,0.0455987,0.177405,0.726869,-0.685145,0.0273224,0.0386051
5.05019,0.00090857,0.0455987,0.177405,0.726844,-0.685128,0.0277603,0.0390697
5.05516,0.000959469,0.0455448,0.177408,0.726839,-0.68512,0.0279097,0.0392105
5.06012,0.00095996,0.045482,0.177358,0.726978,-0.684972,0.0279028,0.039215
5.06513,0.00095996,0.045482,0.177358,0.726978,-0.684972,0.0279028,0.039215
5.07023,0.000960385,0.0454277,0.177362,0.726978,-0.684972,0.0279028,0.039215
5.07518,0.00101093,0.0454281,0.177362,0.72656,-0.685446,0.0276284,0.0388723
5.08012,0.00101145,0.0453653,0.177312,0.726699,-0.685298,0.0276216,0.0388768
5.08517,0.00106202,0.0453657,0.177312,0.726694,-0.68529,0.027771,0.0390176
5.09023,0.00106202,0.0453657,0.177312,0.726694,-0.68529,0.027771,0.0390176
5.09517,0.00111316,0.0453033,0.177262,0.726828,-0.685134,0.0279137,0.0391629
5.10017,0.00111316,0.0453033,0.177262,0.726828,-0.685134,0.0279137,0.0391629
5.10518,0.00116427,0.0452495,0.177265,0.726797,-0.685108,0.0285011,0.0397683
5.11016,0.00116435,0.045241,0.177211,0.726524,-0.685443,0.0280701,0.0392895
5.11517,0.00116486,0.0451867,0.177215,0.726498,-0.685425,0.0285082,0.0397539
5.12019,0.00121551,0.0451872,0.177215,0.726518,-0.685435,0.0282194,0.0394304
5.12523,0.00121604,0.0451329,0.177218,0.726518,-0.685435,0.0282194,0.0394304
5.13016,0.00121604,0.0451329,0.177218,0.726492,-0.685417,0.0286576,0.0398948
5.13517,0.00121666,0.0450702,0.177168,0.726632,-0.685269,0.0286508,0.0398992
5.14016,0.00121666,0.0450702,0.177168,0.726632,-0.685269,0.0286508,0.0398992
5.14516,0.00126791,0.0450164,0.177172,0.726652,-0.685279,0.0283622,0.0395756
5.15019,0.00126791,0.0450164,0.177172,0.726188,-0.685725,0.0288139,0.0400214
5.15518,0.00126791,0.0450164,0.177172,0.726626,-0.68526,0.0288002,0.0400401
5.16018,0.00126791,0.0450164,0.177172,0.726213,-0.685743,0.0283756,0.0395572
5.16513,0.00131921,0.0449626,0.177175,0.726182,-0.685717,0.0289632,0.0401624
5.17023,0.00131921,0.0449626,0.177175,0.726208,-0.685735,0.0285249,0.0396982
5.17518,0.00131921,0.0449626,0.177175,0.726182,-0.685717,0.0289632,0.0401624
5.18017,0.00131921,0.0449626,0.177175,0.726182,-0.685717,0.0289632,0.0401624
5.18519,0.00137055,0.0449089,0.177178,0.726202,-0.685727,0.0286742,0.0398392
5.19023,0.00137055,0.0449089,0.177178,0.726202,-0.685727,0.0286742,0.0398392
5.19516,0.00137055,0.0449089,0.177178,0.726176,-0.685709,0.0291125,0.0403034
5.20016,0.00137055,0.0449089,0.177178,0.726176,-0.685709,0.0291125,0.0403034
5.20521,0.00137064,0.0449004,0.177125,0.726342,-0.685579,0.0286677,0.0398434
5.2102,0.00137064,0.0449004,0.177125,0.726342,-0.685579,0.0286677,0.0398434
5.21518,0.00137064,0.0449004,0.177125,0.726342,-0.685579,0.0286677,0.0398434
5.22017,0.00137064,0.0449004,0.177125,0.726342,-0.685579,0.0286677,0.0398434
5.22521,0.00137064,0.0449004,0.177125,0.726342,-0.685579,0.0286677,0.0398434
5.23015,0.00137064,0.0449004,0.177125,0.726342,-0.685579,0.0286677,0.0398434
5.23514,0.00137064,0.0449004,0.177125,0.726316,-0.685561,0.0291059,0.0403077
5.24017,0.00137064,0.0449004,0.177125,0.726316,-0.685561,0.0291059,0.0403077
5.24518,0.00137064,0.0449004,0.177125,0.726342,-0.685579,0.0286677,0.0398434
5.25019,0.00137064,0.0449004,0.177125,0.725903,-0.686044,0.0286809,0.0398252
5.25519,0.00137064,0.0449004,0.177125,0.725903,-0.686044,0.0286809,0.0398252
5.2602,0.00137064,0.0449004,0.177125,0.725903,-0.686044,0.0286809,0.0398252
5.26519,0.00137064,0.0449004,0.177125,0.725878,-0.686025,0.0291194,0.0402892
5.27019,0.00137064,0.0449004,0.177125,0.725878,-0.686025,0.0291194,0.0402892
5.27522,0.00137064,0.0449004,0.177125,0.725903,-0.686044,0.0286809,0.0398252
5.28016,0.00137064,0.0449004,0.177125,0.725878,-0.686025,0.0291194,0.0402892
5.28519,0.00137064,0.0449004,0.177125,0.725878,-0.686025,0.0291194,0.0402892
5.29023,0.00137064,0.0449004,0.177125,0.725878,-0.686025,0.0291194,0.0402892
5.29525,0.00137064,0.0449004,0.177125,0.72588,-0.686053,0.0283194,0.0403517
5.30017,0.00137124,0.0448461,0.177128,0.72588,-0.686053,0.0283194,0.0403517
5.30521,0.00137124,0.0448461,0.177128,0.725854,-0.686034,0.0287579,0.0408157
5.31014,0.00137124,0.0448461,0.177128,0.725854,-0.686034,0.0287579,0.0408157
5.31518,0.00137185,0.0447918,0.177132,0.72588,-0.686053,0.0283194,0.0403517
5.32021,0.00137185,0.0447918,0.177132,0.72588,-0.686053,0.0283194,0.0403517
5.3252,0.00137185,0.0447918,0.177132,0.72588,-0.686053,0.0283194,0.0403517
5.33018,0.00142265,0.0447924,0.177132,0.725874,-0.686044,0.0284687,0.0404928
5.33518,0.00142328,0.0447381,0.177135,0.725874,-0.686044,0.0284687,0.0404928
5.34018,0.00142337,0.0447297,0.177081,0.726014,-0.685896,0.028462,0.0404969
5.34515,0.00142337,0.0447297,0.177081,0.726014,-0.685896,0.028462,0.0404969
5.35018,0.00142337,0.0447297,0.177081,0.725988,-0.685878,0.0289004,0.0409609
5.3552,0.00147485,0.044676,0.177084,0.726008,-0.685888,0.0286113,0.0406379
5.36018,0.00147495,0.0446676,0.177031,0.726122,-0.685722,0.029043,0.0411061
5.36517,0.00147495,0.0446676,0.177031,0.726122,-0.685722,0.029043,0.0411061
5.3702,0.00147495,0.0446676,0.177031,0.726148,-0.68574,0.0286047,0.040642
5.37518,0.00152659,0.0446055,0.17698,0.726282,-0.685584,0.0287474,0.040787
5.38017,0.00152659,0.0446055,0.17698,0.726255,-0.685565,0.0291856,0.0412512
5.3852,0.00157758,0.0445978,0.176927,0.726389,-0.685409,0.0293283,0.0413962
5.39022,0.00157827,0.0445435,0.17693,0.726416,-0.685427,0.0288901,0.0409319
5.39514,0.00157837,0.0445352,0.176876,0.726529,-0.68526,0.0293216,0.0414003
5.40017,0.00162929,0.0445358,0.176876,0.726549,-0.685271,0.029033,0.0410768
5.4052,0.00163,0.0444815,0.176879,0.726549,-0.685271,0.029033,0.0410768
5.41018,0.00168094,0.0444822,0.176879,0.726543,-0.685262,0.0291823,0.0412177
5.41514,0.00168179,0.0444196,0.176829,0.726683,-0.685114,0.0291758,0.0412217
5.4202,0.00168179,0.0444196,0.176829,0.726245,-0.685579,0.0291882,0.0412038
5.42521,0.00173275,0.0444203,0.176829,0.72665,-0.685087,0.0297631,0.041827
5.43022,0.0017335,0.044366,0.176832,0.726677,-0.685106,0.0293252,0.0413625
5.43536,0.00178461,0.0443584,0.176778,0.726373,-0.685414,0.0294804,0.0414896
5.44018,0.00178539,0.0443041,0.176782,0.726373,-0.685414,0.0294804,0.0414896
5.44517,0.00178539,0.0443041,0.176782,0.726373,-0.685414,0.0294804,0.0414896
5.4502,0.00178629,0.0442415,0.176731,0.726512,-0.685266,0.029474,0.0414934
5.45522,0.00183732,0.0442423,0.176731,0.726506,-0.685257,0.0296233,0.0416343
5.46015,0.00183813,0.0441879,0.176734,0.726506,-0.685257,0.0296233,0.0416343
5.46519,0.00188931,0.0441805,0.17668,0.726613,-0.685081,0.0302042,0.0422435
5.4702,0.00189013,0.0441261,0.176684,0.72664,-0.685101,0.0297663,0.041779
5.47524,0.00189026,0.0441179,0.17663,0.726753,-0.684933,0.0301977,0.0422474
5.48023,0.00194219,0.0440644,0.176633,0.726747,-0.684925,0.0303472,0.0423882
5.4852,0.00194219,0.0440644,0.176633,0.726773,-0.684944,0.0299094,0.0419237
5.4902,0.0019943,0.0440027,0.176582,0.72688,-0.684768,0.0304901,0.0425329
5.49524,0.0019943,0.0440027,0.176582,0.726442,-0.685233,0.0305023,0.0425153
5.50018,0.00204646,0.043941,0.176532,0.726603,-0.685095,0.0302074,0.0421956
5.50522,0.00204646,0.043941,0.176532,0.726603,-0.685095,0.0302074,0.0421956
5.51021,0.00209853,0.0438876,0.176535,0.726596,-0.685087,0.0303568,0.0423364
5.51517,0.00209958,0.0438251,0.176484,0.726709,-0.684919,0.0307883,0.0428046
5.52024,0.00215079,0.043826,0.176484,0.72673,-0.68493,0.0304999,0.0424809
5.52521,0.00220295,0.0437725,0.176487,0.726723,-0.684921,0.0306493,0.0426218
5.53019,0.00220295,0.0437725,0.176487,0.726723,-0.684921,0.0306493,0.0426218
5.53521,0.00225531,0.043711,0.176436,0.726391,-0.68521,0.0312419,0.0432137
5.5402,0.00225531,0.043711,0.176436,0.726829,-0.684744,0.0312302,0.0432307
5.54521,0.00230756,0.0436576,0.176439,0.726413,-0.685221,0.0309533,0.0428902
5.55018,0.00235987,0.0436043,0.176442,0.726378,-0.685192,0.0315406,0.0434954
5.55518,0.00236105,0.0435418,0.176391,0.726518,-0.685044,0.0315344,0.043499
5.56024,0.00241237,0.0435428,0.176391,0.726539,-0.685055,0.0312459,0.0431755
5.56517,0.00241342,0.0434885,0.176394,0.726512,-0.685035,0.0316838,0.0436399
5.57021,0.00246492,0.0434814,0.17634,0.726645,-0.684877,0.031827,0.0437843
5.57522,0.00251736,0.0434281,0.176343,0.726666,-0.684889,0.0315386,0.0434606
5.58021,0.00251862,0.0433657,0.176292,0.726778,-0.68472,0.0319702,0.0439286
5.58518,0.00257001,0.0433667,0.176292,0.726771,-0.684711,0.0321197,0.0440694
5.59018,0.00257113,0.0433124,0.176295,0.726771,-0.684711,0.0321197,0.0440694
5.59518,0.00262385,0.0432511,0.176244,0.726495,-0.68504,0.0318362,0.0437329
5.60021,0.00262385,0.0432511,0.176244,0.726495,-0.68504,0.0318362,0.0437329
5.60538,0.00267663,0.0431899,0.176193,0.7266,-0.684862,0.0324174,0.0443415
5.61017,0.00272809,0.043191,0.176193,0.726621,-0.684874,0.032129,0.0440179
5.61519,0.00278094,0.0431298,0.176142,0.726754,-0.684716,0.0322725,0.044162
5.62019,0.00278215,0.0430754,0.176145,0.726726,-0.684696,0.0327102,0.0446265
5.6252,0.00283384,0.0430686,0.176091,0.726859,-0.684538,0.0328536,0.0447706
5.63017,0.00288661,0.0430155,0.176094,0.726852,-0.684529,0.0330031,0.0449113
5.63529,0.00293833,0.0430087,0.17604,0.727014,-0.684393,0.0327092,0.0445907
5.64018,0.00298987,0.0430099,0.17604,0.726978,-0.684362,0.0332961,0.0451961
5.64519,0.00304292,0.0429489,0.175989,0.727111,-0.684205,0.0334397,0.04534
5.65018,0.00304424,0.0428946,0.175991,0.726673,-0.68467,0.0334501,0.0453243
5.65521,0.00309602,0.0428879,0.175938,0.726835,-0.684534,0.0331561,0.0450037
5.66021,0.00314917,0.042827,0.175886,0.726939,-0.684355,0.0337373,0.0456122
5.66513,0.00320079,0.0428283,0.175886,0.726932,-0.684346,0.0338867,0.0457529
5.67019,0.00320237,0.0427661,0.175835,0.727071,-0.684197,0.033881,0.045756
5.67519,0.00325401,0.0427674,0.175835,0.726626,-0.684653,0.0340405,0.0458814
5.68022,0.00330729,0.0427066,0.175784,0.726759,-0.684496,0.0341842,0.0460252
5.68517,0.00330729,0.0427066,0.175784,0.726759,-0.684496,0.0341842,0.0460252
5.69019,0.0033604,0.0426536,0.175787,0.726781,-0.684508,0.0338961,0.0457014
5.69518,0.0034123,0.0426472,0.175733,0.726914,-0.68435,0.0340399,0.0458451
5.70018,0.00346549,0.0425943,0.175735,0.726878,-0.684319,0.0346268,0.0464504
5.70527,0.0035172,0.0425957,0.175735,0.7269,-0.684331,0.0343388,0.0461265
5.71019,0.00356913,0.0425894,0.175682,0.727003,-0.684151,0.0349201,0.0467347
5.71518,0.00362241,0.0425365,0.175684,0.727026,-0.684164,0.0346323,0.0464106
5.72019,0.00367414,0.042538,0.175684,0.727018,-0.684155,0.0347818,0.0465513
5.72518,0.0037261,0.0425318,0.17563,0.726713,-0.684462,0.0349348,0.0466806
5.73017,0.00372771,0.0424774,0.175633,0.726713,-0.684462,0.0349348,0.0466806
5.73519,0.00377947,0.042479,0.175633,0.726676,-0.68443,0.0355217,0.0472858
5.7402,0.0037797,0.0424712,0.175579,0.726816,-0.684282,0.0355162,0.0472886
5.74525,0.00378133,0.0424169,0.175581,0.726816,-0.684282,0.0355162,0.0472886
5.75021,0.00383312,0.0424185,0.175581,0.726808,-0.684272,0.0356657,0.0474292
5.75521,0.00383312,0.0424185,0.175581,0.7264,-0.68476,0.035237,0.0469507
5.76024,0.00383312,0.0424185,0.175581,0.7264,-0.68476,0.035237,0.0469507
5.76519,0.00383335,0.0424107,0.175528,0.72651,-0.684589,0.0356693,0.0474178
5.77019,0.00388682,0.042358,0.17553,0.726503,-0.684579,0.0358187,0.0475585
5.77518,0.00388682,0.042358,0.17553,0.726503,-0.684579,0.0358187,0.0475585
5.78018,0.00388682,0.042358,0.17553,0.726533,-0.684602,0.0353811,0.0470941
5.78522,0.00388682,0.042358,0.17553,0.726095,-0.685067,0.0353897,0.0470803
5.79022,0.00393886,0.0423519,0.175476,0.726208,-0.684913,0.0351655,0.0477458
5.79524,0.00393886,0.0423519,0.175476,0.726208,-0.684913,0.0351655,0.0477458
5.80019,0.00393886,0.0423519,0.175476,0.726177,-0.684891,0.0356033,0.0482099
5.80518,0.00393886,0.0423519,0.175476,0.726177,-0.684891,0.0356033,0.0482099
5.81022,0.00393886,0.0423519,0.175476,0.726208,-0.684913,0.0351655,0.0477458
5.81519,0.00394056,0.0422976,0.175479,0.726177,-0.684891,0.0356033,0.0482099
5.82019,0.00394056,0.0422976,0.175479,0.726208,-0.684913,0.0351655,0.0477458
5.82523,0.00394056,0.0422976,0.175479,0.726177,-0.684891,0.0356033,0.0482099
5.83025,0.00394056,0.0422976,0.175479,0.726208,-0.684913,0.0351655,0.0477458
5.83516,0.00394056,0.0422976,0.175479,0.726177,-0.684891,0.0356033,0.0482099
5.84021,0.00394056,0.0422976,0.175479,0.725749,-0.685382,0.0348051,0.0482535
5.84521,0.00394056,0.0422976,0.175479,0.726188,-0.684917,0.0347972,0.0482678
5.85022,0.00394056,0.0422976,0.175479,0.725718,-0.685359,0.0352431,0.0487174
5.85522,0.00394056,0.0422976,0.175479,0.725718,-0.685359,0.0352431,0.0487174
5.86053,0.0039408,0.0422899,0.175425,0.725889,-0.685234,0.0347996,0.048256
5.86517,0.0039408,0.0422899,0.175425,0.725889,-0.685234,0.0347996,0.048256
5.87022,0.0039408,0.0422899,0.175425,0.725889,-0.685234,0.0347996,0.048256
5.87517,0.0039408,0.0422899,0.175425,0.725858,-0.685211,0.0352376,0.04872
5.88022,0.0039408,0.0422899,0.175425,0.725858,-0.685211,0.0352376,0.04872
5.88523,0.0039408,0.0422899,0.175425,0.725889,-0.685234,0.0347996,0.048256
5.8902,0.0039408,0.0422899,0.175425,0.725858,-0.685211,0.0352376,0.04872
5.89522,0.0039425,0.0422355,0.175427,0.725889,-0.685234,0.0347996,0.048256
5.9002,0.0039425,0.0422355,0.175427,0.725869,-0.685237,0.0344309,0.0487777
5.90521,0.0039425,0.0422355,0.175427,0.725869,-0.685237,0.0344309,0.0487777
5.91022,0.0039425,0.0422355,0.175427,0.725838,-0.685215,0.0348689,0.0492416
5.91524,0.0039425,0.0422355,0.175427,0.725869,-0.685237,0.0344309,0.0487777
5.92053,0.0039425,0.0422355,0.175427,0.725838,-0.685215,0.0348689,0.0492416
5.92522,0.0039442,0.0421812,0.17543,0.725869,-0.685237,0.0344309,0.0487777
5.93023,0.0039442,0.0421812,0.17543,0.725869,-0.685237,0.0344309,0.0487777
5.93521,0.0039442,0.0421812,0.17543,0.725838,-0.685215,0.0348689,0.0492416
5.94021,0.00399632,0.0421752,0.175376,0.726022,-0.685076,0.0349434,0.0483993
5.94524,0.00399632,0.0421752,0.175376,0.72597,-0.685056,0.0350124,0.049385
5.95019,0.00399632,0.0421752,0.175376,0.72597,-0.685056,0.0350124,0.049385
5.95524,0.00399632,0.0421752,0.175376,0.726002,-0.685079,0.0345746,0.0489209
5.9602,0.00399632,0.0421752,0.175376,0.726002,-0.685079,0.0345746,0.0489209
5.96519,0.00399804,0.0421208,0.175378,0.72597,-0.685056,0.0350124,0.049385
5.97017,0.00399804,0.0421208,0.175378,0.726022,-0.685076,0.0349434,0.0483993
5.97522,0.00399804,0.0421208,0.175378,0.726002,-0.685079,0.0345746,0.0489209
5.98021,0.00399804,0.0421208,0.175378,0.72597,-0.685056,0.0350124,0.049385
5.9852,0.00399804,0.0421208,0.175378,0.726002,-0.685079,0.0345746,0.0489209
5.9902,0.00399804,0.0421208,0.175378,0.726002,-0.685079,0.0345746,0.0489209
5.99521,0.00399804,0.0421208,0.175378,0.72597,-0.685056,0.0350124,0.049385
6.00019,0.00400001,0.0420589,0.175327,0.72611,-0.684908,0.0350068,0.0493874
6.00523,0.00400001,0.0420589,0.175327,0.726142,-0.684931,0.034569,0.0489233
6.01017,0.00400001,0.0420589,0.175327,0.72611,-0.684908,0.0350068,0.0493874
6.01519,0.00400001,0.0420589,0.175327,0.72611,-0.684908,0.0350068,0.0493874
6.02018,0.00400001,0.0420589,0.175327,0.726142,-0.684931,0.034569,0.0489233
6.02526,0.00400025,0.0420512,0.175273,0.726281,-0.684783,0.0345635,0.0489256
6.03014,0.00400197,0.0419969,0.175275,0.726301,-0.684779,0.0349325,0.0484042
6.03546,0.00400197,0.0419969,0.175275,0.726301,-0.684779,0.0349325,0.0484042
6.04017,0.00400369,0.0419426,0.175278,0.72627,-0.684757,0.0353702,0.0488684
6.0452,0.00400369,0.0419426,0.175278,0.72625,-0.68476,0.0350012,0.0493899
6.0502,0.00400369,0.0419426,0.175278,0.726301,-0.684779,0.0349325,0.0484042
6.05523,0.00400393,0.041935,0.175224,0.72641,-0.684609,0.0353647,0.0488709
6.06021,0.00400565,0.0418806,0.175226,0.72641,-0.684609,0.0353647,0.0488709
6.06519,0.00400565,0.0418806,0.175226,0.72641,-0.684609,0.0353647,0.0488709
6.07025,0.00400565,0.0418806,0.175226,0.72641,-0.684609,0.0353647,0.0488709
6.07524,0.00400589,0.041873,0.175172,0.72655,-0.684461,0.0353592,0.0488734
6.08016,0.00400761,0.0418187,0.175174,0.72655,-0.684461,0.0353592,0.0488734
6.08519,0.00400761,0.0418187,0.175174,0.726112,-0.684926,0.0353673,0.048859
6.09019,0.00400761,0.0418187,0.175174,0.726143,-0.684948,0.0349295,0.0483948
6.09521,0.00400933,0.0417644,0.175177,0.726112,-0.684926,0.0353673,0.048859
6.1002,0.00400933,0.0417644,0.175177,0.726112,-0.684926,0.0353673,0.048859
6.10522,0.00406337,0.0417041,0.175125,0.726276,-0.68479,0.0350733,0.0485381
6.1102,0.00406337,0.0417041,0.175125,0.726276,-0.68479,0.0350733,0.0485381
6.11519,0.00406337,0.0417041,0.175125,0.726244,-0.684768,0.035511,0.0490023
6.12021,0.00406511,0.0416498,0.175127,0.726276,-0.68479,0.0350733,0.0485381
6.12523,0.00406511,0.0416498,0.175127,0.726244,-0.684768,0.035511,0.0490023
6.13019,0.00406686,0.0415954,0.175129,0.726276,-0.68479,0.0350733,0.0485381
6.1352,0.00406686,0.0415954,0.175129,0.726276,-0.68479,0.0350733,0.0485381
6.14021,0.0040686,0.0415411,0.175131,0.726244,-0.684768,0.035511,0.0490023
6.1452,0.00412099,0.0415353,0.175078,0.726377,-0.68461,0.0356549,0.0491455
6.15019,0.00412276,0.0414809,0.17508,0.726408,-0.684632,0.0352173,0.0486812
6.1552,0.00412276,0.0414809,0.17508,0.726408,-0.684632,0.0352173,0.0486812
6.16024,0.00412276,0.0414809,0.17508,0.726377,-0.68461,0.0356549,0.0491455
6.16515,0.00412452,0.0414266,0.175082,0.726408,-0.684632,0.0352173,0.0486812
6.17021,0.00412452,0.0414266,0.175082,0.726377,-0.68461,0.0356549,0.0491455
6.17523,0.00412452,0.0414266,0.175082,0.726408,-0.684632,0.0352173,0.0486812
6.1802,0.0041785,0.0413739,0.175084,0.725963,-0.685087,0.0353742,0.0488081
6.1852,0.0041785,0.0413739,0.175084,0.726401,-0.684622,0.0353666,0.048822
6.19021,0.00418029,0.0413196,0.175086,0.725963,-0.685087,0.0353742,0.0488081
6.19525,0.00418029,0.0413196,0.175086,0.726401,-0.684622,0.0353666,0.048822
6.20019,0.00418029,0.0413196,0.175086,0.725982,-0.685084,0.0357443,0.0482874
6.20522,0.00418208,0.0412653,0.175088,0.725951,-0.685061,0.0361822,0.0487514
6.21021,0.00418208,0.0412653,0.175088,0.725931,-0.685065,0.035812,0.0492721
6.21522,0.00418232,0.0412577,0.175034,0.726091,-0.684913,0.0361768,0.0487539
6.22024,0.00423639,0.0412051,0.175036,0.726064,-0.684906,0.0359559,0.0494154
6.22524,0.00423639,0.0412051,0.175036,0.726084,-0.684903,0.0363261,0.0488947
6.23016,0.00423821,0.0411508,0.175038,0.726084,-0.684903,0.0363261,0.0488947
6.2352,0.00423821,0.0411508,0.175038,0.726115,-0.684926,0.0358883,0.0484306
6.24021,0.00423821,0.0411508,0.175038,0.726115,-0.684926,0.0358883,0.0484306
6.2452,0.00423821,0.0411508,0.175038,0.726095,-0.684929,0.0355181,0.0489513
6.2502,0.00429234,0.0410982,0.17504,0.726107,-0.684916,0.0360376,0.0485714
6.25521,0.00429234,0.0410982,0.17504,0.726107,-0.684916,0.0360376,0.0485714
6.26026,0.00429234,0.0410982,0.17504,0.726088,-0.684919,0.0356674,0.0490921
6.2652,0.00429418,0.0410438,0.175042,0.725638,-0.685358,0.0364834,0.0490218
6.2702,0.00429418,0.0410438,0.175042,0.726076,-0.684893,0.0364754,0.0490355
6.27523,0.00429418,0.0410438,0.175042,0.725638,-0.685358,0.0364834,0.0490218
6.2802,0.00429601,0.0409895,0.175044,0.725669,-0.685381,0.0360453,0.0485579
6.2852,0.00429601,0.0409895,0.175044,0.725669,-0.685381,0.0360453,0.0485579
6.29027,0.00429601,0.0409895,0.175044,0.725638,-0.685358,0.0364834,0.0490218
6.29522,0.00429784,0.0409352,0.175046,0.725618,-0.685361,0.0361128,0.0495422
6.3002,0.00429784,0.0409352,0.175046,0.725638,-0.685358,0.0364834,0.0490218
6.30524,0.00429784,0.0409352,0.175046,0.72565,-0.685384,0.0356747,0.0490784
6.31022,0.00429968,0.0408808,0.175048,0.72565,-0.685384,0.0356747,0.0490784
6.31517,0.00429993,0.0408733,0.174994,0.725789,-0.685236,0.0356694,0.0490806
6.3202,0.00435235,0.0408751,0.174994,0.725782,-0.685226,0.0358186,0.0492215
6.32521,0.0043542,0.0408207,0.174996,0.725782,-0.685226,0.0358186,0.0492215
6.3302,0.0043542,0.0408207,0.174996,0.725782,-0.685226,0.0358186,0.0492215
6.33526,0.0043542,0.0408207,0.174996,0.725751,-0.685203,0.0362566,0.0496854
6.34025,0.00435606,0.0407664,0.174997,0.725751,-0.685203,0.0362566,0.0496854
6.34523,0.00435606,0.0407664,0.174997,0.725344,-0.685691,0.0358259,0.0492079
6.3502,0.00435606,0.0407664,0.174997,0.725312,-0.685668,0.0362642,0.0496715
6.35523,0.00435791,0.040712,0.174999,0.725344,-0.685691,0.0358259,0.0492079
6.36027,0.00435791,0.040712,0.174999,0.725312,-0.685668,0.0362642,0.0496715
6.36524,0.00435791,0.040712,0.174999,0.725312,-0.685668,0.0362642,0.0496715
6.37023,0.00441228,0.0406595,0.175001,0.725336,-0.685681,0.035975,0.0493489
6.37525,0.00441228,0.0406595,0.175001,0.725285,-0.68566,0.0360422,0.0503325
6.38023,0.00441415,0.0406051,0.175003,0.725285,-0.68566,0.0360422,0.0503325
6.38523,0.00441415,0.0406051,0.175003,0.725285,-0.68566,0.0360422,0.0503325
6.39022,0.00441603,0.0405508,0.175004,0.725285,-0.68566,0.0360422,0.0503325
6.39519,0.00441603,0.0405508,0.175004,0.725285,-0.68566,0.0360422,0.0503325
6.40021,0.00441791,0.0404964,0.175006,0.725317,-0.685683,0.035604,0.0498689
6.40521,0.00441791,0.0404964,0.175006,0.725317,-0.685683,0.035604,0.0498689
6.41024,0.00441979,0.0404421,0.175008,0.725317,-0.685683,0.035604,0.0498689
6.41524,0.00441979,0.0404421,0.175008,0.724878,-0.686148,0.0356108,0.0498551
6.42022,0.00447238,0.0404439,0.175008,0.725277,-0.68565,0.0361913,0.0504735
6.42523,0.00447238,0.0404439,0.175008,0.725309,-0.685673,0.0357531,0.0500099
6.43018,0.00447428,0.0403896,0.17501,0.724838,-0.686114,0.0361984,0.0504595
6.43521,0.00447428,0.0403896,0.17501,0.724871,-0.686137,0.0357598,0.0499962
6.44025,0.00447428,0.0403896,0.17501,0.724838,-0.686114,0.0361984,0.0504595
6.44521,0.00447428,0.0403896,0.17501,0.724871,-0.686137,0.0357598,0.0499962
6.45023,0.00447428,0.0403896,0.17501,0.724838,-0.686114,0.0361984,0.0504595
6.45525,0.00452882,0.0403371,0.175011,0.724863,-0.686127,0.0359088,0.0501373
6.46023,0.00452882,0.0403371,0.175011,0.724863,-0.686127,0.0359088,0.0501373
6.46522,0.00452882,0.0403371,0.175011,0.724831,-0.686104,0.0363474,0.0506006
6.47022,0.00453075,0.0402827,0.175013,0.724831,-0.686104,0.0363474,0.0506006
6.47521,0.00453075,0.0402827,0.175013,0.724372,-0.68657,0.0359825,0.0511063
6.48016,0.00453075,0.0402827,0.175013,0.724372,-0.68657,0.0359825,0.0511063
6.4852,0.00453075,0.0402827,0.175013,0.724404,-0.686593,0.0355437,0.0506432
6.49025,0.00453075,0.0402827,0.175013,0.724424,-0.686591,0.0359154,0.0501236
6.49521,0.00453267,0.0402284,0.175014,0.724404,-0.686593,0.0355437,0.0506432
6.50022,0.00453293,0.0402209,0.174961,0.724564,-0.686443,0.0359102,0.0501257
6.50527,0.00453293,0.0402209,0.174961,0.724545,-0.686445,0.0355383,0.0506453
6.51023,0.00453486,0.0401665,0.174962,0.724512,-0.686423,0.0359771,0.0511084
6.51515,0.00453486,0.0401665,0.174962,0.724545,-0.686445,0.0355383,0.0506453
6.52022,0.00453486,0.0401665,0.174962,0.724512,-0.686423,0.0359771,0.0511084
6.52524,0.00453486,0.0401665,0.174962,0.724545,-0.686445,0.0355383,0.0506453
6.53024,0.00453704,0.0401047,0.17491,0.724685,-0.686298,0.035533,0.0506473
6.53521,0.00453704,0.0401047,0.17491,0.724685,-0.686298,0.035533,0.0506473
6.54026,0.00453704,0.0401047,0.17491,0.724652,-0.686275,0.0359716,0.0511105
6.54528,0.00453897,0.0400504,0.174911,0.724213,-0.686739,0.0359782,0.0510963
6.55027,0.00453897,0.0400504,0.174911,0.724213,-0.686739,0.0359782,0.0510963
6.55523,0.00453897,0.0400504,0.174911,0.724213,-0.686739,0.0359782,0.0510963
6.56024,0.00459172,0.0400523,0.174911,0.724225,-0.686726,0.0364994,0.0507183
6.56521,0.00459199,0.0400448,0.174858,0.724346,-0.686581,0.0361217,0.0512396
6.57018,0.00459393,0.0399905,0.174859,0.724378,-0.686604,0.0356828,0.0507766
6.57524,0.00459393,0.0399905,0.174859,0.724346,-0.686581,0.0361217,0.0512396
6.58022,0.00459393,0.0399905,0.174859,0.724378,-0.686604,0.0356828,0.0507766
6.58522,0.00459588,0.0399361,0.174861,0.724378,-0.686604,0.0356828,0.0507766
6.59025,0.00459588,0.0399361,0.174861,0.724346,-0.686581,0.0361217,0.0512396
6.59523,0.00459809,0.0398744,0.174808,0.724486,-0.686433,0.0361162,0.0512417
6.60025,0.00459809,0.0398744,0.174808,0.724486,-0.686433,0.0361162,0.0512417
6.60523,0.00459809,0.0398744,0.174808,0.724519,-0.686456,0.0356775,0.0507786
6.61026,0.00460003,0.03982,0.17481,0.724486,-0.686433,0.0361162,0.0512417
6.61523,0.00460003,0.03982,0.17481,0.724519,-0.686456,0.0356775,0.0507786
6.62023,0.00460003,0.03982,0.17481,0.724499,-0.686457,0.035305,0.0512976
6.62527,0.00460198,0.0397656,0.174811,0.724486,-0.686433,0.0361162,0.0512417
6.63024,0.00460392,0.0397113,0.174812,0.724499,-0.686457,0.035305,0.0512976
6.63521,0.00460392,0.0397113,0.174812,0.724486,-0.686433,0.0361162,0.0512417
6.64028,0.00460392,0.0397113,0.174812,0.724499,-0.686457,0.035305,0.0512976
6.64527,0.00460587,0.0396569,0.174814,0.724466,-0.686435,0.0357437,0.0517607
6.65022,0.00460782,0.0396026,0.174815,0.724519,-0.686456,0.0356775,0.0507786
6.65521,0.00460782,0.0396026,0.174815,0.724519,-0.686456,0.0356775,0.0507786
6.66025,0.00460976,0.0395482,0.174816,0.724499,-0.686457,0.035305,0.0512976
6.66523,0.00461171,0.0394939,0.174818,0.724499,-0.686457,0.035305,0.0512976
6.67022,0.00466469,0.0394958,0.174818,0.724511,-0.686445,0.0358264,0.0509197
6.67525,0.00466666,0.0394414,0.174819,0.724019,-0.686888,0.0358987,0.0518876
6.68021,0.00466666,0.0394414,0.174819,0.724458,-0.686424,0.0358927,0.0519018
6.68521,0.00466863,0.039387,0.17482,0.724491,-0.686447,0.0354539,0.0514387
6.69027,0.00466863,0.039387,0.17482,0.724491,-0.686447,0.0354539,0.0514387
6.69522,0.0046706,0.0393327,0.174822,0.724491,-0.686447,0.0354539,0.0514387
6.70021,0.00467256,0.0392783,0.174823,0.724491,-0.686447,0.0354539,0.0514387
6.70522,0.00467453,0.039224,0.174824,0.724491,-0.686447,0.0354539,0.0514387
6.71022,0.00467453,0.039224,0.174824,0.724052,-0.686911,0.0354597,0.0514248
6.71521,0.0046765,0.0391696,0.174825,0.724458,-0.686424,0.0358927,0.0519018
6.72017,0.0046765,0.0391696,0.174825,0.724491,-0.686447,0.0354539,0.0514387
6.72522,0.00467847,0.0391152,0.174826,0.724491,-0.686447,0.0354539,0.0514387
6.73022,0.00468044,0.0390609,0.174827,0.724019,-0.686888,0.0358987,0.0518876
6.73522,0.00468044,0.0390609,0.174827,0.724019,-0.686888,0.0358987,0.0518876
6.74027,0.0046824,0.0390065,0.174828,0.724052,-0.686911,0.0354597,0.0514248
6.74522,0.00468437,0.0389521,0.17483,0.724458,-0.686424,0.0358927,0.0519018
6.75023,0.00468634,0.0388978,0.174831,0.724052,-0.686911,0.0354597,0.0514248
6.75523,0.00474156,0.0388454,0.174832,0.724451,-0.686413,0.0360416,0.0520429
6.76022,0.00474355,0.038791,0.174833,0.724484,-0.686436,0.0356029,0.0515799
6.76522,0.00474554,0.0387366,0.174834,0.724484,-0.686436,0.0356029,0.0515799
6.77025,0.00474753,0.0386823,0.174835,0.724484,-0.686436,0.0356029,0.0515799
6.77524,0.00474952,0.0386279,0.174836,0.724484,-0.686436,0.0356029,0.0515799
6.78025,0.00480488,0.0385755,0.174837,0.724444,-0.686403,0.0361906,0.0521841
6.78523,0.00480689,0.0385211,0.174837,0.724444,-0.686403,0.0361906,0.0521841
6.79026,0.00480689,0.0385211,0.174837,0.724444,-0.686403,0.0361906,0.0521841
6.79524,0.00486231,0.0384687,0.174838,0.724436,-0.686392,0.0363395,0.0523252
6.80022,0.00486434,0.0384144,0.174839,0.724469,-0.686415,0.0359008,0.0518621
6.80525,0.00486638,0.03836,0.17484,0.724469,-0.686415,0.0359008,0.0518621
6.81026,0.00486638,0.03836,0.17484,0.724489,-0.686414,0.0362733,0.0513431
6.81523,0.00492189,0.0383077,0.174841,0.724481,-0.686403,0.0364223,0.0514842
6.8202,0.00492395,0.0382533,0.174842,0.724448,-0.68638,0.036861,0.0519473
6.82522,0.00492628,0.0381916,0.174789,0.724589,-0.686232,0.0368557,0.0519492
6.83023,0.0049798,0.0381936,0.174789,0.724581,-0.686221,0.0370047,0.0520903
6.83527,0.00498188,0.0381392,0.174789,0.724614,-0.686245,0.036566,0.0516271
6.84025,0.00498396,0.0380849,0.17479,0.724614,-0.686245,0.036566,0.0516271
6.84525,0.00503781,0.0380796,0.174736,0.724747,-0.686086,0.0367099,0.05177
6.85024,0.00503992,0.0380252,0.174737,0.724747,-0.686086,0.0367099,0.05177
6.85524,0.00504202,0.0379708,0.174738,0.724747,-0.686086,0.0367099,0.05177
6.86026,0.00509592,0.0379656,0.174684,0.725318,-0.685463,0.0368483,0.0519258
6.86525,0.00509804,0.0379112,0.174684,0.724879,-0.685928,0.0368538,0.0519128
6.87022,0.00510017,0.0378568,0.174685,0.725285,-0.68544,0.0372864,0.0523894
6.87526,0.00515382,0.037859,0.174685,0.724838,-0.685893,0.0374412,0.0525171
6.88022,0.00515597,0.0378046,0.174686,0.725277,-0.685429,0.0374355,0.0525303
6.88524,0.00515841,0.0377429,0.174632,0.725417,-0.685281,0.0374303,0.0525321
6.89027,0.00516055,0.0376885,0.174633,0.72545,-0.685305,0.0369923,0.0520684
6.89521,0.00521428,0.0376907,0.174633,0.725428,-0.685269,0.0379521,0.052154
6.90024,0.00521645,0.0376363,0.174634,0.725428,-0.685269,0.0379521,0.052154
6.90521,0.00521862,0.0375819,0.174634,0.725461,-0.685293,0.0375141,0.0516903
6.91022,0.00522079,0.0375276,0.174635,0.725428,-0.685269,0.0379521,0.052154
6.91523,0.00527458,0.0375297,0.174635,0.72542,-0.685258,0.0381013,0.0522949
6.92029,0.00527678,0.0374754,0.174635,0.725454,-0.685282,0.0376633,0.0518312
6.92525,0.00527897,0.037421,0.174635,0.72542,-0.685258,0.0381013,0.0522949
6.93024,0.00527897,0.037421,0.174635,0.72542,-0.685258,0.0381013,0.0522949
6.93523,0.00528116,0.0373666,0.174636,0.725454,-0.685282,0.0376633,0.0518312
6.94028,0.00533723,0.0373145,0.174636,0.725431,-0.685246,0.038623,0.0519168
6.94525,0.00533723,0.0373145,0.174636,0.725464,-0.685271,0.038185,0.0514531
6.95026,0.00533945,0.0372601,0.174637,0.725464,-0.685271,0.038185,0.0514531
6.95524,0.00539335,0.0372623,0.174637,0.725456,-0.68526,0.0383342,0.051594
6.96026,0.00539589,0.0372007,0.174583,0.725563,-0.685088,0.0387673,0.0520595
6.9652,0.00539589,0.0372007,0.174583,0.725596,-0.685112,0.0383294,0.0515957
6.97025,0.00544982,0.0372029,0.174583,0.725555,-0.685077,0.0389165,0.0522004
6.97527,0.00544982,0.0372029,0.174583,0.725555,-0.685077,0.0389165,0.0522004
6.98027,0.00545208,0.0371485,0.174584,0.725588,-0.685102,0.0384786,0.0517366
6.98521,0.00545208,0.0371485,0.174584,0.725573,-0.685076,0.0392892,0.0516814
6.99028,0.00545238,0.0371412,0.17453,0.725713,-0.684928,0.0392845,0.0516833
6.99523,0.00545238,0.0371412,0.17453,0.725746,-0.684953,0.0388467,0.0512194
7.00023,0.00545238,0.0371412,0.17453,0.725713,-0.684928,0.0392845,0.0516833
7.00525,0.00545238,0.0371412,0.17453,0.725713,-0.684928,0.0392845,0.0516833
7.01026,0.00545238,0.0371412,0.17453,0.725713,-0.684928,0.0392845,0.0516833
7.01529,0.00545238,0.0371412,0.17453,0.725713,-0.684928,0.0392845,0.0516833
7.02027,0.00550633,0.0371435,0.17453,0.725738,-0.684942,0.0389959,0.0513602
7.02525,0.00550663,0.0371363,0.174476,0.725878,-0.684794,0.0389913,0.051362
7.03022,0.00550663,0.0371363,0.174476,0.725878,-0.684794,0.0389913,0.051362
7.03526,0.00550663,0.0371363,0.174476,0.725896,-0.684793,0.0393642,0.0508431
7.04025,0.00550663,0.0371363,0.174476,0.725896,-0.684793,0.0393642,0.0508431
7.04527,0.00550663,0.0371363,0.174476,0.725863,-0.684767,0.0398019,0.0513071
7.05026,0.00550663,0.0371363,0.174476,0.725896,-0.684793,0.0393642,0.0508431
7.05523,0.00550663,0.0371363,0.174476,0.725863,-0.684767,0.0398019,0.0513071
7.06029,0.00550663,0.0371363,0.174476,0.725863,-0.684767,0.0398019,0.0513071
7.06526,0.00550663,0.0371363,0.174476,0.725896,-0.684793,0.0393642,0.0508431
7.07023,0.00550663,0.0371363,0.174476,0.725863,-0.684767,0.0398019,0.0513071
7.07523,0.00550663,0.0371363,0.174476,0.725863,-0.684767,0.0398019,0.0513071
7.08028,0.00550663,0.0371363,0.174476,0.725863,-0.684767,0.0398019,0.0513071
7.08522,0.00550694,0.037129,0.174422,0.726003,-0.684619,0.0397973,0.051309
7.09028,0.00550694,0.037129,0.174422,0.726035,-0.684645,0.0393597,0.0508449
7.09523,0.00550694,0.037129,0.174422,0.726035,-0.684645,0.0393597,0.0508449
7.10023,0.00550694,0.037129,0.174422,0.726035,-0.684645,0.0393597,0.0508449
7.10525,0.00550694,0.037129,0.174422,0.726035,-0.684645,0.0393597,0.0508449
7.11024,0.00550694,0.037129,0.174422,0.726035,-0.684645,0.0393597,0.0508449
7.11523,0.00550922,0.0370747,0.174422,0.726003,-0.684619,0.0397973,0.051309
7.12024,0.00550922,0.0370747,0.174422,0.726003,-0.684619,0.0397973,0.051309
7.12524,0.00550952,0.0370675,0.174369,0.726142,-0.684471,0.0397927,0.0513109
7.13023,0.00550952,0.0370675,0.174369,0.726142,-0.684471,0.0397927,0.0513109
7.13522,0.00550952,0.0370675,0.174369,0.726175,-0.684496,0.0393552,0.0508467
7.1403,0.00550952,0.0370675,0.174369,0.726175,-0.684496,0.0393552,0.0508467
7.14525,0.00550952,0.0370675,0.174369,0.726175,-0.684496,0.0393552,0.0508467
7.15026,0.0055118,0.0370131,0.174369,0.725737,-0.684962,0.0393614,0.0508354
7.15526,0.0055118,0.0370131,0.174369,0.726175,-0.684496,0.0393552,0.0508467
7.16029,0.0055118,0.0370131,0.174369,0.725704,-0.684936,0.0397993,0.0512993
7.16528,0.0055118,0.0370131,0.174369,0.725737,-0.684962,0.0393614,0.0508354
7.17026,0.0055118,0.0370131,0.174369,0.725737,-0.684962,0.0393614,0.0508354
7.17524,0.00551408,0.0369587,0.174369,0.725704,-0.684936,0.0397993,0.0512993
7.18023,0.00551439,0.0369515,0.174315,0.725877,-0.684814,0.0393569,0.0508372
7.18524,0.00551439,0.0369515,0.174315,0.725844,-0.684788,0.0397947,0.0513012
7.19028,0.00551439,0.0369515,0.174315,0.725844,-0.684788,0.0397947,0.0513012
7.1953,0.00551667,0.0368972,0.174316,0.725859,-0.684815,0.0389834,0.0513556
7.20026,0.00551667,0.0368972,0.174316,0.725877,-0.684814,0.0393569,0.0508372
7.20526,0.00551667,0.0368972,0.174316,0.725877,-0.684814,0.0393569,0.0508372
7.21025,0.00551667,0.0368972,0.174316,0.725859,-0.684815,0.0389834,0.0513556
7.21525,0.00551895,0.0368428,0.174316,0.725859,-0.684815,0.0389834,0.0513556
7.22036,0.00551895,0.0368428,0.174316,0.725859,-0.684815,0.0389834,0.0513556
7.22527,0.00551895,0.0368428,0.174316,0.725826,-0.68479,0.0394211,0.0518195
7.23026,0.00551895,0.0368428,0.174316,0.725859,-0.684815,0.0389834,0.0513556
7.23526,0.00552123,0.0367885,0.174316,0.725859,-0.684815,0.0389834,0.0513556
7.24025,0.00552123,0.0367885,0.174316,0.725826,-0.68479,0.0394211,0.0518195
7.2452,0.00552123,0.0367885,0.174316,0.725826,-0.68479,0.0394211,0.0518195
7.2502,0.00552351,0.0367341,0.174316,0.725859,-0.684815,0.0389834,0.0513556
7.25526,0.00552351,0.0367341,0.174316,0.725826,-0.68479,0.0394211,0.0518195
7.26028,0.00552579,0.0366797,0.174316,0.725808,-0.684791,0.0390475,0.0523378
7.26528,0.00552579,0.0366797,0.174316,0.725808,-0.684791,0.0390475,0.0523378
7.27022,0.00552807,0.0366254,0.174317,0.72537,-0.685256,0.0390534,0.0523257
7.27529,0.00552807,0.0366254,0.174317,0.725808,-0.684791,0.0390475,0.0523378
7.28023,0.00552807,0.0366254,0.174317,0.725842,-0.684816,0.0386098,0.0518739
7.28523,0.00553036,0.036571,0.174317,0.725403,-0.685281,0.0386153,0.0518621
7.29025,0.00553036,0.036571,0.174317,0.725808,-0.684791,0.0390475,0.0523378
7.2953,0.00553264,0.0365167,0.174317,0.725385,-0.685281,0.0382414,0.0523802
7.30024,0.00553264,0.0365167,0.174317,0.725385,-0.685281,0.0382414,0.0523802
7.30524,0.00553492,0.0364623,0.174317,0.725385,-0.685281,0.0382414,0.0523802
7.31027,0.0055372,0.0364079,0.174317,0.725351,-0.685257,0.0386794,0.0528438
7.31528,0.00553948,0.0363536,0.174317,0.725333,-0.685257,0.0383055,0.0533618
7.32029,0.00554176,0.0362992,0.174317,0.725367,-0.685282,0.0378675,0.0528982
7.32527,0.00554404,0.0362448,0.174317,0.725333,-0.685257,0.0383055,0.0533618
7.33023,0.00554404,0.0362448,0.174317,0.725367,-0.685282,0.0378675,0.0528982
7.33525,0.00554633,0.0361905,0.174317,0.725333,-0.685257,0.0383055,0.0533618
7.34025,0.00554861,0.0361361,0.174317,0.725333,-0.685257,0.0383055,0.0533618
7.34524,0.00555089,0.0360818,0.174317,0.725367,-0.685282,0.0378675,0.0528982
7.35022,0.00555089,0.0360818,0.174317,0.725314,-0.685258,0.0379315,0.0538799
7.35526,0.00555317,0.0360274,0.174317,0.725314,-0.685258,0.0379315,0.0538799
7.36026,0.00555545,0.035973,0.174317,0.725314,-0.685258,0.0379315,0.0538799
7.36529,0.00555545,0.035973,0.174317,0.725314,-0.685258,0.0379315,0.0538799
7.37026,0.00555773,0.0359187,0.174316,0.725348,-0.685282,0.0374935,0.0534162
7.37527,0.00561449,0.0358666,0.174316,0.725306,-0.685247,0.0380806,0.0540208
7.38028,0.00561449,0.0358666,0.174316,0.725306,-0.685247,0.0380806,0.0540208
7.38527,0.0056168,0.0358122,0.174316,0.725306,-0.685247,0.0380806,0.0540208
7.39022,0.0056191,0.0357579,0.174316,0.72534,-0.685271,0.0376426,0.0535571
7.39528,0.0056191,0.0357579,0.174316,0.725306,-0.685247,0.0380806,0.0540208
7.40026,0.0056214,0.0357035,0.174316,0.725306,-0.685247,0.0380806,0.0540208
7.40526,0.00562371,0.0356492,0.174315,0.725306,-0.685247,0.0380806,0.0540208
7.4103,0.00562601,0.0355948,0.174315,0.72534,-0.685271,0.0376426,0.0535571
7.41525,0.00562601,0.0355948,0.174315,0.725306,-0.685247,0.0380806,0.0540208
7.42025,0.00562831,0.0355404,0.174315,0.725306,-0.685247,0.0380806,0.0540208
7.42531,0.00563062,0.0354861,0.174315,0.72534,-0.685271,0.0376426,0.0535571
7.43026,0.00563292,0.0354317,0.174314,0.724902,-0.685735,0.0376471,0.0535447
7.43525,0.00563292,0.0354317,0.174314,0.724867,-0.685711,0.0380854,0.054008
7.44024,0.0056899,0.0353797,0.174314,0.72486,-0.6857,0.0382344,0.054149
7.44524,0.0056899,0.0353797,0.174314,0.725298,-0.685235,0.0382298,0.0541616
7.45019,0.00569223,0.0353253,0.174313,0.724894,-0.685724,0.0377961,0.0536856
7.45526,0.00569455,0.035271,0.174313,0.725298,-0.685235,0.0382298,0.0541616
7.46028,0.00569455,0.035271,0.174313,0.72486,-0.6857,0.0382344,0.054149
7.46527,0.00569688,0.0352166,0.174313,0.72486,-0.6857,0.0382344,0.054149
7.47025,0.00569688,0.0352166,0.174313,0.724894,-0.685724,0.0377961,0.0536856
7.47525,0.00569921,0.0351622,0.174312,0.72486,-0.6857,0.0382344,0.054149
7.4802,0.00570153,0.0351079,0.174312,0.72486,-0.6857,0.0382344,0.054149
7.48525,0.00570153,0.0351079,0.174312,0.724894,-0.685724,0.0377961,0.0536856
7.49028,0.00570386,0.0350535,0.174311,0.72486,-0.6857,0.0382344,0.054149
7.4953,0.00570618,0.0349992,0.174311,0.724894,-0.685724,0.0377961,0.0536856
7.50019,0.00570618,0.0349992,0.174311,0.724894,-0.685724,0.0377961,0.0536856
7.5053,0.00570851,0.0349448,0.17431,0.72486,-0.6857,0.0382344,0.054149
7.5103,0.00576572,0.0348928,0.17431,0.724886,-0.685713,0.0379452,0.0538266
7.51525,0.00576806,0.0348385,0.174309,0.724886,-0.685713,0.0379452,0.0538266
7.52023,0.00577041,0.0347841,0.174308,0.724852,-0.685689,0.0383835,0.05429
7.52526,0.00577041,0.0347841,0.174308,0.724852,-0.685689,0.0383835,0.05429
7.53022,0.00577276,0.0347297,0.174308,0.724886,-0.685713,0.0379452,0.0538266
7.53524,0.00577276,0.0347297,0.174308,0.724852,-0.685689,0.0383835,0.05429
7.54026,0.00577511,0.0346754,0.174307,0.724852,-0.685689,0.0383835,0.05429
7.54527,0.00577746,0.034621,0.174306,0.724852,-0.685689,0.0383835,0.05429
7.55023,0.00577746,0.034621,0.174306,0.724886,-0.685713,0.0379452,0.0538266
7.55526,0.00577981,0.0345667,0.174306,0.724852,-0.685689,0.0383835,0.05429
7.5603,0.00583482,0.0345691,0.174306,0.724844,-0.685678,0.0385325,0.0544309
7.5653,0.00583719,0.0345147,0.174305,0.724878,-0.685702,0.0380942,0.0539676
7.57025,0.00583956,0.0344604,0.174304,0.724878,-0.685702,0.0380942,0.0539676
7.57527,0.00583956,0.0344604,0.174304,0.724844,-0.685678,0.0385325,0.0544309
7.58021,0.00584193,0.034406,0.174304,0.724878,-0.685702,0.0380942,0.0539676
7.5852,0.0058443,0.0343517,0.174303,0.724878,-0.685702,0.0380942,0.0539676
7.59025,0.0058994,0.0343541,0.174303,0.724836,-0.685667,0.0386815,0.0545719
7.59532,0.00590179,0.0342997,0.174302,0.724817,-0.685666,0.0383072,0.0550897
7.60025,0.00590418,0.0342454,0.174301,0.724836,-0.685667,0.0386815,0.0545719
7.60525,0.00590418,0.0342454,0.174301,0.724817,-0.685666,0.0383072,0.0550897
7.61029,0.00590658,0.034191,0.1743,0.724852,-0.68569,0.0378689,0.0546264
7.61526,0.00590658,0.034191,0.1743,0.724852,-0.68569,0.0378689,0.0546264
7.62022,0.00590897,0.0341367,0.174299,0.724852,-0.68569,0.0378689,0.0546264
7.62529,0.00590897,0.0341367,0.174299,0.724871,-0.685691,0.0382432,0.0541086
7.63026,0.00596657,0.0340848,0.174299,0.724828,-0.685655,0.0388305,0.0547129
7.63524,0.00596657,0.0340848,0.174299,0.724809,-0.685655,0.0384562,0.0552306
7.64025,0.00596899,0.0340304,0.174298,0.724809,-0.685655,0.0384562,0.0552306
7.64525,0.0059714,0.0339761,0.174297,0.724828,-0.685655,0.0388305,0.0547129
7.65024,0.0059714,0.0339761,0.174297,0.724809,-0.685655,0.0384562,0.0552306
7.65527,0.00597382,0.0339217,0.174296,0.724844,-0.685679,0.0380179,0.0547673
7.66029,0.00602909,0.0339242,0.174296,0.724801,-0.685643,0.0386052,0.0553716
7.66527,0.00603153,0.0338698,0.174295,0.724801,-0.685643,0.0386052,0.0553716
7.67025,0.00603153,0.0338698,0.174295,0.724836,-0.685668,0.038167,0.0549083
7.67531,0.00603397,0.0338155,0.174294,0.724801,-0.685643,0.0386052,0.0553716
7.68026,0.00603641,0.0337611,0.174293,0.724836,-0.685668,0.038167,0.0549083
7.68525,0.00603641,0.0337611,0.174293,0.724801,-0.685643,0.0386052,0.0553716
7.69028,0.00603884,0.0337068,0.174292,0.724836,-0.685668,0.038167,0.0549083
7.69529,0.00609667,0.0336549,0.174291,0.724793,-0.685632,0.0387542,0.0555126
7.70025,0.00609913,0.0336006,0.174289,0.724793,-0.685632,0.0387542,0.0555126
7.70526,0.00609913,0.0336006,0.174289,0.724774,-0.685631,0.0383799,0.0560303
7.71028,0.00615702,0.0335488,0.174288,0.724766,-0.685619,0.0385289,0.0561713
7.71527,0.00615702,0.0335488,0.174288,0.724802,-0.685644,0.0380907,0.055708
7.72022,0.0061595,0.0334944,0.174287,0.724802,-0.685644,0.0380907,0.055708
7.72521,0.0061595,0.0334944,0.174287,0.724766,-0.685619,0.0385289,0.0561713
7.73029,0.00621746,0.0334426,0.174286,0.724758,-0.685608,0.0386779,0.0563122
7.73522,0.00621746,0.0334426,0.174286,0.724758,-0.685608,0.0386779,0.0563122
7.74024,0.00621746,0.0334426,0.174286,0.724758,-0.685608,0.0386779,0.0563122
7.74524,0.00621996,0.0333883,0.174285,0.724758,-0.685608,0.0386779,0.0563122
7.75024,0.00627546,0.0333909,0.174285,0.724768,-0.685619,0.0380143,0.0565077
7.75529,0.00627546,0.0333909,0.174285,0.724731,-0.685595,0.0384525,0.0569709
7.76032,0.00627798,0.0333365,0.174284,0.724731,-0.685595,0.0384525,0.0569709
7.76527,0.00627798,0.0333365,0.174284,0.724731,-0.685595,0.0384525,0.0569709
7.77024,0.00627798,0.0333365,0.174284,0.724768,-0.685619,0.0380143,0.0565077
7.77528,0.00627798,0.0333365,0.174284,0.724731,-0.685595,0.0384525,0.0569709
7.78024,0.00628051,0.0332822,0.174282,0.724731,-0.685595,0.0384525,0.0569709
7.78524,0.00628051,0.0332822,0.174282,0.724712,-0.685593,0.0380781,0.0574886
7.7902,0.00628051,0.0332822,0.174282,0.724749,-0.685617,0.0376399,0.0570254
7.79532,0.00628304,0.0332279,0.174281,0.724712,-0.685593,0.0380781,0.0574886
7.80026,0.00628304,0.0332279,0.174281,0.724693,-0.68559,0.0377037,0.0580063
7.80525,0.00628304,0.0332279,0.174281,0.724693,-0.68559,0.0377037,0.0580063
7.81029,0.0063386,0.0332304,0.174281,0.724722,-0.685603,0.0374145,0.057684
7.81529,0.00634115,0.0331761,0.17428,0.724722,-0.685603,0.0374145,0.057684
7.82028,0.00634115,0.0331761,0.17428,0.724685,-0.685579,0.0378527,0.0581472
7.82528,0.00634115,0.0331761,0.17428,0.724685,-0.685579,0.0378527,0.0581472
7.83032,0.00634115,0.0331761,0.17428,0.724685,-0.685579,0.0378527,0.0581472
7.83527,0.0063437,0.0331218,0.174279,0.724665,-0.685576,0.0374783,0.0586649
7.84025,0.0063437,0.0331218,0.174279,0.724702,-0.6856,0.0370401,0.0582017
7.84525,0.0063437,0.0331218,0.174279,0.724665,-0.685576,0.0374783,0.0586649
7.85024,0.00634625,0.0330674,0.174277,0.724702,-0.6856,0.0370401,0.0582017
7.85524,0.00634658,0.0330603,0.174223,0.724843,-0.685452,0.0370348,0.0582023
7.86028,0.00634658,0.0330603,0.174223,0.724366,-0.685893,0.0374747,0.0586524
7.86527,0.00634658,0.0330603,0.174223,0.724366,-0.685893,0.0374747,0.0586524
7.87025,0.00640478,0.0330086,0.174222,0.724359,-0.685881,0.0376236,0.0587935
7.87532,0.00640478,0.0330086,0.174222,0.724797,-0.685416,0.0376219,0.0588065
7.88025,0.00640478,0.0330086,0.174222,0.724359,-0.685881,0.0376236,0.0587935
7.88527,0.00640735,0.0329542,0.174221,0.724396,-0.685905,0.0371852,0.0583305
7.89028,0.00640735,0.0329542,0.174221,0.724797,-0.685416,0.0376219,0.0588065
7.89527,0.00640735,0.0329542,0.174221,0.724797,-0.685416,0.0376219,0.0588065
7.90026,0.00640993,0.0328999,0.174219,0.724359,-0.685881,0.0376236,0.0587935
7.90525,0.00640993,0.0328999,0.174219,0.724359,-0.685881,0.0376236,0.0587935
7.91027,0.00640993,0.0328999,0.174219,0.724339,-0.685878,0.0372487,0.0593108
7.91529,0.0064125,0.0328456,0.174218,0.724396,-0.685905,0.0371852,0.0583305
7.9203,0.0064125,0.0328456,0.174218,0.724339,-0.685878,0.0372487,0.0593108
7.92526,0.0064125,0.0328456,0.174218,0.724777,-0.685413,0.0372474,0.0593241
7.93025,0.00646821,0.0328482,0.174218,0.724331,-0.685865,0.0373976,0.0594518
7.93525,0.00646821,0.0328482,0.174218,0.724808,-0.685425,0.0369583,0.0590017
7.94028,0.00646821,0.0328482,0.174218,0.724369,-0.685889,0.0369592,0.0589888
7.94534,0.00646821,0.0328482,0.174218,0.724331,-0.685865,0.0373976,0.0594518
7.95026,0.00646821,0.0328482,0.174218,0.724369,-0.685889,0.0369592,0.0589888
7.95529,0.00652655,0.0327966,0.174217,0.724323,-0.685853,0.0375466,0.0595928
7.96032,0.00652655,0.0327966,0.174217,0.724762,-0.685389,0.0375454,0.0596059
7.9653,0.00652655,0.0327966,0.174217,0.724323,-0.685853,0.0375466,0.0595928
7.97022,0.00652655,0.0327966,0.174217,0.724323,-0.685853,0.0375466,0.0595928
7.97527,0.00652655,0.0327966,0.174217,0.7248,-0.685412,0.0371073,0.0591426
7.98028,0.00658493,0.0327449,0.174215,0.724354,-0.685865,0.0372571,0.0592708
7.98526,0.00658493,0.0327449,0.174215,0.724792,-0.6854,0.0372563,0.0592836
7.99026,0.00658527,0.0327378,0.174161,0.724494,-0.685717,0.0372518,0.0592712
7.99526,0.00658527,0.0327378,0.174161,0.724932,-0.685252,0.037251,0.059284
8.00024,0.00658791,0.0326835,0.17416,0.724932,-0.685252,0.037251,0.059284
8.00522,0.00658791,0.0326835,0.17416,0.724894,-0.685228,0.037689,0.0597473
8.01029,0.00658791,0.0326835,0.17416,0.724932,-0.685252,0.037251,0.059284
8.01527,0.00658791,0.0326835,0.17416,0.724456,-0.685693,0.0376901,0.0597343
8.02026,0.00659055,0.0326291,0.174158,0.724932,-0.685252,0.037251,0.059284
8.02526,0.00664636,0.0326319,0.174158,0.724925,-0.68524,0.0374001,0.0594249
8.03029,0.00664636,0.0326319,0.174158,0.724448,-0.685681,0.037839,0.0598753
8.03526,0.00664636,0.0326319,0.174158,0.724486,-0.685705,0.0374008,0.0594122
8.04024,0.0066467,0.0326248,0.174104,0.724626,-0.685557,0.0373955,0.0594126
8.04536,0.0066467,0.0326248,0.174104,0.724588,-0.685533,0.0378337,0.0598758
8.05027,0.0066467,0.0326248,0.174104,0.724588,-0.685533,0.0378337,0.0598758
8.05525,0.0067052,0.0325732,0.174103,0.72458,-0.685521,0.0379827,0.0600167
8.06029,0.0067052,0.0325732,0.174103,0.724619,-0.685545,0.0375445,0.0595536
8.06532,0.0067052,0.0325732,0.174103,0.724619,-0.685545,0.0375445,0.0595536
8.07026,0.00676373,0.0325216,0.174101,0.724573,-0.685508,0.0381316,0.0601577
8.07521,0.00676409,0.0325145,0.174047,0.724713,-0.685361,0.0381263,0.0601581
8.08032,0.00676409,0.0325145,0.174047,0.724751,-0.685385,0.0376883,0.0596948
8.08524,0.00676679,0.0324602,0.174046,0.724751,-0.685385,0.0376883,0.0596948
8.09023,0.00676679,0.0324602,0.174046,0.724713,-0.685361,0.0381263,0.0601581
8.09529,0.00676679,0.0324602,0.174046,0.724751,-0.685385,0.0376883,0.0596948
8.10032,0.00682539,0.0324087,0.174044,0.724743,-0.685372,0.0378373,0.0598358
8.10524,0.00682539,0.0324087,0.174044,0.724705,-0.685348,0.0382753,0.060299
8.11028,0.00682539,0.0324087,0.174044,0.724743,-0.685372,0.0378373,0.0598358
8.11524,0.00682539,0.0324087,0.174044,0.724705,-0.685348,0.0382753,0.060299
8.12027,0.00682812,0.0323544,0.174043,0.724743,-0.685372,0.0378373,0.0598358
8.12529,0.00682812,0.0323544,0.174043,0.724743,-0.685372,0.0378373,0.0598358
8.13028,0.00682812,0.0323544,0.174043,0.724743,-0.685372,0.0378373,0.0598358
8.13527,0.00682812,0.0323544,0.174043,0.724705,-0.685348,0.0382753,0.060299
8.14027,0.00682812,0.0323544,0.174043,0.724743,-0.685372,0.0378373,0.0598358
8.14529,0.00682812,0.0323544,0.174043,0.724762,-0.685376,0.0382125,0.0593187
8.15023,0.00683085,0.0323,0.174041,0.724743,-0.685372,0.0378373,0.0598358
8.15526,0.00683085,0.0323,0.174041,0.724705,-0.685348,0.0382753,0.060299
8.16032,0.00683085,0.0323,0.174041,0.724705,-0.685348,0.0382753,0.060299
8.1653,0.00683085,0.0323,0.174041,0.724705,-0.685348,0.0382753,0.060299
8.17026,0.0068312,0.032293,0.173987,0.724845,-0.6852,0.0382701,0.0602994
8.17522,0.00683393,0.0322387,0.173986,0.724883,-0.685225,0.0378321,0.059836
8.18032,0.00683393,0.0322387,0.173986,0.724845,-0.6852,0.0382701,0.0602994
8.18533,0.00683393,0.0322387,0.173986,0.724864,-0.685204,0.0386454,0.0597824
8.19023,0.0068899,0.0322415,0.173986,0.724875,-0.685212,0.0379811,0.0599769
8.19527,0.00689265,0.0321872,0.173984,0.724894,-0.685216,0.0383565,0.0594599
8.20026,0.00689265,0.0321872,0.173984,0.724856,-0.685192,0.0387944,0.0599232
8.20527,0.00689265,0.0321872,0.173984,0.724837,-0.685188,0.0384191,0.0604402
8.2103,0.00689265,0.0321872,0.173984,0.724856,-0.685192,0.0387944,0.0599232
8.21529,0.00689265,0.0321872,0.173984,0.724875,-0.685212,0.0379811,0.0599769
8.22023,0.00689265,0.0321872,0.173984,0.724856,-0.685192,0.0387944,0.0599232
8.22528,0.0068954,0.0321329,0.173982,0.724856,-0.685192,0.0387944,0.0599232
8.2303,0.0068954,0.0321329,0.173982,0.724856,-0.685192,0.0387944,0.0599232
8.2353,0.0068954,0.0321329,0.173982,0.724856,-0.685192,0.0387944,0.0599232
8.24027,0.0068954,0.0321329,0.173982,0.724856,-0.685192,0.0387944,0.0599232
8.24527,0.0068954,0.0321329,0.173982,0.724856,-0.685192,0.0387944,0.0599232
8.25027,0.0068954,0.0321329,0.173982,0.724856,-0.685192,0.0387944,0.0599232
8.25528,0.0068954,0.0321329,0.173982,0.724856,-0.685192,0.0387944,0.0599232
8.26027,0.0068954,0.0321329,0.173982,0.724856,-0.685192,0.0387944,0.0599232
8.26522,0.00689815,0.0320785,0.173981,0.724894,-0.685216,0.0383565,0.0594599
8.27027,0.00689815,0.0320785,0.173981,0.724856,-0.685192,0.0387944,0.0599232
8.27529,0.00689815,0.0320785,0.173981,0.724856,-0.685192,0.0387944,0.0599232
8.28031,0.00689815,0.0320785,0.173981,0.724856,-0.685192,0.0387944,0.0599232
8.28528,0.00689815,0.0320785,0.173981,0.724856,-0.685192,0.0387944,0.0599232
8.29027,0.00689815,0.0320785,0.173981,0.724856,-0.685192,0.0387944,0.0599232
8.2953,0.0069009,0.0320242,0.173979,0.724837,-0.685188,0.0384191,0.0604402
8.3003,0.0069009,0.0320242,0.173979,0.724894,-0.685216,0.0383565,0.0594599
8.30528,0.0069009,0.0320242,0.173979,0.724856,-0.685192,0.0387944,0.0599232
8.3103,0.0069009,0.0320242,0.173979,0.724856,-0.685192,0.0387944,0.0599232
8.3153,0.0069009,0.0320242,0.173979,0.724856,-0.685192,0.0387944,0.0599232
8.32031,0.00690365,0.0319699,0.173977,0.724894,-0.685216,0.0383565,0.0594599
8.32524,0.00690365,0.0319699,0.173977,0.724856,-0.685192,0.0387944,0.0599232
8.3303,0.00690365,0.0319699,0.173977,0.724894,-0.685216,0.0383565,0.0594599
8.33529,0.0069064,0.0319156,0.173975,0.724856,-0.685192,0.0387944,0.0599232
8.34027,0.00690915,0.0318613,0.173973,0.724856,-0.685192,0.0387944,0.0599232
8.34531,0.00690915,0.0318613,0.173973,0.724856,-0.685192,0.0387944,0.0599232
8.35032,0.00696527,0.0318641,0.173973,0.724887,-0.685204,0.0385055,0.0596008
8.35527,0.00696804,0.0318098,0.173972,0.724887,-0.685204,0.0385055,0.0596008
8.36034,0.00696804,0.0318098,0.173972,0.724868,-0.6852,0.0381302,0.0601178
8.36526,0.00696804,0.0318098,0.173972,0.724848,-0.685179,0.0389435,0.0600641
8.37028,0.00697081,0.0317555,0.17397,0.724887,-0.685204,0.0385055,0.0596008
8.37531,0.00697081,0.0317555,0.17397,0.724868,-0.6852,0.0381302,0.0601178
8.38029,0.00697081,0.0317555,0.17397,0.724887,-0.685204,0.0385055,0.0596008
8.38528,0.00697081,0.0317555,0.17397,0.724887,-0.685204,0.0385055,0.0596008
8.39027,0.00697081,0.0317555,0.17397,0.724829,-0.685175,0.0385681,0.0605811
8.39534,0.00697358,0.0317012,0.173968,0.724829,-0.685175,0.0385681,0.0605811
8.40024,0.00697358,0.0317012,0.173968,0.724829,-0.685175,0.0385681,0.0605811
8.40526,0.00697358,0.0317012,0.173968,0.724829,-0.685175,0.0385681,0.0605811
8.41029,0.00697358,0.0317012,0.173968,0.724848,-0.685179,0.0389435,0.0600641
8.41529,0.00697358,0.0317012,0.173968,0.724868,-0.6852,0.0381302,0.0601178
8.42032,0.00697358,0.0317012,0.173968,0.724868,-0.6852,0.0381302,0.0601178
8.42528,0.00697358,0.0317012,0.173968,0.724868,-0.6852,0.0381302,0.0601178
8.43029,0.00697358,0.0317012,0.173968,0.724829,-0.685175,0.0385681,0.0605811
8.43529,0.00697358,0.0317012,0.173968,0.724868,-0.6852,0.0381302,0.0601178
8.44027,0.00697394,0.0316942,0.173914,0.724969,-0.685028,0.0385629,0.0605814
8.44531,0.00703014,0.031697,0.173914,0.725,-0.68504,0.0382741,0.0602589
8.45029,0.00703014,0.031697,0.173914,0.725,-0.68504,0.0382741,0.0602589
8.45527,0.00703293,0.0316427,0.173912,0.724961,-0.685015,0.038712,0.0607223
8.46028,0.00703293,0.0316427,0.173912,0.724961,-0.685015,0.038712,0.0607223
8.46527,0.00703293,0.0316427,0.173912,0.725,-0.68504,0.0382741,0.0602589
8.47029,0.00703293,0.0316427,0.173912,0.725,-0.68504,0.0382741,0.0602589
8.47531,0.00703293,0.0316427,0.173912,0.724961,-0.685015,0.038712,0.0607223
8.48032,0.00703329,0.0316357,0.173858,0.725101,-0.684867,0.0387068,0.0607226
8.48532,0.00703329,0.0316357,0.173858,0.725101,-0.684867,0.0387068,0.0607226
8.49027,0.00703329,0.0316357,0.173858,0.725101,-0.684867,0.0387068,0.0607226
8.49533,0.00703329,0.0316357,0.173858,0.72514,-0.684892,0.038269,0.0602591
8.50028,0.00703329,0.0316357,0.173858,0.72512,-0.684871,0.0390823,0.0602057
8.50529,0.00703365,0.0316287,0.173804,0.725241,-0.684719,0.0387016,0.0607228
8.51028,0.00703644,0.0315744,0.173802,0.725241,-0.684719,0.0387016,0.0607228
8.51529,0.00703644,0.0315744,0.173802,0.725241,-0.684719,0.0387016,0.0607228
8.52028,0.00703644,0.0315744,0.173802,0.72528,-0.684744,0.0382639,0.0602593
8.52528,0.00703644,0.0315744,0.173802,0.72528,-0.684744,0.0382639,0.0602593
8.53029,0.00703644,0.0315744,0.173802,0.72528,-0.684744,0.0382639,0.0602593
8.53528,0.00703644,0.0315744,0.173802,0.725241,-0.684719,0.0387016,0.0607228
8.54023,0.00703924,0.0315201,0.173801,0.72528,-0.684744,0.0382639,0.0602593
8.5453,0.00703924,0.0315201,0.173801,0.725241,-0.684719,0.0387016,0.0607228
8.55029,0.0070396,0.0315131,0.173747,0.725381,-0.684571,0.0386964,0.0607231
8.55527,0.00709868,0.0314617,0.173745,0.725412,-0.684583,0.038408,0.0604002
8.56028,0.00709868,0.0314617,0.173745,0.725392,-0.684563,0.0392213,0.0603472
8.56536,0.0071015,0.0314074,0.173743,0.725412,-0.684583,0.038408,0.0604002
8.57028,0.0071015,0.0314074,0.173743,0.725412,-0.684583,0.038408,0.0604002
8.5753,0.0071015,0.0314074,0.173743,0.725373,-0.684559,0.0388455,0.0608639
8.58028,0.00710431,0.0313531,0.173741,0.725373,-0.684559,0.0388455,0.0608639
8.58527,0.00710431,0.0313531,0.173741,0.725373,-0.684559,0.0388455,0.0608639
8.59027,0.00710713,0.0312988,0.173739,0.725412,-0.684583,0.038408,0.0604002
8.59534,0.00710713,0.0312988,0.173739,0.725412,-0.684583,0.038408,0.0604002
8.60033,0.00710713,0.0312988,0.173739,0.725373,-0.684559,0.0388455,0.0608639
8.60524,0.00710713,0.0312988,0.173739,0.725431,-0.684588,0.0387837,0.0598835
8.6103,0.00710994,0.0312445,0.173737,0.725431,-0.684588,0.0387837,0.0598835
8.61529,0.00710994,0.0312445,0.173737,0.725412,-0.684583,0.038408,0.0604002
8.62027,0.00711276,0.0311902,0.173735,0.725373,-0.684559,0.0388455,0.0608639
8.62529,0.00711276,0.0311902,0.173735,0.725373,-0.684559,0.0388455,0.0608639
8.6303,0.00711276,0.0311902,0.173735,0.725373,-0.684559,0.0388455,0.0608639
8.63529,0.00716916,0.0311932,0.173735,0.725404,-0.684571,0.0385571,0.060541
8.64028,0.00716916,0.0311932,0.173735,0.725384,-0.68455,0.0393705,0.0604879
8.64531,0.00716916,0.0311932,0.173735,0.725404,-0.684571,0.0385571,0.060541
8.6503,0.007172,0.0311389,0.173732,0.725365,-0.684546,0.0389947,0.0610046
8.65529,0.007172,0.0311389,0.173732,0.725365,-0.684546,0.0389947,0.0610046
8.6603,0.007172,0.0311389,0.173732,0.725404,-0.684571,0.0385571,0.060541
8.6653,0.007172,0.0311389,0.173732,0.724966,-0.685036,0.0385571,0.0605291
8.67029,0.00717483,0.0310846,0.17373,0.725365,-0.684546,0.0389947,0.0610046
8.6753,0.00717483,0.0310846,0.17373,0.724927,-0.685011,0.038995,0.0609925
8.68031,0.00717767,0.0310303,0.173728,0.724966,-0.685036,0.0385571,0.0605291
8.6853,0.00717767,0.0310303,0.173728,0.724966,-0.685036,0.0385571,0.0605291
8.69029,0.00718051,0.030976,0.173726,0.724908,-0.685007,0.0386189,0.0615089
8.69532,0.00718051,0.030976,0.173726,0.724947,-0.685031,0.038181,0.0610455
8.7003,0.00718335,0.0309217,0.173724,0.724947,-0.685031,0.038181,0.0610455
8.70528,0.00718335,0.0309217,0.173724,0.724947,-0.685031,0.038181,0.0610455
8.71029,0.00718619,0.0308674,0.173722,0.724908,-0.685007,0.0386189,0.0615089
8.71533,0.00718619,0.0308674,0.173722,0.724908,-0.685007,0.0386189,0.0615089
8.72028,0.00718902,0.0308131,0.173719,0.724908,-0.685007,0.0386189,0.0615089
8.72529,0.00718902,0.0308131,0.173719,0.724888,-0.685002,0.0382427,0.0620253
8.73033,0.00719186,0.0307588,0.173717,0.724888,-0.685002,0.0382427,0.0620253
8.7353,0.00719186,0.0307588,0.173717,0.724888,-0.685002,0.0382427,0.0620253
8.74028,0.00719186,0.0307588,0.173717,0.724888,-0.685002,0.0382427,0.0620253
8.74525,0.0071947,0.0307045,0.173715,0.724927,-0.685026,0.0378049,0.061562
8.7503,0.0071947,0.0307045,0.173715,0.724947,-0.685031,0.038181,0.0610455
8.75529,0.0072513,0.0307075,0.173715,0.72492,-0.685014,0.0379539,0.0617028
8.7603,0.0072513,0.0307075,0.173715,0.72488,-0.684989,0.0383917,0.0621661
8.76532,0.00725416,0.0306532,0.173713,0.72492,-0.685014,0.0379539,0.0617028
8.77029,0.00725416,0.0306532,0.173713,0.72488,-0.684989,0.0383917,0.0621661
8.7753,0.00725702,0.0305989,0.17371,0.72488,-0.684989,0.0383917,0.0621661
8.78032,0.00725988,0.0305446,0.173708,0.72488,-0.684989,0.0383917,0.0621661
8.78532,0.00731654,0.0305476,0.173708,0.724872,-0.684977,0.0385408,0.062307
8.7903,0.00731942,0.0304934,0.173706,0.724912,-0.685001,0.038103,0.0618436
8.7953,0.00731942,0.0304934,0.173706,0.724872,-0.684977,0.0385408,0.062307
8.80029,0.00732231,0.0304391,0.173703,0.724872,-0.684977,0.0385408,0.062307
8.80524,0.00732231,0.0304391,0.173703,0.724872,-0.684977,0.0385408,0.062307
8.81031,0.00738192,0.0303878,0.173701,0.724904,-0.684988,0.038252,0.0619845
8.81535,0.00738482,0.0303335,0.173698,0.724864,-0.684964,0.0386898,0.0624478
8.82029,0.00738773,0.0302793,0.173696,0.724864,-0.684964,0.0386898,0.0624478
8.82529,0.00738773,0.0302793,0.173696,0.724904,-0.684988,0.038252,0.0619845
8.83034,0.0074445,0.0302823,0.173696,0.724896,-0.684976,0.038401,0.0621253
8.83529,0.00744743,0.030228,0.173693,0.724856,-0.684951,0.0388388,0.0625886
8.84028,0.00744743,0.030228,0.173693,0.724896,-0.684976,0.038401,0.0621253
8.84532,0.00745035,0.0301738,0.173691,0.724896,-0.684976,0.038401,0.0621253
8.85032,0.00750717,0.0301768,0.173691,0.724848,-0.684938,0.0389879,0.0627295
8.85529,0.00751012,0.0301226,0.173688,0.724848,-0.684938,0.0389879,0.0627295
8.86029,0.00751012,0.0301226,0.173688,0.724888,-0.684963,0.0385501,0.0622661
8.86524,0.00751012,0.0301226,0.173688,0.724848,-0.684938,0.0389879,0.0627295
8.87028,0.00751307,0.0300683,0.173686,0.724888,-0.684963,0.0385501,0.0622661
8.87529,0.00756993,0.0300714,0.173686,0.72488,-0.68495,0.0386991,0.062407
8.88033,0.0075729,0.0300171,0.173683,0.72488,-0.68495,0.0386991,0.062407
8.88529,0.0075729,0.0300171,0.173683,0.724402,-0.68539,0.039136,0.0628582
8.89029,0.00757587,0.0299629,0.173681,0.72488,-0.68495,0.0386991,0.062407
8.89532,0.00757884,0.0299086,0.173678,0.72484,-0.684925,0.0391369,0.0628703
8.90031,0.00757884,0.0299086,0.173678,0.72488,-0.68495,0.0386991,0.062407
8.90529,0.00757884,0.0299086,0.173678,0.72484,-0.684925,0.0391369,0.0628703
8.91031,0.00758181,0.0298543,0.173676,0.72484,-0.684925,0.0391369,0.0628703
8.9153,0.00758181,0.0298543,0.173676,0.724442,-0.685415,0.0386979,0.0623952
8.92029,0.00758478,0.0298001,0.173673,0.72488,-0.68495,0.0386991,0.062407
8.9253,0.00758478,0.0298001,0.173673,0.724402,-0.68539,0.039136,0.0628582
8.93032,0.00758478,0.0298001,0.173673,0.724402,-0.68539,0.039136,0.0628582
8.93528,0.00758775,0.0297458,0.17367,0.72484,-0.684925,0.0391369,0.0628703
8.94025,0.00758775,0.0297458,0.17367,0.72484,-0.684925,0.0391369,0.0628703
8.94531,0.00759072,0.0296915,0.173668,0.724402,-0.68539,0.039136,0.0628582
8.9503,0.00759072,0.0296915,0.173668,0.72488,-0.68495,0.0386991,0.062407
8.95529,0.00759111,0.0296846,0.173614,0.72498,-0.684777,0.0391317,0.0628702
8.96029,0.00759111,0.0296846,0.173614,0.72502,-0.684802,0.038694,0.0624068
8.96529,0.00759408,0.0296303,0.173611,0.72498,-0.684777,0.0391317,0.0628702
8.97029,0.00759408,0.0296303,0.173611,0.72498,-0.684777,0.0391317,0.0628702
8.97531,0.00759408,0.0296303,0.173611,0.72498,-0.684777,0.0391317,0.0628702
8.98033,0.00759408,0.0296303,0.173611,0.72498,-0.684777,0.0391317,0.0628702
8.98531,0.00765112,0.0296334,0.173611,0.725012,-0.684789,0.0388431,0.0625475
8.99029,0.00765112,0.0296334,0.173611,0.724972,-0.684764,0.0392808,0.0630109
8.99531,0.00765112,0.0296334,0.173611,0.724972,-0.684764,0.0392808,0.0630109
9.0003,0.00765112,0.0296334,0.173611,0.724972,-0.684764,0.0392808,0.0630109
9.0053,0.00765112,0.0296334,0.173611,0.724972,-0.684764,0.0392808,0.0630109
9.0103,0.00765112,0.0296334,0.173611,0.724972,-0.684764,0.0392808,0.0630109
9.01531,0.0076515,0.0296265,0.173557,0.725112,-0.684616,0.0392757,0.0630108
9.02032,0.0076515,0.0296265,0.173557,0.725112,-0.684616,0.0392757,0.0630108
9.0253,0.0076515,0.0296265,0.173557,0.725152,-0.684641,0.0388381,0.0625473
9.0303,0.0076515,0.0296265,0.173557,0.725112,-0.684616,0.0392757,0.0630108
9.03529,0.0076515,0.0296265,0.173557,0.725171,-0.684647,0.0392144,0.0620311
9.04025,0.00770854,0.0296297,0.173557,0.725144,-0.684628,0.0389871,0.0626881
9.04531,0.00770854,0.0296297,0.173557,0.725123,-0.684609,0.0398011,0.0626353
9.05029,0.00771156,0.0295754,0.173554,0.725163,-0.684634,0.0393635,0.0621718
9.05528,0.00771156,0.0295754,0.173554,0.725104,-0.684603,0.0394247,0.0631516
9.06031,0.00771156,0.0295754,0.173554,0.725163,-0.684634,0.0393635,0.0621718
9.06528,0.00771156,0.0295754,0.173554,0.725163,-0.684634,0.0393635,0.0621718
9.0703,0.00771457,0.0295211,0.173552,0.725104,-0.684603,0.0394247,0.0631516
9.0753,0.00771457,0.0295211,0.173552,0.725163,-0.684634,0.0393635,0.0621718
9.08035,0.00771457,0.0295211,0.173552,0.725163,-0.684634,0.0393635,0.0621718
9.08528,0.00771457,0.0295211,0.173552,0.725123,-0.684609,0.0398011,0.0626353
9.0903,0.00771759,0.0294669,0.173549,0.725163,-0.684634,0.0393635,0.0621718
9.09532,0.00771759,0.0294669,0.173549,0.725123,-0.684609,0.0398011,0.0626353
9.10032,0.0077747,0.0294701,0.173549,0.725115,-0.684596,0.0399502,0.0627761
9.10531,0.0077747,0.0294701,0.173549,0.725115,-0.684596,0.0399502,0.0627761
9.11031,0.0077747,0.0294701,0.173549,0.725155,-0.684621,0.0395126,0.0623126
9.11525,0.0077747,0.0294701,0.173549,0.725136,-0.684615,0.0391362,0.0628288
9.12029,0.0077747,0.0294701,0.173549,0.725136,-0.684615,0.0391362,0.0628288
9.12532,0.0077747,0.0294701,0.173549,0.725155,-0.684621,0.0395126,0.0623126
9.13035,0.0077747,0.0294701,0.173549,0.725115,-0.684596,0.0399502,0.0627761
9.1353,0.00777773,0.0294158,0.173546,0.725155,-0.684621,0.0395126,0.0623126
9.14029,0.00777812,0.0294089,0.173492,0.725295,-0.684473,0.0395077,0.0623124
9.14532,0.00777812,0.0294089,0.173492,0.725276,-0.684467,0.0391313,0.0628285
9.1503,0.00777812,0.0294089,0.173492,0.725295,-0.684473,0.0395077,0.0623124
9.15529,0.00777812,0.0294089,0.173492,0.725255,-0.684448,0.0399452,0.0627759
9.1603,0.00777812,0.0294089,0.173492,0.725255,-0.684448,0.0399452,0.0627759
9.16531,0.00777812,0.0294089,0.173492,0.725255,-0.684448,0.0399452,0.0627759
9.17029,0.00777812,0.0294089,0.173492,0.725276,-0.684467,0.0391313,0.0628285
9.17529,0.00778116,0.0293547,0.173489,0.725276,-0.684467,0.0391313,0.0628285
9.1803,0.00778116,0.0293547,0.173489,0.725236,-0.684442,0.0395687,0.0632921
9.1853,0.00778116,0.0293547,0.173489,0.725276,-0.684467,0.0391313,0.0628285
9.1903,0.00778419,0.0293004,0.173486,0.725236,-0.684442,0.0395687,0.0632921
9.1953,0.00778419,0.0293004,0.173486,0.725276,-0.684467,0.0391313,0.0628285
9.20025,0.00778723,0.0292462,0.173484,0.725236,-0.684442,0.0395687,0.0632921
9.20529,0.00778723,0.0292462,0.173484,0.725236,-0.684442,0.0395687,0.0632921
9.2103,0.00778723,0.0292462,0.173484,0.725276,-0.684467,0.0391313,0.0628285
9.2153,0.00778723,0.0292462,0.173484,0.724819,-0.684926,0.038753,0.0633329
9.2203,0.00778723,0.0292462,0.173484,0.724779,-0.684902,0.0391907,0.0637962
9.2253,0.00779027,0.0291919,0.173481,0.725257,-0.684461,0.0387547,0.0633447
9.23031,0.00779027,0.0291919,0.173481,0.725217,-0.684436,0.0391922,0.0638082
9.2353,0.00784749,0.0291951,0.173481,0.72477,-0.684888,0.0393398,0.063937
9.24029,0.00784749,0.0291951,0.173481,0.72477,-0.684888,0.0393398,0.063937
9.24531,0.00784749,0.0291951,0.173481,0.72477,-0.684888,0.0393398,0.063937
9.25031,0.00785055,0.0291409,0.173478,0.724811,-0.684913,0.038902,0.0634738
9.25525,0.00785055,0.0291409,0.173478,0.724811,-0.684913,0.038902,0.0634738
9.26033,0.00785055,0.0291409,0.173478,0.724811,-0.684913,0.038902,0.0634738
9.26531,0.00785055,0.0291409,0.173478,0.724751,-0.684882,0.0389629,0.0644529
9.2703,0.00785361,0.0290866,0.173475,0.724792,-0.684907,0.0385251,0.0639897
9.27531,0.00785361,0.0290866,0.173475,0.724792,-0.684907,0.0385251,0.0639897
9.28034,0.00785361,0.0290866,0.173475,0.724751,-0.684882,0.0389629,0.0644529
9.28528,0.00791395,0.0290356,0.173472,0.724784,-0.684894,0.0386741,0.0641305
9.29026,0.00791395,0.0290356,0.173472,0.724784,-0.684894,0.0386741,0.0641305
9.29536,0.00791703,0.0289814,0.173469,0.724743,-0.684869,0.0391119,0.0645937
9.30031,0.00791703,0.0289814,0.173469,0.724743,-0.684869,0.0391119,0.0645937
9.3053,0.00792011,0.0289271,0.173466,0.724723,-0.684862,0.038735,0.0651096
9.31031,0.00792011,0.0289271,0.173466,0.724743,-0.684869,0.0391119,0.0645937
9.31531,0.00797744,0.0289304,0.173466,0.724757,-0.684873,0.0384463,0.0647871
9.3203,0.00798055,0.0288762,0.173463,0.724716,-0.684849,0.038884,0.0652504
9.3253,0.00798365,0.0288219,0.17346,0.724716,-0.684849,0.038884,0.0652504
9.33032,0.00798365,0.0288219,0.17346,0.724716,-0.684849,0.038884,0.0652504
9.33531,0.00798365,0.0288219,0.17346,0.724757,-0.684873,0.0384463,0.0647871
9.34032,0.00804415,0.028771,0.173457,0.724708,-0.684835,0.039033,0.0653912
9.34534,0.00804415,0.028771,0.173457,0.724749,-0.68486,0.0385953,0.0649279
9.3504,0.00804415,0.028771,0.173457,0.724269,-0.6853,0.0390305,0.065379
9.35532,0.00804728,0.0287168,0.173454,0.724749,-0.68486,0.0385953,0.0649279
9.36033,0.00804728,0.0287168,0.173454,0.724749,-0.68486,0.0385953,0.0649279
9.3653,0.00804728,0.0287168,0.173454,0.724311,-0.685325,0.0385925,0.0649161
9.3703,0.0080504,0.0286625,0.173451,0.724311,-0.685325,0.0385925,0.0649161
9.37533,0.0080504,0.0286625,0.173451,0.724291,-0.685318,0.0382153,0.0654317
9.38034,0.00811099,0.0286116,0.173447,0.724303,-0.685312,0.0387414,0.065057
9.38531,0.00811099,0.0286116,0.173447,0.724241,-0.68528,0.0388022,0.0660355
9.39025,0.00811099,0.0286116,0.173447,0.724261,-0.685287,0.0391794,0.0655199
9.39538,0.00811413,0.0285574,0.173444,0.724283,-0.685304,0.0383642,0.0655726
9.40026,0.00811413,0.0285574,0.173444,0.724241,-0.68528,0.0388022,0.0660355
9.4053,0.00811728,0.0285032,0.173441,0.724283,-0.685304,0.0383642,0.0655726
9.41034,0.00817479,0.0285065,0.173441,0.724276,-0.685291,0.0385131,0.0657135
9.41532,0.00817479,0.0285065,0.173441,0.724233,-0.685266,0.0389511,0.0661764
9.42029,0.00817796,0.0284523,0.173438,0.724233,-0.685266,0.0389511,0.0661764
9.42531,0.00823548,0.0284557,0.173438,0.724268,-0.685277,0.038662,0.0658544
9.43035,0.00823548,0.0284557,0.173438,0.724225,-0.685252,0.0391,0.0663173
9.43532,0.00823867,0.0284015,0.173435,0.724225,-0.685252,0.0391,0.0663173
9.44032,0.00823867,0.0284015,0.173435,0.724268,-0.685277,0.038662,0.0658544
9.44534,0.00824187,0.0283472,0.173431,0.724225,-0.685252,0.0391,0.0663173
9.45033,0.00824187,0.0283472,0.173431,0.724268,-0.685277,0.038662,0.0658544
9.4553,0.00829943,0.0283506,0.173431,0.72426,-0.685264,0.0388109,0.0659953
9.46031,0.00830265,0.0282964,0.173428,0.724217,-0.685239,0.0392489,0.0664582
9.46531,0.00830265,0.0282964,0.173428,0.724217,-0.685239,0.0392489,0.0664582
9.47025,0.00830265,0.0282964,0.173428,0.724217,-0.685239,0.0392489,0.0664582
9.47532,0.00830586,0.0282422,0.173425,0.72426,-0.685264,0.0388109,0.0659953
9.48038,0.00830586,0.0282422,0.173425,0.72426,-0.685264,0.0388109,0.0659953
9.4853,0.00836671,0.0281914,0.173422,0.724209,-0.685225,0.0393978,0.0665991
9.4903,0.00836671,0.0281914,0.173422,0.724209,-0.685225,0.0393978,0.0665991
9.49535,0.00836671,0.0281914,0.173422,0.724209,-0.685225,0.0393978,0.0665991
9.50031,0.00836995,0.0281372,0.173418,0.724209,-0.685225,0.0393978,0.0665991
9.5053,0.00836995,0.0281372,0.173418,0.724209,-0.685225,0.0393978,0.0665991
9.51031,0.00836995,0.0281372,0.173418,0.724252,-0.68525,0.0389598,0.0661361
9.51532,0.00836995,0.0281372,0.173418,0.724209,-0.685225,0.0393978,0.0665991
9.52031,0.00836995,0.0281372,0.173418,0.724209,-0.685225,0.0393978,0.0665991
9.52531,0.00837318,0.028083,0.173415,0.724252,-0.68525,0.0389598,0.0661361
9.53032,0.00837318,0.028083,0.173415,0.724252,-0.68525,0.0389598,0.0661361
9.53531,0.00837318,0.028083,0.173415,0.724209,-0.685225,0.0393978,0.0665991
9.5403,0.00837318,0.028083,0.173415,0.724209,-0.685225,0.0393978,0.0665991
9.54539,0.00843086,0.0280865,0.173415,0.724201,-0.685211,0.0395467,0.0667399
9.55034,0.00843412,0.0280322,0.173411,0.724201,-0.685211,0.0395467,0.0667399
9.55531,0.00843412,0.0280322,0.173411,0.724201,-0.685211,0.0395467,0.0667399
9.5603,0.00843738,0.027978,0.173408,0.724201,-0.685211,0.0395467,0.0667399
9.56527,0.00843738,0.027978,0.173408,0.724244,-0.685236,0.0391087,0.066277
9.57031,0.00843738,0.027978,0.173408,0.724244,-0.685236,0.0391087,0.066277
9.57533,0.00844063,0.0279238,0.173405,0.724201,-0.685211,0.0395467,0.0667399
9.58034,0.00849837,0.0279273,0.173405,0.724193,-0.685198,0.0396956,0.0668808
9.58533,0.00849837,0.0279273,0.173405,0.724236,-0.685223,0.0392576,0.0664179
9.59031,0.00850166,0.0278731,0.173401,0.724193,-0.685198,0.0396956,0.0668808
9.59535,0.00850166,0.0278731,0.173401,0.724193,-0.685198,0.0396956,0.0668808
9.60032,0.00850166,0.0278731,0.173401,0.724236,-0.685223,0.0392576,0.0664179
9.60531,0.00850166,0.0278731,0.173401,0.724193,-0.685198,0.0396956,0.0668808
9.61033,0.00850207,0.0278662,0.173347,0.724376,-0.685075,0.0392525,0.066417
9.61532,0.00850207,0.0278662,0.173347,0.724376,-0.685075,0.0392525,0.066417
9.6203,0.00850207,0.0278662,0.173347,0.724333,-0.68505,0.0396904,0.06688
9.6253,0.00850577,0.0278052,0.17329,0.724516,-0.684927,0.0392475,0.066416
9.63032,0.00850577,0.0278052,0.17329,0.724473,-0.684902,0.0396852,0.0668791
9.63532,0.00850577,0.0278052,0.17329,0.724516,-0.684927,0.0392475,0.066416
9.64031,0.00850618,0.0277983,0.173236,0.724656,-0.684779,0.0392424,0.0664151
9.64533,0.0085066,0.0277915,0.173182,0.724753,-0.684606,0.0396749,0.0668774
9.65036,0.00850988,0.0277373,0.173179,0.724815,-0.68464,0.039615,0.0658989
9.65526,0.00850988,0.0277373,0.173179,0.724753,-0.684606,0.0396749,0.0668774
9.66078,0.00851029,0.0277305,0.173125,0.724893,-0.684458,0.0396697,0.0668766
9.6653,0.00851357,0.0276763,0.173121,0.724893,-0.684458,0.0396697,0.0668766
9.67032,0.00851357,0.0276763,0.173121,0.724955,-0.684492,0.03961,0.065898
9.67526,0.00851398,0.0276695,0.173067,0.725033,-0.68431,0.0396645,0.0668757
9.68038,0.00851726,0.0276153,0.173064,0.725033,-0.68431,0.0396645,0.0668757
9.68536,0.00851726,0.0276153,0.173064,0.725076,-0.684336,0.0392271,0.0664123
9.69031,0.00852054,0.0275611,0.17306,0.724595,-0.684776,0.0396611,0.066864
9.69534,0.00852382,0.0275069,0.173057,0.724614,-0.684784,0.0400393,0.0663492
9.70031,0.0085271,0.0274527,0.173053,0.724638,-0.684801,0.0392234,0.0664009
9.70531,0.0085271,0.0274527,0.173053,0.724638,-0.684801,0.0392234,0.0664009
9.71033,0.00853038,0.0273985,0.173049,0.724638,-0.684801,0.0392234,0.0664009
9.71529,0.00853038,0.0273985,0.173049,0.724595,-0.684776,0.0396611,0.066864
9.72031,0.00853366,0.0273443,0.173046,0.724595,-0.684776,0.0396611,0.066864
9.72534,0.00853694,0.0272902,0.173042,0.724595,-0.684776,0.0396611,0.066864
9.73033,0.00859824,0.0272395,0.173038,0.724587,-0.684762,0.0398101,0.0670048
9.73533,0.00859824,0.0272395,0.173038,0.724587,-0.684762,0.0398101,0.0670048
9.74027,0.00860154,0.0271853,0.173035,0.724587,-0.684762,0.0398101,0.0670048
9.74537,0.00860484,0.0271311,0.173031,0.72463,-0.684787,0.0393724,0.0665416
9.75033,0.00860815,0.0270769,0.173027,0.724587,-0.684762,0.0398101,0.0670048
9.75533,0.00860815,0.0270769,0.173027,0.724587,-0.684762,0.0398101,0.0670048
9.76041,0.00861145,0.0270228,0.173023,0.724149,-0.685227,0.0398065,0.0669932
9.76532,0.00861475,0.0269686,0.17302,0.724191,-0.685252,0.0393685,0.0665303
9.77032,0.00861805,0.0269144,0.173016,0.724191,-0.685252,0.0393685,0.0665303
9.77532,0.00862135,0.0268602,0.173012,0.724149,-0.685227,0.0398065,0.0669932
9.78033,0.00862465,0.0268061,0.173008,0.724149,-0.685227,0.0398065,0.0669932
9.78529,0.00862795,0.0267519,0.173004,0.724149,-0.685227,0.0398065,0.0669932
9.7903,0.00863125,0.0266977,0.173,0.724149,-0.685227,0.0398065,0.0669932
9.79535,0.00869282,0.0266471,0.172996,0.724141,-0.685213,0.0399554,0.0671341
9.80032,0.00869614,0.026593,0.172992,0.724183,-0.685239,0.0395174,0.0666712
9.80531,0.00869947,0.0265388,0.172989,0.724183,-0.685239,0.0395174,0.0666712
9.81069,0.00870279,0.0264846,0.172985,0.724183,-0.685239,0.0395174,0.0666712
9.81533,0.00870611,0.0264305,0.17298,0.724141,-0.685213,0.0399554,0.0671341
9.82032,0.00871276,0.0263222,0.172972,0.724141,-0.685213,0.0399554,0.0671341
9.82532,0.00871276,0.0263222,0.172972,0.724141,-0.685213,0.0399554,0.0671341
9.83034,0.00877785,0.0262175,0.172964,0.724175,-0.685225,0.0396663,0.0668121
9.83532,0.00877785,0.0262175,0.172964,0.724175,-0.685225,0.0396663,0.0668121
9.84031,0.00878119,0.0261633,0.17296,0.724132,-0.685199,0.0401043,0.0672749
9.84536,0.00884302,0.0261128,0.172956,0.724167,-0.685211,0.0398152,0.0669529
9.85033,0.00884639,0.0260586,0.172952,0.724167,-0.685211,0.0398152,0.0669529
9.85531,0.00884639,0.0260586,0.172952,0.724167,-0.685211,0.0398152,0.0669529
9.86032,0.00890829,0.0260081,0.172948,0.724116,-0.685172,0.040402,0.0675567
9.86531,0.00891168,0.025954,0.172943,0.724116,-0.685172,0.040402,0.0675567
9.87031,0.00891506,0.0258999,0.172939,0.724116,-0.685172,0.040402,0.0675567
9.87537,0.00891506,0.0258999,0.172939,0.724116,-0.685172,0.040402,0.0675567
9.8807,0.00897705,0.0258494,0.172935,0.724107,-0.685158,0.0405509,0.0676975
9.88536,0.00898046,0.0257953,0.172931,0.724151,-0.685183,0.040113,0.0672347
9.89029,0.00898387,0.0257411,0.172926,0.724151,-0.685183,0.040113,0.0672347
9.89533,0.00898387,0.0257411,0.172926,0.724107,-0.685158,0.0405509,0.0676975
9.90032,0.00904594,0.0256907,0.172922,0.724099,-0.685144,0.0406998,0.0678384
9.90536,0.00904937,0.0256366,0.172918,0.72366,-0.685608,0.0406957,0.0678273
9.91034,0.00911151,0.0255862,0.172913,0.724091,-0.68513,0.0408487,0.0679793
9.91537,0.00911151,0.0255862,0.172913,0.723652,-0.685594,0.0408445,0.0679683
9.92035,0.00911496,0.0255321,0.172909,0.723695,-0.68562,0.0404062,0.0675057
9.92535,0.00917717,0.0254817,0.172904,0.723687,-0.685607,0.040555,0.0676467
9.93036,0.00917717,0.0254817,0.172904,0.723644,-0.685581,0.0409932,0.0681092
9.93532,0.00918064,0.0254276,0.1729,0.723705,-0.685616,0.0409339,0.0671323
9.94032,0.00924291,0.0253773,0.172895,0.723635,-0.685566,0.041142,0.0682502
9.94533,0.00924291,0.0253773,0.172895,0.723635,-0.685566,0.041142,0.0682502
9.95033,0.00924641,0.0253232,0.172891,0.723697,-0.685602,0.0410827,0.0672733
9.95533,0.00924991,0.025269,0.172886,0.723679,-0.685593,0.0407038,0.0677876
9.96032,0.00930874,0.0252729,0.172886,0.723688,-0.685588,0.0412315,0.0674142
9.96528,0.00931226,0.0252188,0.172882,0.723688,-0.685588,0.0412315,0.0674142
9.97032,0.00931226,0.0252188,0.172882,0.723688,-0.685588,0.0412315,0.0674142
9.97533,0.00931578,0.0251646,0.172877,0.723645,-0.685561,0.0416697,0.0678768
9.98036,0.00931578,0.0251646,0.172877,0.723645,-0.685561,0.0416697,0.0678768
9.98535,0.0093782,0.0251144,0.172873,0.723636,-0.685547,0.0418185,0.0680177
9.99036,0.0093782,0.0251144,0.172873,0.723636,-0.685547,0.0418185,0.0680177
9.99537,0.00938218,0.0250535,0.172814,0.723777,-0.6854,0.0418138,0.0680166
10.0003,0.00938218,0.0250535,0.172814,0.723777,-0.6854,0.0418138,0.0680166
10.0053,0.00938218,0.0250535,0.172814,0.723777,-0.6854,0.0418138,0.0680166
10.0103,0.00938573,0.0249994,0.17281,0.72382,-0.685426,0.0413757,0.067554
10.0153,0.00938927,0.0249453,0.172805,0.723777,-0.6854,0.0418138,0.0680166
10.0203,0.00938927,0.0249453,0.172805,0.72382,-0.685426,0.0413757,0.067554
10.0253,0.00938927,0.0249453,0.172805,0.723837,-0.685435,0.0417547,0.0670396
10.0304,0.00945224,0.0248884,0.172746,0.723908,-0.685238,0.0419579,0.0681564
10.0353,0.00945224,0.0248884,0.172746,0.723469,-0.685703,0.0419536,0.0681461
10.0403,0.00945224,0.0248884,0.172746,0.723469,-0.685703,0.0419536,0.0681461
10.0453,0.00945581,0.0248343,0.172742,0.723469,-0.685703,0.0419536,0.0681461
10.0503,0.00945581,0.0248343,0.172742,0.723487,-0.685712,0.042333,0.0676321
10.0557,0.00945581,0.0248343,0.172742,0.723487,-0.685712,0.042333,0.0676321
10.0604,0.00945625,0.0248276,0.172688,0.723627,-0.685564,0.0423285,0.067631
10.0654,0.00945625,0.0248276,0.172688,0.72367,-0.685591,0.0418903,0.0671684
10.0704,0.00945981,0.0247735,0.172683,0.723627,-0.685564,0.0423285,0.067631
10.0753,0.00946025,0.0247668,0.172629,0.723811,-0.685443,0.0418858,0.0671673
10.0803,0.00946025,0.0247668,0.172629,0.723768,-0.685416,0.0423239,0.0676299
10.0853,0.00946025,0.0247668,0.172629,0.723811,-0.685443,0.0418858,0.0671673
10.0903,0.00952288,0.0247166,0.172624,0.723759,-0.685402,0.0424727,0.0677708
10.0953,0.00952288,0.0247166,0.172624,0.723759,-0.685402,0.0424727,0.0677708
10.1003,0.00952288,0.0247166,0.172624,0.723759,-0.685402,0.0424727,0.0677708
10.1053,0.00952332,0.0247099,0.172571,0.723503,-0.685746,0.0420258,0.0672973
10.1103,0.00952332,0.0247099,0.172571,0.72346,-0.685719,0.0424641,0.0677597
10.1153,0.00952376,0.0247033,0.172517,0.723601,-0.685571,0.0424596,0.0677586
10.1203,0.00952376,0.0247033,0.172517,0.723601,-0.685571,0.0424596,0.0677586
10.1253,0.00952376,0.0247033,0.172517,0.723644,-0.685598,0.0420213,0.0672961
10.1304,0.00952376,0.0247033,0.172517,0.723601,-0.685571,0.0424596,0.0677586
10.1353,0.0095242,0.0246967,0.172463,0.723741,-0.685424,0.042455,0.0677575
10.1404,0.0095242,0.0246967,0.172463,0.723741,-0.685424,0.042455,0.0677575
10.1454,0.00958327,0.0247006,0.172463,0.723293,-0.685874,0.0425996,0.0678885
10.1504,0.00958327,0.0247006,0.172463,0.723293,-0.685874,0.0425996,0.0678885
10.1554,0.00958327,0.0247006,0.172463,0.723293,-0.685874,0.0425996,0.0678885
10.1603,0.00958327,0.0247006,0.172463,0.723293,-0.685874,0.0425996,0.0678885
10.1654,0.00958327,0.0247006,0.172463,0.723293,-0.685874,0.0425996,0.0678885
10.1703,0.00958327,0.0247006,0.172463,0.723293,-0.685874,0.0425996,0.0678885
10.1754,0.00958327,0.0247006,0.172463,0.723293,-0.685874,0.0425996,0.0678885
10.1804,0.00964234,0.0247045,0.172463,0.723284,-0.68586,0.0427484,0.0680295
10.1853,0.00964234,0.0247045,0.172463,0.723284,-0.68586,0.0427484,0.0680295
10.1903,0.00964234,0.0247045,0.172463,0.723328,-0.685887,0.04231,0.0675672
10.1953,0.00964234,0.0247045,0.172463,0.722845,-0.686324,0.0427441,0.0680197
10.2004,0.00964234,0.0247045,0.172463,0.722845,-0.686324,0.0427441,0.0680197
10.2053,0.00964234,0.0247045,0.172463,0.722845,-0.686324,0.0427441,0.0680197
10.2104,0.00964234,0.0247045,0.172463,0.722888,-0.686352,0.0423054,0.0675577
10.2153,0.00964234,0.0247045,0.172463,0.722845,-0.686324,0.0427441,0.0680197
10.2203,0.00964234,0.0247045,0.172463,0.722888,-0.686352,0.0423054,0.0675577
10.2253,0.00964234,0.0247045,0.172463,0.722845,-0.686324,0.0427441,0.0680197
10.2304,0.00964234,0.0247045,0.172463,0.722888,-0.686352,0.0423054,0.0675577
10.2353,0.00964234,0.0247045,0.172463,0.722888,-0.686352,0.0423054,0.0675577
10.2403,0.00964234,0.0247045,0.172463,0.722845,-0.686324,0.0427441,0.0680197
10.2454,0.00964234,0.0247045,0.172463,0.722449,-0.686816,0.0423008,0.0675481
10.2503,0.00964234,0.0247045,0.172463,0.722405,-0.686788,0.0427398,0.0680099
10.2553,0.00964234,0.0247045,0.172463,0.722405,-0.686788,0.0427398,0.0680099
10.2603,0.00964234,0.0247045,0.172463,0.722405,-0.686788,0.0427398,0.0680099
10.2653,0.00964234,0.0247045,0.172463,0.722405,-0.686788,0.0427398,0.0680099
10.2703,0.00964234,0.0247045,0.172463,0.722449,-0.686816,0.0423008,0.0675481
10.2753,0.00970141,0.0247085,0.172463,0.722397,-0.686774,0.0428883,0.0681511
10.2803,0.00970141,0.0247085,0.172463,0.722379,-0.686765,0.042507,0.0686637
10.2853,0.00970141,0.0247085,0.172463,0.721957,-0.687238,0.0428839,0.0681413
10.2903,0.00970141,0.0247085,0.172463,0.722,-0.687265,0.0424446,0.0676798
10.2954,0.00970141,0.0247085,0.172463,0.72194,-0.687229,0.0425023,0.0686537
10.3003,0.00976047,0.0247125,0.172463,0.721931,-0.687215,0.0426507,0.068795
10.3053,0.00976047,0.0247125,0.172463,0.721975,-0.687242,0.0422114,0.0683335
10.3103,0.00976047,0.0247125,0.172463,0.721931,-0.687215,0.0426507,0.068795
10.3153,0.00976047,0.0247125,0.172463,0.721931,-0.687215,0.0426507,0.068795
10.3203,0.00976047,0.0247125,0.172463,0.721931,-0.687215,0.0426507,0.068795
10.3253,0.00976047,0.0247125,0.172463,0.721491,-0.687678,0.0426459,0.068785
10.3304,0.00981953,0.0247166,0.172463,0.721526,-0.687691,0.0423547,0.0684652
10.3353,0.00981953,0.0247166,0.172463,0.721482,-0.687664,0.0427942,0.0689264
10.3403,0.00981953,0.0247166,0.172463,0.721526,-0.687691,0.0423547,0.0684652
10.3454,0.00981953,0.0247166,0.172463,0.721526,-0.687691,0.0423547,0.0684652
10.3503,0.00981953,0.0247166,0.172463,0.721482,-0.687664,0.0427942,0.0689264
10.3553,0.00988231,0.0246665,0.172458,0.721517,-0.687677,0.042503,0.0686066
10.3603,0.00988231,0.0246665,0.172458,0.721077,-0.68814,0.0424977,0.0685971
10.3654,0.00988231,0.0246665,0.172458,0.721033,-0.688113,0.0429375,0.069058
10.3703,0.00988231,0.0246665,0.172458,0.721033,-0.688113,0.0429375,0.069058
10.3753,0.00994139,0.0246706,0.172458,0.721024,-0.688099,0.0430857,0.0691994
10.3804,0.00994139,0.0246706,0.172458,0.721007,-0.688089,0.0427034,0.0697113
10.3853,0.0100005,0.0246747,0.172458,0.720998,-0.688074,0.0428517,0.0698528
10.3903,0.0100005,0.0246747,0.172458,0.721042,-0.688102,0.0424119,0.0693919
10.3954,0.0100005,0.0246747,0.172458,0.720998,-0.688074,0.0428517,0.0698528
10.4003,0.0100005,0.0246747,0.172458,0.720998,-0.688074,0.0428517,0.0698528
10.4053,0.0100005,0.0246747,0.172458,0.720998,-0.688074,0.0428517,0.0698528
10.4104,0.0100596,0.0246788,0.172458,0.720989,-0.68806,0.0429999,0.0699942
10.4153,0.0100633,0.0246248,0.172453,0.720989,-0.68806,0.0429999,0.0699942
10.4203,0.0100633,0.0246248,0.172453,0.721034,-0.688087,0.0425601,0.0695334
10.4254,0.0100633,0.0246248,0.172453,0.720989,-0.68806,0.0429999,0.0699942
10.4303,0.0100633,0.0246248,0.172453,0.720989,-0.68806,0.0429999,0.0699942
10.4354,0.0101224,0.0246289,0.172453,0.721025,-0.688073,0.0427083,0.0696748
10.4403,0.0101224,0.0246289,0.172453,0.720539,-0.688508,0.0431424,0.070126
10.4453,0.0101224,0.0246289,0.172453,0.720584,-0.688536,0.0427023,0.0696654
10.4503,0.0101815,0.0246331,0.172453,0.720575,-0.688522,0.0428505,0.069807
10.4553,0.0101815,0.0246331,0.172453,0.720531,-0.688494,0.0432905,0.0702676
10.4604,0.0101815,0.0246331,0.172453,0.720575,-0.688522,0.0428505,0.069807
10.4654,0.0102406,0.0246373,0.172453,0.720522,-0.68848,0.0434387,0.0704091
10.4703,0.0102406,0.0246373,0.172453,0.720522,-0.68848,0.0434387,0.0704091
10.4753,0.0102411,0.0246307,0.172399,0.720663,-0.688333,0.0434343,0.0704075
10.4804,0.0102411,0.0246307,0.172399,0.720663,-0.688333,0.0434343,0.0704075
10.4853,0.0102411,0.0246307,0.172399,0.720663,-0.688333,0.0434343,0.0704075
10.4903,0.0102411,0.0246307,0.172399,0.720663,-0.688333,0.0434343,0.0704075
10.4954,0.0102411,0.0246307,0.172399,0.720663,-0.688333,0.0434343,0.0704075
10.5003,0.0102411,0.0246307,0.172399,0.720707,-0.68836,0.0429944,0.0699469
10.5053,0.010245,0.0245766,0.172394,0.720707,-0.68836,0.0429944,0.0699469
10.5104,0.010245,0.0245766,0.172394,0.720707,-0.68836,0.0429944,0.0699469
10.5153,0.010245,0.0245766,0.172394,0.720724,-0.688371,0.0433771,0.0694353
10.5203,0.010245,0.0245766,0.172394,0.720663,-0.688333,0.0434343,0.0704075
10.5253,0.010245,0.0245766,0.172394,0.720724,-0.688371,0.0433771,0.0694353
10.5304,0.010245,0.0245766,0.172394,0.720724,-0.688371,0.0433771,0.0694353
10.5354,0.0102454,0.02457,0.172341,0.72082,-0.688196,0.0438129,0.0698944
10.5403,0.0102454,0.02457,0.172341,0.720865,-0.688224,0.043373,0.0694337
10.5454,0.0102454,0.02457,0.172341,0.720848,-0.688213,0.0429901,0.0699452
10.5504,0.0102454,0.02457,0.172341,0.720865,-0.688224,0.043373,0.0694337
10.5553,0.0102454,0.02457,0.172341,0.72082,-0.688196,0.0438129,0.0698944
10.5604,0.0102454,0.02457,0.172341,0.72082,-0.688196,0.0438129,0.0698944
10.5654,0.0102459,0.0245635,0.172287,0.721006,-0.688076,0.0433688,0.0694321
10.5703,0.0102459,0.0245635,0.172287,0.721006,-0.688076,0.0433688,0.0694321
10.5753,0.0102459,0.0245635,0.172287,0.721006,-0.688076,0.0433688,0.0694321
10.5803,0.0102459,0.0245635,0.172287,0.720944,-0.688038,0.0434257,0.0704043
10.5853,0.0102459,0.0245635,0.172287,0.720944,-0.688038,0.0434257,0.0704043
10.5903,0.0102459,0.0245635,0.172287,0.720961,-0.688049,0.0438086,0.0698929
10.5954,0.0102459,0.0245635,0.172287,0.720989,-0.688066,0.0429859,0.0699435
10.6004,0.0102459,0.0245635,0.172287,0.720989,-0.688066,0.0429859,0.0699435
10.6053,0.0102497,0.0245094,0.172282,0.720944,-0.688038,0.0434257,0.0704043
10.6104,0.0102497,0.0245094,0.172282,0.720961,-0.688049,0.0438086,0.0698929
10.6154,0.0102497,0.0245094,0.172282,0.720961,-0.688049,0.0438086,0.0698929
10.6203,0.0102497,0.0245094,0.172282,0.720944,-0.688038,0.0434257,0.0704043
10.6253,0.0102502,0.0245029,0.172228,0.721085,-0.687891,0.0434213,0.0704027
10.6303,0.0102541,0.0244488,0.172223,0.721102,-0.687901,0.0438044,0.0698914
10.6354,0.0102541,0.0244488,0.172223,0.721102,-0.687901,0.0438044,0.0698914
10.6403,0.0102541,0.0244488,0.172223,0.721102,-0.687901,0.0438044,0.0698914
10.6453,0.0102541,0.0244488,0.172223,0.721146,-0.687929,0.0433647,0.0694304
10.6503,0.0102541,0.0244488,0.172223,0.721102,-0.687901,0.0438044,0.0698914
10.6553,0.0102541,0.0244488,0.172223,0.721102,-0.687901,0.0438044,0.0698914
10.6604,0.0102541,0.0244488,0.172223,0.721102,-0.687901,0.0438044,0.0698914
10.6654,0.0102541,0.0244488,0.172223,0.721085,-0.687891,0.0434213,0.0704027
10.6703,0.0102541,0.0244488,0.172223,0.721102,-0.687901,0.0438044,0.0698914
10.6753,0.0102541,0.0244488,0.172223,0.721085,-0.687891,0.0434213,0.0704027
10.6804,0.0102545,0.0244423,0.172169,0.721287,-0.687782,0.0433605,0.0694288
10.6854,0.0102545,0.0244423,0.172169,0.721271,-0.687772,0.0429774,0.06994
10.6903,0.0102545,0.0244423,0.172169,0.721243,-0.687754,0.0438001,0.0698898
10.6954,0.0102545,0.0244423,0.172169,0.721226,-0.687744,0.043417,0.0704011
10.7003,0.0102545,0.0244423,0.172169,0.721226,-0.687744,0.043417,0.0704011
10.7053,0.0102584,0.0243883,0.172164,0.721271,-0.687772,0.0429774,0.06994
10.7104,0.0102584,0.0243883,0.172164,0.721226,-0.687744,0.043417,0.0704011
10.7154,0.0102584,0.0243883,0.172164,0.721226,-0.687744,0.043417,0.0704011
10.7204,0.0102584,0.0243883,0.172164,0.721226,-0.687744,0.043417,0.0704011
10.7254,0.0102584,0.0243883,0.172164,0.721226,-0.687744,0.043417,0.0704011
10.7303,0.0102584,0.0243883,0.172164,0.721226,-0.687744,0.043417,0.0704011
10.7353,0.0102584,0.0243883,0.172164,0.721226,-0.687744,0.043417,0.0704011
10.7403,0.0102584,0.0243883,0.172164,0.721226,-0.687744,0.043417,0.0704011
10.7454,0.0102584,0.0243883,0.172164,0.721271,-0.687772,0.0429774,0.06994
10.7503,0.0102584,0.0243883,0.172164,0.721226,-0.687744,0.043417,0.0704011
10.7553,0.0102584,0.0243883,0.172164,0.721226,-0.687744,0.043417,0.0704011
10.7604,0.0102584,0.0243883,0.172164,0.721226,-0.687744,0.043417,0.0704011
10.7654,0.0102584,0.0243883,0.172164,0.721271,-0.687772,0.0429774,0.06994
10.7703,0.0102584,0.0243883,0.172164,0.721271,-0.687772,0.0429774,0.06994
10.7753,0.0102584,0.0243883,0.172164,0.721226,-0.687744,0.043417,0.0704011
10.7804,0.0102584,0.0243883,0.172164,0.720785,-0.688207,0.0434111,0.0703916
10.7854,0.0102584,0.0243883,0.172164,0.72083,-0.688235,0.0429712,0.0699308
10.7903,0.0102588,0.0243818,0.17211,0.72135,-0.687586,0.0430293,0.0709106
10.7954,0.0102588,0.0243818,0.17211,0.720909,-0.688049,0.0430231,0.0709008
10.8004,0.0102588,0.0243818,0.17211,0.720955,-0.688077,0.0425833,0.07044
10.8053,0.0102588,0.0243818,0.17211,0.720955,-0.688077,0.0425833,0.07044
10.8104,0.0102588,0.0243818,0.17211,0.720909,-0.688049,0.0430231,0.0709008
10.8154,0.0102593,0.0243753,0.172056,0.721095,-0.687929,0.042579,0.0704382
10.8203,0.0102593,0.0243753,0.172056,0.72105,-0.687902,0.0430187,0.0708991
10.8254,0.0102632,0.0243212,0.172051,0.72105,-0.687902,0.0430187,0.0708991
10.8304,0.0102632,0.0243212,0.172051,0.72105,-0.687902,0.0430187,0.0708991
10.8354,0.010267,0.0242672,0.172046,0.721095,-0.687929,0.042579,0.0704382
10.8404,0.010267,0.0242672,0.172046,0.72105,-0.687902,0.0430187,0.0708991
10.8454,0.010267,0.0242672,0.172046,0.721095,-0.687929,0.042579,0.0704382
10.8504,0.0102713,0.0242067,0.171988,0.721236,-0.687782,0.0425746,0.0704364
10.8553,0.0102713,0.0242067,0.171988,0.721236,-0.687782,0.0425746,0.0704364
10.8603,0.0102752,0.0241526,0.171983,0.721191,-0.687755,0.0430142,0.0708974
10.8654,0.0102752,0.0241526,0.171983,0.721191,-0.687755,0.0430142,0.0708974
10.8704,0.010279,0.0240986,0.171978,0.721191,-0.687755,0.0430142,0.0708974
10.8753,0.010279,0.0240986,0.171978,0.721191,-0.687755,0.0430142,0.0708974
10.8804,0.010279,0.0240986,0.171978,0.721236,-0.687782,0.0425746,0.0704364
10.8854,0.0102833,0.0240381,0.171919,0.72136,-0.687624,0.0421863,0.0709453
10.8904,0.0102833,0.0240381,0.171919,0.721332,-0.687608,0.0430098,0.0708957
10.8954,0.0102833,0.0240381,0.171919,0.721332,-0.687608,0.0430098,0.0708957
10.9004,0.0102872,0.0239841,0.171914,0.721332,-0.687608,0.0430098,0.0708957
10.9054,0.0102876,0.0239777,0.17186,0.721473,-0.687461,0.0430053,0.070894
10.9104,0.0102876,0.0239777,0.17186,0.721455,-0.68745,0.0426213,0.0714045
10.9154,0.0102915,0.0239236,0.171855,0.721473,-0.687461,0.0430053,0.070894
10.9203,0.0102915,0.0239236,0.171855,0.721518,-0.687488,0.0425659,0.0704328
10.9253,0.0102915,0.0239236,0.171855,0.721473,-0.687461,0.0430053,0.070894
10.9304,0.0102953,0.0238696,0.17185,0.721518,-0.687488,0.0425659,0.0704328
10.9354,0.0102992,0.0238156,0.171845,0.721473,-0.687461,0.0430053,0.070894
10.9405,0.0102992,0.0238156,0.171845,0.721032,-0.687924,0.0429991,0.0708843
10.9454,0.0103035,0.0237552,0.171786,0.721613,-0.687313,0.0430009,0.0708923
10.9504,0.0103035,0.0237552,0.171786,0.721613,-0.687313,0.0430009,0.0708923
10.9554,0.0103073,0.0237011,0.17178,0.721613,-0.687313,0.0430009,0.0708923
10.9604,0.0103073,0.0237011,0.17178,0.721658,-0.687341,0.0425615,0.070431
10.9653,0.0103073,0.0237011,0.17178,0.721658,-0.687341,0.0425615,0.070431
10.9703,0.0103112,0.0236471,0.171775,0.721613,-0.687313,0.0430009,0.0708923
10.9753,0.0103112,0.0236471,0.171775,0.721613,-0.687313,0.0430009,0.0708923
10.9804,0.010315,0.0235931,0.17177,0.721218,-0.687804,0.042555,0.0704216
10.9854,0.010315,0.0235931,0.17177,0.721218,-0.687804,0.042555,0.0704216
10.9904,0.010315,0.0235931,0.17177,0.721173,-0.687777,0.0429947,0.0708826
10.9953,0.0103189,0.023539,0.171765,0.721218,-0.687804,0.042555,0.0704216
11.0003,0.0103189,0.023539,0.171765,0.721173,-0.687777,0.0429947,0.0708826
11.0054,0.0103189,0.023539,0.171765,0.721173,-0.687777,0.0429947,0.0708826
11.0104,0.0103227,0.023485,0.17176,0.721173,-0.687777,0.0429947,0.0708826
11.0154,0.0103232,0.0234787,0.171706,0.721359,-0.687657,0.0425507,0.0704198
11.0204,0.0103232,0.0234787,0.171706,0.721314,-0.687629,0.0429902,0.0708808
11.0254,0.010327,0.0234246,0.1717,0.721359,-0.687657,0.0425507,0.0704198
11.0304,0.010327,0.0234246,0.1717,0.721314,-0.687629,0.0429902,0.0708808
11.0354,0.010327,0.0234246,0.1717,0.721314,-0.687629,0.0429902,0.0708808
11.0403,0.0103309,0.0233706,0.171695,0.721359,-0.687657,0.0425507,0.0704198
11.0454,0.0103309,0.0233706,0.171695,0.721359,-0.687657,0.0425507,0.0704198
11.0504,0.0103309,0.0233706,0.171695,0.721359,-0.687657,0.0425507,0.0704198
11.0554,0.0103309,0.0233706,0.171695,0.721314,-0.687629,0.0429902,0.0708808
11.0604,0.0103309,0.0233706,0.171695,0.721314,-0.687629,0.0429902,0.0708808
11.0654,0.0103309,0.0233706,0.171695,0.721359,-0.687657,0.0425507,0.0704198
11.0704,0.0103309,0.0233706,0.171695,0.721314,-0.687629,0.0429902,0.0708808
11.0754,0.0103309,0.0233706,0.171695,0.721314,-0.687629,0.0429902,0.0708808
11.0804,0.0103309,0.0233706,0.171695,0.721314,-0.687629,0.0429902,0.0708808
11.0854,0.0103309,0.0233706,0.171695,0.721314,-0.687629,0.0429902,0.0708808
11.0904,0.0103309,0.0233706,0.171695,0.721359,-0.687657,0.0425507,0.0704198
11.0954,0.0103309,0.0233706,0.171695,0.721314,-0.687629,0.0429902,0.0708808
11.1003,0.0103309,0.0233706,0.171695,0.721314,-0.687629,0.0429902,0.0708808
11.1053,0.0103309,0.0233706,0.171695,0.721314,-0.687629,0.0429902,0.0708808
11.1104,0.0103309,0.0233706,0.171695,0.721359,-0.687657,0.0425507,0.0704198
11.1154,0.0103309,0.0233706,0.171695,0.721314,-0.687629,0.0429902,0.0708808
11.1204,0.0103309,0.0233706,0.171695,0.721314,-0.687629,0.0429902,0.0708808
11.1254,0.0103309,0.0233706,0.171695,0.721314,-0.687629,0.0429902,0.0708808
11.1304,0.0103309,0.0233706,0.171695,0.721359,-0.687657,0.0425507,0.0704198
11.1354,0.0103309,0.0233706,0.171695,0.721314,-0.687629,0.0429902,0.0708808
11.1404,0.0103309,0.0233706,0.171695,0.721314,-0.687629,0.0429902,0.0708808
11.1454,0.0103309,0.0233706,0.171695,0.721376,-0.687667,0.0429352,0.0699096
11.1504,0.0103309,0.0233706,0.171695,0.721331,-0.68764,0.0433748,0.0703707
11.1554,0.0103309,0.0233706,0.171695,0.721331,-0.68764,0.0433748,0.0703707
11.1604,0.0103309,0.0233706,0.171695,0.721331,-0.68764,0.0433748,0.0703707
11.1654,0.0103309,0.0233706,0.171695,0.721331,-0.68764,0.0433748,0.0703707
11.1704,0.0103309,0.0233706,0.171695,0.721376,-0.687667,0.0429352,0.0699096
11.1754,0.0103309,0.0233706,0.171695,0.721376,-0.687667,0.0429352,0.0699096
11.1804,0.0103309,0.0233706,0.171695,0.721331,-0.68764,0.0433748,0.0703707
11.1854,0.0103309,0.0233706,0.171695,0.721331,-0.68764,0.0433748,0.0703707
11.1904,0.0103309,0.0233706,0.171695,0.721376,-0.687667,0.0429352,0.0699096
11.1954,0.0103309,0.0233706,0.171695,0.721331,-0.68764,0.0433748,0.0703707
11.2004,0.0103309,0.0233706,0.171695,0.721331,-0.68764,0.0433748,0.0703707
11.2053,0.0103309,0.0233706,0.171695,0.721376,-0.687667,0.0429352,0.0699096
11.2105,0.0103309,0.0233706,0.171695,0.721331,-0.68764,0.0433748,0.0703707
11.2154,0.0103309,0.0233706,0.171695,0.721771,-0.687176,0.0433806,0.0703802
11.2204,0.0103309,0.0233706,0.171695,0.721771,-0.687176,0.0433806,0.0703802
11.2254,0.0103309,0.0233706,0.171695,0.721771,-0.687176,0.0433806,0.0703802
11.2304,0.0103309,0.0233706,0.171695,0.721376,-0.687667,0.0429352,0.0699096
11.2354,0.0103309,0.0233706,0.171695,0.721771,-0.687176,0.0433806,0.0703802
11.2404,0.0103309,0.0233706,0.171695,0.721816,-0.687204,0.0429414,0.0699188
11.2454,0.0103309,0.0233706,0.171695,0.721771,-0.687176,0.0433806,0.0703802
11.2504,0.0103309,0.0233706,0.171695,0.721816,-0.687204,0.0429414,0.0699188
11.2554,0.0103309,0.0233706,0.171695,0.721771,-0.687176,0.0433806,0.0703802
11.2604,0.0103313,0.0233643,0.171641,0.721912,-0.687029,0.0433763,0.0703785
11.2653,0.0103313,0.0233643,0.171641,0.721912,-0.687029,0.0433763,0.0703785
11.2704,0.0103313,0.0233643,0.171641,0.721912,-0.687029,0.0433763,0.0703785
11.2753,0.0103313,0.0233643,0.171641,0.721912,-0.687029,0.0433763,0.0703785
11.2804,0.0103313,0.0233643,0.171641,0.721912,-0.687029,0.0433763,0.0703785
11.2854,0.0103313,0.0233643,0.171641,0.721912,-0.687029,0.0433763,0.0703785
11.2903,0.0103313,0.0233643,0.171641,0.721956,-0.687057,0.0429371,0.0699171
11.2954,0.0103352,0.0233103,0.171636,0.721912,-0.687029,0.0433763,0.0703785
11.3004,0.0103352,0.0233103,0.171636,0.721912,-0.687029,0.0433763,0.0703785
11.3054,0.0103352,0.0233103,0.171636,0.721912,-0.687029,0.0433763,0.0703785
11.3104,0.0103356,0.0233039,0.171582,0.722052,-0.686882,0.0433719,0.0703769
11.3154,0.0103395,0.0232499,0.171577,0.722097,-0.686909,0.0429329,0.0699154
11.3204,0.0103395,0.0232499,0.171577,0.722052,-0.686882,0.0433719,0.0703769
11.3254,0.0103395,0.0232499,0.171577,0.722097,-0.686909,0.0429329,0.0699154
11.3304,0.0103399,0.0232436,0.171523,0.722238,-0.686762,0.0429286,0.0699136
11.3353,0.0103399,0.0232436,0.171523,0.722193,-0.686734,0.0433676,0.0703753
11.3403,0.0103438,0.0231896,0.171517,0.722193,-0.686734,0.0433676,0.0703753
11.3454,0.0103438,0.0231896,0.171517,0.722193,-0.686734,0.0433676,0.0703753
11.3504,0.0104035,0.0231939,0.171517,0.722184,-0.68672,0.0435161,0.0705164
11.3553,0.0104035,0.0231939,0.171517,0.721789,-0.687211,0.0430709,0.0700457
11.3604,0.0104078,0.0231336,0.171458,0.721885,-0.687036,0.0435058,0.0705054
11.3654,0.0104078,0.0231336,0.171458,0.72193,-0.687064,0.0430667,0.070044
11.3704,0.0104078,0.0231336,0.171458,0.722369,-0.6866,0.0430729,0.0700531
11.3754,0.0104078,0.0231336,0.171458,0.72193,-0.687064,0.0430667,0.070044
11.3804,0.0104675,0.0231379,0.171458,0.721876,-0.687022,0.0436542,0.0706466
11.3853,0.0104675,0.0231379,0.171458,0.721921,-0.687049,0.0432151,0.0701852
11.3904,0.0104675,0.0231379,0.171458,0.721876,-0.687022,0.0436542,0.0706466
11.3954,0.0104714,0.0230839,0.171453,0.721876,-0.687022,0.0436542,0.0706466
11.4003,0.0104714,0.0230839,0.171453,0.721921,-0.687049,0.0432151,0.0701852
11.4053,0.0104714,0.0230839,0.171453,0.721876,-0.687022,0.0436542,0.0706466
11.4105,0.0105316,0.023082,0.171399,0.722052,-0.686888,0.0433593,0.0703247
11.4153,0.0105316,0.023082,0.171399,0.722052,-0.686888,0.0433593,0.0703247
11.4204,0.0105316,0.023082,0.171399,0.722007,-0.68686,0.0437984,0.0707862
11.4254,0.0105316,0.023082,0.171399,0.722052,-0.686888,0.0433593,0.0703247
11.4304,0.0105316,0.023082,0.171399,0.722052,-0.686888,0.0433593,0.0703247
11.4354,0.0105316,0.023082,0.171399,0.722007,-0.68686,0.0437984,0.0707862
11.4403,0.0105316,0.023082,0.171399,0.722007,-0.68686,0.0437984,0.0707862
11.4454,0.0105316,0.023082,0.171399,0.722007,-0.68686,0.0437984,0.0707862
11.4504,0.0105913,0.0230863,0.171399,0.722044,-0.686873,0.0435078,0.0704659
11.4554,0.0105913,0.0230863,0.171399,0.722044,-0.686873,0.0435078,0.0704659
11.4604,0.0105913,0.0230863,0.171399,0.721998,-0.686845,0.0439468,0.0709274
11.4654,0.0105913,0.0230863,0.171399,0.721998,-0.686845,0.0439468,0.0709274
11.4704,0.0105918,0.0230801,0.171345,0.722139,-0.686698,0.0439426,0.0709256
11.4754,0.0105918,0.0230801,0.171345,0.722139,-0.686698,0.0439426,0.0709256
11.4804,0.0106515,0.0230844,0.171345,0.722175,-0.686711,0.0436521,0.0706052
11.4854,0.0106515,0.0230844,0.171345,0.722175,-0.686711,0.0436521,0.0706052
11.4904,0.0106515,0.0230844,0.171345,0.722175,-0.686711,0.0436521,0.0706052
11.4955,0.010652,0.0230782,0.171291,0.722316,-0.686564,0.043648,0.0706033
11.5004,0.010652,0.0230782,0.171291,0.722316,-0.686564,0.043648,0.0706033
11.5054,0.010652,0.0230782,0.171291,0.722316,-0.686564,0.043648,0.0706033
11.5104,0.010652,0.0230782,0.171291,0.72227,-0.686536,0.0440869,0.071065
11.5154,0.010652,0.0230782,0.171291,0.72227,-0.686536,0.0440869,0.071065
11.5203,0.010652,0.0230782,0.171291,0.722316,-0.686564,0.043648,0.0706033
11.5254,0.0106524,0.0230721,0.171237,0.722411,-0.686388,0.0440826,0.0710632
11.5304,0.0106524,0.0230721,0.171237,0.722456,-0.686416,0.0436439,0.0706014
11.5354,0.0106524,0.0230721,0.171237,0.722456,-0.686416,0.0436439,0.0706014
11.5404,0.0106524,0.0230721,0.171237,0.722456,-0.686416,0.0436439,0.0706014
11.5454,0.0106524,0.0230721,0.171237,0.722456,-0.686416,0.0436439,0.0706014
11.5504,0.0106529,0.0230659,0.171183,0.722552,-0.686241,0.0440784,0.0710614
11.5554,0.0106529,0.0230659,0.171183,0.722597,-0.686269,0.0436398,0.0705995
11.5604,0.0106529,0.0230659,0.171183,0.722552,-0.686241,0.0440784,0.0710614
11.5654,0.0107131,0.0230641,0.171129,0.722728,-0.686107,0.0437843,0.0707387
11.5704,0.0107131,0.0230641,0.171129,0.722728,-0.686107,0.0437843,0.0707387
11.5754,0.0107135,0.023058,0.171075,0.722823,-0.685931,0.0442186,0.0711988
11.5804,0.0107135,0.023058,0.171075,0.722823,-0.685931,0.0442186,0.0711988
11.5854,0.0107135,0.023058,0.171075,0.722869,-0.685959,0.0437802,0.0707367
11.5904,0.010714,0.0230519,0.171021,0.723009,-0.685812,0.0437761,0.0707348
11.5954,0.010714,0.0230519,0.171021,0.722964,-0.685784,0.0442144,0.0711969
11.6004,0.010714,0.0230519,0.171021,0.722964,-0.685784,0.0442144,0.0711969
11.6054,0.0107179,0.0229979,0.171015,0.723009,-0.685812,0.0437761,0.0707348
11.6104,0.0107179,0.0229979,0.171015,0.722964,-0.685784,0.0442144,0.0711969
11.6154,0.0107179,0.0229979,0.171015,0.723009,-0.685812,0.0437761,0.0707348
11.6204,0.0107224,0.0229379,0.170956,0.723104,-0.685636,0.0442102,0.0711951
11.6254,0.0107224,0.0229379,0.170956,0.723104,-0.685636,0.0442102,0.0711951
11.6304,0.0107264,0.0228839,0.170951,0.72315,-0.685664,0.043772,0.0707329
11.6354,0.0107264,0.0228839,0.170951,0.723104,-0.685636,0.0442102,0.0711951
11.6404,0.0107303,0.0228299,0.170945,0.72315,-0.685664,0.043772,0.0707329
11.6454,0.0107303,0.0228299,0.170945,0.72271,-0.686129,0.0437654,0.0707243
11.6504,0.0107303,0.0228299,0.170945,0.72271,-0.686129,0.0437654,0.0707243
11.6553,0.0107303,0.0228299,0.170945,0.722665,-0.6861,0.0442039,0.0711862
11.6604,0.0107343,0.0227759,0.17094,0.722665,-0.6861,0.0442039,0.0711862
11.6654,0.0107343,0.0227759,0.17094,0.722665,-0.6861,0.0442039,0.0711862
11.6704,0.0107383,0.0227219,0.170934,0.722665,-0.6861,0.0442039,0.0711862
11.6754,0.0107383,0.0227219,0.170934,0.722665,-0.6861,0.0442039,0.0711862
11.6804,0.0107423,0.0226679,0.170929,0.72271,-0.686129,0.0437654,0.0707243
11.6854,0.0107423,0.0226679,0.170929,0.722665,-0.6861,0.0442039,0.0711862
11.6904,0.0107463,0.022614,0.170923,0.72271,-0.686129,0.0437654,0.0707243
11.6954,0.0107463,0.022614,0.170923,0.72271,-0.686129,0.0437654,0.0707243
11.7004,0.0107463,0.022614,0.170923,0.722665,-0.6861,0.0442039,0.0711862
11.7054,0.0107502,0.02256,0.170918,0.72271,-0.686129,0.0437654,0.0707243
11.7104,0.0107502,0.02256,0.170918,0.72271,-0.686129,0.0437654,0.0707243
11.7154,0.0107502,0.02256,0.170918,0.722665,-0.6861,0.0442039,0.0711862
11.7204,0.0107542,0.022506,0.170912,0.72271,-0.686129,0.0437654,0.0707243
11.7254,0.0107542,0.022506,0.170912,0.722665,-0.6861,0.0442039,0.0711862
11.7304,0.0107542,0.022506,0.170912,0.722271,-0.686593,0.0437587,0.0707156
11.7354,0.0107582,0.022452,0.170906,0.722225,-0.686564,0.0441976,0.0711773
11.7404,0.0107582,0.022452,0.170906,0.722225,-0.686564,0.0441976,0.0711773
11.7454,0.0107582,0.022452,0.170906,0.722271,-0.686593,0.0437587,0.0707156
11.7504,0.0107622,0.0223981,0.170901,0.722225,-0.686564,0.0441976,0.0711773
11.7554,0.0107622,0.0223981,0.170901,0.722271,-0.686593,0.0437587,0.0707156
11.7604,0.0107622,0.0223981,0.170901,0.722271,-0.686593,0.0437587,0.0707156
11.7654,0.0107622,0.0223981,0.170901,0.722225,-0.686564,0.0441976,0.0711773
11.7704,0.0107622,0.0223981,0.170901,0.722225,-0.686564,0.0441976,0.0711773
11.7754,0.0107622,0.0223981,0.170901,0.722225,-0.686564,0.0441976,0.0711773
11.7804,0.0107662,0.0223441,0.170895,0.722271,-0.686593,0.0437587,0.0707156
11.7854,0.0107662,0.0223441,0.170895,0.722225,-0.686564,0.0441976,0.0711773
11.7904,0.0107662,0.0223441,0.170895,0.722271,-0.686593,0.0437587,0.0707156
11.7954,0.0107662,0.0223441,0.170895,0.722271,-0.686593,0.0437587,0.0707156
11.8004,0.0107662,0.0223441,0.170895,0.722271,-0.686593,0.0437587,0.0707156
11.8054,0.0107662,0.0223441,0.170895,0.722225,-0.686564,0.0441976,0.0711773
11.8104,0.0107662,0.0223441,0.170895,0.722271,-0.686593,0.0437587,0.0707156
11.8154,0.0107662,0.0223441,0.170895,0.722225,-0.686564,0.0441976,0.0711773
11.8204,0.0107662,0.0223441,0.170895,0.722225,-0.686564,0.0441976,0.0711773
11.8254,0.0107662,0.0223441,0.170895,0.722225,-0.686564,0.0441976,0.0711773
11.8304,0.0107662,0.0223441,0.170895,0.722271,-0.686593,0.0437587,0.0707156
11.8354,0.0107701,0.0222901,0.170889,0.722225,-0.686564,0.0441976,0.0711773
11.8404,0.0107701,0.0222901,0.170889,0.722225,-0.686564,0.0441976,0.0711773
11.8454,0.0107701,0.0222901,0.170889,0.722225,-0.686564,0.0441976,0.0711773
11.8504,0.0107701,0.0222901,0.170889,0.722271,-0.686593,0.0437587,0.0707156
11.8554,0.0107701,0.0222901,0.170889,0.722225,-0.686564,0.0441976,0.0711773
11.8604,0.0107701,0.0222901,0.170889,0.722225,-0.686564,0.0441976,0.0711773
11.8653,0.0107701,0.0222901,0.170889,0.722271,-0.686593,0.0437587,0.0707156
11.8704,0.0107701,0.0222901,0.170889,0.722271,-0.686593,0.0437587,0.0707156
11.8754,0.0107741,0.0222362,0.170884,0.722225,-0.686564,0.0441976,0.0711773
11.8804,0.0107741,0.0222362,0.170884,0.722225,-0.686564,0.0441976,0.0711773
11.8854,0.0107741,0.0222362,0.170884,0.722271,-0.686593,0.0437587,0.0707156
11.8904,0.0107741,0.0222362,0.170884,0.722225,-0.686564,0.0441976,0.0711773
11.8954,0.0107741,0.0222362,0.170884,0.722225,-0.686564,0.0441976,0.0711773
11.9004,0.0107741,0.0222362,0.170884,0.722225,-0.686564,0.0441976,0.0711773
11.9053,0.0107741,0.0222362,0.170884,0.722225,-0.686564,0.0441976,0.0711773
11.9104,0.0107741,0.0222362,0.170884,0.722225,-0.686564,0.0441976,0.0711773
11.9154,0.0107741,0.0222362,0.170884,0.722271,-0.686593,0.0437587,0.0707156
11.9204,0.0107741,0.0222362,0.170884,0.722225,-0.686564,0.0441976,0.0711773
11.9254,0.0107741,0.0222362,0.170884,0.722225,-0.686564,0.0441976,0.0711773
11.9304,0.0107741,0.0222362,0.170884,0.722225,-0.686564,0.0441976,0.0711773
11.9354,0.0107781,0.0221822,0.170878,0.722225,-0.686564,0.0441976,0.0711773
11.9404,0.0107781,0.0221822,0.170878,0.722225,-0.686564,0.0441976,0.0711773
11.9454,0.0107781,0.0221822,0.170878,0.722271,-0.686593,0.0437587,0.0707156
11.9504,0.0107781,0.0221822,0.170878,0.722225,-0.686564,0.0441976,0.0711773
11.9554,0.0107821,0.0221282,0.170872,0.722271,-0.686593,0.0437587,0.0707156
11.9604,0.0107821,0.0221282,0.170872,0.722225,-0.686564,0.0441976,0.0711773
11.9654,0.0107821,0.0221282,0.170872,0.722271,-0.686593,0.0437587,0.0707156
11.9704,0.0107821,0.0221282,0.170872,0.722225,-0.686564,0.0441976,0.0711773
11.9754,0.0107861,0.0220743,0.170866,0.722225,-0.686564,0.0441976,0.0711773
11.9806,0.0107861,0.0220743,0.170866,0.722225,-0.686564,0.0441976,0.0711773
11.9854,0.0107861,0.0220743,0.170866,0.722271,-0.686593,0.0437587,0.0707156
11.9904,0.0107861,0.0220743,0.170866,0.722255,-0.686581,0.0433722,0.0712243
11.9955,0.01079,0.0220203,0.170861,0.722209,-0.686553,0.043811,0.0716859
12.0005,0.01079,0.0220203,0.170861,0.722209,-0.686553,0.043811,0.0716859
12.0054,0.01079,0.0220203,0.170861,0.722209,-0.686553,0.043811,0.0716859
12.0104,0.01079,0.0220203,0.170861,0.722209,-0.686553,0.043811,0.0716859
12.0154,0.0107945,0.0219603,0.170801,0.72235,-0.686406,0.0438067,0.071684
12.0204,0.0107945,0.0219603,0.170801,0.72235,-0.686406,0.0438067,0.071684
12.0254,0.0107984,0.0219064,0.170795,0.722395,-0.686434,0.043368,0.0712223
12.0304,0.0107984,0.0219064,0.170795,0.722395,-0.686434,0.043368,0.0712223
12.0354,0.0108024,0.0218524,0.170789,0.722395,-0.686434,0.043368,0.0712223
12.0404,0.0108666,0.0218029,0.170783,0.722341,-0.686391,0.0439552,0.0718251
12.0454,0.0108666,0.0218029,0.170783,0.722341,-0.686391,0.0439552,0.0718251
12.0504,0.0108707,0.021749,0.170777,0.722341,-0.686391,0.0439552,0.0718251
12.0554,0.0108747,0.021695,0.170771,0.721947,-0.686883,0.0435095,0.0713546
12.0604,0.0108747,0.021695,0.170771,0.722386,-0.686419,0.0435165,0.0713634
12.0654,0.0108747,0.021695,0.170771,0.722386,-0.686419,0.0435165,0.0713634
12.0704,0.0108786,0.0216411,0.170765,0.722341,-0.686391,0.0439552,0.0718251
12.0754,0.0108786,0.0216411,0.170765,0.721901,-0.686855,0.0439485,0.0718161
12.0804,0.010943,0.0215917,0.17076,0.721892,-0.68684,0.0440969,0.0719573
12.0854,0.010943,0.0215917,0.17076,0.722332,-0.686377,0.0441037,0.0719663
12.0904,0.010943,0.0215917,0.17076,0.722332,-0.686377,0.0441037,0.0719663
12.0954,0.010943,0.0215917,0.17076,0.722332,-0.686377,0.0441037,0.0719663
12.1004,0.010947,0.0215377,0.170754,0.721892,-0.68684,0.0440969,0.0719573
12.1054,0.0110074,0.0215422,0.170754,0.722369,-0.68639,0.0438135,0.0716457
12.1104,0.0110074,0.0215422,0.170754,0.721929,-0.686854,0.0438063,0.0716371
12.1154,0.0110114,0.0214883,0.170748,0.721883,-0.686826,0.0442453,0.0720985
12.1204,0.0110114,0.0214883,0.170748,0.721929,-0.686854,0.0438063,0.0716371
12.1254,0.0110155,0.0214344,0.170742,0.721883,-0.686826,0.0442453,0.0720985
12.1304,0.0110155,0.0214344,0.170742,0.721929,-0.686854,0.0438063,0.0716371
12.1354,0.0110799,0.021385,0.170735,0.72192,-0.686839,0.0439547,0.0717783
12.1404,0.0110799,0.021385,0.170735,0.721874,-0.686811,0.0443937,0.0722397
12.1454,0.011084,0.0213311,0.170729,0.721874,-0.686811,0.0443937,0.0722397
12.1505,0.011084,0.0213311,0.170729,0.721874,-0.686811,0.0443937,0.0722397
12.1554,0.0111445,0.0213357,0.170729,0.721865,-0.686796,0.0445422,0.0723809
12.1604,0.0111445,0.0213357,0.170729,0.721911,-0.686824,0.0441032,0.0719195
12.1654,0.0111486,0.0212818,0.170723,0.721911,-0.686824,0.0441032,0.0719195
12.1705,0.0111486,0.0212818,0.170723,0.721911,-0.686824,0.0441032,0.0719195
12.1754,0.0111486,0.0212818,0.170723,0.721911,-0.686824,0.0441032,0.0719195
12.1804,0.011209,0.0212864,0.170723,0.721855,-0.686781,0.0446906,0.0725221
12.1854,0.011209,0.0212864,0.170723,0.721839,-0.686769,0.0443035,0.0730304
12.1904,0.011209,0.0212864,0.170723,0.721886,-0.686797,0.0438645,0.072569
12.1955,0.0112131,0.0212324,0.170717,0.721855,-0.686781,0.0446906,0.0725221
12.2004,0.0112131,0.0212324,0.170717,0.721855,-0.686781,0.0446906,0.0725221
12.2053,0.0112736,0.0212371,0.170717,0.721846,-0.686766,0.044839,0.0726633
12.2104,0.0112741,0.021231,0.170663,0.721987,-0.686619,0.0448349,0.0726612
12.2154,0.0112782,0.0211771,0.170657,0.721987,-0.686619,0.0448349,0.0726612
12.2204,0.0113387,0.0211818,0.170657,0.721962,-0.686592,0.0445962,0.0733105
12.2254,0.0113387,0.0211818,0.170657,0.722024,-0.686632,0.0445445,0.0723409
12.2304,0.0113387,0.0211818,0.170657,0.721978,-0.686604,0.0449834,0.0728023
12.2354,0.0113387,0.0211818,0.170657,0.721978,-0.686604,0.0449834,0.0728023
12.2404,0.0114034,0.0211326,0.170651,0.721968,-0.686589,0.0451318,0.0729435
12.2454,0.0114034,0.0211326,0.170651,0.721968,-0.686589,0.0451318,0.0729435
12.2504,0.0114034,0.0211326,0.170651,0.721968,-0.686589,0.0451318,0.0729435
12.2554,0.0114034,0.0211326,0.170651,0.721968,-0.686589,0.0451318,0.0729435
12.2604,0.0114039,0.0211266,0.170597,0.722155,-0.68647,0.044689,0.0724797
12.2654,0.0114644,0.0211313,0.170597,0.7221,-0.686426,0.0452762,0.0730824
12.2704,0.0114644,0.0211313,0.170597,0.722146,-0.686455,0.0448375,0.0726209
12.2754,0.0114644,0.0211313,0.170597,0.7221,-0.686426,0.0452762,0.0730824
12.2804,0.0114644,0.0211313,0.170597,0.722146,-0.686455,0.0448375,0.0726209
12.2854,0.0114644,0.0211313,0.170597,0.7221,-0.686426,0.0452762,0.0730824
12.2904,0.0114649,0.0211253,0.170543,0.722287,-0.686308,0.0448336,0.0726186
12.2954,0.0114649,0.0211253,0.170543,0.72224,-0.686279,0.0452723,0.0730802
12.3004,0.0114649,0.0211253,0.170543,0.722287,-0.686308,0.0448336,0.0726186
12.3054,0.0114649,0.0211253,0.170543,0.72224,-0.686279,0.0452723,0.0730802
12.3104,0.0115254,0.02113,0.170543,0.722231,-0.686264,0.0454207,0.0732213
12.3153,0.0115254,0.02113,0.170543,0.722278,-0.686293,0.0449821,0.0727597
12.3204,0.0115297,0.0210761,0.170537,0.722278,-0.686293,0.0449821,0.0727597
12.3254,0.0115297,0.0210761,0.170537,0.722278,-0.686293,0.0449821,0.0727597
12.3304,0.0115297,0.0210761,0.170537,0.722231,-0.686264,0.0454207,0.0732213
12.3354,0.0115297,0.0210761,0.170537,0.722278,-0.686293,0.0449821,0.0727597
12.3404,0.0115297,0.0210761,0.170537,0.722231,-0.686264,0.0454207,0.0732213
12.3454,0.0115297,0.0210761,0.170537,0.722278,-0.686293,0.0449821,0.0727597
12.3504,0.0115297,0.0210761,0.170537,0.722278,-0.686293,0.0449821,0.0727597
12.3554,0.0115297,0.0210761,0.170537,0.722231,-0.686264,0.0454207,0.0732213
12.3604,0.0115297,0.0210761,0.170537,0.722278,-0.686293,0.0449821,0.0727597
12.3654,0.0115297,0.0210761,0.170537,0.722278,-0.686293,0.0449821,0.0727597
12.3704,0.0115297,0.0210761,0.170537,0.722231,-0.686264,0.0454207,0.0732213
12.3754,0.0115297,0.0210761,0.170537,0.722231,-0.686264,0.0454207,0.0732213
12.3804,0.0115902,0.0210809,0.170537,0.721782,-0.686713,0.0455615,0.0733544
12.3854,0.0115902,0.0210809,0.170537,0.721782,-0.686713,0.0455615,0.0733544
12.3904,0.0115945,0.021027,0.17053,0.722222,-0.686249,0.0455692,0.0733624
12.3954,0.0115945,0.021027,0.17053,0.721829,-0.686742,0.0451226,0.072893
12.4004,0.0115945,0.021027,0.17053,0.721782,-0.686713,0.0455615,0.0733544
12.4054,0.0115945,0.021027,0.17053,0.721782,-0.686713,0.0455615,0.0733544
12.4104,0.0115987,0.0209731,0.170524,0.721829,-0.686742,0.0451226,0.072893
12.4154,0.0115987,0.0209731,0.170524,0.721782,-0.686713,0.0455615,0.0733544
12.4203,0.0115987,0.0209731,0.170524,0.721782,-0.686713,0.0455615,0.0733544
12.4254,0.0115987,0.0209731,0.170524,0.721782,-0.686713,0.0455615,0.0733544
12.4304,0.0115987,0.0209731,0.170524,0.721782,-0.686713,0.0455615,0.0733544
12.4354,0.0115987,0.0209731,0.170524,0.721782,-0.686713,0.0455615,0.0733544
12.4404,0.0115987,0.0209731,0.170524,0.721782,-0.686713,0.0455615,0.0733544
12.4454,0.0115987,0.0209731,0.170524,0.721782,-0.686713,0.0455615,0.0733544
12.4504,0.0116029,0.0209192,0.170518,0.721782,-0.686713,0.0455615,0.0733544
12.4554,0.0116034,0.0209132,0.170464,0.721923,-0.686565,0.0455576,0.0733521
12.4604,0.0116034,0.0209132,0.170464,0.721923,-0.686565,0.0455576,0.0733521
12.4654,0.0116034,0.0209132,0.170464,0.721923,-0.686565,0.0455576,0.0733521
12.4704,0.0116034,0.0209132,0.170464,0.721969,-0.686594,0.0451187,0.0728906
12.4754,0.0116034,0.0209132,0.170464,0.721923,-0.686565,0.0455576,0.0733521
12.4804,0.0116034,0.0209132,0.170464,0.721923,-0.686565,0.0455576,0.0733521
12.4854,0.0116034,0.0209132,0.170464,0.721969,-0.686594,0.0451187,0.0728906
12.4904,0.0116688,0.0208582,0.170404,0.722054,-0.686403,0.0457021,0.0734909
12.4954,0.0116688,0.0208582,0.170404,0.722054,-0.686403,0.0457021,0.0734909
12.5004,0.0116688,0.0208582,0.170404,0.722101,-0.686432,0.0452634,0.0730294
12.5054,0.0116688,0.0208582,0.170404,0.722054,-0.686403,0.0457021,0.0734909
12.5104,0.0116688,0.0208582,0.170404,0.722054,-0.686403,0.0457021,0.0734909
12.5154,0.011673,0.0208043,0.170397,0.722054,-0.686403,0.0457021,0.0734909
12.5204,0.011673,0.0208043,0.170397,0.722054,-0.686403,0.0457021,0.0734909
12.5254,0.011673,0.0208043,0.170397,0.722101,-0.686432,0.0452634,0.0730294
12.5304,0.011673,0.0208043,0.170397,0.722101,-0.686432,0.0452634,0.0730294
12.5354,0.011673,0.0208043,0.170397,0.722054,-0.686403,0.0457021,0.0734909
12.5404,0.011738,0.0207553,0.170391,0.721605,-0.686851,0.0458426,0.0736242
12.5454,0.011738,0.0207553,0.170391,0.722044,-0.686388,0.0458506,0.073632
12.5504,0.0117384,0.0207493,0.170337,0.722232,-0.686269,0.0454081,0.0731681
12.5554,0.0117384,0.0207493,0.170337,0.721792,-0.686733,0.0453998,0.0731605
12.5604,0.0117384,0.0207493,0.170337,0.721745,-0.686704,0.0458388,0.0736218
12.5654,0.0117427,0.0206955,0.170331,0.721745,-0.686704,0.0458388,0.0736218
12.5704,0.0117427,0.0206955,0.170331,0.721745,-0.686704,0.0458388,0.0736218
12.5754,0.0117427,0.0206955,0.170331,0.721792,-0.686733,0.0453998,0.0731605
12.5804,0.0117427,0.0206955,0.170331,0.721792,-0.686733,0.0453998,0.0731605
12.5854,0.0117427,0.0206955,0.170331,0.721745,-0.686704,0.0458388,0.0736218
12.5904,0.0117427,0.0206955,0.170331,0.721745,-0.686704,0.0458388,0.0736218
12.5954,0.0117427,0.0206955,0.170331,0.721792,-0.686733,0.0453998,0.0731605
12.6004,0.0117427,0.0206955,0.170331,0.721792,-0.686733,0.0453998,0.0731605
12.6054,0.0117427,0.0206955,0.170331,0.721745,-0.686704,0.0458388,0.0736218
12.6104,0.0117427,0.0206955,0.170331,0.721745,-0.686704,0.0458388,0.0736218
12.6154,0.0117427,0.0206955,0.170331,0.721745,-0.686704,0.0458388,0.0736218
12.6204,0.0117427,0.0206955,0.170331,0.721745,-0.686704,0.0458388,0.0736218
12.6254,0.0117475,0.0206357,0.17027,0.721933,-0.686586,0.0453961,0.073158
12.6304,0.0117475,0.0206357,0.17027,0.721933,-0.686586,0.0453961,0.073158
12.6354,0.0117475,0.0206357,0.17027,0.721886,-0.686557,0.0458349,0.0736195
12.6404,0.0117475,0.0206357,0.17027,0.721886,-0.686557,0.0458349,0.0736195
12.6455,0.0117475,0.0206357,0.17027,0.721933,-0.686586,0.0453961,0.073158
12.6504,0.0117475,0.0206357,0.17027,0.721886,-0.686557,0.0458349,0.0736195
12.6554,0.0117475,0.0206357,0.17027,0.721933,-0.686586,0.0453961,0.073158
12.6604,0.0117475,0.0206357,0.17027,0.721886,-0.686557,0.0458349,0.0736195
12.6654,0.0117475,0.0206357,0.17027,0.721933,-0.686586,0.0453961,0.073158
12.6704,0.0117518,0.0205819,0.170264,0.721886,-0.686557,0.0458349,0.0736195
12.6753,0.0117518,0.0205819,0.170264,0.721933,-0.686586,0.0453961,0.073158
12.6804,0.0117518,0.0205819,0.170264,0.721933,-0.686586,0.0453961,0.073158
12.6854,0.0117518,0.0205819,0.170264,0.721886,-0.686557,0.0458349,0.0736195
12.6904,0.0117518,0.0205819,0.170264,0.721933,-0.686586,0.0453961,0.073158
12.6954,0.0117518,0.0205819,0.170264,0.721933,-0.686586,0.0453961,0.073158
12.7004,0.0117518,0.0205819,0.170264,0.721886,-0.686557,0.0458349,0.0736195
12.7054,0.0117518,0.0205819,0.170264,0.721933,-0.686586,0.0453961,0.073158
12.7108,0.0117561,0.020528,0.170258,0.721886,-0.686557,0.0458349,0.0736195
12.7154,0.0117561,0.020528,0.170258,0.721886,-0.686557,0.0458349,0.0736195
12.7204,0.0117561,0.020528,0.170258,0.721933,-0.686586,0.0453961,0.073158
12.7254,0.0117561,0.020528,0.170258,0.721886,-0.686557,0.0458349,0.0736195
12.7304,0.0117603,0.0204741,0.170251,0.721886,-0.686557,0.0458349,0.0736195
12.7354,0.0117603,0.0204741,0.170251,0.721886,-0.686557,0.0458349,0.0736195
12.7404,0.0117603,0.0204741,0.170251,0.721886,-0.686557,0.0458349,0.0736195
12.7454,0.0117603,0.0204741,0.170251,0.721886,-0.686557,0.0458349,0.0736195
12.7504,0.0118211,0.020479,0.170251,0.721876,-0.686542,0.0459833,0.0737606
12.7554,0.0118211,0.020479,0.170251,0.721876,-0.686542,0.0459833,0.0737606
12.7604,0.0118211,0.020479,0.170251,0.721876,-0.686542,0.0459833,0.0737606
12.7654,0.0118211,0.020479,0.170251,0.721876,-0.686542,0.0459833,0.0737606
12.7704,0.0118863,0.02043,0.170245,0.721867,-0.686526,0.0461318,0.0739018
12.7754,0.0118863,0.02043,0.170245,0.721867,-0.686526,0.0461318,0.0739018
12.7804,0.0119471,0.0204349,0.170245,0.721905,-0.686541,0.0458414,0.0735815
12.7854,0.0119471,0.0204349,0.170245,0.721857,-0.686511,0.0462802,0.0740429
12.7904,0.0120079,0.0204398,0.170245,0.721848,-0.686496,0.0464286,0.0741841
12.7954,0.0120687,0.0204448,0.170245,0.721823,-0.686468,0.0461885,0.0748324
12.8004,0.0121296,0.0204497,0.170245,0.721862,-0.686482,0.0458982,0.0745122
12.8054,0.0121296,0.0204497,0.170245,0.721814,-0.686452,0.0463369,0.0749735
12.8104,0.0121904,0.0204548,0.170245,0.721789,-0.686423,0.0460968,0.0756218
12.8154,0.0121904,0.0204548,0.170245,0.721789,-0.686423,0.0460968,0.0756218
12.8204,0.0122512,0.0204598,0.170245,0.721828,-0.686437,0.0458065,0.0753016
12.8254,0.0123165,0.020411,0.170238,0.72177,-0.686392,0.0463936,0.0759041
12.8304,0.0123773,0.0204161,0.170238,0.721746,-0.686362,0.0461535,0.0765523
12.8354,0.0123773,0.0204161,0.170238,0.721746,-0.686362,0.0461535,0.0765523
12.8404,0.0124381,0.0204212,0.170238,0.721785,-0.686376,0.0458632,0.0762321
12.8454,0.0124427,0.0203673,0.170232,0.721736,-0.686346,0.0463019,0.0766935
12.8505,0.0125035,0.0203725,0.170232,0.721726,-0.686331,0.0464503,0.0768346
12.8554,0.0125035,0.0203725,0.170232,0.721775,-0.68636,0.0460116,0.0763732
12.8604,0.0125035,0.0203725,0.170232,0.721711,-0.686316,0.0460617,0.0773417
12.8654,0.0125081,0.0203186,0.170225,0.72176,-0.686345,0.0456231,0.0768803
12.8704,0.0125081,0.0203186,0.170225,0.72176,-0.686345,0.0456231,0.0768803
12.8754,0.0125081,0.0203186,0.170225,0.72176,-0.686345,0.0456231,0.0768803
12.8804,0.0125086,0.0203128,0.170171,0.721852,-0.686169,0.0460578,0.0773386
12.8854,0.0125131,0.0202589,0.170165,0.721852,-0.686169,0.0460578,0.0773386
12.8904,0.0125131,0.0202589,0.170165,0.721901,-0.686198,0.0456192,0.0768772
12.8954,0.0125131,0.0202589,0.170165,0.721852,-0.686169,0.0460578,0.0773386
12.9004,0.0125136,0.0202531,0.170111,0.721992,-0.686021,0.0460539,0.0773356
12.9054,0.0125181,0.0201993,0.170104,0.722042,-0.686051,0.0456154,0.0768741
12.9104,0.0125181,0.0201993,0.170104,0.721992,-0.686021,0.0460539,0.0773356
12.9154,0.0125181,0.0201993,0.170104,0.721992,-0.686021,0.0460539,0.0773356
12.9204,0.0125232,0.0201396,0.170043,0.722167,-0.685888,0.0452227,0.0773778
12.9254,0.0125232,0.0201396,0.170043,0.722117,-0.685859,0.0456611,0.0778394
12.9304,0.0125232,0.0201396,0.170043,0.721743,-0.686367,0.045601,0.0768635
12.9354,0.0125282,0.02008,0.169983,0.722274,-0.685726,0.046046,0.0773295
12.9404,0.0125282,0.02008,0.169983,0.721868,-0.686205,0.0452079,0.0773669
12.9455,0.0125282,0.02008,0.169983,0.721819,-0.686176,0.0456465,0.0778283
12.9504,0.0125328,0.0200262,0.169976,0.721819,-0.686176,0.0456465,0.0778283
12.9554,0.0125942,0.0200256,0.169922,0.72195,-0.686012,0.0457909,0.0779662
12.9604,0.0125942,0.0200256,0.169922,0.72195,-0.686012,0.0457909,0.0779662
12.9654,0.0125988,0.0199718,0.169915,0.722,-0.686041,0.0453524,0.0775047
12.9704,0.0125993,0.019966,0.169861,0.72209,-0.685865,0.0457869,0.0779631
12.9754,0.0126039,0.0199122,0.169855,0.722106,-0.68588,0.0461764,0.0774567
12.9805,0.0126039,0.0199122,0.169855,0.722106,-0.68588,0.0461764,0.0774567
12.9855,0.0126695,0.0198636,0.169848,0.722081,-0.685849,0.0459353,0.0781041
12.9904,0.0126695,0.0198636,0.169848,0.722096,-0.685864,0.0463248,0.0775977
12.9954,0.0127306,0.0198688,0.169848,0.721647,-0.686312,0.0464628,0.0777313
13.0004,0.0127357,0.0198093,0.169787,0.721788,-0.686165,0.0464589,0.0777282
13.0054,0.0127967,0.0198145,0.169787,0.721828,-0.686178,0.0461687,0.0774079
13.0105,0.0128625,0.019766,0.169781,0.721769,-0.686133,0.0467557,0.0780103
13.0155,0.0129236,0.0197713,0.169781,0.721759,-0.686117,0.0469041,0.0781514
13.0204,0.0129283,0.0197175,0.169774,0.721809,-0.686146,0.0464656,0.07769
13.0254,0.0129283,0.0197175,0.169774,0.721809,-0.686146,0.0464656,0.07769
13.0304,0.0129941,0.0196691,0.169767,0.72175,-0.6861,0.0470525,0.0782924
13.0354,0.0130552,0.0196744,0.169767,0.721725,-0.686069,0.0468109,0.0789395
13.0404,0.0130599,0.0196206,0.16976,0.72174,-0.686084,0.0472009,0.0784335
13.0455,0.0131216,0.0196203,0.169706,0.721871,-0.685921,0.0473456,0.0785713
13.0504,0.0131263,0.0195665,0.169699,0.721871,-0.685921,0.0473456,0.0785713
13.0554,0.0131263,0.0195665,0.169699,0.721431,-0.686385,0.0473346,0.0785644
13.0604,0.0131923,0.0195182,0.169693,0.721422,-0.686369,0.0474829,0.0787054
13.0654,0.0131923,0.0195182,0.169693,0.721422,-0.686369,0.0474829,0.0787054
13.0704,0.0131923,0.0195182,0.169693,0.721422,-0.686369,0.0474829,0.0787054
13.0754,0.013197,0.0194644,0.169686,0.721422,-0.686369,0.0474829,0.0787054
13.0805,0.013197,0.0194644,0.169686,0.721422,-0.686369,0.0474829,0.0787054
13.0855,0.0132023,0.019405,0.169625,0.721612,-0.686251,0.0470406,0.0782409
13.0904,0.0132636,0.0194104,0.169625,0.721552,-0.686205,0.0476276,0.0788432
13.0954,0.0132636,0.0194104,0.169625,0.721552,-0.686205,0.0476276,0.0788432
13.1004,0.0132641,0.0194047,0.169571,0.721304,-0.686552,0.0471739,0.0783721
13.1054,0.0133301,0.0193564,0.169564,0.721244,-0.686505,0.047761,0.0789743
13.1105,0.0133301,0.0193564,0.169564,0.721258,-0.686521,0.0481519,0.078469
13.1155,0.0133301,0.0193564,0.169564,0.721308,-0.686552,0.0477131,0.0780079
13.1204,0.0133962,0.0193082,0.169557,0.721248,-0.686505,0.0483002,0.0786101
13.1254,0.0133967,0.0193025,0.169503,0.721439,-0.686388,0.0478581,0.0781456
13.1304,0.013458,0.0193081,0.169503,0.720939,-0.686805,0.0484339,0.0787417
13.1354,0.0134629,0.0192543,0.169496,0.720989,-0.686836,0.0479949,0.0782808
13.1404,0.0135242,0.0192599,0.169496,0.720929,-0.686789,0.0485821,0.0788829
13.1455,0.013529,0.0192061,0.169489,0.720929,-0.686789,0.0485821,0.0788829
13.1504,0.0135904,0.0192117,0.169489,0.720919,-0.686773,0.0487304,0.0790241
13.1554,0.0135904,0.0192117,0.169489,0.720919,-0.686773,0.0487304,0.0790241
13.1604,0.0136566,0.0191636,0.169482,0.720909,-0.686756,0.0488786,0.0791653
13.1654,0.0136566,0.0191636,0.169482,0.720909,-0.686756,0.0488786,0.0791653
13.1704,0.0137234,0.0191098,0.169421,0.721053,-0.686609,0.0494149,0.0787981
13.1755,0.0137234,0.0191098,0.169421,0.720663,-0.687104,0.0489645,0.0783318
13.1805,0.0137234,0.0191098,0.169421,0.720613,-0.687072,0.0494037,0.0787925
13.1854,0.0137897,0.0190618,0.169414,0.720653,-0.687088,0.0491127,0.0784731
13.1904,0.0137897,0.0190618,0.169414,0.720653,-0.687088,0.0491127,0.0784731
13.1954,0.0137897,0.0190618,0.169414,0.720603,-0.687056,0.0495518,0.0789337
13.2004,0.0137947,0.0190081,0.169407,0.720653,-0.687088,0.0491127,0.0784731
13.2054,0.0137947,0.0190081,0.169407,0.720653,-0.687088,0.0491127,0.0784731
13.2105,0.0137947,0.0190081,0.169407,0.720603,-0.687056,0.0495518,0.0789337
13.2155,0.0137997,0.0189543,0.1694,0.720603,-0.687056,0.0495518,0.0789337
13.2204,0.0137997,0.0189543,0.1694,0.720653,-0.687088,0.0491127,0.0784731
13.2254,0.0138046,0.0189006,0.169393,0.720653,-0.687088,0.0491127,0.0784731
13.2304,0.0138046,0.0189006,0.169393,0.720653,-0.687088,0.0491127,0.0784731
13.2354,0.0138046,0.0189006,0.169393,0.720603,-0.687056,0.0495518,0.0789337
13.2405,0.0138096,0.0188469,0.169385,0.720603,-0.687056,0.0495518,0.0789337
13.2455,0.0138096,0.0188469,0.169385,0.720653,-0.687088,0.0491127,0.0784731
13.2505,0.0138096,0.0188469,0.169385,0.720653,-0.687088,0.0491127,0.0784731
13.2555,0.013876,0.0187989,0.169378,0.720592,-0.68704,0.0497,0.079075
13.2604,0.013876,0.0187989,0.169378,0.720592,-0.68704,0.0497,0.079075
13.2654,0.013876,0.0187989,0.169378,0.720592,-0.68704,0.0497,0.079075
13.2704,0.013876,0.0187989,0.169378,0.720643,-0.687071,0.0492608,0.0786144
13.2755,0.013876,0.0187989,0.169378,0.720643,-0.687071,0.0492608,0.0786144
13.2805,0.013876,0.0187989,0.169378,0.720643,-0.687071,0.0492608,0.0786144
13.2855,0.0139375,0.0188046,0.169378,0.720582,-0.687024,0.0498481,0.0792162
13.2904,0.0139375,0.0188046,0.169378,0.720633,-0.687055,0.049409,0.0787556
13.2955,0.0139425,0.0187509,0.169371,0.720582,-0.687024,0.0498481,0.0792162
13.3005,0.0139431,0.0187453,0.169317,0.720723,-0.686876,0.0498451,0.0792127
13.3054,0.0139431,0.0187453,0.169317,0.720773,-0.686908,0.049406,0.078752
13.3105,0.0140046,0.018751,0.169317,0.720713,-0.68686,0.0499932,0.0793539
13.3154,0.0140096,0.0186974,0.16931,0.720272,-0.687323,0.0499816,0.0793487
13.3204,0.0140096,0.0186974,0.16931,0.720272,-0.687323,0.0499816,0.0793487
13.3254,0.0140096,0.0186974,0.16931,0.720323,-0.687355,0.0495423,0.0788883
13.3305,0.0140096,0.0186974,0.16931,0.720323,-0.687355,0.0495423,0.0788883
13.3355,0.0140146,0.0186437,0.169303,0.720323,-0.687355,0.0495423,0.0788883
13.3404,0.0140146,0.0186437,0.169303,0.720323,-0.687355,0.0495423,0.0788883
13.3454,0.0140146,0.0186437,0.169303,0.720323,-0.687355,0.0495423,0.0788883
13.3505,0.0140146,0.0186437,0.169303,0.720272,-0.687323,0.0499816,0.0793487
13.3554,0.0140146,0.0186437,0.169303,0.720323,-0.687355,0.0495423,0.0788883
13.3605,0.0140197,0.01859,0.169295,0.720323,-0.687355,0.0495423,0.0788883
13.3655,0.0140197,0.01859,0.169295,0.720272,-0.687323,0.0499816,0.0793487
13.3704,0.0140197,0.01859,0.169295,0.720272,-0.687323,0.0499816,0.0793487
13.3755,0.0140197,0.01859,0.169295,0.720323,-0.687355,0.0495423,0.0788883
13.3804,0.0140197,0.01859,0.169295,0.720272,-0.687323,0.0499816,0.0793487
13.3854,0.0140247,0.0185363,0.169288,0.720272,-0.687323,0.0499816,0.0793487
13.3905,0.0140247,0.0185363,0.169288,0.720272,-0.687323,0.0499816,0.0793487
13.3955,0.0140247,0.0185363,0.169288,0.720272,-0.687323,0.0499816,0.0793487
13.4005,0.0140247,0.0185363,0.169288,0.720272,-0.687323,0.0499816,0.0793487
13.4054,0.0140247,0.0185363,0.169288,0.720323,-0.687355,0.0495423,0.0788883
13.4105,0.0140297,0.0184826,0.169281,0.720323,-0.687355,0.0495423,0.0788883
13.4155,0.0140297,0.0184826,0.169281,0.720272,-0.687323,0.0499816,0.0793487
13.4204,0.0140297,0.0184826,0.169281,0.720272,-0.687323,0.0499816,0.0793487
13.4254,0.0140297,0.0184826,0.169281,0.720272,-0.687323,0.0499816,0.0793487
13.4305,0.0140297,0.0184826,0.169281,0.720272,-0.687323,0.0499816,0.0793487
13.4354,0.0140297,0.0184826,0.169281,0.720272,-0.687323,0.0499816,0.0793487
13.4404,0.0140302,0.018477,0.169227,0.720413,-0.687176,0.0499786,0.0793451
13.4454,0.0140302,0.018477,0.169227,0.720413,-0.687176,0.0499786,0.0793451
13.4504,0.0140353,0.0184233,0.169219,0.720413,-0.687176,0.0499786,0.0793451
13.4555,0.0140353,0.0184233,0.169219,0.720464,-0.687208,0.0495393,0.0788846
13.4604,0.0140353,0.0184233,0.169219,0.720451,-0.687191,0.049147,0.0793889
13.4655,0.0140353,0.0184233,0.169219,0.720464,-0.687208,0.0495393,0.0788846
13.4704,0.0140353,0.0184233,0.169219,0.720413,-0.687176,0.0499786,0.0793451
13.4754,0.0140408,0.0183641,0.169158,0.720554,-0.687029,0.0499755,0.0793416
13.4804,0.0140408,0.0183641,0.169158,0.720114,-0.687492,0.0499639,0.0793363
13.4854,0.0140408,0.0183641,0.169158,0.720114,-0.687492,0.0499639,0.0793363
13.4904,0.0140408,0.0183641,0.169158,0.720554,-0.687029,0.0499755,0.0793416
13.4955,0.0140458,0.0183104,0.169151,0.720114,-0.687492,0.0499639,0.0793363
13.5005,0.014108,0.0183107,0.169097,0.720244,-0.687329,0.0501089,0.0794741
13.5054,0.0141131,0.018257,0.169089,0.720232,-0.687312,0.0497161,0.0799779
13.5104,0.0141131,0.018257,0.169089,0.720244,-0.687329,0.0501089,0.0794741
13.5154,0.0141181,0.0182033,0.169082,0.720244,-0.687329,0.0501089,0.0794741
13.5204,0.0141181,0.0182033,0.169082,0.720244,-0.687329,0.0501089,0.0794741
13.5255,0.0141181,0.0182033,0.169082,0.720244,-0.687329,0.0501089,0.0794741
13.5305,0.0141232,0.0181497,0.169074,0.720295,-0.687361,0.0496696,0.0790137
13.5354,0.0141232,0.0181497,0.169074,0.720244,-0.687329,0.0501089,0.0794741
13.5404,0.01419,0.0181018,0.169067,0.720234,-0.687312,0.050257,0.0796154
13.5455,0.01419,0.0181018,0.169067,0.720234,-0.687312,0.050257,0.0796154
13.5504,0.0141956,0.0180426,0.169005,0.720426,-0.687197,0.0498148,0.0791513
13.5554,0.0141956,0.0180426,0.169005,0.720375,-0.687165,0.050254,0.0796118
13.5605,0.0142574,0.0180485,0.169005,0.719975,-0.687644,0.0499507,0.0792879
13.5654,0.0142625,0.0179948,0.168998,0.720416,-0.687181,0.0499629,0.0792926
13.5704,0.0142625,0.0179948,0.168998,0.720365,-0.687149,0.0504021,0.0797531
13.5754,0.0142625,0.0179948,0.168998,0.720365,-0.687149,0.0504021,0.0797531
13.5805,0.0142676,0.0179412,0.16899,0.719924,-0.687612,0.0503902,0.079748
13.5854,0.0142676,0.0179412,0.16899,0.719975,-0.687644,0.0499507,0.0792879
13.5904,0.0142676,0.0179412,0.16899,0.719975,-0.687644,0.0499507,0.0792879
13.5954,0.0142727,0.0178875,0.168983,0.719924,-0.687612,0.0503902,0.079748
13.6004,0.0143345,0.0178934,0.168983,0.719914,-0.687596,0.0505382,0.0798894
13.6055,0.0143402,0.0178343,0.168921,0.720055,-0.687449,0.0505353,0.0798857
13.6105,0.0143402,0.0178343,0.168921,0.720055,-0.687449,0.0505353,0.0798857
13.6155,0.0143453,0.0177807,0.168914,0.720106,-0.687481,0.0500959,0.0794255
13.6205,0.0143453,0.0177807,0.168914,0.720055,-0.687449,0.0505353,0.0798857
13.6258,0.0143453,0.0177807,0.168914,0.720106,-0.687481,0.0500959,0.0794255
13.6304,0.0143504,0.017727,0.168906,0.720106,-0.687481,0.0500959,0.0794255
13.6354,0.0144123,0.0177329,0.168906,0.720044,-0.687432,0.0506834,0.0800271
13.6404,0.0144175,0.0176793,0.168899,0.720044,-0.687432,0.0506834,0.0800271
13.6455,0.0144175,0.0176793,0.168899,0.720044,-0.687432,0.0506834,0.0800271
13.6504,0.0144175,0.0176793,0.168899,0.720095,-0.687464,0.050244,0.0795668
13.6554,0.0144226,0.0176257,0.168891,0.720044,-0.687432,0.0506834,0.0800271
13.6605,0.0144226,0.0176257,0.168891,0.719604,-0.687895,0.0506713,0.0800222
13.6655,0.0144897,0.017578,0.168883,0.719644,-0.687911,0.0503795,0.0797037
13.6705,0.0144897,0.017578,0.168883,0.719593,-0.687878,0.0508192,0.0801637
13.6754,0.0144949,0.0175244,0.168876,0.719644,-0.687911,0.0503795,0.0797037
13.6805,0.0144949,0.0175244,0.168876,0.719593,-0.687878,0.0508192,0.0801637
13.6855,0.0144949,0.0175244,0.168876,0.719644,-0.687911,0.0503795,0.0797037
13.6904,0.0144949,0.0175244,0.168876,0.719593,-0.687878,0.0508192,0.0801637
13.6955,0.0145,0.0174708,0.168868,0.719593,-0.687878,0.0508192,0.0801637
13.7005,0.0145,0.0174708,0.168868,0.719644,-0.687911,0.0503795,0.0797037
13.7055,0.0145052,0.0174172,0.16886,0.719644,-0.687911,0.0503795,0.0797037
13.7105,0.0145052,0.0174172,0.16886,0.719593,-0.687878,0.0508192,0.0801637
13.7155,0.0145052,0.0174172,0.16886,0.719644,-0.687911,0.0503795,0.0797037
13.7204,0.0145052,0.0174172,0.16886,0.719593,-0.687878,0.0508192,0.0801637
13.7254,0.0145103,0.0173635,0.168852,0.719644,-0.687911,0.0503795,0.0797037
13.7305,0.0145103,0.0173635,0.168852,0.719644,-0.687911,0.0503795,0.0797037
13.7355,0.0145103,0.0173635,0.168852,0.719593,-0.687878,0.0508192,0.0801637
13.7404,0.0145155,0.0173099,0.168845,0.719593,-0.687878,0.0508192,0.0801637
13.7454,0.0145155,0.0173099,0.168845,0.719644,-0.687911,0.0503795,0.0797037
13.7505,0.0145155,0.0173099,0.168845,0.719644,-0.687911,0.0503795,0.0797037
13.7554,0.0145155,0.0173099,0.168845,0.719593,-0.687878,0.0508192,0.0801637
13.7605,0.0145206,0.0172563,0.168837,0.719593,-0.687878,0.0508192,0.0801637
13.7654,0.0145206,0.0172563,0.168837,0.719632,-0.687894,0.0499859,0.0802068
13.7704,0.0145206,0.0172563,0.168837,0.719593,-0.687878,0.0508192,0.0801637
13.7755,0.0145258,0.0172027,0.168829,0.719203,-0.688373,0.050367,0.0796992
13.7805,0.0145258,0.0172027,0.168829,0.719632,-0.687894,0.0499859,0.0802068
13.7855,0.0145258,0.0172027,0.168829,0.719203,-0.688373,0.050367,0.0796992
13.7904,0.0145309,0.0171491,0.168821,0.719152,-0.688341,0.050807,0.0801589
13.7955,0.0145309,0.0171491,0.168821,0.71914,-0.688324,0.050413,0.0806617
13.8005,0.0145309,0.0171491,0.168821,0.719191,-0.688356,0.049973,0.0802021
13.8054,0.0145361,0.0170956,0.168813,0.719203,-0.688373,0.050367,0.0796992
13.8105,0.0145983,0.0171015,0.168813,0.719193,-0.688357,0.0505149,0.0798407
13.8155,0.0145983,0.0171015,0.168813,0.719142,-0.688324,0.0509549,0.0803004
13.8204,0.0145983,0.0171015,0.168813,0.719181,-0.68834,0.0501209,0.0803436
13.8254,0.0145983,0.0171015,0.168813,0.71913,-0.688307,0.0505609,0.0808033
13.8305,0.0146035,0.017048,0.168805,0.71913,-0.688307,0.0505609,0.0808033
13.8355,0.0146657,0.017054,0.168805,0.719171,-0.688323,0.0502688,0.0804851
13.8404,0.0146657,0.017054,0.168805,0.719119,-0.688291,0.0507087,0.0809448
13.8455,0.0146709,0.0170004,0.168798,0.719171,-0.688323,0.0502688,0.0804851
13.8505,0.0146709,0.0170004,0.168798,0.719171,-0.688323,0.0502688,0.0804851
13.8555,0.0147331,0.0170064,0.168798,0.719109,-0.688274,0.0508566,0.0810863
13.8605,0.0147331,0.0170064,0.168798,0.71916,-0.688306,0.0504166,0.0806267
13.8655,0.0147383,0.0169529,0.16879,0.71916,-0.688306,0.0504166,0.0806267
13.8705,0.0147383,0.0169529,0.16879,0.71916,-0.688306,0.0504166,0.0806267
13.8754,0.0147383,0.0169529,0.16879,0.71916,-0.688306,0.0504166,0.0806267
13.8804,0.0147435,0.0168993,0.168782,0.719121,-0.688291,0.0512506,0.0805834
13.8854,0.0148058,0.0169054,0.168782,0.719098,-0.688257,0.0510044,0.0812278
13.8904,0.0148058,0.0169054,0.168782,0.719098,-0.688257,0.0510044,0.0812278
13.8955,0.0148058,0.0169054,0.168782,0.71911,-0.688275,0.0513984,0.0807249
13.9005,0.0148058,0.0169054,0.168782,0.719098,-0.688257,0.0510044,0.0812278
13.9055,0.0148058,0.0169054,0.168782,0.719098,-0.688257,0.0510044,0.0812278
13.9105,0.014811,0.0168518,0.168774,0.719098,-0.688257,0.0510044,0.0812278
13.9154,0.014811,0.0168518,0.168774,0.71911,-0.688275,0.0513984,0.0807249
13.9205,0.014811,0.0168518,0.168774,0.71915,-0.68829,0.0505645,0.0807681
13.9255,0.014811,0.0168518,0.168774,0.71915,-0.68829,0.0505645,0.0807681
13.9305,0.014811,0.0168518,0.168774,0.71915,-0.68829,0.0505645,0.0807681
13.9355,0.014811,0.0168518,0.168774,0.719098,-0.688257,0.0510044,0.0812278
13.9405,0.014811,0.0168518,0.168774,0.719098,-0.688257,0.0510044,0.0812278
13.9455,0.0148786,0.0168043,0.168766,0.71914,-0.688273,0.0507123,0.0809096
13.9504,0.0148786,0.0168043,0.168766,0.719088,-0.688241,0.0511523,0.0813693
13.9554,0.0148786,0.0168043,0.168766,0.719088,-0.688241,0.0511523,0.0813693
13.9605,0.0148786,0.0168043,0.168766,0.719088,-0.688241,0.0511523,0.0813693
13.9655,0.0148786,0.0168043,0.168766,0.719088,-0.688241,0.0511523,0.0813693
13.9705,0.0148786,0.0168043,0.168766,0.71914,-0.688273,0.0507123,0.0809096
13.9755,0.0148786,0.0168043,0.168766,0.71914,-0.688273,0.0507123,0.0809096
13.9805,0.0148786,0.0168043,0.168766,0.719088,-0.688241,0.0511523,0.0813693
13.9855,0.0148786,0.0168043,0.168766,0.719088,-0.688241,0.0511523,0.0813693
13.9905,0.0148839,0.0167508,0.168758,0.71914,-0.688273,0.0507123,0.0809096
13.9955,0.0148839,0.0167508,0.168758,0.7191,-0.688258,0.0515463,0.0808664
14.0005,0.0148839,0.0167508,0.168758,0.71914,-0.688273,0.0507123,0.0809096
14.0055,0.0148839,0.0167508,0.168758,0.719088,-0.688241,0.0511523,0.0813693
14.0105,0.0148839,0.0167508,0.168758,0.71914,-0.688273,0.0507123,0.0809096
14.0155,0.0148839,0.0167508,0.168758,0.71914,-0.688273,0.0507123,0.0809096
14.0205,0.0148839,0.0167508,0.168758,0.719088,-0.688241,0.0511523,0.0813693
14.0255,0.0148839,0.0167508,0.168758,0.71914,-0.688273,0.0507123,0.0809096
14.0305,0.0148839,0.0167508,0.168758,0.719088,-0.688241,0.0511523,0.0813693
14.0354,0.0148839,0.0167508,0.168758,0.71914,-0.688273,0.0507123,0.0809096
14.0404,0.0148839,0.0167508,0.168758,0.719088,-0.688241,0.0511523,0.0813693
14.0456,0.0148839,0.0167508,0.168758,0.719088,-0.688241,0.0511523,0.0813693
14.0505,0.0148839,0.0167508,0.168758,0.719088,-0.688241,0.0511523,0.0813693
14.0554,0.0148839,0.0167508,0.168758,0.71914,-0.688273,0.0507123,0.0809096
14.0605,0.0148839,0.0167508,0.168758,0.71914,-0.688273,0.0507123,0.0809096
14.0655,0.0148839,0.0167508,0.168758,0.719088,-0.688241,0.0511523,0.0813693
14.0705,0.0148839,0.0167508,0.168758,0.719088,-0.688241,0.0511523,0.0813693
14.0755,0.0148839,0.0167508,0.168758,0.719088,-0.688241,0.0511523,0.0813693
14.0805,0.0148839,0.0167508,0.168758,0.71914,-0.688273,0.0507123,0.0809096
14.0854,0.0148839,0.0167508,0.168758,0.719088,-0.688241,0.0511523,0.0813693
14.0904,0.0148839,0.0167508,0.168758,0.71914,-0.688273,0.0507123,0.0809096
14.0955,0.0148891,0.0166972,0.16875,0.71914,-0.688273,0.0507123,0.0809096
14.1004,0.0148891,0.0166972,0.16875,0.719088,-0.688241,0.0511523,0.0813693
14.1055,0.0148891,0.0166972,0.16875,0.719088,-0.688241,0.0511523,0.0813693
14.1105,0.0148891,0.0166972,0.16875,0.71914,-0.688273,0.0507123,0.0809096
14.1155,0.0148891,0.0166972,0.16875,0.719088,-0.688241,0.0511523,0.0813693
14.1205,0.0148891,0.0166972,0.16875,0.71914,-0.688273,0.0507123,0.0809096
14.1255,0.0148891,0.0166972,0.16875,0.71914,-0.688273,0.0507123,0.0809096
14.1305,0.0148891,0.0166972,0.16875,0.719088,-0.688241,0.0511523,0.0813693
14.1355,0.0148891,0.0166972,0.16875,0.71914,-0.688273,0.0507123,0.0809096
14.1405,0.0148891,0.0166972,0.16875,0.719088,-0.688241,0.0511523,0.0813693
14.1455,0.0148891,0.0166972,0.16875,0.71914,-0.688273,0.0507123,0.0809096
14.1505,0.0148891,0.0166972,0.16875,0.719088,-0.688241,0.0511523,0.0813693
14.1554,0.0148891,0.0166972,0.16875,0.71914,-0.688273,0.0507123,0.0809096
14.1605,0.0148891,0.0166972,0.16875,0.71914,-0.688273,0.0507123,0.0809096
14.1655,0.0149515,0.0167034,0.16875,0.719077,-0.688224,0.0513001,0.0815108
14.1704,0.0149568,0.0166498,0.168742,0.719129,-0.688257,0.0508602,0.0810511
14.1755,0.0149568,0.0166498,0.168742,0.719129,-0.688257,0.0508602,0.0810511
14.1805,0.0149568,0.0166498,0.168742,0.719077,-0.688224,0.0513001,0.0815108
14.1854,0.0149568,0.0166498,0.168742,0.719129,-0.688257,0.0508602,0.0810511
14.1904,0.0149568,0.0166498,0.168742,0.719077,-0.688224,0.0513001,0.0815108
14.1955,0.014962,0.0165963,0.168734,0.719077,-0.688224,0.0513001,0.0815108
14.2005,0.014962,0.0165963,0.168734,0.719077,-0.688224,0.0513001,0.0815108
14.2054,0.014962,0.0165963,0.168734,0.719129,-0.688257,0.0508602,0.0810511
14.2105,0.014962,0.0165963,0.168734,0.719129,-0.688257,0.0508602,0.0810511
14.2154,0.0149673,0.0165427,0.168725,0.719077,-0.688224,0.0513001,0.0815108
14.2204,0.0149673,0.0165427,0.168725,0.719077,-0.688224,0.0513001,0.0815108
14.2255,0.0149673,0.0165427,0.168725,0.719129,-0.688257,0.0508602,0.0810511
14.2305,0.0149673,0.0165427,0.168725,0.718636,-0.688686,0.051287,0.0815063
14.2355,0.0149726,0.0164892,0.168717,0.719129,-0.688257,0.0508602,0.0810511
14.2404,0.0149726,0.0164892,0.168717,0.718636,-0.688686,0.051287,0.0815063
14.2455,0.015035,0.0164953,0.168717,0.718625,-0.688669,0.0514347,0.0816479
14.2505,0.0150403,0.0164418,0.168709,0.718677,-0.688702,0.0509946,0.0811885
14.2555,0.0150403,0.0164418,0.168709,0.718625,-0.688669,0.0514347,0.0816479
14.2605,0.0150403,0.0164418,0.168709,0.718625,-0.688669,0.0514347,0.0816479
14.2655,0.0150456,0.0163883,0.168701,0.718677,-0.688702,0.0509946,0.0811885
14.2705,0.0150456,0.0163883,0.168701,0.718677,-0.688702,0.0509946,0.0811885
14.2755,0.0150456,0.0163883,0.168701,0.718625,-0.688669,0.0514347,0.0816479
14.2805,0.0151081,0.0163945,0.168701,0.718615,-0.688653,0.0515825,0.0817895
14.2855,0.0151081,0.0163945,0.168701,0.718667,-0.688685,0.0511423,0.0813301
14.2905,0.0151081,0.0163945,0.168701,0.718615,-0.688653,0.0515825,0.0817895
14.2955,0.0151081,0.0163945,0.168701,0.718615,-0.688653,0.0515825,0.0817895
14.3005,0.015114,0.0163355,0.168639,0.718808,-0.688539,0.0511397,0.081326
14.3055,0.015114,0.0163355,0.168639,0.718808,-0.688539,0.0511397,0.081326
14.3105,0.015114,0.0163355,0.168639,0.718808,-0.688539,0.0511397,0.081326
14.3155,0.0151765,0.0163417,0.168639,0.718745,-0.688489,0.0517276,0.081927
14.3205,0.0151818,0.0162882,0.168631,0.718745,-0.688489,0.0517276,0.081927
14.3255,0.0151824,0.0162827,0.168576,0.718887,-0.688342,0.0517249,0.0819229
14.3305,0.0151824,0.0162827,0.168576,0.718887,-0.688342,0.0517249,0.0819229
14.3355,0.0151824,0.0162827,0.168576,0.718887,-0.688342,0.0517249,0.0819229
14.3405,0.0151824,0.0162827,0.168576,0.718887,-0.688342,0.0517249,0.0819229
14.3455,0.0151824,0.0162827,0.168576,0.718939,-0.688375,0.0512849,0.0814634
14.3504,0.0152455,0.0162836,0.168522,0.719081,-0.68823,0.0518248,0.0810984
14.3555,0.0152455,0.0162836,0.168522,0.719029,-0.688197,0.0522647,0.081558
14.3605,0.0152514,0.0162246,0.16846,0.719222,-0.688083,0.0518224,0.0810943
14.3655,0.0152514,0.0162246,0.16846,0.719233,-0.688101,0.0522171,0.080592
14.3705,0.0152519,0.0162193,0.168406,0.719374,-0.687954,0.0522147,0.0805879
14.3755,0.0152519,0.0162193,0.168406,0.719374,-0.687954,0.0522147,0.0805879
14.3805,0.0152524,0.0162139,0.168352,0.719515,-0.687807,0.0522124,0.0805839
14.3855,0.0152524,0.0162139,0.168352,0.719463,-0.687773,0.052652,0.0810438
14.3905,0.0152524,0.0162139,0.168352,0.719525,-0.687825,0.0526073,0.0800817
14.3955,0.0153155,0.0162148,0.168298,0.719163,-0.68809,0.05318,0.0806758
14.4004,0.0153155,0.0162148,0.168298,0.719656,-0.687661,0.052753,0.0802191
14.4055,0.0153155,0.0162148,0.168298,0.719215,-0.688124,0.0527401,0.0802162
14.4105,0.0153161,0.0162095,0.168244,0.719356,-0.687977,0.0527379,0.0802122
14.4155,0.0153161,0.0162095,0.168244,0.719356,-0.687977,0.0527379,0.0802122
14.4205,0.0153161,0.0162095,0.168244,0.719356,-0.687977,0.0527379,0.0802122
14.4255,0.0153166,0.0162042,0.16819,0.719497,-0.68783,0.0527357,0.0802082
14.4305,0.0153166,0.0162042,0.16819,0.719445,-0.687796,0.0531753,0.080668
14.4354,0.0153166,0.0162042,0.16819,0.719497,-0.68783,0.0527357,0.0802082
14.4405,0.0153166,0.0162042,0.16819,0.719445,-0.687796,0.0531753,0.080668
14.4455,0.0153171,0.016199,0.168136,0.719638,-0.687683,0.0527335,0.0802042
14.4505,0.0153225,0.0161455,0.168127,0.719638,-0.687683,0.0527335,0.0802042
14.4555,0.0153225,0.0161455,0.168127,0.719638,-0.687683,0.0527335,0.0802042
14.4605,0.0153225,0.0161455,0.168127,0.719145,-0.688112,0.0531605,0.0806609
14.4655,0.0153279,0.016092,0.168119,0.719197,-0.688145,0.0527207,0.0802012
14.4705,0.0153284,0.0160867,0.168065,0.719338,-0.687999,0.0527184,0.0801972
14.4755,0.0153284,0.0160867,0.168065,0.719338,-0.687999,0.0527184,0.0801972
14.4805,0.0153338,0.0160332,0.168057,0.719287,-0.687965,0.0531582,0.080657
14.4855,0.015397,0.0160343,0.168003,0.719468,-0.687835,0.0528641,0.0803346
14.4905,0.015397,0.0160343,0.168003,0.719468,-0.687835,0.0528641,0.0803346
14.4955,0.015397,0.0160343,0.168003,0.719478,-0.687853,0.0532603,0.0798334
14.5005,0.0154029,0.0159756,0.16794,0.719568,-0.687671,0.0536978,0.0802894
14.5054,0.0154029,0.0159756,0.16794,0.719609,-0.687688,0.0528619,0.0803306
14.5105,0.0154083,0.0159221,0.167932,0.719609,-0.687688,0.0528619,0.0803306
14.5155,0.0154083,0.0159221,0.167932,0.719619,-0.687706,0.0532582,0.0798294
14.5204,0.015477,0.0158698,0.167869,0.719749,-0.687542,0.0534041,0.0799668
14.5255,0.015477,0.0158698,0.167869,0.719739,-0.687525,0.0530077,0.0804679
14.5305,0.0154824,0.0158163,0.167861,0.719308,-0.688005,0.0533914,0.0799643
14.5355,0.0154824,0.0158163,0.167861,0.719308,-0.688005,0.0533914,0.0799643
14.5405,0.0155506,0.0157692,0.167853,0.719297,-0.687988,0.0535393,0.0801057
14.5455,0.015556,0.0157157,0.167844,0.719288,-0.687971,0.0531426,0.0806065
14.5504,0.0155615,0.0156622,0.167836,0.719297,-0.687988,0.0535393,0.0801057
14.5555,0.0155615,0.0156622,0.167836,0.719246,-0.687954,0.053979,0.0805655
14.5605,0.0155669,0.0156088,0.167827,0.719246,-0.687954,0.053979,0.0805655
14.5655,0.0155669,0.0156088,0.167827,0.719288,-0.687971,0.0531426,0.0806065
14.5705,0.0155723,0.0155553,0.167819,0.719288,-0.687971,0.0531426,0.0806065
14.5755,0.0155723,0.0155553,0.167819,0.719288,-0.687971,0.0531426,0.0806065
14.5805,0.0155778,0.0155018,0.16781,0.719288,-0.687971,0.0531426,0.0806065
14.5855,0.0155778,0.0155018,0.16781,0.719288,-0.687971,0.0531426,0.0806065
14.5904,0.0155832,0.0154484,0.167802,0.719288,-0.687971,0.0531426,0.0806065
14.5955,0.0155832,0.0154484,0.167802,0.719288,-0.687971,0.0531426,0.0806065
14.6005,0.0155887,0.0153949,0.167793,0.719288,-0.687971,0.0531426,0.0806065
14.6055,0.0155887,0.0153949,0.167793,0.719236,-0.687937,0.0535824,0.0810663
14.6105,0.0155941,0.0153415,0.167785,0.719236,-0.687937,0.0535824,0.0810663
14.6155,0.0155941,0.0153415,0.167785,0.719288,-0.687971,0.0531426,0.0806065
14.6205,0.0155996,0.015288,0.167776,0.719288,-0.687971,0.0531426,0.0806065
14.6255,0.0155996,0.015288,0.167776,0.719278,-0.687953,0.0527459,0.0811073
14.6305,0.0155996,0.015288,0.167776,0.719278,-0.687953,0.0527459,0.0811073
14.6354,0.015605,0.0152346,0.167767,0.719226,-0.687919,0.0531857,0.081567
14.6404,0.015605,0.0152346,0.167767,0.719278,-0.687953,0.0527459,0.0811073
14.6455,0.015605,0.0152346,0.167767,0.719278,-0.687953,0.0527459,0.0811073
14.6505,0.015605,0.0152346,0.167767,0.719226,-0.687919,0.0531857,0.081567
14.6555,0.015605,0.0152346,0.167767,0.719278,-0.687953,0.0527459,0.0811073
14.6605,0.0156105,0.0151811,0.167759,0.719278,-0.687953,0.0527459,0.0811073
14.6655,0.0156105,0.0151811,0.167759,0.719215,-0.687901,0.0527889,0.0820678
14.6705,0.0156105,0.0151811,0.167759,0.719215,-0.687901,0.0527889,0.0820678
14.6755,0.0156735,0.0151876,0.167759,0.719267,-0.687936,0.0528938,0.0812488
14.6805,0.0156735,0.0151876,0.167759,0.719204,-0.687884,0.0529368,0.0822092
14.6855,0.0156789,0.0151341,0.16775,0.719257,-0.687918,0.0524971,0.0817495
14.6905,0.0156789,0.0151341,0.16775,0.719204,-0.687884,0.0529368,0.0822092
14.6955,0.0156795,0.015129,0.167696,0.719398,-0.687771,0.0524948,0.0817452
14.7005,0.0156795,0.015129,0.167696,0.719398,-0.687771,0.0524948,0.0817452
14.7055,0.0156849,0.0150755,0.167687,0.719398,-0.687771,0.0524948,0.0817452
14.7105,0.0156849,0.0150755,0.167687,0.719345,-0.687737,0.0529344,0.082205
14.7155,0.0156849,0.0150755,0.167687,0.719345,-0.687737,0.0529344,0.082205
14.7205,0.0156849,0.0150755,0.167687,0.719398,-0.687771,0.0524948,0.0817452
14.7255,0.0156849,0.0150755,0.167687,0.719398,-0.687771,0.0524948,0.0817452
14.7305,0.0156904,0.0150221,0.167679,0.719398,-0.687771,0.0524948,0.0817452
14.7355,0.0156904,0.0150221,0.167679,0.719398,-0.687771,0.0524948,0.0817452
14.7405,0.0157534,0.0150286,0.167679,0.719387,-0.687754,0.0526427,0.0818866
14.7455,0.0157589,0.0149751,0.16767,0.719334,-0.68772,0.0530823,0.0823464
14.7505,0.0157589,0.0149751,0.16767,0.719387,-0.687754,0.0526427,0.0818866
14.7555,0.0157589,0.0149751,0.16767,0.719387,-0.687754,0.0526427,0.0818866
14.7605,0.0157589,0.0149751,0.16767,0.719324,-0.687702,0.0526855,0.082847
14.7655,0.0157589,0.0149751,0.16767,0.719376,-0.687736,0.0522459,0.0823872
14.7705,0.0157589,0.0149751,0.16767,0.719376,-0.687736,0.0522459,0.0823872
14.7755,0.0157589,0.0149751,0.16767,0.719324,-0.687702,0.0526855,0.082847
14.7805,0.0157589,0.0149751,0.16767,0.719334,-0.68772,0.0530823,0.0823464
14.7855,0.0157589,0.0149751,0.16767,0.719376,-0.687736,0.0522459,0.0823872
14.7905,0.0157589,0.0149751,0.16767,0.719376,-0.687736,0.0522459,0.0823872
14.7955,0.0157589,0.0149751,0.16767,0.719376,-0.687736,0.0522459,0.0823872
14.8004,0.0157644,0.0149217,0.167661,0.719376,-0.687736,0.0522459,0.0823872
14.8055,0.0157644,0.0149217,0.167661,0.719376,-0.687736,0.0522459,0.0823872
14.8105,0.0157644,0.0149217,0.167661,0.719376,-0.687736,0.0522459,0.0823872
14.8155,0.0157644,0.0149217,0.167661,0.719376,-0.687736,0.0522459,0.0823872
14.8205,0.0158275,0.0149282,0.167661,0.719313,-0.687685,0.0528334,0.0829884
14.8255,0.015833,0.0148748,0.167652,0.719366,-0.687719,0.0523938,0.0825286
14.8305,0.015833,0.0148748,0.167652,0.719366,-0.687719,0.0523938,0.0825286
14.8354,0.015833,0.0148748,0.167652,0.719313,-0.687685,0.0528334,0.0829884
14.8404,0.0158385,0.0148214,0.167643,0.719323,-0.687704,0.0532302,0.0824878
14.8455,0.0158391,0.0148163,0.167589,0.719454,-0.687538,0.0528309,0.0829841
14.8505,0.0158446,0.0147629,0.167581,0.719507,-0.687572,0.0523914,0.0825242
14.8554,0.0158446,0.0147629,0.167581,0.719507,-0.687572,0.0523914,0.0825242
14.8605,0.0158446,0.0147629,0.167581,0.719507,-0.687572,0.0523914,0.0825242
14.8655,0.0158501,0.0147095,0.167572,0.719507,-0.687572,0.0523914,0.0825242
14.8705,0.0159133,0.014716,0.167572,0.719506,-0.687574,0.0529363,0.082165
14.8755,0.0159188,0.0146626,0.167563,0.719496,-0.687555,0.0525394,0.0826656
14.8805,0.0159188,0.0146626,0.167563,0.719506,-0.687574,0.0529363,0.082165
14.8854,0.0159243,0.0146092,0.167554,0.719496,-0.687555,0.0525394,0.0826656
14.8904,0.0159243,0.0146092,0.167554,0.719496,-0.687555,0.0525394,0.0826656
14.8955,0.0159931,0.0145624,0.167545,0.719485,-0.687538,0.0526873,0.0828069
14.9005,0.0159931,0.0145624,0.167545,0.719485,-0.687538,0.0526873,0.0828069
14.9055,0.0159986,0.014509,0.167536,0.719485,-0.687538,0.0526873,0.0828069
14.9105,0.0160675,0.0144622,0.167527,0.719474,-0.687521,0.0528352,0.0829483
14.9155,0.0160675,0.0144622,0.167527,0.719474,-0.687521,0.0528352,0.0829483
14.9205,0.016073,0.0144088,0.167518,0.719421,-0.687487,0.0532747,0.0834081
14.9255,0.0161419,0.0143621,0.167509,0.719473,-0.687523,0.0533801,0.0825891
14.9306,0.0161419,0.0143621,0.167509,0.719463,-0.687504,0.0529831,0.0830896
14.9355,0.0161475,0.0143087,0.1675,0.719463,-0.687504,0.0529831,0.0830896
14.9405,0.0162165,0.014262,0.167491,0.719452,-0.687487,0.0531311,0.083231
14.9455,0.0162165,0.014262,0.167491,0.719462,-0.687506,0.053528,0.0827305
14.9505,0.0162221,0.0142086,0.167482,0.719399,-0.687453,0.0535705,0.0836908
14.9555,0.0162221,0.0142086,0.167482,0.719452,-0.687487,0.0531311,0.083231
14.9605,0.0162277,0.0141553,0.167473,0.719399,-0.687453,0.0535705,0.0836908
14.9655,0.0162968,0.0141086,0.167464,0.719442,-0.687469,0.053279,0.0833723
14.9705,0.0162968,0.0141086,0.167464,0.719451,-0.687489,0.0536759,0.0828718
14.9755,0.0163024,0.0140553,0.167455,0.719451,-0.687489,0.0536759,0.0828718
14.9805,0.0163024,0.0140553,0.167455,0.719398,-0.687454,0.0541154,0.0833317
14.9854,0.016308,0.014002,0.167446,0.719451,-0.687489,0.0536759,0.0828718
14.9905,0.0163771,0.0139553,0.167436,0.71944,-0.687472,0.0538238,0.0830132
14.9955,0.0163771,0.0139553,0.167436,0.719387,-0.687437,0.0542633,0.083473
15.0005,0.0163828,0.013902,0.167427,0.71944,-0.687472,0.0538238,0.0830132
15.0055,0.0163885,0.0138487,0.167418,0.71944,-0.687472,0.0538238,0.0830132
15.0107,0.016452,0.0138554,0.167418,0.719376,-0.68742,0.0544112,0.0836143
15.0155,0.0164577,0.0138021,0.167409,0.719376,-0.68742,0.0544112,0.0836143
15.0205,0.0164633,0.0137488,0.1674,0.719429,-0.687455,0.0539718,0.0831545
15.0255,0.0164633,0.0137488,0.1674,0.719429,-0.687455,0.0539718,0.0831545
15.0305,0.016469,0.0136955,0.16739,0.719429,-0.687455,0.0539718,0.0831545
15.0355,0.0165326,0.0137023,0.16739,0.719418,-0.687438,0.0541197,0.0832958
15.0405,0.0165383,0.013649,0.167381,0.719418,-0.687438,0.0541197,0.0832958
15.0455,0.0165383,0.013649,0.167381,0.719365,-0.687403,0.0545591,0.0837557
15.0505,0.016544,0.0135957,0.167372,0.719418,-0.687438,0.0541197,0.0832958
15.0555,0.0166076,0.0136025,0.167372,0.719407,-0.68742,0.0542676,0.0834372
15.0605,0.0166134,0.0135492,0.167362,0.719354,-0.687386,0.054707,0.0838969
15.0655,0.0166134,0.0135492,0.167362,0.719407,-0.68742,0.0542676,0.0834372
15.0705,0.0166828,0.0135028,0.167353,0.719386,-0.687383,0.0540185,0.084079
15.0756,0.0166885,0.0134495,0.167343,0.719396,-0.687403,0.0544155,0.0835785
15.0805,0.0166885,0.0134495,0.167343,0.718955,-0.687866,0.0544005,0.0835766
15.0855,0.0166942,0.0133962,0.167334,0.719396,-0.687403,0.0544155,0.0835785
15.0905,0.0166942,0.0133962,0.167334,0.718892,-0.687811,0.0544429,0.0845364
15.0955,0.0167,0.0133429,0.167325,0.718955,-0.687866,0.0544005,0.0835766
15.1005,0.0167637,0.0133498,0.167325,0.71889,-0.687814,0.054988,0.0841775
15.1055,0.0167695,0.0132965,0.167315,0.718944,-0.687849,0.0545483,0.083718
15.1105,0.0167752,0.0132433,0.167306,0.718934,-0.687829,0.054151,0.0842183
15.1155,0.0167752,0.0132433,0.167306,0.718944,-0.687849,0.0545483,0.083718
15.1205,0.016781,0.01319,0.167296,0.718944,-0.687849,0.0545483,0.083718
15.1255,0.016781,0.01319,0.167296,0.718944,-0.687849,0.0545483,0.083718
15.1305,0.0167868,0.0131367,0.167287,0.718944,-0.687849,0.0545483,0.083718
15.1355,0.0167868,0.0131367,0.167287,0.71889,-0.687814,0.054988,0.0841775
15.1405,0.0167925,0.0130835,0.167277,0.71889,-0.687814,0.054988,0.0841775
15.1456,0.0168621,0.0130371,0.167268,0.718933,-0.687831,0.0546961,0.0838594
15.1505,0.0168621,0.0130371,0.167268,0.718923,-0.687811,0.0542988,0.0843597
15.1555,0.0168679,0.0129839,0.167258,0.718923,-0.687811,0.0542988,0.0843597
15.1605,0.0168679,0.0129839,0.167258,0.718933,-0.687831,0.0546961,0.0838594
15.1655,0.0168737,0.0129307,0.167248,0.718933,-0.687831,0.0546961,0.0838594
15.1705,0.0168737,0.0129307,0.167248,0.718933,-0.687831,0.0546961,0.0838594
15.1755,0.0169434,0.0128844,0.167239,0.718921,-0.687814,0.0548439,0.0840009
15.1805,0.0169492,0.0128311,0.167229,0.718921,-0.687814,0.0548439,0.0840009
15.1856,0.0169492,0.0128311,0.167229,0.718921,-0.687814,0.0548439,0.0840009
15.1905,0.016955,0.0127779,0.167219,0.718921,-0.687814,0.0548439,0.0840009
15.1955,0.016955,0.0127779,0.167219,0.718921,-0.687814,0.0548439,0.0840009
15.2005,0.0170248,0.0127317,0.16721,0.718847,-0.687742,0.0550341,0.085102
15.2055,0.0170248,0.0127317,0.16721,0.71891,-0.687797,0.0549918,0.0841423
15.2106,0.0170248,0.0127317,0.16721,0.718856,-0.687762,0.0554314,0.0846018
15.2155,0.0170306,0.0126785,0.1672,0.71891,-0.687797,0.0549918,0.0841423
15.2205,0.0170306,0.0126785,0.1672,0.71891,-0.687797,0.0549918,0.0841423
15.2255,0.0171005,0.0126323,0.16719,0.718899,-0.687779,0.0551396,0.0842837
15.2305,0.0171005,0.0126323,0.16719,0.718899,-0.687779,0.0551396,0.0842837
15.2355,0.0171005,0.0126323,0.16719,0.718899,-0.687779,0.0551396,0.0842837
15.2405,0.0171063,0.0125791,0.16718,0.718899,-0.687779,0.0551396,0.0842837
15.2456,0.0171063,0.0125791,0.16718,0.718899,-0.687779,0.0551396,0.0842837
15.2505,0.0171122,0.0125259,0.167171,0.718845,-0.687744,0.0555792,0.0847432
15.2555,0.0171122,0.0125259,0.167171,0.718899,-0.687779,0.0551396,0.0842837
15.2605,0.0171122,0.0125259,0.167171,0.718899,-0.687779,0.0551396,0.0842837
15.2655,0.017118,0.0124727,0.167161,0.718899,-0.687779,0.0551396,0.0842837
15.2705,0.0171239,0.0124195,0.167151,0.718899,-0.687779,0.0551396,0.0842837
15.2755,0.0171239,0.0124195,0.167151,0.718845,-0.687744,0.0555792,0.0847432
15.2805,0.0171297,0.0123663,0.167141,0.718899,-0.687779,0.0551396,0.0842837
15.2855,0.0171297,0.0123663,0.167141,0.718845,-0.687744,0.0555792,0.0847432
15.2905,0.0171938,0.0123733,0.167141,0.718833,-0.687727,0.055727,0.0848846
15.2955,0.0171997,0.0123201,0.167131,0.718833,-0.687727,0.055727,0.0848846
15.3005,0.0171997,0.0123201,0.167131,0.718833,-0.687727,0.055727,0.0848846
15.3055,0.0171997,0.0123201,0.167131,0.718887,-0.687762,0.0552874,0.0844251
15.3105,0.0172061,0.0122618,0.167067,0.718974,-0.68758,0.0557251,0.0848798
15.3155,0.0172061,0.0122618,0.167067,0.719028,-0.687615,0.0552856,0.0844202
15.3205,0.017212,0.0122087,0.167057,0.718974,-0.68758,0.0557251,0.0848798
15.3255,0.0172178,0.0121555,0.167047,0.719028,-0.687615,0.0552856,0.0844202
15.3305,0.0172178,0.0121555,0.167047,0.719028,-0.687615,0.0552856,0.0844202
15.3355,0.0172237,0.0121023,0.167037,0.718974,-0.68758,0.0557251,0.0848798
15.3405,0.0172296,0.0120492,0.167027,0.718974,-0.68758,0.0557251,0.0848798
15.3455,0.0172296,0.0120492,0.167027,0.718974,-0.68758,0.0557251,0.0848798
15.3505,0.0172354,0.011996,0.167017,0.718974,-0.68758,0.0557251,0.0848798
15.3556,0.0173056,0.0119499,0.167007,0.719017,-0.687598,0.0554335,0.0845616
15.3605,0.0173056,0.0119499,0.167007,0.719017,-0.687598,0.0554335,0.0845616
15.3655,0.0173115,0.0118968,0.166997,0.719017,-0.687598,0.0554335,0.0845616
15.3705,0.0173115,0.0118968,0.166997,0.718963,-0.687562,0.0558729,0.0850212
15.3755,0.0173115,0.0118968,0.166997,0.719017,-0.687598,0.0554335,0.0845616
15.3805,0.0173174,0.0118437,0.166987,0.719017,-0.687598,0.0554335,0.0845616
15.3855,0.0173174,0.0118437,0.166987,0.718963,-0.687562,0.0558729,0.0850212
15.3905,0.0173174,0.0118437,0.166987,0.719017,-0.687598,0.0554335,0.0845616
15.3955,0.0173174,0.0118437,0.166987,0.719017,-0.687598,0.0554335,0.0845616
15.4005,0.0173232,0.0117905,0.166977,0.718963,-0.687562,0.0558729,0.0850212
15.4055,0.0173876,0.0117976,0.166977,0.719006,-0.687581,0.0555813,0.084703
15.4106,0.0173935,0.0117445,0.166967,0.719006,-0.687581,0.0555813,0.084703
15.4156,0.0173935,0.0117445,0.166967,0.718951,-0.687545,0.0560208,0.0851625
15.4206,0.0173935,0.0117445,0.166967,0.718951,-0.687545,0.0560208,0.0851625
15.4255,0.0173994,0.0116914,0.166957,0.718951,-0.687545,0.0560208,0.0851625
15.4305,0.0173994,0.0116914,0.166957,0.719006,-0.687581,0.0555813,0.084703
15.4355,0.0174053,0.0116383,0.166947,0.718951,-0.687545,0.0560208,0.0851625
15.442,0.0174112,0.0115851,0.166937,0.718951,-0.687545,0.0560208,0.0851625
15.4455,0.0174112,0.0115851,0.166937,0.719006,-0.687581,0.0555813,0.084703
15.4505,0.0174171,0.011532,0.166926,0.719006,-0.687581,0.0555813,0.084703
15.4555,0.0174875,0.0114861,0.166916,0.718994,-0.687563,0.0557291,0.0848443
15.4605,0.0174875,0.0114861,0.166916,0.71894,-0.687527,0.0561686,0.0853039
15.4655,0.0174934,0.011433,0.166906,0.718994,-0.687563,0.0557291,0.0848443
15.4705,0.0174934,0.011433,0.166906,0.718994,-0.687563,0.0557291,0.0848443
15.4755,0.0174994,0.0113799,0.166896,0.71894,-0.687527,0.0561686,0.0853039
15.4805,0.0174994,0.0113799,0.166896,0.71894,-0.687527,0.0561686,0.0853039
15.4855,0.0174994,0.0113799,0.166896,0.718994,-0.687563,0.0557291,0.0848443
15.4905,0.0175699,0.011334,0.166885,0.718983,-0.687546,0.0558769,0.0849857
15.4955,0.0175699,0.011334,0.166885,0.718928,-0.68751,0.0563164,0.0854452
15.5005,0.0175699,0.011334,0.166885,0.718983,-0.687546,0.0558769,0.0849857
15.5055,0.0175758,0.0112809,0.166875,0.718928,-0.68751,0.0563164,0.0854452
15.5105,0.0175758,0.0112809,0.166875,0.718983,-0.687546,0.0558769,0.0849857
15.5155,0.0175758,0.0112809,0.166875,0.718983,-0.687546,0.0558769,0.0849857
15.5206,0.0176463,0.011235,0.166865,0.718971,-0.687528,0.0560248,0.0851271
15.5255,0.0176463,0.011235,0.166865,0.718917,-0.687492,0.0564642,0.0855866
15.5305,0.0176523,0.011182,0.166854,0.718971,-0.687528,0.0560248,0.0851271
15.5355,0.0177169,0.0111892,0.166854,0.71896,-0.687511,0.0561726,0.0852684
15.5405,0.0177229,0.0111361,0.166844,0.718905,-0.687475,0.056612,0.0857279
15.5455,0.0177229,0.0111361,0.166844,0.71896,-0.687511,0.0561726,0.0852684
15.5505,0.0177876,0.0111435,0.166844,0.718893,-0.687457,0.0567598,0.0858693
15.5555,0.0177936,0.0110904,0.166834,0.718948,-0.687493,0.0563204,0.0854098
15.5605,0.0177936,0.0110904,0.166834,0.718893,-0.687457,0.0567598,0.0858693
15.5655,0.0177936,0.0110904,0.166834,0.718948,-0.687493,0.0563204,0.0854098
15.5706,0.0178643,0.0110446,0.166823,0.718882,-0.687439,0.0569076,0.0860106
15.5755,0.0178643,0.0110446,0.166823,0.718937,-0.687476,0.0564682,0.085551
15.5805,0.0178703,0.0109916,0.166813,0.718937,-0.687476,0.0564682,0.085551
15.5855,0.0178703,0.0109916,0.166813,0.718937,-0.687476,0.0564682,0.085551
15.5905,0.017935,0.010999,0.166813,0.71887,-0.687422,0.0570554,0.086152
15.5955,0.017941,0.0109459,0.166802,0.718925,-0.687458,0.056616,0.0856924
15.6005,0.017941,0.0109459,0.166802,0.718925,-0.687458,0.056616,0.0856924
15.6055,0.017941,0.0109459,0.166802,0.71887,-0.687422,0.0570554,0.086152
15.6105,0.017941,0.0109459,0.166802,0.71887,-0.687422,0.0570554,0.086152
15.6155,0.0179471,0.0108929,0.166792,0.718925,-0.687458,0.056616,0.0856924
15.6205,0.0180118,0.0109002,0.166792,0.718913,-0.68744,0.0567638,0.0858338
15.6255,0.0180118,0.0109002,0.166792,0.718913,-0.68744,0.0567638,0.0858338
15.6305,0.0180118,0.0109002,0.166792,0.718921,-0.687461,0.0571612,0.0853337
15.6355,0.0180118,0.0109002,0.166792,0.718913,-0.68744,0.0567638,0.0858338
15.6405,0.0180118,0.0109002,0.166792,0.718866,-0.687425,0.0576006,0.0857932
15.6455,0.0180179,0.0108472,0.166781,0.718858,-0.687404,0.0572032,0.0862933
15.6505,0.0180179,0.0108472,0.166781,0.718921,-0.687461,0.0571612,0.0853337
15.6555,0.0180179,0.0108472,0.166781,0.718921,-0.687461,0.0571612,0.0853337
15.6605,0.0180179,0.0108472,0.166781,0.718866,-0.687425,0.0576006,0.0857932
15.6655,0.0180179,0.0108472,0.166781,0.718913,-0.68744,0.0567638,0.0858338
15.6705,0.0180179,0.0108472,0.166781,0.718913,-0.68744,0.0567638,0.0858338
15.6755,0.018024,0.0107942,0.166771,0.718866,-0.687425,0.0576006,0.0857932
15.6805,0.018024,0.0107942,0.166771,0.718913,-0.68744,0.0567638,0.0858338
15.6855,0.018024,0.0107942,0.166771,0.718921,-0.687461,0.0571612,0.0853337
15.6905,0.018024,0.0107942,0.166771,0.718921,-0.687461,0.0571612,0.0853337
15.6955,0.018024,0.0107942,0.166771,0.718921,-0.687461,0.0571612,0.0853337
15.7005,0.018024,0.0107942,0.166771,0.718913,-0.68744,0.0567638,0.0858338
15.7055,0.018024,0.0107942,0.166771,0.718858,-0.687404,0.0572032,0.0862933
15.7105,0.018024,0.0107942,0.166771,0.718858,-0.687404,0.0572032,0.0862933
15.7155,0.018024,0.0107942,0.166771,0.718913,-0.68744,0.0567638,0.0858338
15.7205,0.018024,0.0107942,0.166771,0.718866,-0.687425,0.0576006,0.0857932
15.7256,0.018024,0.0107942,0.166771,0.718913,-0.68744,0.0567638,0.0858338
15.7307,0.018024,0.0107942,0.166771,0.718472,-0.687903,0.0567474,0.0858334
15.7355,0.01803,0.0107411,0.16676,0.718913,-0.68744,0.0567638,0.0858338
15.7405,0.0180948,0.0107486,0.16676,0.718909,-0.687444,0.057309,0.085475
15.7456,0.0180948,0.0107486,0.16676,0.718405,-0.687848,0.0573348,0.0864341
15.7505,0.0180948,0.0107486,0.16676,0.718468,-0.687906,0.0572928,0.0854749
15.7555,0.0180948,0.0107486,0.16676,0.718468,-0.687906,0.0572928,0.0854749
15.7605,0.0180948,0.0107486,0.16676,0.718413,-0.687869,0.0577325,0.0859342
15.7655,0.0181596,0.010756,0.16676,0.718402,-0.687852,0.0578802,0.0860756
15.7705,0.0181596,0.010756,0.16676,0.718394,-0.687831,0.0574825,0.0865754
15.7755,0.0181596,0.010756,0.16676,0.718456,-0.687889,0.0574405,0.0856164
15.7805,0.0181596,0.010756,0.16676,0.718456,-0.687889,0.0574405,0.0856164
15.7855,0.0181596,0.010756,0.16676,0.718394,-0.687831,0.0574825,0.0865754
15.7905,0.0181657,0.010703,0.16675,0.718456,-0.687889,0.0574405,0.0856164
15.7955,0.0181657,0.010703,0.16675,0.718456,-0.687889,0.0574405,0.0856164
15.8005,0.0181657,0.010703,0.16675,0.718394,-0.687831,0.0574825,0.0865754
15.8055,0.0181657,0.010703,0.16675,0.718402,-0.687852,0.0578802,0.0860756
15.8105,0.0181657,0.010703,0.16675,0.718456,-0.687889,0.0574405,0.0856164
15.8155,0.0181657,0.010703,0.16675,0.718456,-0.687889,0.0574405,0.0856164
15.8205,0.0181657,0.010703,0.16675,0.718456,-0.687889,0.0574405,0.0856164
15.8255,0.0181657,0.010703,0.16675,0.718456,-0.687889,0.0574405,0.0856164
15.8305,0.0181657,0.010703,0.16675,0.718456,-0.687889,0.0574405,0.0856164
15.8355,0.0181657,0.010703,0.16675,0.718456,-0.687889,0.0574405,0.0856164
15.8405,0.0181657,0.010703,0.16675,0.718456,-0.687889,0.0574405,0.0856164
15.8456,0.0181718,0.01065,0.166739,0.718456,-0.687889,0.0574405,0.0856164
15.8505,0.0181718,0.01065,0.166739,0.718456,-0.687889,0.0574405,0.0856164
15.8555,0.0181718,0.01065,0.166739,0.718456,-0.687889,0.0574405,0.0856164
15.8605,0.0181718,0.01065,0.166739,0.718456,-0.687889,0.0574405,0.0856164
15.8655,0.0181718,0.01065,0.166739,0.718456,-0.687889,0.0574405,0.0856164
15.8705,0.0181718,0.01065,0.166739,0.718456,-0.687889,0.0574405,0.0856164
15.8755,0.0181718,0.01065,0.166739,0.718456,-0.687889,0.0574405,0.0856164
15.8805,0.0182367,0.0106575,0.166739,0.718445,-0.687871,0.0575882,0.0857578
15.8855,0.0182367,0.0106575,0.166739,0.718445,-0.687871,0.0575882,0.0857578
15.8905,0.0182367,0.0106575,0.166739,0.71839,-0.687834,0.0580279,0.086217
15.8955,0.0182367,0.0106575,0.166739,0.718445,-0.687871,0.0575882,0.0857578
15.9005,0.0182373,0.0106524,0.166685,0.718531,-0.687687,0.0580265,0.0862119
15.9055,0.0182373,0.0106524,0.166685,0.718586,-0.687724,0.057587,0.0857526
15.9106,0.0182373,0.0106524,0.166685,0.718586,-0.687724,0.057587,0.0857526
15.9155,0.0183021,0.0106599,0.166685,0.718519,-0.68767,0.0581743,0.0863533
15.9205,0.0183021,0.0106599,0.166685,0.718574,-0.687707,0.0577347,0.085894
15.9255,0.0183021,0.0106599,0.166685,0.718574,-0.687707,0.0577347,0.085894
15.9305,0.0183021,0.0106599,0.166685,0.718574,-0.687707,0.0577347,0.085894
15.9355,0.0183021,0.0106599,0.166685,0.718574,-0.687707,0.0577347,0.085894
15.9405,0.0183021,0.0106599,0.166685,0.718574,-0.687707,0.0577347,0.085894
15.9456,0.0183021,0.0106599,0.166685,0.718574,-0.687707,0.0577347,0.085894
15.9505,0.0183021,0.0106599,0.166685,0.718133,-0.688169,0.0577182,0.0858942
15.9556,0.0183021,0.0106599,0.166685,0.718519,-0.68767,0.0581743,0.0863533
15.9606,0.0183021,0.0106599,0.166685,0.718574,-0.687707,0.0577347,0.085894
15.9655,0.0183021,0.0106599,0.166685,0.718133,-0.688169,0.0577182,0.0858942
15.9705,0.0183021,0.0106599,0.166685,0.718133,-0.688169,0.0577182,0.0858942
15.9755,0.0183021,0.0106599,0.166685,0.718574,-0.687707,0.0577347,0.085894
15.9805,0.0183021,0.0106599,0.166685,0.718078,-0.688132,0.0581581,0.0863532
15.9856,0.0183021,0.0106599,0.166685,0.718133,-0.688169,0.0577182,0.0858942
15.9906,0.0183021,0.0106599,0.166685,0.718133,-0.688169,0.0577182,0.0858942
15.9956,0.0183021,0.0106599,0.166685,0.718133,-0.688169,0.0577182,0.0858942
16.0005,0.0183021,0.0106599,0.166685,0.718078,-0.688132,0.0581581,0.0863532
16.0056,0.0183021,0.0106599,0.166685,0.718133,-0.688169,0.0577182,0.0858942
16.0105,0.0183021,0.0106599,0.166685,0.718133,-0.688169,0.0577182,0.0858942
16.0155,0.0183083,0.0106069,0.166674,0.718133,-0.688169,0.0577182,0.0858942
16.0205,0.0183083,0.0106069,0.166674,0.718133,-0.688169,0.0577182,0.0858942
16.0255,0.0183083,0.0106069,0.166674,0.718133,-0.688169,0.0577182,0.0858942
16.0305,0.0183083,0.0106069,0.166674,0.718078,-0.688132,0.0581581,0.0863532
16.0355,0.0183089,0.0106018,0.16662,0.718219,-0.687985,0.0581567,0.0863481
16.0406,0.0183089,0.0106018,0.16662,0.718219,-0.687985,0.0581567,0.0863481
16.0456,0.0183089,0.0106018,0.16662,0.718274,-0.688022,0.057717,0.085889
16.0506,0.0183737,0.0106094,0.16662,0.718207,-0.687967,0.0583044,0.0864895
16.0556,0.0183799,0.0105564,0.16661,0.718207,-0.687967,0.0583044,0.0864895
16.0606,0.0183799,0.0105564,0.16661,0.718207,-0.687967,0.0583044,0.0864895
16.0655,0.0183799,0.0105564,0.16661,0.718262,-0.688004,0.0578647,0.0860305
16.0705,0.0183861,0.0105034,0.166599,0.718262,-0.688004,0.0578647,0.0860305
16.0755,0.0183861,0.0105034,0.166599,0.717821,-0.688466,0.0578481,0.0860307
16.0806,0.0183861,0.0105034,0.166599,0.717821,-0.688466,0.0578481,0.0860307
16.0856,0.0183923,0.0104504,0.166588,0.717821,-0.688466,0.0578481,0.0860307
16.0905,0.0183923,0.0104504,0.166588,0.717766,-0.688429,0.0582881,0.0864895
16.0955,0.0183984,0.0103974,0.166578,0.717821,-0.688466,0.0578481,0.0860307
16.1005,0.0184634,0.010405,0.166578,0.717816,-0.68847,0.0583942,0.085673
16.1055,0.0184696,0.010352,0.166567,0.717754,-0.688411,0.0584357,0.086631
16.1105,0.0184696,0.010352,0.166567,0.717809,-0.688449,0.0579956,0.0861723
16.1155,0.0184696,0.010352,0.166567,0.717809,-0.688449,0.0579956,0.0861723
16.1205,0.0184758,0.010299,0.166556,0.717754,-0.688411,0.0584357,0.086631
16.1256,0.0184758,0.010299,0.166556,0.717816,-0.68847,0.0583942,0.085673
16.1306,0.0184758,0.010299,0.166556,0.717809,-0.688449,0.0579956,0.0861723
16.1355,0.0184819,0.010246,0.166545,0.717809,-0.688449,0.0579956,0.0861723
16.1406,0.0184819,0.010246,0.166545,0.717809,-0.688449,0.0579956,0.0861723
16.1456,0.0184819,0.010246,0.166545,0.717809,-0.688449,0.0579956,0.0861723
16.1506,0.0184881,0.0101931,0.166535,0.717754,-0.688411,0.0584357,0.086631
16.1556,0.0184881,0.0101931,0.166535,0.717754,-0.688411,0.0584357,0.086631
16.1605,0.0184881,0.0101931,0.166535,0.717809,-0.688449,0.0579956,0.0861723
16.1655,0.0184881,0.0101931,0.166535,0.717809,-0.688449,0.0579956,0.0861723
16.1706,0.0184881,0.0101931,0.166535,0.717367,-0.68891,0.0579789,0.0861726
16.1755,0.0184881,0.0101931,0.166535,0.717312,-0.688873,0.0584192,0.0866311
16.1805,0.0184943,0.0101401,0.166524,0.717367,-0.68891,0.0579789,0.0861726
16.1855,0.0184943,0.0101401,0.166524,0.717367,-0.68891,0.0579789,0.0861726
16.1905,0.0184943,0.0101401,0.166524,0.717367,-0.68891,0.0579789,0.0861726
16.1955,0.0184943,0.0101401,0.166524,0.717367,-0.68891,0.0579789,0.0861726
16.2005,0.0184943,0.0101401,0.166524,0.717312,-0.688873,0.0584192,0.0866311
16.2055,0.0185011,0.0100821,0.166459,0.717508,-0.688764,0.0579778,0.0861673
16.2105,0.0185011,0.0100821,0.166459,0.717508,-0.688764,0.0579778,0.0861673
16.2155,0.0185011,0.0100821,0.166459,0.717508,-0.688764,0.0579778,0.0861673
16.2205,0.0185011,0.0100821,0.166459,0.717508,-0.688764,0.0579778,0.0861673
16.2255,0.0185073,0.0100291,0.166448,0.717508,-0.688764,0.0579778,0.0861673
16.2306,0.0185073,0.0100291,0.166448,0.717515,-0.688785,0.0583767,0.0856684
16.2355,0.0185073,0.0100291,0.166448,0.717508,-0.688764,0.0579778,0.0861673
16.2405,0.0185073,0.0100291,0.166448,0.717508,-0.688764,0.0579778,0.0861673
16.2455,0.0185073,0.0100291,0.166448,0.717515,-0.688785,0.0583767,0.0856684
16.2505,0.0185786,0.0099838,0.166437,0.717496,-0.688746,0.0581253,0.0863089
16.2555,0.0185786,0.0099838,0.166437,0.717496,-0.688746,0.0581253,0.0863089
16.2605,0.0185786,0.0099838,0.166437,0.717496,-0.688746,0.0581253,0.0863089
16.2655,0.0185792,0.00997878,0.166383,0.71759,-0.688583,0.0589634,0.0862635
16.2705,0.0185792,0.00997878,0.166383,0.717638,-0.688599,0.0581242,0.0863037
16.2755,0.0185792,0.00997878,0.166383,0.71759,-0.688583,0.0589634,0.0862635
16.2805,0.0185792,0.00997878,0.166383,0.71759,-0.688583,0.0589634,0.0862635
16.2857,0.0185854,0.00992583,0.166372,0.717638,-0.688599,0.0581242,0.0863037
16.2905,0.0185854,0.00992583,0.166372,0.717645,-0.688621,0.0585232,0.0858049
16.2955,0.0185854,0.00992583,0.166372,0.717583,-0.688562,0.0585643,0.0867623
16.3005,0.0185854,0.00992583,0.166372,0.717638,-0.688599,0.0581242,0.0863037
16.3058,0.0185854,0.00992583,0.166372,0.717638,-0.688599,0.0581242,0.0863037
16.3105,0.0185854,0.00992583,0.166372,0.717638,-0.688599,0.0581242,0.0863037
16.3155,0.0185854,0.00992583,0.166372,0.71759,-0.688583,0.0589634,0.0862635
16.3206,0.0185854,0.00992583,0.166372,0.717645,-0.688621,0.0585232,0.0858049
16.3255,0.0185854,0.00992583,0.166372,0.717645,-0.688621,0.0585232,0.0858049
16.3306,0.0185854,0.00992583,0.166372,0.717645,-0.688621,0.0585232,0.0858049
16.3356,0.0186506,0.00993349,0.166372,0.717626,-0.688582,0.0582717,0.0864452
16.3405,0.0186506,0.00993349,0.166372,0.717626,-0.688582,0.0582717,0.0864452
16.3456,0.0186568,0.00988055,0.166361,0.717626,-0.688582,0.0582717,0.0864452
16.3505,0.0186568,0.00988055,0.166361,0.717626,-0.688582,0.0582717,0.0864452
16.3555,0.0186568,0.00988055,0.166361,0.717626,-0.688582,0.0582717,0.0864452
16.3605,0.0186568,0.00988055,0.166361,0.717184,-0.689043,0.0582548,0.0864457
16.3655,0.0186568,0.00988055,0.166361,0.717619,-0.68856,0.0578726,0.086944
16.3705,0.0186568,0.00988055,0.166361,0.717184,-0.689043,0.0582548,0.0864457
16.3755,0.0186568,0.00988055,0.166361,0.717177,-0.689021,0.0578554,0.0869442
16.3806,0.0186568,0.00988055,0.166361,0.717177,-0.689021,0.0578554,0.0869442
16.3855,0.0186568,0.00988055,0.166361,0.717177,-0.689021,0.0578554,0.0869442
16.3905,0.0186568,0.00988055,0.166361,0.717177,-0.689021,0.0578554,0.0869442
16.3955,0.0186568,0.00988055,0.166361,0.717177,-0.689021,0.0578554,0.0869442
16.4005,0.0186568,0.00988055,0.166361,0.717177,-0.689021,0.0578554,0.0869442
16.4055,0.0186568,0.00988055,0.166361,0.717177,-0.689021,0.0578554,0.0869442
16.4106,0.0186568,0.00988055,0.166361,0.717177,-0.689021,0.0578554,0.0869442
16.4156,0.0186568,0.00988055,0.166361,0.717177,-0.689021,0.0578554,0.0869442
16.4205,0.0186568,0.00988055,0.166361,0.717177,-0.689021,0.0578554,0.0869442
16.4255,0.018663,0.00982762,0.16635,0.71717,-0.688999,0.057456,0.0874427
16.4306,0.018663,0.00982762,0.16635,0.71717,-0.688999,0.057456,0.0874427
16.4355,0.018663,0.00982762,0.16635,0.71717,-0.688999,0.057456,0.0874427
16.4405,0.018663,0.00982762,0.16635,0.716728,-0.689461,0.0574384,0.0874426
16.4456,0.0187282,0.00983531,0.16635,0.716716,-0.689443,0.0575858,0.0875844
16.4506,0.0187282,0.00983531,0.16635,0.717158,-0.688981,0.0576034,0.0875843
16.4555,0.0187282,0.00983531,0.16635,0.716716,-0.689443,0.0575858,0.0875844
16.4605,0.0187282,0.00983531,0.16635,0.716716,-0.689443,0.0575858,0.0875844
16.4655,0.0187282,0.00983531,0.16635,0.716716,-0.689443,0.0575858,0.0875844
16.4706,0.0187282,0.00983531,0.16635,0.716716,-0.689443,0.0575858,0.0875844
16.4755,0.0187282,0.00983531,0.16635,0.716716,-0.689443,0.0575858,0.0875844
16.4805,0.0187282,0.00983531,0.16635,0.716716,-0.689443,0.0575858,0.0875844
16.4855,0.0187282,0.00983531,0.16635,0.716716,-0.689443,0.0575858,0.0875844
16.4905,0.0187282,0.00983531,0.16635,0.716716,-0.689443,0.0575858,0.0875844
16.4955,0.0187934,0.00984302,0.16635,0.716704,-0.689425,0.0577331,0.0877261
16.5005,0.0187997,0.0097901,0.166339,0.716704,-0.689425,0.0577331,0.0877261
16.5055,0.0187997,0.0097901,0.166339,0.716704,-0.689425,0.0577331,0.0877261
16.5106,0.0187997,0.0097901,0.166339,0.716704,-0.689425,0.0577331,0.0877261
16.5156,0.0187997,0.0097901,0.166339,0.716704,-0.689425,0.0577331,0.0877261
16.5206,0.0187997,0.0097901,0.166339,0.716704,-0.689425,0.0577331,0.0877261
16.5255,0.0187997,0.0097901,0.166339,0.716704,-0.689425,0.0577331,0.0877261
16.5306,0.0187997,0.0097901,0.166339,0.716704,-0.689425,0.0577331,0.0877261
16.5355,0.0187997,0.0097901,0.166339,0.716704,-0.689425,0.0577331,0.0877261
16.5405,0.0187997,0.0097901,0.166339,0.716704,-0.689425,0.0577331,0.0877261
16.5455,0.0187997,0.0097901,0.166339,0.716704,-0.689425,0.0577331,0.0877261
16.5505,0.0187997,0.0097901,0.166339,0.716704,-0.689425,0.0577331,0.0877261
16.5555,0.0187997,0.0097901,0.166339,0.716704,-0.689425,0.0577331,0.0877261
16.5606,0.0187997,0.0097901,0.166339,0.717146,-0.688963,0.0577509,0.087726
16.5656,0.0187997,0.0097901,0.166339,0.716704,-0.689425,0.0577331,0.0877261
16.5705,0.0187997,0.0097901,0.166339,0.716704,-0.689425,0.0577331,0.0877261
16.5755,0.0187997,0.0097901,0.166339,0.716704,-0.689425,0.0577331,0.0877261
16.5806,0.0187997,0.0097901,0.166339,0.717146,-0.688963,0.0577509,0.087726
16.5856,0.0188059,0.00973718,0.166328,0.717146,-0.688963,0.0577509,0.087726
16.5905,0.0188059,0.00973718,0.166328,0.717146,-0.688963,0.0577509,0.087726
16.5956,0.0188059,0.00973718,0.166328,0.717146,-0.688963,0.0577509,0.087726
16.6006,0.0188059,0.00973718,0.166328,0.717146,-0.688963,0.0577509,0.087726
16.6056,0.0188059,0.00973718,0.166328,0.717146,-0.688963,0.0577509,0.087726
16.6106,0.0188712,0.00974492,0.166328,0.717134,-0.688945,0.0578983,0.0878676
16.6156,0.0188712,0.00974492,0.166328,0.717134,-0.688945,0.0578983,0.0878676
16.6206,0.0188712,0.00974492,0.166328,0.717134,-0.688945,0.0578983,0.0878676
16.6256,0.0188712,0.00974492,0.166328,0.717134,-0.688945,0.0578983,0.0878676
16.6306,0.0188712,0.00974492,0.166328,0.717134,-0.688945,0.0578983,0.0878676
16.6355,0.0188712,0.00974492,0.166328,0.717134,-0.688945,0.0578983,0.0878676
16.6405,0.0188712,0.00974492,0.166328,0.717134,-0.688945,0.0578983,0.0878676
16.6456,0.0188712,0.00974492,0.166328,0.717134,-0.688945,0.0578983,0.0878676
16.6505,0.0188712,0.00974492,0.166328,0.717134,-0.688945,0.0578983,0.0878676
16.6556,0.0188774,0.00969201,0.166317,0.717134,-0.688945,0.0578983,0.0878676
16.6606,0.0188774,0.00969201,0.166317,0.717576,-0.688484,0.0579161,0.0878674
16.6655,0.0188774,0.00969201,0.166317,0.717576,-0.688484,0.0579161,0.0878674
16.6706,0.0188774,0.00969201,0.166317,0.717576,-0.688484,0.0579161,0.0878674
16.6756,0.0188774,0.00969201,0.166317,0.717576,-0.688484,0.0579161,0.0878674
16.6806,0.0188774,0.00969201,0.166317,0.717576,-0.688484,0.0579161,0.0878674
16.6855,0.0188837,0.0096391,0.166306,0.717576,-0.688484,0.0579161,0.0878674
16.6905,0.0188837,0.0096391,0.166306,0.717576,-0.688484,0.0579161,0.0878674
16.6955,0.0188837,0.0096391,0.166306,0.717576,-0.688484,0.0579161,0.0878674
16.7005,0.0188837,0.0096391,0.166306,0.718018,-0.688022,0.0579339,0.0878671
16.7055,0.01889,0.0095862,0.166295,0.718018,-0.688022,0.0579339,0.0878671
16.7106,0.01889,0.0095862,0.166295,0.718018,-0.688022,0.0579339,0.0878671
16.7156,0.01889,0.0095862,0.166295,0.718018,-0.688022,0.0579339,0.0878671
16.7206,0.01889,0.0095862,0.166295,0.718018,-0.688022,0.0579339,0.0878671
16.7256,0.0188963,0.0095333,0.166284,0.718018,-0.688022,0.0579339,0.0878671
16.7305,0.0188963,0.0095333,0.166284,0.718459,-0.68756,0.0579517,0.0878668
16.7356,0.0188963,0.0095333,0.166284,0.718459,-0.68756,0.0579517,0.0878668
16.7406,0.0188963,0.0095333,0.166284,0.718459,-0.68756,0.0579517,0.0878668
16.7456,0.0189026,0.00948041,0.166273,0.718459,-0.68756,0.0579517,0.0878668
16.7506,0.0189026,0.00948041,0.166273,0.7189,-0.687097,0.0579694,0.0878664
16.7555,0.0189026,0.00948041,0.166273,0.7189,-0.687097,0.0579694,0.0878664
16.7605,0.0189026,0.00948041,0.166273,0.7189,-0.687097,0.0579694,0.0878664
16.7655,0.0189026,0.00948041,0.166273,0.7189,-0.687097,0.0579694,0.0878664
16.7705,0.0189026,0.00948041,0.166273,0.7189,-0.687097,0.0579694,0.0878664
16.7758,0.0189089,0.00942752,0.166262,0.7189,-0.687097,0.0579694,0.0878664
16.7806,0.0189089,0.00942752,0.166262,0.71934,-0.686634,0.0579872,0.087866
16.7856,0.0189089,0.00942752,0.166262,0.71934,-0.686634,0.0579872,0.087866
16.7905,0.0189089,0.00942752,0.166262,0.71934,-0.686634,0.0579872,0.087866
16.7956,0.0189089,0.00942752,0.166262,0.71934,-0.686634,0.0579872,0.087866
16.8005,0.0189152,0.00937463,0.166251,0.71934,-0.686634,0.0579872,0.087866
16.8055,0.0189806,0.00938242,0.166251,0.719328,-0.686616,0.0581351,0.0880072
16.8105,0.0189806,0.00938242,0.166251,0.719328,-0.686616,0.0581351,0.0880072
16.8156,0.0189806,0.00938242,0.166251,0.719769,-0.686153,0.0581528,0.0880066
16.8205,0.0189806,0.00938242,0.166251,0.719335,-0.686639,0.0585329,0.0875075
16.8256,0.0189869,0.00932955,0.16624,0.719769,-0.686153,0.0581528,0.0880066
16.8306,0.0189869,0.00932955,0.16624,0.719769,-0.686153,0.0581528,0.0880066
16.8356,0.0189869,0.00932955,0.16624,0.719776,-0.686176,0.0585504,0.0875067
16.8406,0.0189869,0.00932955,0.16624,0.719769,-0.686153,0.0581528,0.0880066
16.8456,0.0189932,0.00927667,0.166228,0.719769,-0.686153,0.0581528,0.0880066
16.8505,0.0189932,0.00927667,0.166228,0.719776,-0.686176,0.0585504,0.0875067
16.8555,0.0189932,0.00927667,0.166228,0.719776,-0.686176,0.0585504,0.0875067
16.8606,0.0189932,0.00927667,0.166228,0.719776,-0.686176,0.0585504,0.0875067
16.8656,0.0189932,0.00927667,0.166228,0.719776,-0.686176,0.0585504,0.0875067
16.8706,0.0189932,0.00927667,0.166228,0.719776,-0.686176,0.0585504,0.0875067
16.8755,0.0189932,0.00927667,0.166228,0.719776,-0.686176,0.0585504,0.0875067
16.8806,0.0189995,0.0092238,0.166217,0.720216,-0.685713,0.0585678,0.0875059
16.8856,0.0189995,0.0092238,0.166217,0.720216,-0.685713,0.0585678,0.0875059
16.8905,0.0189995,0.0092238,0.166217,0.720223,-0.685735,0.058965,0.0870056
16.8956,0.0189995,0.0092238,0.166217,0.720223,-0.685735,0.058965,0.0870056
16.9005,0.0189995,0.0092238,0.166217,0.720223,-0.685735,0.058965,0.0870056
16.9055,0.0189995,0.0092238,0.166217,0.720223,-0.685735,0.058965,0.0870056
16.9106,0.0189995,0.0092238,0.166217,0.720223,-0.685735,0.058965,0.0870056
16.9155,0.0190058,0.00917094,0.166206,0.720223,-0.685735,0.058965,0.0870056
16.9205,0.0190058,0.00917094,0.166206,0.720223,-0.685735,0.058965,0.0870056
16.9256,0.0190058,0.00917094,0.166206,0.720223,-0.685735,0.058965,0.0870056
16.9306,0.0190058,0.00917094,0.166206,0.720223,-0.685735,0.058965,0.0870056
16.9355,0.0190058,0.00917094,0.166206,0.720662,-0.685271,0.0589821,0.0870046
16.9405,0.0190058,0.00917094,0.166206,0.720662,-0.685271,0.0589821,0.0870046
16.9456,0.0190058,0.00917094,0.166206,0.720662,-0.685271,0.0589821,0.0870046
16.9506,0.0190058,0.00917094,0.166206,0.720669,-0.685294,0.0593789,0.086504
16.9555,0.0190058,0.00917094,0.166206,0.720669,-0.685294,0.0593789,0.086504
16.9606,0.0190058,0.00917094,0.166206,0.720669,-0.685294,0.0593789,0.086504
16.9656,0.0190058,0.00917094,0.166206,0.720669,-0.685294,0.0593789,0.086504
16.9705,0.0190058,0.00917094,0.166206,0.721109,-0.68483,0.0593957,0.0865026
16.9756,0.0190058,0.00917094,0.166206,0.720669,-0.685294,0.0593789,0.086504
16.9806,0.0190058,0.00917094,0.166206,0.721109,-0.68483,0.0593957,0.0865026
16.9856,0.0190058,0.00917094,0.166206,0.721109,-0.68483,0.0593957,0.0865026
16.9906,0.0190058,0.00917094,0.166206,0.721109,-0.68483,0.0593957,0.0865026
16.9956,0.0190058,0.00917094,0.166206,0.721109,-0.68483,0.0593957,0.0865026
17.0005,0.0190058,0.00917094,0.166206,0.721109,-0.68483,0.0593957,0.0865026
17.0056,0.0190058,0.00917094,0.166206,0.721109,-0.68483,0.0593957,0.0865026
17.0106,0.0190058,0.00917094,0.166206,0.721109,-0.68483,0.0593957,0.0865026
17.0155,0.0190058,0.00917094,0.166206,0.721109,-0.68483,0.0593957,0.0865026
17.0205,0.0190058,0.00917094,0.166206,0.721115,-0.684852,0.0597922,0.0860017
17.0256,0.0190058,0.00917094,0.166206,0.721115,-0.684852,0.0597922,0.0860017
17.0305,0.0190058,0.00917094,0.166206,0.721115,-0.684852,0.0597922,0.0860017
17.0356,0.0190058,0.00917094,0.166206,0.721115,-0.684852,0.0597922,0.0860017
17.0405,0.0190058,0.00917094,0.166206,0.721115,-0.684852,0.0597922,0.0860017
17.0456,0.0190058,0.00917094,0.166206,0.721554,-0.684388,0.0598086,0.086
17.0506,0.0190058,0.00917094,0.166206,0.721115,-0.684852,0.0597922,0.0860017
17.0555,0.0190058,0.00917094,0.166206,0.721115,-0.684852,0.0597922,0.0860017
17.0606,0.0190058,0.00917094,0.166206,0.721115,-0.684852,0.0597922,0.0860017
17.0656,0.0190058,0.00917094,0.166206,0.721115,-0.684852,0.0597922,0.0860017
17.0706,0.0190058,0.00917094,0.166206,0.721115,-0.684852,0.0597922,0.0860017
17.0757,0.0190058,0.00917094,0.166206,0.721115,-0.684852,0.0597922,0.0860017
17.0805,0.0190058,0.00917094,0.166206,0.721115,-0.684852,0.0597922,0.0860017
17.0856,0.0190058,0.00917094,0.166206,0.721554,-0.684388,0.0598086,0.086
17.0905,0.0190058,0.00917094,0.166206,0.721554,-0.684388,0.0598086,0.086
17.0956,0.0190058,0.00917094,0.166206,0.721115,-0.684852,0.0597922,0.0860017
17.1006,0.0190058,0.00917094,0.166206,0.721115,-0.684852,0.0597922,0.0860017
17.1056,0.0190058,0.00917094,0.166206,0.721115,-0.684852,0.0597922,0.0860017
17.1106,0.0190121,0.00911808,0.166195,0.721115,-0.684852,0.0597922,0.0860017
17.1155,0.0190121,0.00911808,0.166195,0.721115,-0.684852,0.0597922,0.0860017
17.1206,0.0190121,0.00911808,0.166195,0.721115,-0.684852,0.0597922,0.0860017
17.1255,0.0190121,0.00911808,0.166195,0.721121,-0.684873,0.0601886,0.0855009
17.1306,0.0190121,0.00911808,0.166195,0.721121,-0.684873,0.0601886,0.0855009
17.1355,0.0190121,0.00911808,0.166195,0.721121,-0.684873,0.0601886,0.0855009
17.1405,0.0190121,0.00911808,0.166195,0.72156,-0.684409,0.0602047,0.0854989
17.1456,0.0190121,0.00911808,0.166195,0.72156,-0.684409,0.0602047,0.0854989
17.1505,0.0190121,0.00911808,0.166195,0.72156,-0.684409,0.0602047,0.0854989
17.1556,0.0190121,0.00911808,0.166195,0.721121,-0.684873,0.0601886,0.0855009
17.1606,0.0190121,0.00911808,0.166195,0.721121,-0.684873,0.0601886,0.0855009
17.1656,0.0190121,0.00911808,0.166195,0.721121,-0.684873,0.0601886,0.0855009
17.1705,0.0190121,0.00911808,0.166195,0.72156,-0.684409,0.0602047,0.0854989
17.1756,0.0190121,0.00911808,0.166195,0.721121,-0.684873,0.0601886,0.0855009
17.1806,0.0190121,0.00911808,0.166195,0.721121,-0.684873,0.0601886,0.0855009
17.1856,0.0190121,0.00911808,0.166195,0.721121,-0.684873,0.0601886,0.0855009
17.1906,0.0190121,0.00911808,0.166195,0.721121,-0.684873,0.0601886,0.0855009
17.1956,0.0190121,0.00911808,0.166195,0.72156,-0.684409,0.0602047,0.0854989
17.2006,0.0190121,0.00911808,0.166195,0.72156,-0.684409,0.0602047,0.0854989
17.2056,0.0190121,0.00911808,0.166195,0.72156,-0.684409,0.0602047,0.0854989
17.2106,0.0190121,0.00911808,0.166195,0.72156,-0.684409,0.0602047,0.0854989
17.2156,0.0190121,0.00911808,0.166195,0.72156,-0.684409,0.0602047,0.0854989
17.2205,0.0190121,0.00911808,0.166195,0.72156,-0.684409,0.0602047,0.0854989
17.2256,0.0190121,0.00911808,0.166195,0.722005,-0.683966,0.0606166,0.0849956
17.2306,0.0190121,0.00911808,0.166195,0.721999,-0.683945,0.0602208,0.085497
17.2356,0.0190121,0.00911808,0.166195,0.721999,-0.683945,0.0602208,0.085497
17.2406,0.0190185,0.00906522,0.166184,0.721999,-0.683945,0.0602208,0.085497
17.2456,0.0190185,0.00906522,0.166184,0.721999,-0.683945,0.0602208,0.085497
17.2506,0.0190185,0.00906522,0.166184,0.722005,-0.683966,0.0606166,0.0849956
17.2555,0.0190248,0.00901237,0.166172,0.721999,-0.683945,0.0602208,0.085497
17.2606,0.0190248,0.00901237,0.166172,0.721999,-0.683945,0.0602208,0.085497
17.2655,0.0190248,0.00901237,0.166172,0.722444,-0.683502,0.0606323,0.0849933
17.2705,0.0190311,0.00895953,0.166161,0.722444,-0.683502,0.0606323,0.0849933
17.2756,0.0190311,0.00895953,0.166161,0.722444,-0.683502,0.0606323,0.0849933
17.2806,0.0190311,0.00895953,0.166161,0.722444,-0.683502,0.0606323,0.0849933
17.2856,0.0190311,0.00895953,0.166161,0.722444,-0.683502,0.0606323,0.0849933
17.2906,0.0190311,0.00895953,0.166161,0.722444,-0.683502,0.0606323,0.0849933
17.2956,0.0190311,0.00895953,0.166161,0.722444,-0.683502,0.0606323,0.0849933
17.3006,0.0190311,0.00895953,0.166161,0.722882,-0.683037,0.0606481,0.084991
17.3056,0.0190374,0.00890668,0.16615,0.722882,-0.683037,0.0606481,0.084991
17.3106,0.0190374,0.00890668,0.16615,0.722882,-0.683037,0.0606481,0.084991
17.3156,0.0190374,0.00890668,0.16615,0.722882,-0.683037,0.0606481,0.084991
17.3205,0.0190374,0.00890668,0.16615,0.722888,-0.683058,0.0610432,0.0844891
17.3256,0.0190443,0.00884885,0.166084,0.723023,-0.682889,0.0606474,0.0849858
17.3306,0.0190443,0.00884885,0.166084,0.723028,-0.68291,0.0610426,0.084484
17.3356,0.0190443,0.00884885,0.166084,0.723028,-0.68291,0.0610426,0.084484
17.3406,0.0190443,0.00884885,0.166084,0.723028,-0.68291,0.0610426,0.084484
17.3456,0.0190443,0.00884885,0.166084,0.723028,-0.68291,0.0610426,0.084484
17.3506,0.0190506,0.00879602,0.166073,0.723028,-0.68291,0.0610426,0.084484
17.3556,0.0190512,0.00879104,0.166019,0.723168,-0.682763,0.061042,0.0844788
17.3606,0.0190512,0.00879104,0.166019,0.723168,-0.682763,0.061042,0.0844788
17.3655,0.0190575,0.00873821,0.166007,0.723168,-0.682763,0.061042,0.0844788
17.3706,0.0190575,0.00873821,0.166007,0.723168,-0.682763,0.061042,0.0844788
17.3756,0.0190581,0.00873326,0.165953,0.723309,-0.682615,0.0610414,0.0844737
17.3806,0.0190644,0.00868044,0.165942,0.723309,-0.682615,0.0610414,0.0844737
17.3856,0.0190644,0.00868044,0.165942,0.723309,-0.682615,0.0610414,0.0844737
17.3906,0.0190644,0.00868044,0.165942,0.723314,-0.682636,0.0614368,0.083972
17.3956,0.0190644,0.00868044,0.165942,0.723314,-0.682636,0.0614368,0.083972
17.4006,0.0190644,0.00868044,0.165942,0.723314,-0.682636,0.0614368,0.083972
17.4056,0.0190644,0.00868044,0.165942,0.723314,-0.682636,0.0614368,0.083972
17.4106,0.0190713,0.00862268,0.165876,0.723454,-0.682488,0.0614363,0.0839669
17.4156,0.0190713,0.00862268,0.165876,0.723454,-0.682488,0.0614363,0.0839669
17.4206,0.0190713,0.00862268,0.165876,0.723454,-0.682488,0.0614363,0.0839669
17.4256,0.0190719,0.00861777,0.165822,0.723594,-0.68234,0.0614358,0.0839619
17.4306,0.0190719,0.00861777,0.165822,0.723594,-0.68234,0.0614358,0.0839619
17.4356,0.0190725,0.00861289,0.165768,0.723734,-0.682192,0.0614353,0.0839568
17.4406,0.0190725,0.00861289,0.165768,0.723734,-0.682192,0.0614353,0.0839568
17.4456,0.019073,0.00860802,0.165714,0.723879,-0.682065,0.0618306,0.0834503
17.4506,0.019073,0.00860802,0.165714,0.723879,-0.682065,0.0618306,0.0834503
17.4556,0.019073,0.00860802,0.165714,0.723879,-0.682065,0.0618306,0.0834503
17.4607,0.0190799,0.00855036,0.165648,0.724019,-0.681917,0.0618302,0.0834454
17.4656,0.0190799,0.00855036,0.165648,0.724019,-0.681917,0.0618302,0.0834454
17.4706,0.0190799,0.00855036,0.165648,0.724019,-0.681917,0.0618302,0.0834454
17.4756,0.0190862,0.00849755,0.165637,0.724019,-0.681917,0.0618302,0.0834454
17.4806,0.0190862,0.00849755,0.165637,0.724019,-0.681917,0.0618302,0.0834454
17.4856,0.0190868,0.00849273,0.165583,0.724159,-0.681769,0.0618298,0.0834404
17.4905,0.0190931,0.00843992,0.165571,0.724159,-0.681769,0.0618298,0.0834404
17.4956,0.0190931,0.00843992,0.165571,0.724164,-0.681789,0.0622258,0.0829391
17.5006,0.0190931,0.00843992,0.165571,0.724164,-0.681789,0.0622258,0.0829391
17.5056,0.0191658,0.00839019,0.165505,0.724291,-0.681624,0.0623744,0.0830743
17.5106,0.0191658,0.00839019,0.165505,0.724291,-0.681624,0.0623744,0.0830743
17.5156,0.0191658,0.00839019,0.165505,0.724291,-0.681624,0.0623744,0.0830743
17.5206,0.0191721,0.0083374,0.165494,0.724291,-0.681624,0.0623744,0.0830743
17.5255,0.0191727,0.00833262,0.16544,0.724435,-0.681496,0.0627703,0.0825682
17.5307,0.0192448,0.00828773,0.165428,0.723984,-0.681944,0.062905,0.0827122
17.5355,0.0192448,0.00828773,0.165428,0.723984,-0.681944,0.062905,0.0827122
17.5406,0.0192448,0.00828773,0.165428,0.723984,-0.681944,0.062905,0.0827122
17.5456,0.0192512,0.00823495,0.165417,0.723984,-0.681944,0.062905,0.0827122
17.5506,0.0192512,0.00823495,0.165417,0.723984,-0.681944,0.062905,0.0827122
17.5556,0.0192512,0.00823495,0.165417,0.723984,-0.681944,0.062905,0.0827122
17.5608,0.0192575,0.00818217,0.165405,0.723988,-0.681964,0.0633015,0.0822111
17.5656,0.0192575,0.00818217,0.165405,0.723984,-0.681944,0.062905,0.0827122
17.5705,0.0192575,0.00818217,0.165405,0.723988,-0.681964,0.0633015,0.0822111
17.5756,0.0193234,0.00819011,0.165405,0.723975,-0.681947,0.0634503,0.0823513
17.5806,0.0193234,0.00819011,0.165405,0.723975,-0.681947,0.0634503,0.0823513
17.5856,0.0193239,0.00818535,0.165351,0.724115,-0.681799,0.0634503,0.0823465
17.5906,0.0193239,0.00818535,0.165351,0.724115,-0.681799,0.0634503,0.0823465
17.5956,0.0193303,0.00813258,0.165339,0.723677,-0.682265,0.0634364,0.0823506
17.6006,0.0193303,0.00813258,0.165339,0.723677,-0.682265,0.0634364,0.0823506
17.6056,0.0193303,0.00813258,0.165339,0.723733,-0.682325,0.0633971,0.0813874
17.6106,0.0193303,0.00813258,0.165339,0.723677,-0.682265,0.0634364,0.0823506
17.6156,0.0193367,0.00807982,0.165328,0.723681,-0.682284,0.0638332,0.08185
17.6206,0.0193367,0.00807982,0.165328,0.723243,-0.68275,0.0638196,0.0818543
17.6256,0.0193367,0.00807982,0.165328,0.723243,-0.68275,0.0638196,0.0818543
17.6306,0.0193367,0.00807982,0.165328,0.723243,-0.68275,0.0638196,0.0818543
17.6356,0.0193372,0.00807508,0.165273,0.723383,-0.682602,0.0638197,0.0818496
17.6406,0.0193372,0.00807508,0.165273,0.722944,-0.683067,0.063806,0.0818539
17.6456,0.0193372,0.00807508,0.165273,0.722944,-0.683067,0.063806,0.0818539
17.6505,0.0193372,0.00807508,0.165273,0.722997,-0.683107,0.0633694,0.0813918
17.6556,0.0193372,0.00807508,0.165273,0.722506,-0.683531,0.0637923,0.0818582
17.6606,0.0193372,0.00807508,0.165273,0.722506,-0.683531,0.0637923,0.0818582
17.6656,0.0193372,0.00807508,0.165273,0.722561,-0.683591,0.0637532,0.0808965
17.6706,0.0193372,0.00807508,0.165273,0.72207,-0.684015,0.0641768,0.0813629
17.6756,0.0193372,0.00807508,0.165273,0.72207,-0.684015,0.0641768,0.0813629
17.6806,0.0193372,0.00807508,0.165273,0.722067,-0.683996,0.0637786,0.0818625
17.6855,0.0193372,0.00807508,0.165273,0.72207,-0.684015,0.0641768,0.0813629
17.6906,0.0193372,0.00807508,0.165273,0.722122,-0.684056,0.0637395,0.0809013
17.6956,0.0193378,0.00807037,0.165219,0.721771,-0.684332,0.0641636,0.0813627
17.7006,0.0194037,0.00807833,0.165219,0.721758,-0.684315,0.064312,0.0815034
17.7056,0.0194037,0.00807833,0.165219,0.721755,-0.684296,0.0639133,0.0820027
17.7106,0.0194043,0.00807364,0.165165,0.721456,-0.684612,0.0638997,0.0820022
17.7156,0.0194043,0.00807364,0.165165,0.721456,-0.684612,0.0638997,0.0820022
17.7206,0.0194043,0.00807364,0.165165,0.721456,-0.684612,0.0638997,0.0820022
17.7256,0.0194043,0.00807364,0.165165,0.721069,-0.685116,0.0634479,0.0815456
17.7306,0.0194043,0.00807364,0.165165,0.721016,-0.685076,0.0638858,0.0820065
17.7356,0.0194702,0.00808164,0.165165,0.721003,-0.685059,0.064034,0.0821474
17.7405,0.0194702,0.00808164,0.165165,0.721003,-0.685059,0.064034,0.0821474
17.7456,0.0194702,0.00808164,0.165165,0.72056,-0.685503,0.0636203,0.0826501
17.7506,0.0194708,0.00807697,0.165111,0.720701,-0.685356,0.0636204,0.0826453
17.7555,0.0194708,0.00807697,0.165111,0.720754,-0.685396,0.0631824,0.0821846
17.7606,0.0194708,0.00807697,0.165111,0.720701,-0.685356,0.0636204,0.0826453
17.7656,0.0194708,0.00807697,0.165111,0.720701,-0.685356,0.0636204,0.0826453
17.7706,0.0194708,0.00807697,0.165111,0.720754,-0.685396,0.0631824,0.0821846
17.7756,0.0194708,0.00807697,0.165111,0.720314,-0.685859,0.0631677,0.0821889
17.7806,0.0194708,0.00807697,0.165111,0.720314,-0.685859,0.0631677,0.0821889
17.7856,0.0194708,0.00807697,0.165111,0.720314,-0.685859,0.0631677,0.0821889
17.7906,0.0195367,0.00808499,0.165111,0.720248,-0.685802,0.0637542,0.0827903
17.7956,0.0195367,0.00808499,0.165111,0.720245,-0.685782,0.0633541,0.0832883
17.8006,0.0195367,0.00808499,0.165111,0.720298,-0.685822,0.0629157,0.082828
17.8056,0.0195367,0.00808499,0.165111,0.719804,-0.686245,0.0633393,0.0832922
17.8106,0.0195367,0.00808499,0.165111,0.719804,-0.686245,0.0633393,0.0832922
17.8156,0.0195367,0.00808499,0.165111,0.719801,-0.686225,0.0629388,0.0837899
17.8206,0.0195431,0.00803224,0.165099,0.719854,-0.686265,0.0625002,0.0833298
17.8256,0.0195431,0.00803224,0.165099,0.719854,-0.686265,0.0625002,0.0833298
17.8306,0.0195431,0.00803224,0.165099,0.719801,-0.686225,0.0629388,0.0837899
17.8356,0.0195431,0.00803224,0.165099,0.719797,-0.686204,0.0625383,0.0842877
17.8406,0.0195431,0.00803224,0.165099,0.719797,-0.686204,0.0625383,0.0842877
17.8456,0.0195431,0.00803224,0.165099,0.719797,-0.686204,0.0625383,0.0842877
17.8506,0.0195431,0.00803224,0.165099,0.719851,-0.686244,0.0620997,0.0838275
17.8556,0.0195431,0.00803224,0.165099,0.719797,-0.686204,0.0625383,0.0842877
17.8606,0.0195431,0.00803224,0.165099,0.719797,-0.686204,0.0625383,0.0842877
17.8656,0.0195495,0.00797949,0.165088,0.719793,-0.686184,0.0621377,0.0847853
17.8706,0.0195495,0.00797949,0.165088,0.719793,-0.686184,0.0621377,0.0847853
17.8756,0.0195501,0.00797484,0.165034,0.719988,-0.686076,0.061699,0.08432
17.8806,0.019616,0.00798289,0.165034,0.719921,-0.686019,0.0622855,0.0849212
17.8856,0.019616,0.00798289,0.165034,0.719975,-0.686059,0.061847,0.084461
17.8906,0.0196225,0.00793016,0.165022,0.719975,-0.686059,0.061847,0.084461
17.8956,0.0196225,0.00793016,0.165022,0.719481,-0.686482,0.0622697,0.0849244
17.9006,0.0196225,0.00793016,0.165022,0.719481,-0.686482,0.0622697,0.0849244
17.9056,0.0196225,0.00793016,0.165022,0.719481,-0.686482,0.0622697,0.0849244
17.9106,0.0196225,0.00793016,0.165022,0.719481,-0.686482,0.0622697,0.0849244
17.9156,0.0196225,0.00793016,0.165022,0.719481,-0.686482,0.0622697,0.0849244
17.9206,0.0196225,0.00793016,0.165022,0.719535,-0.686522,0.0618309,0.0844645
17.9256,0.0196225,0.00793016,0.165022,0.719481,-0.686482,0.0622697,0.0849244
17.9306,0.0196289,0.00787742,0.16501,0.719481,-0.686482,0.0622697,0.0849244
17.9356,0.0196289,0.00787742,0.16501,0.719535,-0.686522,0.0618309,0.0844645
17.9406,0.0196289,0.00787742,0.16501,0.719535,-0.686522,0.0618309,0.0844645
17.9456,0.0196289,0.00787742,0.16501,0.719481,-0.686482,0.0622697,0.0849244
17.9506,0.0196289,0.00787742,0.16501,0.719481,-0.686482,0.0622697,0.0849244
17.9556,0.0196289,0.00787742,0.16501,0.719481,-0.686482,0.0622697,0.0849244
17.9606,0.0196289,0.00787742,0.16501,0.719535,-0.686522,0.0618309,0.0844645
17.9656,0.0196289,0.00787742,0.16501,0.719481,-0.686482,0.0622697,0.0849244
17.9706,0.0196289,0.00787742,0.16501,0.719535,-0.686522,0.0618309,0.0844645
17.9756,0.0196354,0.00782469,0.164998,0.719481,-0.686482,0.0622697,0.0849244
17.9806,0.0196354,0.00782469,0.164998,0.719535,-0.686522,0.0618309,0.0844645
17.9856,0.0196354,0.00782469,0.164998,0.719481,-0.686482,0.0622697,0.0849244
17.9906,0.0196354,0.00782469,0.164998,0.719481,-0.686482,0.0622697,0.0849244
17.9956,0.0196354,0.00782469,0.164998,0.719481,-0.686482,0.0622697,0.0849244
18.0006,0.0196354,0.00782469,0.164998,0.719535,-0.686522,0.0618309,0.0844645
18.0056,0.0196354,0.00782469,0.164998,0.719535,-0.686522,0.0618309,0.0844645
18.0106,0.0196418,0.00777197,0.164987,0.719481,-0.686482,0.0622697,0.0849244
18.0156,0.0196418,0.00777197,0.164987,0.719481,-0.686482,0.0622697,0.0849244
18.0206,0.0196418,0.00777197,0.164987,0.719481,-0.686482,0.0622697,0.0849244
18.0256,0.0196483,0.00771925,0.164975,0.719535,-0.686522,0.0618309,0.0844645
18.0306,0.0196483,0.00771925,0.164975,0.719094,-0.686984,0.0618148,0.0844679
18.0356,0.0196547,0.00766653,0.164963,0.71904,-0.686945,0.0622539,0.0849275
18.0406,0.0196553,0.00766191,0.164909,0.719622,-0.686335,0.0622695,0.0849192
18.0456,0.0196553,0.00766191,0.164909,0.719622,-0.686335,0.0622695,0.0849192
18.0506,0.0197278,0.00761729,0.164897,0.719223,-0.68682,0.0619626,0.0846038
18.0556,0.0197278,0.00761729,0.164897,0.719609,-0.686317,0.0624175,0.0850603
18.0606,0.0197278,0.00761729,0.164897,0.719609,-0.686317,0.0624175,0.0850603
18.0656,0.0197278,0.00761729,0.164897,0.719609,-0.686317,0.0624175,0.0850603
18.0706,0.0197343,0.00756459,0.164885,0.719609,-0.686317,0.0624175,0.0850603
18.0756,0.0197343,0.00756459,0.164885,0.719609,-0.686317,0.0624175,0.0850603
18.0806,0.0197408,0.00751189,0.164873,0.719609,-0.686317,0.0624175,0.0850603
18.0856,0.0197408,0.00751189,0.164873,0.719609,-0.686317,0.0624175,0.0850603
18.0905,0.0197408,0.00751189,0.164873,0.719168,-0.68678,0.0624015,0.0850635
18.0956,0.0197472,0.0074592,0.164861,0.719609,-0.686317,0.0624175,0.0850603
18.1006,0.0197472,0.0074592,0.164861,0.719663,-0.686357,0.0619788,0.0846003
18.1056,0.0197472,0.0074592,0.164861,0.719609,-0.686317,0.0624175,0.0850603
18.1106,0.0197472,0.0074592,0.164861,0.719168,-0.68678,0.0624015,0.0850635
18.1156,0.0197472,0.0074592,0.164861,0.719223,-0.68682,0.0619626,0.0846038
18.1206,0.0197537,0.00740651,0.164849,0.719609,-0.686317,0.0624175,0.0850603
18.1255,0.0197537,0.00740651,0.164849,0.719223,-0.68682,0.0619626,0.0846038
18.1306,0.0197537,0.00740651,0.164849,0.719609,-0.686317,0.0624175,0.0850603
18.1356,0.0197537,0.00740651,0.164849,0.719168,-0.68678,0.0624015,0.0850635
18.1406,0.0197602,0.00735383,0.164837,0.719168,-0.68678,0.0624015,0.0850635
18.1456,0.0197602,0.00735383,0.164837,0.719168,-0.68678,0.0624015,0.0850635
18.1505,0.0197602,0.00735383,0.164837,0.719168,-0.68678,0.0624015,0.0850635
18.1556,0.0197602,0.00735383,0.164837,0.719609,-0.686317,0.0624175,0.0850603
18.1606,0.0197666,0.00730115,0.164825,0.719609,-0.686317,0.0624175,0.0850603
18.1656,0.0197666,0.00730115,0.164825,0.719609,-0.686317,0.0624175,0.0850603
18.1706,0.0197666,0.00730115,0.164825,0.719663,-0.686357,0.0619788,0.0846003
18.1756,0.0197666,0.00730115,0.164825,0.719609,-0.686317,0.0624175,0.0850603
18.1806,0.0197731,0.00724847,0.164813,0.719168,-0.68678,0.0624015,0.0850635
18.1856,0.0197737,0.00724387,0.164759,0.719309,-0.686633,0.0624014,0.0850583
18.1906,0.0197737,0.00724387,0.164759,0.719364,-0.686673,0.0619625,0.0845985
18.1956,0.0197737,0.00724387,0.164759,0.719364,-0.686673,0.0619625,0.0845985
18.2006,0.0197737,0.00724387,0.164759,0.719309,-0.686633,0.0624014,0.0850583
18.2056,0.0197801,0.0071912,0.164747,0.71975,-0.68617,0.0624173,0.085055
18.2106,0.0197801,0.0071912,0.164747,0.71975,-0.68617,0.0624173,0.085055
18.2156,0.0197801,0.0071912,0.164747,0.719309,-0.686633,0.0624014,0.0850583
18.2206,0.0197801,0.0071912,0.164747,0.719804,-0.68621,0.0619787,0.0845949
18.2256,0.0197801,0.0071912,0.164747,0.719364,-0.686673,0.0619625,0.0845985
18.2306,0.0197866,0.00713854,0.164735,0.71975,-0.68617,0.0624173,0.085055
18.2356,0.0197866,0.00713854,0.164735,0.719309,-0.686633,0.0624014,0.0850583
18.2406,0.0197866,0.00713854,0.164735,0.719309,-0.686633,0.0624014,0.0850583
18.2456,0.0198529,0.00714669,0.164735,0.719297,-0.686616,0.0625493,0.0851994
18.2506,0.0198529,0.00714669,0.164735,0.719791,-0.686193,0.0621267,0.084736
18.2556,0.0198529,0.00714669,0.164735,0.719737,-0.686153,0.0625653,0.0851961
18.2606,0.0198529,0.00714669,0.164735,0.719791,-0.686193,0.0621267,0.084736
18.2656,0.0198529,0.00714669,0.164735,0.719351,-0.686656,0.0621104,0.0847397
18.2706,0.0198594,0.00709403,0.164723,0.719737,-0.686153,0.0625653,0.0851961
18.2756,0.0198594,0.00709403,0.164723,0.719351,-0.686656,0.0621104,0.0847397
18.2806,0.0198594,0.00709403,0.164723,0.719351,-0.686656,0.0621104,0.0847397
18.2856,0.0198594,0.00709403,0.164723,0.719737,-0.686153,0.0625653,0.0851961
18.2906,0.0198594,0.00709403,0.164723,0.719737,-0.686153,0.0625653,0.0851961
18.2956,0.0198599,0.00708945,0.164669,0.719932,-0.686046,0.0621266,0.0847307
18.3006,0.0198599,0.00708945,0.164669,0.719878,-0.686006,0.0625651,0.0851908
18.3056,0.0198599,0.00708945,0.164669,0.719878,-0.686006,0.0625651,0.0851908
18.3106,0.0198599,0.00708945,0.164669,0.719878,-0.686006,0.0625651,0.0851908
18.3155,0.0198599,0.00708945,0.164669,0.719437,-0.686469,0.0625491,0.0851942
18.3206,0.0198599,0.00708945,0.164669,0.719437,-0.686469,0.0625491,0.0851942
18.3256,0.0198599,0.00708945,0.164669,0.719932,-0.686046,0.0621266,0.0847307
18.3306,0.0198599,0.00708945,0.164669,0.719932,-0.686046,0.0621266,0.0847307
18.3355,0.0198599,0.00708945,0.164669,0.719878,-0.686006,0.0625651,0.0851908
18.3406,0.0198599,0.00708945,0.164669,0.719437,-0.686469,0.0625491,0.0851942
18.3456,0.0198599,0.00708945,0.164669,0.719932,-0.686046,0.0621266,0.0847307
18.3506,0.0198599,0.00708945,0.164669,0.719492,-0.686509,0.0621104,0.0847343
18.3556,0.0198599,0.00708945,0.164669,0.719878,-0.686006,0.0625651,0.0851908
18.3606,0.0198599,0.00708945,0.164669,0.719437,-0.686469,0.0625491,0.0851942
18.3656,0.0198599,0.00708945,0.164669,0.719437,-0.686469,0.0625491,0.0851942
18.3706,0.0198664,0.0070368,0.164657,0.719878,-0.686006,0.0625651,0.0851908
18.3756,0.0198664,0.0070368,0.164657,0.719932,-0.686046,0.0621266,0.0847307
18.3806,0.0198664,0.0070368,0.164657,0.719878,-0.686006,0.0625651,0.0851908
18.3856,0.0198664,0.0070368,0.164657,0.719878,-0.686006,0.0625651,0.0851908
18.3906,0.0198664,0.0070368,0.164657,0.719878,-0.686006,0.0625651,0.0851908
18.3957,0.0198664,0.0070368,0.164657,0.719437,-0.686469,0.0625491,0.0851942
18.4006,0.0198664,0.0070368,0.164657,0.719878,-0.686006,0.0625651,0.0851908
18.4056,0.0198664,0.0070368,0.164657,0.719437,-0.686469,0.0625491,0.0851942
18.4106,0.0198664,0.0070368,0.164657,0.719437,-0.686469,0.0625491,0.0851942
18.4156,0.0199327,0.00704498,0.164657,0.719919,-0.686028,0.0622747,0.0848717
18.4206,0.0199327,0.00704498,0.164657,0.719425,-0.686451,0.0626971,0.0853353
18.4256,0.0199327,0.00704498,0.164657,0.719919,-0.686028,0.0622747,0.0848717
18.4306,0.0199327,0.00704498,0.164657,0.719919,-0.686028,0.0622747,0.0848717
18.4356,0.0199392,0.00699234,0.164645,0.719865,-0.685988,0.0627131,0.0853319
18.4406,0.0199392,0.00699234,0.164645,0.719425,-0.686451,0.0626971,0.0853353
18.4456,0.0199392,0.00699234,0.164645,0.719479,-0.686491,0.0622583,0.0848754
18.4506,0.0199392,0.00699234,0.164645,0.719479,-0.686491,0.0622583,0.0848754
18.4555,0.0199392,0.00699234,0.164645,0.719919,-0.686028,0.0622747,0.0848717
18.4606,0.0199458,0.0069397,0.164633,0.719479,-0.686491,0.0622583,0.0848754
18.4656,0.0199458,0.0069397,0.164633,0.719919,-0.686028,0.0622747,0.0848717
18.4706,0.0199458,0.0069397,0.164633,0.719425,-0.686451,0.0626971,0.0853353
18.4756,0.0199458,0.0069397,0.164633,0.719479,-0.686491,0.0622583,0.0848754
18.4806,0.0199523,0.00688706,0.16462,0.719479,-0.686491,0.0622583,0.0848754
18.4856,0.0199523,0.00688706,0.16462,0.719919,-0.686028,0.0622747,0.0848717
18.4906,0.0199523,0.00688706,0.16462,0.719919,-0.686028,0.0622747,0.0848717
18.4956,0.0199523,0.00688706,0.16462,0.719865,-0.685988,0.0627131,0.0853319
18.5006,0.0199523,0.00688706,0.16462,0.719919,-0.686028,0.0622747,0.0848717
18.5056,0.0199523,0.00688706,0.16462,0.719479,-0.686491,0.0622583,0.0848754
18.5108,0.0199588,0.00683443,0.164608,0.719919,-0.686028,0.0622747,0.0848717
18.5156,0.0199588,0.00683443,0.164608,0.719479,-0.686491,0.0622583,0.0848754
18.5206,0.0199588,0.00683443,0.164608,0.719479,-0.686491,0.0622583,0.0848754
18.5256,0.0199588,0.00683443,0.164608,0.719865,-0.685988,0.0627131,0.0853319
18.5306,0.0200317,0.00679003,0.164596,0.719412,-0.686434,0.062845,0.0854764
18.5356,0.0200317,0.00679003,0.164596,0.719466,-0.686474,0.0624062,0.0850166
18.5406,0.0200382,0.00673742,0.164584,0.719412,-0.686434,0.062845,0.0854764
18.5456,0.0200382,0.00673742,0.164584,0.719903,-0.685989,0.0620214,0.0855098
18.5506,0.0200382,0.00673742,0.164584,0.719412,-0.686434,0.062845,0.0854764
18.5556,0.0200447,0.0066848,0.164572,0.719408,-0.686412,0.0624434,0.0859732
18.5606,0.0200447,0.0066848,0.164572,0.719466,-0.686474,0.0624062,0.0850166
18.5656,0.0200513,0.0066322,0.164559,0.719848,-0.685949,0.0624598,0.0859699
18.5706,0.0200513,0.0066322,0.164559,0.719463,-0.686452,0.0620046,0.0855134
18.5756,0.0201178,0.00664045,0.164559,0.719395,-0.686395,0.0625913,0.0861143
18.5806,0.0201243,0.00658786,0.164547,0.719395,-0.686395,0.0625913,0.0861143
18.5856,0.0201243,0.00658786,0.164547,0.71945,-0.686434,0.0621525,0.0856545
18.5906,0.0201309,0.00653526,0.164535,0.719395,-0.686395,0.0625913,0.0861143
18.5956,0.0201309,0.00653526,0.164535,0.719395,-0.686395,0.0625913,0.0861143
18.6006,0.0201374,0.00648267,0.164522,0.719395,-0.686395,0.0625913,0.0861143
18.6057,0.0201374,0.00648267,0.164522,0.719395,-0.686395,0.0625913,0.0861143
18.6106,0.0201439,0.00643009,0.16451,0.719395,-0.686395,0.0625913,0.0861143
18.6156,0.0201439,0.00643009,0.16451,0.71945,-0.686434,0.0621525,0.0856545
18.6206,0.0201505,0.00637751,0.164498,0.719395,-0.686395,0.0625913,0.0861143
18.6256,0.0202171,0.00638581,0.164498,0.719437,-0.686417,0.0623004,0.0857956
18.6306,0.0202171,0.00638581,0.164498,0.719437,-0.686417,0.0623004,0.0857956
18.6356,0.0202236,0.00633323,0.164485,0.719382,-0.686377,0.0627392,0.0862555
18.6406,0.0202236,0.00633323,0.164485,0.719382,-0.686377,0.0627392,0.0862555
18.6456,0.0202236,0.00633323,0.164485,0.719378,-0.686355,0.0623375,0.0867522
18.6506,0.0202302,0.00628067,0.164473,0.719378,-0.686355,0.0623375,0.0867522
18.6556,0.0202368,0.00622811,0.16446,0.719378,-0.686355,0.0623375,0.0867522
18.6606,0.0202368,0.00622811,0.16446,0.719434,-0.686395,0.0618988,0.0862923
18.6657,0.0202368,0.00622811,0.16446,0.719434,-0.686395,0.0618988,0.0862923
18.6706,0.0202433,0.00617555,0.164448,0.718938,-0.686818,0.0623205,0.0867553
18.6756,0.0202433,0.00617555,0.164448,0.718993,-0.686857,0.0618815,0.0862958
18.6806,0.0202499,0.006123,0.164435,0.718938,-0.686818,0.0623205,0.0867553
18.6857,0.0202499,0.006123,0.164435,0.718993,-0.686857,0.0618815,0.0862958
18.6906,0.0202499,0.006123,0.164435,0.718993,-0.686857,0.0618815,0.0862958
18.6956,0.0202499,0.006123,0.164435,0.71943,-0.686372,0.0614972,0.0867891
18.7006,0.0202564,0.00607045,0.164423,0.718938,-0.686818,0.0623205,0.0867553
18.7056,0.0202564,0.00607045,0.164423,0.718989,-0.686835,0.0614795,0.0867923
18.7107,0.0203298,0.00602626,0.16441,0.718976,-0.686817,0.0616274,0.0869335
18.7157,0.0203298,0.00602626,0.16441,0.71898,-0.68684,0.0620293,0.0864371
18.7206,0.0203298,0.00602626,0.16441,0.718976,-0.686817,0.0616274,0.0869335
18.7256,0.0203363,0.00597372,0.164398,0.718976,-0.686817,0.0616274,0.0869335
18.7306,0.0203363,0.00597372,0.164398,0.718976,-0.686817,0.0616274,0.0869335
18.7356,0.0203363,0.00597372,0.164398,0.718976,-0.686817,0.0616274,0.0869335
18.7406,0.0203429,0.00592119,0.164385,0.718976,-0.686817,0.0616274,0.0869335
18.7456,0.0203429,0.00592119,0.164385,0.718976,-0.686817,0.0616274,0.0869335
18.7506,0.0203429,0.00592119,0.164385,0.718976,-0.686817,0.0616274,0.0869335
18.7556,0.0203495,0.00586867,0.164373,0.718976,-0.686817,0.0616274,0.0869335
18.7607,0.0204163,0.00587705,0.164373,0.718964,-0.686799,0.0617752,0.0870747
18.7656,0.0204163,0.00587705,0.164373,0.718964,-0.686799,0.0617752,0.0870747
18.7706,0.0204229,0.00582454,0.16436,0.718964,-0.686799,0.0617752,0.0870747
18.7756,0.0204229,0.00582454,0.16436,0.718964,-0.686799,0.0617752,0.0870747
18.7806,0.0204229,0.00582454,0.16436,0.718964,-0.686799,0.0617752,0.0870747
18.7856,0.0204229,0.00582454,0.16436,0.718964,-0.686799,0.0617752,0.0870747
18.7906,0.0204295,0.00577202,0.164347,0.718964,-0.686799,0.0617752,0.0870747
18.7956,0.0204295,0.00577202,0.164347,0.719019,-0.686838,0.0613362,0.0866151
18.8006,0.0204295,0.00577202,0.164347,0.719019,-0.686838,0.0613362,0.0866151
18.8056,0.0204361,0.00571952,0.164335,0.719019,-0.686838,0.0613362,0.0866151
18.8106,0.0204361,0.00571952,0.164335,0.719019,-0.686838,0.0613362,0.0866151
18.8156,0.0204361,0.00571952,0.164335,0.719074,-0.686878,0.0608972,0.0861555
18.8206,0.0204361,0.00571952,0.164335,0.719074,-0.686878,0.0608972,0.0861555
18.8256,0.0204361,0.00571952,0.164335,0.719129,-0.686916,0.0604581,0.0856959
18.8306,0.0204427,0.00566702,0.164322,0.719129,-0.686916,0.0604581,0.0856959
18.8357,0.0204427,0.00566702,0.164322,0.719129,-0.686916,0.0604581,0.0856959
18.8407,0.0204427,0.00566702,0.164322,0.719184,-0.686955,0.060019,0.0852362
18.8457,0.0204427,0.00566702,0.164322,0.719184,-0.686955,0.060019,0.0852362
18.8507,0.0204493,0.00561452,0.164309,0.719184,-0.686955,0.060019,0.0852362
18.8556,0.0204493,0.00561452,0.164309,0.719184,-0.686955,0.060019,0.0852362
18.8607,0.0204493,0.00561452,0.164309,0.719184,-0.686955,0.060019,0.0852362
18.8656,0.0204493,0.00561452,0.164309,0.719238,-0.686993,0.0595799,0.0847765
18.8706,0.0204559,0.00556203,0.164297,0.719238,-0.686993,0.0595799,0.0847765
18.8756,0.0204559,0.00556203,0.164297,0.719238,-0.686993,0.0595799,0.0847765
18.8806,0.0204559,0.00556203,0.164297,0.719238,-0.686993,0.0595799,0.0847765
18.8856,0.0204625,0.00550955,0.164284,0.719238,-0.686993,0.0595799,0.0847765
18.8906,0.0204625,0.00550955,0.164284,0.719292,-0.687031,0.0591408,0.0843168
18.8956,0.0204691,0.00545707,0.164271,0.719292,-0.687031,0.0591408,0.0843168
18.9006,0.0204757,0.00540459,0.164258,0.719292,-0.687031,0.0591408,0.0843168
18.9056,0.0204757,0.00540459,0.164258,0.719292,-0.687031,0.0591408,0.0843168
18.9106,0.0204823,0.00535212,0.164246,0.719292,-0.687031,0.0591408,0.0843168
18.9156,0.0204823,0.00535212,0.164246,0.719292,-0.687031,0.0591408,0.0843168
18.9206,0.0204889,0.00529966,0.164233,0.719292,-0.687031,0.0591408,0.0843168
18.9257,0.0204954,0.0052472,0.16422,0.719292,-0.687031,0.0591408,0.0843168
18.9306,0.020502,0.00519475,0.164207,0.719292,-0.687031,0.0591408,0.0843168
18.9356,0.020502,0.00519475,0.164207,0.719292,-0.687031,0.0591408,0.0843168
18.9406,0.0205086,0.0051423,0.164194,0.719292,-0.687031,0.0591408,0.0843168
18.9456,0.0205823,0.0050983,0.164181,0.71928,-0.687014,0.0592887,0.084458
18.9507,0.020589,0.00504587,0.164168,0.719282,-0.687038,0.0596906,0.0839616
18.9556,0.0205956,0.00499344,0.164155,0.71928,-0.687014,0.0592887,0.084458
18.9606,0.0206022,0.00494101,0.164142,0.719282,-0.687038,0.0596906,0.0839616
18.9657,0.020676,0.00489708,0.164129,0.71927,-0.687021,0.0598384,0.0841028
18.9706,0.020676,0.00489708,0.164129,0.71927,-0.687021,0.0598384,0.0841028
18.9756,0.0206826,0.00484467,0.164116,0.719323,-0.687059,0.0593993,0.0836431
18.9806,0.0207565,0.00480079,0.164103,0.719257,-0.687003,0.0599863,0.0842441
18.9856,0.0207632,0.00474839,0.16409,0.719311,-0.687042,0.0595472,0.0837843
18.9907,0.0207632,0.00474839,0.16409,0.719257,-0.687003,0.0599863,0.0842441
18.9956,0.0208371,0.00470455,0.164077,0.719686,-0.686523,0.0601538,0.0843796
19.0007,0.0208438,0.00465216,0.164064,0.719686,-0.686523,0.0601538,0.0843796
19.0056,0.0208438,0.00465216,0.164064,0.719687,-0.686548,0.0605554,0.0838829
19.0106,0.0209178,0.00460837,0.164051,0.719674,-0.68653,0.0607033,0.084024
19.0156,0.0209245,0.004556,0.164038,0.719674,-0.68653,0.0607033,0.084024
19.0206,0.0209312,0.00450363,0.164025,0.719675,-0.686555,0.0611048,0.0835273
19.0256,0.0209985,0.00451225,0.164025,0.719663,-0.686537,0.0612528,0.0836684
19.0306,0.0210052,0.00445989,0.164011,0.719716,-0.686576,0.060814,0.0832084
19.0356,0.0210119,0.00440754,0.163998,0.719663,-0.686537,0.0612528,0.0836684
19.0406,0.0210861,0.00436385,0.163985,0.71965,-0.68652,0.0614008,0.0838096
19.0456,0.0210928,0.00431151,0.163972,0.719703,-0.686584,0.0613634,0.0828528
19.0506,0.0210928,0.00431151,0.163972,0.719703,-0.686584,0.0613634,0.0828528
19.0556,0.0211069,0.00420229,0.163891,0.719791,-0.686397,0.0618033,0.0833066
19.0606,0.0211744,0.00421099,0.163891,0.719832,-0.686419,0.0615125,0.0829876
19.0656,0.0211811,0.00415867,0.163878,0.719778,-0.68638,0.0619512,0.0834477
19.0706,0.0211879,0.00410635,0.163864,0.719831,-0.686444,0.0619141,0.0824909
19.0756,0.0211946,0.00405404,0.163851,0.719831,-0.686444,0.0619141,0.0824909
19.0806,0.0212014,0.00400174,0.163838,0.719831,-0.686444,0.0619141,0.0824909
19.0856,0.0212081,0.00394944,0.163824,0.720272,-0.685981,0.061933,0.0824834
19.0906,0.0212825,0.00390588,0.163811,0.720259,-0.685964,0.0620811,0.0826245
19.0956,0.0212825,0.00390588,0.163811,0.720258,-0.685988,0.0624823,0.0821275
19.1007,0.0212892,0.0038536,0.163797,0.720258,-0.685988,0.0624823,0.0821275
19.1056,0.0213637,0.00381009,0.163784,0.720245,-0.685971,0.0626304,0.0822685
19.1106,0.0213637,0.00381009,0.163784,0.720245,-0.685971,0.0626304,0.0822685
19.1156,0.0213704,0.00375781,0.16377,0.720245,-0.685971,0.0626304,0.0822685
19.1206,0.0213772,0.00370555,0.163757,0.720245,-0.685971,0.0626304,0.0822685
19.1256,0.0213772,0.00370555,0.163757,0.720245,-0.685971,0.0626304,0.0822685
19.1306,0.021384,0.00365329,0.163743,0.720244,-0.685995,0.0630316,0.0817715
19.1356,0.0213908,0.00360103,0.16373,0.720244,-0.685995,0.0630316,0.0817715
19.1406,0.0213908,0.00360103,0.16373,0.720244,-0.685995,0.0630316,0.0817715
19.1456,0.0213976,0.00354878,0.163716,0.720244,-0.685995,0.0630316,0.0817715
19.1506,0.0213976,0.00354878,0.163716,0.720244,-0.685995,0.0630316,0.0817715
19.1556,0.0214044,0.00349654,0.163703,0.720244,-0.685995,0.0630316,0.0817715
19.1606,0.0214044,0.00349654,0.163703,0.720244,-0.685995,0.0630316,0.0817715
19.1656,0.0214044,0.00349654,0.163703,0.720244,-0.685995,0.0630316,0.0817715
19.1706,0.0214112,0.0034443,0.163689,0.720244,-0.685995,0.0630316,0.0817715
19.1756,0.0214179,0.00339207,0.163675,0.720244,-0.685995,0.0630316,0.0817715
19.1806,0.0214179,0.00339207,0.163675,0.720244,-0.685995,0.0630316,0.0817715
19.1857,0.0214247,0.00333984,0.163662,0.720244,-0.685995,0.0630316,0.0817715
19.1906,0.0214926,0.00334866,0.163662,0.720231,-0.685978,0.0631797,0.0819125
19.1957,0.0214994,0.00329644,0.163648,0.720231,-0.685978,0.0631797,0.0819125
19.2007,0.0214994,0.00329644,0.163648,0.720671,-0.685515,0.0631983,0.0819042
19.2056,0.0215062,0.00324423,0.163634,0.720671,-0.685515,0.0631983,0.0819042
19.2107,0.0215062,0.00324423,0.163634,0.720231,-0.685978,0.0631797,0.0819125
19.2156,0.021513,0.00319202,0.16362,0.720231,-0.685978,0.0631797,0.0819125
19.2206,0.021513,0.00319202,0.16362,0.720231,-0.685978,0.0631797,0.0819125
19.2256,0.0215198,0.00313982,0.163607,0.720231,-0.685978,0.0631797,0.0819125
19.2307,0.0215198,0.00313982,0.163607,0.72023,-0.686001,0.0635808,0.0814155
19.2357,0.0215198,0.00313982,0.163607,0.72023,-0.686001,0.0635808,0.0814155
19.2406,0.0215266,0.00308762,0.163593,0.719789,-0.686464,0.0635625,0.081424
19.2456,0.0215266,0.00308762,0.163593,0.719789,-0.686464,0.0635625,0.081424
19.2506,0.0215266,0.00308762,0.163593,0.719789,-0.686464,0.0635625,0.081424
19.2556,0.0215266,0.00308762,0.163593,0.719789,-0.686464,0.0635625,0.081424
19.2607,0.0215334,0.00303543,0.163579,0.719349,-0.686927,0.0635442,0.0814324
19.2657,0.0215334,0.00303543,0.163579,0.719349,-0.686927,0.0635442,0.0814324
19.2706,0.0215334,0.00303543,0.163579,0.719349,-0.686927,0.0635442,0.0814324
19.2756,0.0215402,0.00298324,0.163565,0.719349,-0.686927,0.0635442,0.0814324
19.2807,0.0215402,0.00298324,0.163565,0.718908,-0.687389,0.0635258,0.0814409
19.2856,0.021547,0.00293106,0.163552,0.718908,-0.687389,0.0635258,0.0814409
19.2907,0.021547,0.00293106,0.163552,0.718908,-0.687389,0.0635258,0.0814409
19.2956,0.0216218,0.00288776,0.163538,0.718453,-0.687834,0.0636552,0.0815907
19.3006,0.0216218,0.00288776,0.163538,0.718453,-0.687834,0.0636552,0.0815907
19.3056,0.0216286,0.0028356,0.163524,0.718453,-0.687834,0.0636552,0.0815907
19.3107,0.0216286,0.0028356,0.163524,0.718453,-0.687834,0.0636552,0.0815907
19.3157,0.0216354,0.00278344,0.16351,0.718453,-0.687834,0.0636552,0.0815907
19.3206,0.0216354,0.00278344,0.16351,0.718453,-0.687834,0.0636552,0.0815907
19.3257,0.0216354,0.00278344,0.16351,0.718012,-0.688296,0.0636367,0.0815991
19.3306,0.0216354,0.00278344,0.16351,0.718012,-0.688296,0.0636367,0.0815991
19.3357,0.0216422,0.00273128,0.163496,0.718451,-0.687858,0.0640576,0.0810946
19.3407,0.0216422,0.00273128,0.163496,0.71801,-0.688319,0.0640394,0.0811033
19.3456,0.0216422,0.00273128,0.163496,0.71801,-0.688319,0.0640394,0.0811033
19.3506,0.0216422,0.00273128,0.163496,0.71801,-0.688319,0.0640394,0.0811033
19.3556,0.0216422,0.00273128,0.163496,0.71801,-0.688319,0.0640394,0.0811033
19.3606,0.0216422,0.00273128,0.163496,0.71801,-0.688319,0.0640394,0.0811033
19.3656,0.0216422,0.00273128,0.163496,0.71801,-0.688319,0.0640394,0.0811033
19.3707,0.0216491,0.00267913,0.163482,0.71801,-0.688319,0.0640394,0.0811033
19.3756,0.0216491,0.00267913,0.163482,0.71801,-0.688319,0.0640394,0.0811033
19.3807,0.0216491,0.00267913,0.163482,0.717568,-0.688781,0.0640212,0.081112
19.3857,0.0216491,0.00267913,0.163482,0.71801,-0.688319,0.0640394,0.0811033
19.3906,0.0216491,0.00267913,0.163482,0.71801,-0.688319,0.0640394,0.0811033
19.3956,0.0216559,0.00262699,0.163468,0.71801,-0.688319,0.0640394,0.0811033
19.4007,0.0216559,0.00262699,0.163468,0.71801,-0.688319,0.0640394,0.0811033
19.4056,0.0216559,0.00262699,0.163468,0.717568,-0.688781,0.0640212,0.081112
19.4107,0.0216559,0.00262699,0.163468,0.717568,-0.688781,0.0640212,0.081112
19.4157,0.0216559,0.00262699,0.163468,0.718007,-0.688342,0.0644421,0.0806075
19.4206,0.0216559,0.00262699,0.163468,0.717565,-0.688804,0.0644242,0.0806164
19.4256,0.0216627,0.00257485,0.163454,0.717565,-0.688804,0.0644242,0.0806164
19.4306,0.0216627,0.00257485,0.163454,0.718007,-0.688342,0.0644421,0.0806075
19.4356,0.0216627,0.00257485,0.163454,0.717565,-0.688804,0.0644242,0.0806164
19.4406,0.0216627,0.00257485,0.163454,0.717565,-0.688804,0.0644242,0.0806164
19.4457,0.0216627,0.00257485,0.163454,0.717565,-0.688804,0.0644242,0.0806164
19.4506,0.0216695,0.00252272,0.16344,0.717565,-0.688804,0.0644242,0.0806164
19.4557,0.0216695,0.00252272,0.16344,0.717565,-0.688804,0.0644242,0.0806164
19.4606,0.0216763,0.00247059,0.163426,0.717565,-0.688804,0.0644242,0.0806164
19.4656,0.0216763,0.00247059,0.163426,0.717565,-0.688804,0.0644242,0.0806164
19.4706,0.0216831,0.00241847,0.163412,0.717565,-0.688804,0.0644242,0.0806164
19.4757,0.0216899,0.00236636,0.163398,0.717565,-0.688804,0.0644242,0.0806164
19.4807,0.0216899,0.00236636,0.163398,0.717563,-0.688826,0.0648272,0.0801208
19.4857,0.0216899,0.00236636,0.163398,0.717563,-0.688826,0.0648272,0.0801208
19.4906,0.0216967,0.00231425,0.163384,0.717563,-0.688826,0.0648272,0.0801208
19.4958,0.0216967,0.00231425,0.163384,0.717563,-0.688826,0.0648272,0.0801208
19.5006,0.0216967,0.00231425,0.163384,0.71756,-0.688849,0.0652301,0.0796251
19.5057,0.0216967,0.00231425,0.163384,0.71756,-0.688849,0.0652301,0.0796251
19.5107,0.0217036,0.00226214,0.16337,0.71756,-0.688849,0.0652301,0.0796251
19.5157,0.0217036,0.00226214,0.16337,0.71756,-0.688849,0.0652301,0.0796251
19.5206,0.0217036,0.00226214,0.16337,0.71756,-0.688849,0.0652301,0.0796251
19.5256,0.0217036,0.00226214,0.16337,0.71756,-0.688849,0.0652301,0.0796251
19.5307,0.0217104,0.00221004,0.163356,0.71756,-0.688849,0.0652301,0.0796251
19.5357,0.0217104,0.00221004,0.163356,0.71756,-0.688849,0.0652301,0.0796251
19.5406,0.0217104,0.00221004,0.163356,0.71756,-0.688849,0.0652301,0.0796251
19.5457,0.021711,0.00220551,0.163301,0.717701,-0.688702,0.0652322,0.0796194
19.5506,0.0217183,0.00214891,0.163233,0.717842,-0.688555,0.0652343,0.0796136
19.5557,0.0217183,0.00214891,0.163233,0.717842,-0.688555,0.0652343,0.0796136
19.5607,0.0217252,0.00209682,0.163219,0.717842,-0.688555,0.0652343,0.0796136
19.5656,0.021732,0.00204474,0.163205,0.717845,-0.688533,0.0648312,0.0801091
19.5706,0.021732,0.00204474,0.163205,0.717845,-0.688533,0.0648312,0.0801091
19.5756,0.0217456,0.0019406,0.163176,0.717848,-0.68851,0.064428,0.0806046
19.5807,0.0217456,0.0019406,0.163176,0.718287,-0.688071,0.0648487,0.0800999
19.5857,0.0217524,0.00188853,0.163162,0.71829,-0.688049,0.0644458,0.0805956
19.5906,0.0217524,0.00188853,0.163162,0.717848,-0.68851,0.064428,0.0806046
19.5957,0.0217592,0.00183647,0.163148,0.71829,-0.688049,0.0644458,0.0805956
19.6006,0.0217592,0.00183647,0.163148,0.717848,-0.68851,0.064428,0.0806046
19.6056,0.0217592,0.00183647,0.163148,0.71829,-0.688049,0.0644458,0.0805956
19.6107,0.0217592,0.00183647,0.163148,0.71829,-0.688049,0.0644458,0.0805956
19.6156,0.0217592,0.00183647,0.163148,0.71829,-0.688049,0.0644458,0.0805956
19.6208,0.0217592,0.00183647,0.163148,0.71829,-0.688049,0.0644458,0.0805956
19.6256,0.0217592,0.00183647,0.163148,0.718287,-0.688071,0.0648487,0.0800999
19.6306,0.0217592,0.00183647,0.163148,0.717848,-0.68851,0.064428,0.0806046
19.6357,0.0217592,0.00183647,0.163148,0.717848,-0.68851,0.064428,0.0806046
19.6406,0.021766,0.00178442,0.163133,0.71829,-0.688049,0.0644458,0.0805956
19.6456,0.021766,0.00178442,0.163133,0.71829,-0.688049,0.0644458,0.0805956
19.6507,0.021766,0.00178442,0.163133,0.717848,-0.68851,0.064428,0.0806046
19.6556,0.0217728,0.00173237,0.163119,0.71829,-0.688049,0.0644458,0.0805956
19.6606,0.0217728,0.00173237,0.163119,0.71829,-0.688049,0.0644458,0.0805956
19.6656,0.0217728,0.00173237,0.163119,0.717848,-0.68851,0.064428,0.0806046
19.6706,0.0217796,0.00168033,0.163105,0.717848,-0.68851,0.064428,0.0806046
19.6756,0.0217796,0.00168033,0.163105,0.71785,-0.688487,0.0640248,0.0811
19.6807,0.0217796,0.00168033,0.163105,0.71785,-0.688487,0.0640248,0.0811
19.6856,0.0217796,0.00168033,0.163105,0.71785,-0.688487,0.0640248,0.0811
19.6906,0.0217796,0.00168033,0.163105,0.71785,-0.688487,0.0640248,0.0811
19.6957,0.0217796,0.00168033,0.163105,0.71785,-0.688487,0.0640248,0.0811
19.7006,0.0217796,0.00168033,0.163105,0.717408,-0.688948,0.0640066,0.0811087
19.7056,0.0217796,0.00168033,0.163105,0.717408,-0.688948,0.0640066,0.0811087
19.7107,0.0217796,0.00168033,0.163105,0.71741,-0.688925,0.063603,0.0816038
19.7156,0.0217796,0.00168033,0.163105,0.71741,-0.688925,0.063603,0.0816038
19.7207,0.0217796,0.00168033,0.163105,0.71741,-0.688925,0.063603,0.0816038
19.7256,0.0217864,0.0016283,0.16309,0.71741,-0.688925,0.063603,0.0816038
19.7306,0.0217864,0.0016283,0.16309,0.716968,-0.689386,0.0635845,0.0816122
19.7357,0.0217864,0.0016283,0.16309,0.716968,-0.689386,0.0635845,0.0816122
19.7406,0.0217864,0.0016283,0.16309,0.716968,-0.689386,0.0635845,0.0816122
19.7457,0.0217864,0.0016283,0.16309,0.716968,-0.689386,0.0635845,0.0816122
19.7507,0.0217864,0.0016283,0.16309,0.716968,-0.689386,0.0635845,0.0816122
19.7557,0.0217864,0.0016283,0.16309,0.716968,-0.689386,0.0635845,0.0816122
19.7607,0.0217864,0.0016283,0.16309,0.716968,-0.689386,0.0635845,0.0816122
19.7656,0.0217864,0.0016283,0.16309,0.716968,-0.689386,0.0635845,0.0816122
19.7707,0.0217932,0.00157627,0.163076,0.716968,-0.689386,0.0635845,0.0816122
19.7756,0.0217932,0.00157627,0.163076,0.716968,-0.689386,0.0635845,0.0816122
19.7807,0.0217932,0.00157627,0.163076,0.716968,-0.689386,0.0635845,0.0816122
19.7856,0.0217932,0.00157627,0.163076,0.716968,-0.689386,0.0635845,0.0816122
19.7906,0.0217932,0.00157627,0.163076,0.716525,-0.689847,0.0635659,0.0816205
19.7957,0.0217932,0.00157627,0.163076,0.716968,-0.689386,0.0635845,0.0816122
19.8006,0.0217932,0.00157627,0.163076,0.716525,-0.689847,0.0635659,0.0816205
19.8056,0.0217932,0.00157627,0.163076,0.716525,-0.689847,0.0635659,0.0816205
19.8106,0.0217932,0.00157627,0.163076,0.716527,-0.689823,0.0631617,0.0821151
19.8157,0.0217932,0.00157627,0.163076,0.716525,-0.689847,0.0635659,0.0816205
19.8207,0.0218,0.00152425,0.163061,0.716527,-0.689823,0.0631617,0.0821151
19.8256,0.0218,0.00152425,0.163061,0.716525,-0.689847,0.0635659,0.0816205
19.8307,0.0218,0.00152425,0.163061,0.716527,-0.689823,0.0631617,0.0821151
19.8357,0.0218068,0.00147223,0.163047,0.716527,-0.689823,0.0631617,0.0821151
19.8406,0.0218136,0.00142022,0.163033,0.716527,-0.689823,0.0631617,0.0821151
19.8456,0.0218136,0.00142022,0.163033,0.716527,-0.689823,0.0631617,0.0821151
19.8507,0.0218204,0.00136821,0.163018,0.716529,-0.6898,0.0627575,0.0826097
19.8556,0.0218272,0.00131621,0.163004,0.716529,-0.6898,0.0627575,0.0826097
19.8608,0.021834,0.00126422,0.162989,0.716529,-0.6898,0.0627575,0.0826097
19.8657,0.021834,0.00126422,0.162989,0.716529,-0.6898,0.0627575,0.0826097
19.8706,0.0218407,0.00121223,0.162975,0.716973,-0.689315,0.0623727,0.0830966
19.8756,0.0218407,0.00121223,0.162975,0.716973,-0.689315,0.0623727,0.0830966
19.8806,0.0218475,0.00116025,0.16296,0.716973,-0.689315,0.0623727,0.0830966
19.8856,0.0218475,0.00116025,0.16296,0.716973,-0.689315,0.0623727,0.0830966
19.8906,0.0218475,0.00116025,0.16296,0.717415,-0.688854,0.0623922,0.083089
19.8956,0.0218475,0.00116025,0.16296,0.717416,-0.688829,0.0619886,0.083584
19.9007,0.0218475,0.00116025,0.16296,0.717416,-0.688829,0.0619886,0.083584
19.9056,0.0218481,0.00115576,0.162906,0.717557,-0.688683,0.0619899,0.0835776
19.9107,0.0218549,0.00110378,0.162891,0.717557,-0.688683,0.0619899,0.0835776
19.9156,0.0218549,0.00110378,0.162891,0.717557,-0.688683,0.0619899,0.0835776
19.9206,0.0218555,0.00109932,0.162837,0.717698,-0.688536,0.0619912,0.0835712
19.9256,0.0218555,0.00109932,0.162837,0.717698,-0.688536,0.0619912,0.0835712
19.9307,0.0218555,0.00109932,0.162837,0.717698,-0.688536,0.0619912,0.0835712
19.9357,0.0218623,0.00104735,0.162822,0.717699,-0.688511,0.0615873,0.084066
19.9406,0.0218629,0.0010429,0.162768,0.717398,-0.688826,0.0615684,0.0840666
19.9461,0.0218629,0.0010429,0.162768,0.717398,-0.688826,0.0615684,0.0840666
19.9507,0.0218629,0.0010429,0.162768,0.717398,-0.688826,0.0615684,0.0840666
19.9557,0.0218697,0.000990937,0.162754,0.717398,-0.688826,0.0615684,0.0840666
19.9607,0.0218697,0.000990937,0.162754,0.717399,-0.688801,0.0611641,0.084561
19.9657,0.0218697,0.000990937,0.162754,0.717399,-0.688801,0.0611641,0.084561
19.9706,0.0218697,0.000990937,0.162754,0.717399,-0.688801,0.0611641,0.084561
19.9756,0.0218697,0.000990937,0.162754,0.717399,-0.688776,0.0607597,0.0850554
19.9807,0.0218697,0.000990937,0.162754,0.716957,-0.689237,0.060739,0.085062
19.9856,0.0218697,0.000990937,0.162754,0.716957,-0.689212,0.0603343,0.0855561
19.9906,0.0218697,0.000990937,0.162754,0.716957,-0.689212,0.0603343,0.0855561
19.9956,0.0218765,0.000938979,0.162739,0.716957,-0.689212,0.0603343,0.0855561
20.0006,0.0218765,0.000938979,0.162739,0.716459,-0.689609,0.060349,0.0865142
20.0057,0.0218765,0.000938979,0.162739,0.716514,-0.689647,0.0599082,0.0860562
20.0107,0.0218765,0.000938979,0.162739,0.716514,-0.689647,0.0599082,0.0860562
20.0157,0.0218765,0.000938979,0.162739,0.716071,-0.690082,0.0594814,0.0865557
20.0206,0.0218765,0.000938979,0.162739,0.716071,-0.690082,0.0594814,0.0865557
20.0257,0.0218832,0.000887026,0.162724,0.71607,-0.690056,0.059076,0.0870492
20.0307,0.0218832,0.000887026,0.162724,0.71607,-0.690056,0.059076,0.0870492
20.0356,0.0218832,0.000887026,0.162724,0.715627,-0.690516,0.0590539,0.0870547
20.0406,0.0218832,0.000887026,0.162724,0.715626,-0.69049,0.0586482,0.0875478
20.0457,0.02189,0.000835079,0.16271,0.715626,-0.69049,0.0586482,0.0875478
20.0506,0.02189,0.000835079,0.16271,0.715183,-0.69095,0.0586258,0.087553
20.0556,0.02189,0.000835079,0.16271,0.715181,-0.690923,0.0582197,0.0880459
20.0607,0.0218968,0.000783138,0.162695,0.715181,-0.690923,0.0582197,0.0880459
20.0657,0.0218968,0.000783138,0.162695,0.715181,-0.690923,0.0582197,0.0880459
20.0707,0.0218968,0.000783138,0.162695,0.714738,-0.691383,0.058197,0.0880508
20.0757,0.0218968,0.000783138,0.162695,0.714736,-0.691356,0.0577906,0.0885434
20.0806,0.0219036,0.000731204,0.16268,0.714736,-0.691356,0.0577906,0.0885434
20.0856,0.0219036,0.000731204,0.16268,0.714736,-0.691356,0.0577906,0.0885434
20.0906,0.0219036,0.000731204,0.16268,0.714292,-0.691815,0.0577675,0.088548
20.0957,0.0219036,0.000731204,0.16268,0.714292,-0.691815,0.0577675,0.088548
20.1007,0.0219036,0.000731204,0.16268,0.71429,-0.691788,0.0573607,0.0890403
20.1056,0.0219036,0.000731204,0.16268,0.71429,-0.691788,0.0573607,0.0890403
20.1107,0.0219036,0.000731204,0.16268,0.71429,-0.691788,0.0573607,0.0890403
20.1157,0.0219104,0.000679275,0.162665,0.713847,-0.692247,0.0573373,0.0890445
20.1207,0.0219104,0.000679275,0.162665,0.713847,-0.692247,0.0573373,0.0890445
20.1257,0.0219104,0.000679275,0.162665,0.713847,-0.692247,0.0573373,0.0890445
20.1307,0.0219104,0.000679275,0.162665,0.7134,-0.692679,0.0569064,0.0895405
20.1357,0.0219172,0.000627352,0.162651,0.713402,-0.692707,0.0573138,0.0890487
20.1407,0.0219172,0.000627352,0.162651,0.7134,-0.692679,0.0569064,0.0895405
20.1457,0.0219172,0.000627352,0.162651,0.713402,-0.692707,0.0573138,0.0890487
20.1507,0.0219172,0.000627352,0.162651,0.7134,-0.692679,0.0569064,0.0895405
20.1557,0.0219172,0.000627352,0.162651,0.712956,-0.693138,0.0568826,0.0895444
20.1607,0.0219172,0.000627352,0.162651,0.712956,-0.693138,0.0568826,0.0895444
20.1657,0.021924,0.000575435,0.162636,0.712956,-0.693138,0.0568826,0.0895444
20.1706,0.021924,0.000575435,0.162636,0.712956,-0.693138,0.0568826,0.0895444
20.1757,0.0219929,0.000584464,0.162636,0.712497,-0.69355,0.0565973,0.0901821
20.1807,0.0219929,0.000584464,0.162636,0.712497,-0.69355,0.0565973,0.0901821
20.1857,0.0219929,0.000584464,0.162636,0.712497,-0.69355,0.0565973,0.0901821
20.1907,0.0219929,0.000584464,0.162636,0.712497,-0.69355,0.0565973,0.0901821
20.1957,0.0219929,0.000584464,0.162636,0.712052,-0.694008,0.056573,0.0901858
20.2007,0.0219929,0.000584464,0.162636,0.712052,-0.694008,0.056573,0.0901858
20.2057,0.0219929,0.000584464,0.162636,0.712052,-0.694008,0.056573,0.0901858
20.2106,0.0219929,0.000584464,0.162636,0.712052,-0.694008,0.056573,0.0901858
20.2157,0.0219935,0.000580042,0.162582,0.711747,-0.694293,0.0561401,0.0906726
20.2207,0.0219935,0.000580042,0.162582,0.711747,-0.694293,0.0561401,0.0906726
20.2257,0.0220003,0.000528134,0.162567,0.711747,-0.694293,0.0561401,0.0906726
20.2307,0.0220003,0.000528134,0.162567,0.711747,-0.694293,0.0561401,0.0906726
20.2357,0.0220003,0.000528134,0.162567,0.711747,-0.694293,0.0561401,0.0906726
20.2406,0.0220003,0.000528134,0.162567,0.711747,-0.694293,0.0561401,0.0906726
20.2457,0.0220003,0.000528134,0.162567,0.711747,-0.694293,0.0561401,0.0906726
20.2507,0.0220762,0.000485295,0.162552,0.711736,-0.694274,0.0562865,0.0908154
20.2557,0.0220762,0.000485295,0.162552,0.711736,-0.694274,0.0562865,0.0908154
20.2607,0.0220762,0.000485295,0.162552,0.71129,-0.694732,0.0562618,0.0908188
20.2657,0.0220762,0.000485295,0.162552,0.71129,-0.694732,0.0562618,0.0908188
20.2707,0.0220762,0.000485295,0.162552,0.71129,-0.694732,0.0562618,0.0908188
20.2757,0.0220762,0.000485295,0.162552,0.71129,-0.694732,0.0562618,0.0908188
20.2807,0.0221452,0.000494387,0.162552,0.711279,-0.694714,0.056408,0.0909616
20.2857,0.022152,0.000442497,0.162537,0.711279,-0.694714,0.056408,0.0909616
20.2907,0.022152,0.000442497,0.162537,0.711279,-0.694714,0.056408,0.0909616
20.2957,0.022152,0.000442497,0.162537,0.711279,-0.694714,0.056408,0.0909616
20.3007,0.022152,0.000442497,0.162537,0.711279,-0.694714,0.056408,0.0909616
20.3056,0.0222217,0.00044722,0.162483,0.71141,-0.69455,0.0565544,0.0910969
20.3107,0.0222217,0.00044722,0.162483,0.71141,-0.69455,0.0565544,0.0910969
20.3156,0.0222285,0.000395339,0.162468,0.71141,-0.69455,0.0565544,0.0910969
20.3206,0.0222285,0.000395339,0.162468,0.71141,-0.69455,0.0565544,0.0910969
20.3257,0.0222285,0.000395339,0.162468,0.71141,-0.69455,0.0565544,0.0910969
20.3307,0.0222976,0.000404493,0.162468,0.711398,-0.694531,0.0567007,0.0912397
20.3357,0.0222976,0.000404493,0.162468,0.711398,-0.694531,0.0567007,0.0912397
20.3406,0.0222976,0.000404493,0.162468,0.711398,-0.694531,0.0567007,0.0912397
20.3457,0.0222976,0.000404493,0.162468,0.711398,-0.694531,0.0567007,0.0912397
20.3506,0.0222976,0.000404493,0.162468,0.710953,-0.694988,0.0566757,0.0912434
20.3556,0.0222976,0.000404493,0.162468,0.710953,-0.694988,0.0566757,0.0912434
20.3607,0.0223045,0.00035262,0.162453,0.710953,-0.694988,0.0566757,0.0912434
20.3657,0.0223045,0.00035262,0.162453,0.710953,-0.694988,0.0566757,0.0912434
20.3706,0.0223045,0.00035262,0.162453,0.710953,-0.694988,0.0566757,0.0912434
20.3756,0.0223114,0.000300754,0.162438,0.710953,-0.694988,0.0566757,0.0912434
20.3807,0.0223114,0.000300754,0.162438,0.710953,-0.694988,0.0566757,0.0912434
20.3858,0.0223114,0.000300754,0.162438,0.710953,-0.694988,0.0566757,0.0912434
20.3907,0.0223114,0.000300754,0.162438,0.710953,-0.694988,0.0566757,0.0912434
20.3957,0.0223114,0.000300754,0.162438,0.710953,-0.694988,0.0566757,0.0912434
20.4007,0.0223182,0.000248893,0.162423,0.710953,-0.694988,0.0566757,0.0912434
20.4057,0.0223874,0.000258084,0.162423,0.710941,-0.69497,0.0568219,0.0913863
20.4107,0.0223874,0.000258084,0.162423,0.710941,-0.69497,0.0568219,0.0913863
20.4156,0.0223874,0.000258084,0.162423,0.710941,-0.69497,0.0568219,0.0913863
20.4206,0.0223874,0.000258084,0.162423,0.710941,-0.69497,0.0568219,0.0913863
20.4257,0.0223879,0.000253707,0.162369,0.711084,-0.694825,0.0568221,0.0913787
20.4307,0.0223949,0.000201855,0.162354,0.711084,-0.694825,0.0568221,0.0913787
20.4357,0.0223949,0.000201855,0.162354,0.711084,-0.694825,0.0568221,0.0913787
20.4406,0.022464,0.000211078,0.162354,0.711072,-0.694806,0.0569683,0.0915215
20.4457,0.022464,0.000211078,0.162354,0.711072,-0.694806,0.0569683,0.0915215
20.4507,0.022464,0.000211078,0.162354,0.711072,-0.694806,0.0569683,0.0915215
20.4556,0.0224715,0.00015488,0.162285,0.711215,-0.694661,0.0569686,0.0915138
20.4607,0.0225407,0.000164135,0.162285,0.711203,-0.694642,0.0571148,0.0916567
20.4657,0.0225476,0.000112301,0.16227,0.711203,-0.694642,0.0571148,0.0916567
20.4707,0.0225476,0.000112301,0.16227,0.711203,-0.694642,0.0571148,0.0916567
20.4757,0.0226168,0.000121586,0.16227,0.711191,-0.694623,0.057261,0.0917995
20.4807,0.0226243,6.54284e-05,0.162201,0.711334,-0.694478,0.0572613,0.0917917
20.4856,0.0226243,6.54284e-05,0.162201,0.711334,-0.694478,0.0572613,0.0917917
20.4907,0.0227005,2.29297e-05,0.162186,0.711322,-0.694459,0.0574076,0.0919345
20.4957,0.0227005,2.29297e-05,0.162186,0.711322,-0.694459,0.0574076,0.0919345
20.5006,0.0227005,2.29297e-05,0.162186,0.711322,-0.694459,0.0574076,0.0919345
20.5057,0.0227767,-1.95288e-05,0.162171,0.71131,-0.69444,0.0575538,0.0920773
20.5107,0.0227838,-7.13298e-05,0.162156,0.710865,-0.694898,0.0575283,0.0920816
20.5157,0.0227838,-7.13298e-05,0.162156,0.710865,-0.694898,0.0575283,0.0920816
20.5206,0.0227908,-0.000123125,0.16214,0.710865,-0.694898,0.0575283,0.0920816
20.5257,0.0227908,-0.000123125,0.16214,0.710865,-0.694898,0.0575283,0.0920816
20.5307,0.0228671,-0.000165525,0.162125,0.710853,-0.694879,0.0576745,0.0922244
20.5357,0.0228671,-0.000165525,0.162125,0.710853,-0.694879,0.0576745,0.0922244
20.5407,0.0228671,-0.000165525,0.162125,0.710853,-0.694879,0.0576745,0.0922244
20.5457,0.0228741,-0.000217305,0.16211,0.710853,-0.694879,0.0576745,0.0922244
20.5506,0.0228741,-0.000217305,0.16211,0.710853,-0.694879,0.0576745,0.0922244
20.5557,0.0228811,-0.000269078,0.162095,0.710853,-0.694879,0.0576745,0.0922244
20.5607,0.0228811,-0.000269078,0.162095,0.710853,-0.694879,0.0576745,0.0922244
20.5657,0.0228811,-0.000269078,0.162095,0.710853,-0.694879,0.0576745,0.0922244
20.5707,0.0229581,-0.00031573,0.162026,0.710984,-0.694715,0.0578211,0.0923594
20.5757,0.0229581,-0.00031573,0.162026,0.710984,-0.694715,0.0578211,0.0923594
20.5807,0.0229581,-0.00031573,0.162026,0.710984,-0.694715,0.0578211,0.0923594
20.5857,0.0229651,-0.000367488,0.16201,0.710984,-0.694715,0.0578211,0.0923594
20.5907,0.0229651,-0.000367488,0.16201,0.710984,-0.694715,0.0578211,0.0923594
20.5957,0.0229651,-0.000367488,0.16201,0.710984,-0.694715,0.0578211,0.0923594
20.6007,0.0229651,-0.000367488,0.16201,0.710984,-0.694715,0.0578211,0.0923594
20.6057,0.0229722,-0.000419241,0.161995,0.710984,-0.694715,0.0578211,0.0923594
20.6107,0.0229722,-0.000419241,0.161995,0.710984,-0.694715,0.0578211,0.0923594
20.6157,0.0230486,-0.000461524,0.16198,0.710972,-0.694696,0.0579672,0.0925022
20.6207,0.0230492,-0.000465811,0.161926,0.711115,-0.69455,0.0579677,0.0924944
20.6257,0.0230563,-0.000517549,0.16191,0.711115,-0.69455,0.0579677,0.0924944
20.6307,0.0230563,-0.000517549,0.16191,0.711115,-0.69455,0.0579677,0.0924944
20.6357,0.0230633,-0.000569279,0.161895,0.711115,-0.69455,0.0579677,0.0924944
20.6407,0.0230633,-0.000569279,0.161895,0.711115,-0.69455,0.0579677,0.0924944
20.6457,0.0230704,-0.000621004,0.16188,0.711115,-0.69455,0.0579677,0.0924944
20.6507,0.0230704,-0.000621004,0.16188,0.711115,-0.69455,0.0579677,0.0924944
20.6557,0.0230775,-0.000672723,0.161864,0.711115,-0.69455,0.0579677,0.0924944
20.6607,0.0230775,-0.000672723,0.161864,0.711115,-0.69455,0.0579677,0.0924944
20.6657,0.023147,-0.000663219,0.161864,0.711103,-0.694531,0.0581139,0.0926372
20.6707,0.023147,-0.000663219,0.161864,0.711103,-0.694531,0.0581139,0.0926372
20.6757,0.023154,-0.000714928,0.161849,0.711103,-0.694531,0.0581139,0.0926372
20.6807,0.023154,-0.000714928,0.161849,0.711103,-0.694531,0.0581139,0.0926372
20.6857,0.023154,-0.000714928,0.161849,0.711103,-0.694531,0.0581139,0.0926372
20.6907,0.023154,-0.000714928,0.161849,0.711044,-0.694494,0.0585578,0.0930917
20.6957,0.0231611,-0.000766631,0.161834,0.710657,-0.694989,0.058088,0.0926418
20.7007,0.0231611,-0.000766631,0.161834,0.711103,-0.694531,0.0581139,0.0926372
20.7057,0.0231617,-0.000770897,0.161779,0.7108,-0.694844,0.0580886,0.0926338
20.7107,0.0231617,-0.000770897,0.161779,0.7108,-0.694844,0.0580886,0.0926338
20.7157,0.0231688,-0.000822594,0.161764,0.7108,-0.694844,0.0580886,0.0926338
20.7207,0.0231688,-0.000822594,0.161764,0.7108,-0.694844,0.0580886,0.0926338
20.7257,0.0231688,-0.000822594,0.161764,0.7108,-0.694844,0.0580886,0.0926338
20.7307,0.0232455,-0.00086474,0.161749,0.710788,-0.694825,0.0582347,0.0927767
20.7357,0.0232455,-0.00086474,0.161749,0.710729,-0.694787,0.0586788,0.093231
20.7407,0.023246,-0.000868984,0.161694,0.710931,-0.69468,0.0582352,0.0927687
20.7457,0.023246,-0.000868984,0.161694,0.710931,-0.69468,0.0582352,0.0927687
20.7507,0.023246,-0.000868984,0.161694,0.710931,-0.69468,0.0582352,0.0927687
20.7556,0.0232531,-0.000920666,0.161679,0.710931,-0.69468,0.0582352,0.0927687
20.7607,0.0232531,-0.000920666,0.161679,0.710931,-0.69468,0.0582352,0.0927687
20.7657,0.0232531,-0.000920666,0.161679,0.710931,-0.69468,0.0582352,0.0927687
20.7707,0.0232602,-0.000972341,0.161663,0.710931,-0.69468,0.0582352,0.0927687
20.7756,0.0232602,-0.000972341,0.161663,0.710485,-0.695137,0.0582093,0.0927734
20.7807,0.0232602,-0.000972341,0.161663,0.710931,-0.69468,0.0582352,0.0927687
20.7857,0.0232673,-0.00102401,0.161648,0.710931,-0.69468,0.0582352,0.0927687
20.7907,0.0232673,-0.00102401,0.161648,0.710931,-0.69468,0.0582352,0.0927687
20.7957,0.0232744,-0.00107567,0.161632,0.710931,-0.69468,0.0582352,0.0927687
20.8007,0.0232744,-0.00107567,0.161632,0.710485,-0.695137,0.0582093,0.0927734
20.8057,0.0233441,-0.00106609,0.161632,0.710919,-0.694661,0.0583814,0.0929116
20.8107,0.0233441,-0.00106609,0.161632,0.710919,-0.694661,0.0583814,0.0929116
20.8157,0.0233512,-0.00111774,0.161617,0.710473,-0.695118,0.0583553,0.0929163
20.8207,0.0233512,-0.00111774,0.161617,0.710473,-0.695118,0.0583553,0.0929163
20.8256,0.0233512,-0.00111774,0.161617,0.710473,-0.695118,0.0583553,0.0929163
20.8307,0.0233518,-0.00112196,0.161563,0.710616,-0.694973,0.0583559,0.0929084
20.8357,0.0234286,-0.00116399,0.161547,0.710604,-0.694954,0.058502,0.0930512
20.8407,0.0234286,-0.00116399,0.161547,0.710604,-0.694954,0.058502,0.0930512
20.8457,0.0234358,-0.00121563,0.161532,0.710604,-0.694954,0.058502,0.0930512
20.8507,0.0234358,-0.00121563,0.161532,0.710604,-0.694954,0.058502,0.0930512
20.8557,0.0234429,-0.00126726,0.161516,0.710604,-0.694954,0.058502,0.0930512
20.8607,0.0234429,-0.00126726,0.161516,0.710604,-0.694954,0.058502,0.0930512
20.8657,0.02345,-0.00131889,0.1615,0.710604,-0.694954,0.058502,0.0930512
20.8707,0.02345,-0.00131889,0.1615,0.710604,-0.694954,0.058502,0.0930512
20.8757,0.02345,-0.00131889,0.1615,0.710604,-0.694954,0.058502,0.0930512
20.8807,0.0234572,-0.0013705,0.161485,0.710604,-0.694954,0.058502,0.0930512
20.8857,0.0235269,-0.00136084,0.161485,0.710592,-0.694935,0.0586481,0.0931941
20.8907,0.0235269,-0.00136084,0.161485,0.710592,-0.694935,0.0586481,0.0931941
20.8957,0.0235341,-0.00141245,0.161469,0.710592,-0.694935,0.0586481,0.0931941
20.9007,0.0235341,-0.00141245,0.161469,0.710592,-0.694935,0.0586481,0.0931941
20.9057,0.0235341,-0.00141245,0.161469,0.710592,-0.694935,0.0586481,0.0931941
20.9107,0.0235413,-0.00146406,0.161453,0.710592,-0.694935,0.0586481,0.0931941
20.9156,0.0235413,-0.00146406,0.161453,0.710592,-0.694935,0.0586481,0.0931941
20.9206,0.0235413,-0.00146406,0.161453,0.710592,-0.694935,0.0586481,0.0931941
20.9257,0.0235484,-0.00151565,0.161438,0.710592,-0.694935,0.0586481,0.0931941
20.9307,0.0235484,-0.00151565,0.161438,0.710592,-0.694935,0.0586481,0.0931941
20.9357,0.0235556,-0.00156725,0.161422,0.710592,-0.694935,0.0586481,0.0931941
20.9407,0.0235561,-0.00157144,0.161368,0.710735,-0.69479,0.0586487,0.0931861
20.9457,0.0235633,-0.00162303,0.161352,0.710735,-0.69479,0.0586487,0.0931861
20.9507,0.0235633,-0.00162303,0.161352,0.710735,-0.69479,0.0586487,0.0931861
20.9557,0.0235704,-0.00167461,0.161336,0.710735,-0.69479,0.0586487,0.0931861
20.9607,0.0235704,-0.00167461,0.161336,0.710794,-0.694827,0.0582046,0.0927318
20.9657,0.0236404,-0.0016649,0.161336,0.710723,-0.69477,0.0587949,0.0933289
20.9708,0.0236475,-0.00171647,0.16132,0.710723,-0.69477,0.0587949,0.0933289
20.9757,0.0236475,-0.00171647,0.16132,0.710782,-0.694808,0.0583508,0.0928746
20.9807,0.0236547,-0.00176803,0.161304,0.710782,-0.694808,0.0583508,0.0928746
20.9856,0.0236547,-0.00176803,0.161304,0.710782,-0.694808,0.0583508,0.0928746
20.9907,0.0236547,-0.00176803,0.161304,0.710782,-0.694808,0.0583508,0.0928746
20.9957,0.0237318,-0.00180984,0.161289,0.71077,-0.694789,0.0584969,0.0930175
21.0008,0.0237318,-0.00180984,0.161289,0.71077,-0.694789,0.0584969,0.0930175
21.0057,0.0237318,-0.00180984,0.161289,0.71077,-0.694789,0.0584969,0.0930175
21.0107,0.023739,-0.00186139,0.161273,0.71077,-0.694789,0.0584969,0.0930175
21.0157,0.023809,-0.00185161,0.161273,0.710759,-0.6948,0.0590544,0.092672
21.0207,0.023809,-0.00185161,0.161273,0.710759,-0.6948,0.0590544,0.092672
21.0257,0.0238162,-0.00190315,0.161257,0.710759,-0.6948,0.0590544,0.092672
21.0307,0.0238162,-0.00190315,0.161257,0.710759,-0.6948,0.0590544,0.092672
21.0357,0.0238162,-0.00190315,0.161257,0.710759,-0.6948,0.0590544,0.092672
21.0407,0.0238162,-0.00190315,0.161257,0.710759,-0.6948,0.0590544,0.092672
21.0457,0.0238162,-0.00190315,0.161257,0.710759,-0.6948,0.0590544,0.092672
21.0507,0.0238234,-0.00195468,0.161241,0.710759,-0.6948,0.0590544,0.092672
21.0557,0.0238234,-0.00195468,0.161241,0.710759,-0.6948,0.0590544,0.092672
21.0607,0.0238234,-0.00195468,0.161241,0.710759,-0.6948,0.0590544,0.092672
21.0657,0.0238234,-0.00195468,0.161241,0.710759,-0.6948,0.0590544,0.092672
21.0707,0.0238935,-0.00194487,0.161241,0.710746,-0.694781,0.0592005,0.0928149
21.0757,0.0238935,-0.00194487,0.161241,0.710746,-0.694781,0.0592005,0.0928149
21.0807,0.0238935,-0.00194487,0.161241,0.710746,-0.694781,0.0592005,0.0928149
21.0857,0.0238935,-0.00194487,0.161241,0.710746,-0.694781,0.0592005,0.0928149
21.0907,0.0238935,-0.00194487,0.161241,0.710746,-0.694781,0.0592005,0.0928149
21.0958,0.0239007,-0.00199639,0.161225,0.710806,-0.694818,0.0587564,0.0923605
21.1007,0.0239007,-0.00199639,0.161225,0.710746,-0.694781,0.0592005,0.0928149
21.1057,0.0239007,-0.00199639,0.161225,0.710746,-0.694781,0.0592005,0.0928149
21.1107,0.0239007,-0.00199639,0.161225,0.710746,-0.694781,0.0592005,0.0928149
21.1157,0.0239007,-0.00199639,0.161225,0.710746,-0.694781,0.0592005,0.0928149
21.1207,0.0239007,-0.00199639,0.161225,0.710746,-0.694781,0.0592005,0.0928149
21.1257,0.0239007,-0.00199639,0.161225,0.710806,-0.694818,0.0587564,0.0923605
21.1307,0.0239007,-0.00199639,0.161225,0.710806,-0.694818,0.0587564,0.0923605
21.1357,0.0239007,-0.00199639,0.161225,0.710806,-0.694818,0.0587564,0.0923605
21.1407,0.0239007,-0.00199639,0.161225,0.710806,-0.694818,0.0587564,0.0923605
21.1457,0.0239007,-0.00199639,0.161225,0.710746,-0.694781,0.0592005,0.0928149
21.1507,0.0239079,-0.00204791,0.161209,0.710806,-0.694818,0.0587564,0.0923605
21.1557,0.0239079,-0.00204791,0.161209,0.710806,-0.694818,0.0587564,0.0923605
21.1607,0.0239079,-0.00204791,0.161209,0.710746,-0.694781,0.0592005,0.0928149
21.1657,0.0239079,-0.00204791,0.161209,0.710806,-0.694818,0.0587564,0.0923605
21.1707,0.0239079,-0.00204791,0.161209,0.710806,-0.694818,0.0587564,0.0923605
21.1757,0.0239079,-0.00204791,0.161209,0.710806,-0.694818,0.0587564,0.0923605
21.1807,0.0239079,-0.00204791,0.161209,0.710806,-0.694818,0.0587564,0.0923605
21.1857,0.0239085,-0.00205208,0.161155,0.710948,-0.694673,0.0587574,0.0923523
21.1907,0.0239085,-0.00205208,0.161155,0.710948,-0.694673,0.0587574,0.0923523
21.1957,0.0239157,-0.00210359,0.161139,0.710948,-0.694673,0.0587574,0.0923523
21.2007,0.0239157,-0.00210359,0.161139,0.710889,-0.694636,0.0592014,0.0928067
21.2057,0.0239157,-0.00210359,0.161139,0.710948,-0.694673,0.0587574,0.0923523
21.2108,0.0239157,-0.00210359,0.161139,0.710948,-0.694673,0.0587574,0.0923523
21.2157,0.0239157,-0.00210359,0.161139,0.710948,-0.694673,0.0587574,0.0923523
21.2207,0.0239931,-0.00214524,0.161123,0.710877,-0.694617,0.0593476,0.0929495
21.2257,0.0239931,-0.00214524,0.161123,0.710877,-0.694617,0.0593476,0.0929495
21.2307,0.0239931,-0.00214524,0.161123,0.710936,-0.694654,0.0589036,0.0924951
21.2357,0.0239931,-0.00214524,0.161123,0.710877,-0.694617,0.0593476,0.0929495
21.2407,0.0240003,-0.00219674,0.161107,0.710431,-0.695074,0.0593209,0.0929555
21.2457,0.0240076,-0.00224822,0.161091,0.710491,-0.695112,0.0588766,0.0925012
21.2507,0.0240076,-0.00224822,0.161091,0.710431,-0.695074,0.0593209,0.0929555
21.2556,0.0240076,-0.00224822,0.161091,0.710491,-0.695112,0.0588766,0.0925012
21.2608,0.0240148,-0.0022997,0.161075,0.710491,-0.695112,0.0588766,0.0925012
21.2657,0.0240148,-0.0022997,0.161075,0.710431,-0.695074,0.0593209,0.0929555
21.2708,0.0240148,-0.0022997,0.161075,0.710491,-0.695112,0.0588766,0.0925012
21.2756,0.0240922,-0.00234128,0.161059,0.710419,-0.695055,0.059467,0.0930984
21.2807,0.0240922,-0.00234128,0.161059,0.710419,-0.695055,0.059467,0.0930984
21.2857,0.0240922,-0.00234128,0.161059,0.710478,-0.695093,0.0590227,0.0926443
21.2907,0.0240922,-0.00234128,0.161059,0.710419,-0.695055,0.059467,0.0930984
21.2957,0.0240995,-0.00239275,0.161043,0.710478,-0.695093,0.0590227,0.0926443
21.3007,0.0240995,-0.00239275,0.161043,0.710419,-0.695055,0.059467,0.0930984
21.3057,0.0241068,-0.0024442,0.161027,0.710419,-0.695055,0.059467,0.0930984
21.3107,0.024177,-0.00243428,0.161027,0.710407,-0.695036,0.059613,0.0932413
21.3157,0.024177,-0.00243428,0.161027,0.710407,-0.695036,0.059613,0.0932413
21.3207,0.0241843,-0.00248572,0.16101,0.710407,-0.695036,0.059613,0.0932413
21.3257,0.0241849,-0.00248988,0.160956,0.71055,-0.694891,0.0596141,0.093233
21.3307,0.0241849,-0.00248988,0.160956,0.71055,-0.694891,0.0596141,0.093233
21.3357,0.0241849,-0.00248988,0.160956,0.71055,-0.694891,0.0596141,0.093233
21.3407,0.0241921,-0.00254132,0.16094,0.71055,-0.694891,0.0596141,0.093233
21.3457,0.0241921,-0.00254132,0.16094,0.71055,-0.694891,0.0596141,0.093233
21.3507,0.0241921,-0.00254132,0.16094,0.71055,-0.694891,0.0596141,0.093233
21.3557,0.0241994,-0.00259275,0.160924,0.710104,-0.695348,0.0595872,0.0932391
21.3607,0.0242697,-0.00258279,0.160924,0.710537,-0.694871,0.0597602,0.093376
21.3657,0.0242697,-0.00258279,0.160924,0.710537,-0.694871,0.0597602,0.093376
21.3707,0.024277,-0.00263421,0.160908,0.710092,-0.695329,0.0597332,0.093382
21.3757,0.024277,-0.00263421,0.160908,0.710537,-0.694871,0.0597602,0.093376
21.3807,0.024277,-0.00263421,0.160908,0.710537,-0.694871,0.0597602,0.093376
21.3857,0.0242843,-0.00268563,0.160891,0.710537,-0.694871,0.0597602,0.093376
21.3907,0.0242843,-0.00268563,0.160891,0.710092,-0.695329,0.0597332,0.093382
21.3958,0.0242916,-0.00273704,0.160875,0.710092,-0.695329,0.0597332,0.093382
21.4007,0.0242916,-0.00273704,0.160875,0.710092,-0.695329,0.0597332,0.093382
21.4057,0.0242916,-0.00273704,0.160875,0.710092,-0.695329,0.0597332,0.093382
21.4108,0.0242995,-0.00279258,0.160805,0.710234,-0.695184,0.0597343,0.0933738
21.4157,0.0243068,-0.00284398,0.160788,0.710234,-0.695184,0.0597343,0.0933738
21.4207,0.0243068,-0.00284398,0.160788,0.710234,-0.695184,0.0597343,0.0933738
21.4257,0.0243141,-0.00289537,0.160772,0.710234,-0.695184,0.0597343,0.0933738
21.4307,0.0243141,-0.00289537,0.160772,0.710234,-0.695184,0.0597343,0.0933738
21.4358,0.0243214,-0.00294676,0.160756,0.710234,-0.695184,0.0597343,0.0933738
21.4406,0.0243214,-0.00294676,0.160756,0.710234,-0.695184,0.0597343,0.0933738
21.4457,0.0243214,-0.00294676,0.160756,0.710234,-0.695184,0.0597343,0.0933738
21.4507,0.0243287,-0.00299813,0.160739,0.710234,-0.695184,0.0597343,0.0933738
21.4557,0.0244065,-0.00303949,0.160723,0.710282,-0.695202,0.0594359,0.0930627
21.4608,0.024407,-0.00304359,0.160669,0.710365,-0.695019,0.0598814,0.0935084
21.4657,0.0244144,-0.00309496,0.160652,0.710365,-0.695019,0.0598814,0.0935084
21.4707,0.0244144,-0.00309496,0.160652,0.710365,-0.695019,0.0598814,0.0935084
21.4757,0.0244217,-0.00314631,0.160636,0.710365,-0.695019,0.0598814,0.0935084
21.4807,0.0244217,-0.00314631,0.160636,0.710365,-0.695019,0.0598814,0.0935084
21.4857,0.0244995,-0.0031876,0.16062,0.710353,-0.695,0.0600275,0.0936513
21.4907,0.0245069,-0.00323894,0.160603,0.710353,-0.695,0.0600275,0.0936513
21.4957,0.0245069,-0.00323894,0.160603,0.710353,-0.695,0.0600275,0.0936513
21.5007,0.0245142,-0.00329028,0.160587,0.710353,-0.695,0.0600275,0.0936513
21.5057,0.0245142,-0.00329028,0.160587,0.709907,-0.695457,0.0600003,0.0936577
21.5107,0.0245927,-0.00333559,0.160516,0.710037,-0.695293,0.0601474,0.0937923
21.5158,0.0245927,-0.00333559,0.160516,0.710037,-0.695293,0.0601474,0.0937923
21.5207,0.0246,-0.00338691,0.160499,0.710037,-0.695293,0.0601474,0.0937923
21.5257,0.0246707,-0.00337678,0.160499,0.710025,-0.695274,0.0602934,0.0939352
21.5307,0.024678,-0.00342809,0.160483,0.710025,-0.695274,0.0602934,0.0939352
21.5357,0.024678,-0.00342809,0.160483,0.710025,-0.695274,0.0602934,0.0939352
21.5407,0.0246854,-0.00347939,0.160466,0.710025,-0.695274,0.0602934,0.0939352
21.5457,0.0247561,-0.00346922,0.160466,0.710013,-0.695254,0.0604394,0.0940782
21.5507,0.0247634,-0.00352051,0.16045,0.710013,-0.695254,0.0604394,0.0940782
21.5557,0.024764,-0.00352458,0.160396,0.709709,-0.695566,0.0604132,0.0940764
21.5607,0.0247714,-0.00357586,0.160379,0.709709,-0.695566,0.0604132,0.0940764
21.5657,0.0248495,-0.00361693,0.160362,0.709697,-0.695547,0.0605591,0.0942194
21.5707,0.0248495,-0.00361693,0.160362,0.709697,-0.695547,0.0605591,0.0942194
21.5758,0.0248495,-0.00361693,0.160362,0.709697,-0.695547,0.0605591,0.0942194
21.5807,0.0248569,-0.0036682,0.160346,0.709697,-0.695547,0.0605591,0.0942194
21.5857,0.0248569,-0.0036682,0.160346,0.709696,-0.695578,0.0609723,0.0937326
21.5907,0.0249351,-0.00370922,0.160329,0.709685,-0.695528,0.060705,0.0943623
21.5957,0.0249351,-0.00370922,0.160329,0.709683,-0.695559,0.0611182,0.0938757
21.6007,0.0250058,-0.00369896,0.160329,0.709226,-0.695965,0.0608232,0.0945123
21.6057,0.0250133,-0.0037502,0.160312,0.709671,-0.695539,0.0612641,0.0940187
21.6108,0.0250133,-0.0037502,0.160312,0.709226,-0.695965,0.0608232,0.0945123
21.6158,0.0250207,-0.00380145,0.160296,0.709224,-0.695996,0.0612367,0.0940258
21.6207,0.0250921,-0.00379518,0.160241,0.709355,-0.695832,0.061384,0.0941604
21.6257,0.0250921,-0.00379518,0.160241,0.709355,-0.695832,0.061384,0.0941604
21.6307,0.0250921,-0.00379518,0.160241,0.709355,-0.695832,0.061384,0.0941604
21.6358,0.0250921,-0.00379518,0.160241,0.709356,-0.695801,0.0609704,0.0946468
21.6407,0.0250996,-0.00384642,0.160225,0.709355,-0.695832,0.061384,0.0941604
21.6457,0.0251002,-0.00385044,0.160171,0.709499,-0.695656,0.0609718,0.0946382
21.6507,0.0251002,-0.00385044,0.160171,0.709498,-0.695687,0.0613854,0.094152
21.6557,0.0251002,-0.00385044,0.160171,0.709051,-0.696143,0.0613579,0.0941592
21.6607,0.0251002,-0.00385044,0.160171,0.709051,-0.696143,0.0613579,0.0941592
21.6657,0.0251002,-0.00385044,0.160171,0.709053,-0.696112,0.0609439,0.0946452
21.6707,0.025179,-0.00389532,0.1601,0.709182,-0.695979,0.0615052,0.0942938
21.6757,0.025179,-0.00389532,0.1601,0.709183,-0.695948,0.0610911,0.0947797
21.6807,0.025179,-0.00389532,0.1601,0.709182,-0.695979,0.0615052,0.0942938
21.6857,0.025179,-0.00389532,0.1601,0.709182,-0.695979,0.0615052,0.0942938
21.6908,0.0251871,-0.00395051,0.160029,0.708878,-0.696291,0.0614791,0.0942926
21.6957,0.0251871,-0.00395051,0.160029,0.708878,-0.696291,0.0614791,0.0942926
21.7008,0.025258,-0.00394014,0.160029,0.708866,-0.696271,0.0616248,0.0944357
21.7057,0.025258,-0.00394014,0.160029,0.708866,-0.696271,0.0616248,0.0944357
21.7107,0.0252655,-0.00399134,0.160012,0.708866,-0.696271,0.0616248,0.0944357
21.7157,0.0252655,-0.00399134,0.160012,0.708866,-0.696271,0.0616248,0.0944357
21.7207,0.025266,-0.0039953,0.159958,0.709009,-0.696127,0.0616264,0.0944272
21.7262,0.025266,-0.0039953,0.159958,0.70901,-0.696095,0.0612118,0.0949128
21.7308,0.0252736,-0.0040465,0.159941,0.709069,-0.696166,0.0611814,0.093974
21.7357,0.0253444,-0.00403609,0.159941,0.708996,-0.696107,0.0617721,0.0945703
21.7408,0.0253444,-0.00403609,0.159941,0.708996,-0.696107,0.0617721,0.0945703
21.7458,0.0253444,-0.00403609,0.159941,0.70861,-0.696603,0.0612991,0.0941249
21.7507,0.0253525,-0.00409121,0.15987,0.709199,-0.696002,0.0613288,0.0941085
21.7557,0.0254235,-0.00408077,0.15987,0.70868,-0.696399,0.0618916,0.0947124
21.7607,0.0254235,-0.00408077,0.15987,0.70868,-0.696399,0.0618916,0.0947124
21.7657,0.0254235,-0.00408077,0.15987,0.70874,-0.696439,0.0614465,0.0942594
21.7707,0.0255019,-0.00412148,0.159853,0.708667,-0.69638,0.0620373,0.0948556
21.7757,0.0255019,-0.00412148,0.159853,0.708727,-0.696419,0.0615922,0.0944027
21.7807,0.0255019,-0.00412148,0.159853,0.708667,-0.69638,0.0620373,0.0948556
21.7857,0.0255095,-0.00417265,0.159836,0.708727,-0.696419,0.0615922,0.0944027
21.7908,0.0255101,-0.00417656,0.159782,0.70881,-0.696235,0.062039,0.094847
21.7957,0.0255886,-0.00421721,0.159765,0.708797,-0.696216,0.0621847,0.0949901
21.8008,0.0255886,-0.00421721,0.159765,0.708797,-0.696216,0.0621847,0.0949901
21.8057,0.0255886,-0.00421721,0.159765,0.708797,-0.696216,0.0621847,0.0949901
21.8108,0.0255962,-0.00426836,0.159748,0.708351,-0.696672,0.0621566,0.0949978
21.8157,0.0256672,-0.00425782,0.159748,0.708398,-0.696692,0.061857,0.0946883
21.8212,0.0256748,-0.00430896,0.159731,0.708398,-0.696692,0.061857,0.0946883
21.8258,0.0256748,-0.00430896,0.159731,0.708398,-0.696692,0.061857,0.0946883
21.8308,0.0257534,-0.00434952,0.159714,0.708386,-0.696672,0.0620026,0.0948315
21.8357,0.025754,-0.00435341,0.15966,0.708529,-0.696528,0.0620044,0.0948227
21.8407,0.025825,-0.00434281,0.15966,0.708516,-0.696508,0.0621501,0.0949659
21.8457,0.0258326,-0.00439393,0.159643,0.708516,-0.696508,0.0621501,0.0949659
21.8508,0.0259036,-0.00438329,0.159643,0.708503,-0.696489,0.0622958,0.0951091
21.8557,0.0259113,-0.0044344,0.159626,0.708503,-0.696489,0.0622958,0.0951091
21.8607,0.0259119,-0.00443827,0.159572,0.708647,-0.696344,0.0622976,0.0951003
21.8657,0.0259906,-0.0044787,0.159555,0.708634,-0.696324,0.0624433,0.0952434
21.8707,0.0259906,-0.0044787,0.159555,0.708634,-0.696324,0.0624433,0.0952434
21.8757,0.0260694,-0.00451909,0.159538,0.708621,-0.696305,0.062589,0.0953866
21.8807,0.0260694,-0.00451909,0.159538,0.708621,-0.696305,0.062589,0.0953866
21.8857,0.0260771,-0.00457017,0.159521,0.708235,-0.696801,0.0621147,0.0949424
21.8908,0.0261565,-0.00461435,0.159449,0.708365,-0.696637,0.0622624,0.0950767
21.8957,0.0261565,-0.00461435,0.159449,0.708365,-0.696637,0.0622624,0.0950767
21.9007,0.0262354,-0.00465465,0.159432,0.708352,-0.696617,0.0624081,0.0952199
21.9058,0.0262431,-0.0047057,0.159415,0.708413,-0.696657,0.0619628,0.0947671
21.9107,0.0263143,-0.0046949,0.159415,0.7084,-0.696637,0.0621084,0.0949103
21.9157,0.026322,-0.00474595,0.159398,0.708461,-0.696677,0.0616631,0.0944575
21.9207,0.0263932,-0.00473511,0.159398,0.708448,-0.696657,0.0618088,0.0946007
21.9257,0.0264016,-0.00478997,0.159326,0.708652,-0.696552,0.0613659,0.0941385
21.9308,0.0264728,-0.00477909,0.159326,0.708639,-0.696533,0.0615116,0.0942817
21.9357,0.0264733,-0.00478289,0.159272,0.708782,-0.696388,0.0615141,0.0942723
21.9407,0.0265524,-0.00482302,0.159255,0.70877,-0.696369,0.0616598,0.0944154
21.9457,0.0265602,-0.00487403,0.159238,0.70877,-0.696369,0.0616598,0.0944154
21.9507,0.0265602,-0.00487403,0.159238,0.70877,-0.696369,0.0616598,0.0944154
21.9557,0.0266392,-0.0049141,0.159221,0.708757,-0.696349,0.0618055,0.0945586
21.9608,0.0266392,-0.0049141,0.159221,0.70837,-0.696845,0.0613294,0.0941162
21.9657,0.0266471,-0.0049651,0.159203,0.708817,-0.696389,0.0613604,0.0941056
21.9707,0.0266477,-0.00496888,0.159149,0.70896,-0.696244,0.061363,0.094096
21.9757,0.0267268,-0.0050089,0.159132,0.708501,-0.696681,0.0614777,0.0942498
21.9808,0.0267268,-0.0050089,0.159132,0.708501,-0.696681,0.0614777,0.0942498
21.9857,0.0267347,-0.00505988,0.159115,0.708501,-0.696681,0.0614777,0.0942498
21.9907,0.026806,-0.00504887,0.159115,0.708488,-0.696661,0.0616234,0.0943931
21.9957,0.026806,-0.00504887,0.159115,0.708488,-0.696661,0.0616234,0.0943931
22.0007,0.0268138,-0.00509984,0.159097,0.708488,-0.696661,0.0616234,0.0943931
22.0058,0.0268138,-0.00509984,0.159097,0.708488,-0.696661,0.0616234,0.0943931
22.0107,0.0268144,-0.0051036,0.159043,0.708632,-0.696517,0.0616261,0.0943833
22.0157,0.0268223,-0.00515456,0.159026,0.708632,-0.696517,0.0616261,0.0943833
22.0208,0.0268936,-0.00514352,0.159026,0.708673,-0.696571,0.061743,0.0935901
22.0257,0.0268936,-0.00514352,0.159026,0.708619,-0.696497,0.0617717,0.0945266
22.0307,0.0268942,-0.00514725,0.158971,0.708816,-0.696427,0.0617459,0.0935804
22.0357,0.0269021,-0.00519821,0.158954,0.708816,-0.696427,0.0617459,0.0935804
22.0407,0.0269021,-0.00519821,0.158954,0.708369,-0.696882,0.0617147,0.0935918
22.0457,0.0269027,-0.00520192,0.1589,0.708519,-0.696703,0.0613006,0.0940653
22.0507,0.026982,-0.00524178,0.158882,0.708506,-0.696684,0.0614463,0.0942085
22.0557,0.026982,-0.00524178,0.158882,0.708506,-0.696684,0.0614463,0.0942085
22.0607,0.026982,-0.00524178,0.158882,0.7085,-0.696718,0.0618633,0.0937254
22.0657,0.026982,-0.00524178,0.158882,0.7085,-0.696718,0.0618633,0.0937254
22.0707,0.0269899,-0.00529272,0.158865,0.7085,-0.696718,0.0618633,0.0937254
22.0757,0.0269905,-0.00529641,0.158811,0.708643,-0.696574,0.0618662,0.0937156
22.0808,0.0269984,-0.00534734,0.158793,0.708643,-0.696574,0.0618662,0.0937156
22.0858,0.0270698,-0.00533622,0.158793,0.70863,-0.696555,0.0620119,0.0938589
22.0907,0.0270698,-0.00533622,0.158793,0.70863,-0.696555,0.0620119,0.0938589
22.0957,0.0270698,-0.00533622,0.158793,0.70863,-0.696555,0.0620119,0.0938589
22.1007,0.0270777,-0.00538715,0.158776,0.70863,-0.696555,0.0620119,0.0938589
22.1058,0.0270777,-0.00538715,0.158776,0.70863,-0.696555,0.0620119,0.0938589
22.1107,0.0270783,-0.00539081,0.158722,0.708773,-0.69641,0.0620148,0.0938491
22.1158,0.0270862,-0.00544172,0.158704,0.708773,-0.69641,0.0620148,0.0938491
22.1208,0.0271577,-0.00543057,0.158704,0.708314,-0.696846,0.062129,0.094004
22.1257,0.0271577,-0.00543057,0.158704,0.708314,-0.696846,0.062129,0.094004
22.1316,0.0271583,-0.00543421,0.15865,0.708457,-0.696702,0.062132,0.0939942
22.1358,0.0271583,-0.00543421,0.15865,0.708457,-0.696702,0.062132,0.0939942
22.1407,0.0271662,-0.00548512,0.158633,0.708457,-0.696702,0.062132,0.0939942
22.1458,0.0271668,-0.00548874,0.158578,0.7086,-0.696557,0.062135,0.0939844
22.1507,0.0272383,-0.00547755,0.158578,0.708594,-0.696503,0.061863,0.0946101
22.1557,0.0272463,-0.00552845,0.158561,0.708587,-0.696538,0.0622807,0.0941276
22.1607,0.0272468,-0.00553205,0.158507,0.70873,-0.696393,0.0622837,0.0941179
22.1657,0.0272468,-0.00553205,0.158507,0.70873,-0.696393,0.0622837,0.0941179
22.1708,0.0272548,-0.00558293,0.158489,0.70879,-0.696433,0.0618386,0.0936648
22.1758,0.0272548,-0.00558293,0.158489,0.70879,-0.696433,0.0618386,0.0936648
22.1807,0.0273343,-0.00562259,0.158472,0.708778,-0.696414,0.0619843,0.0938079
22.1858,0.0273349,-0.00562616,0.158417,0.708921,-0.696269,0.0619875,0.093798
22.1908,0.0273429,-0.00567703,0.1584,0.708921,-0.696269,0.0619875,0.093798
22.1957,0.0273429,-0.00567703,0.1584,0.708474,-0.696725,0.0619555,0.0938102
22.2008,0.0273508,-0.00572789,0.158382,0.708474,-0.696725,0.0619555,0.0938102
22.2057,0.0274224,-0.00571663,0.158382,0.708461,-0.696706,0.0621012,0.0939534
22.2108,0.0274224,-0.00571663,0.158382,0.708461,-0.696706,0.0621012,0.0939534
22.2158,0.0275026,-0.00575974,0.15831,0.708592,-0.696542,0.06225,0.0940866
22.2207,0.0275106,-0.00581058,0.158293,0.708592,-0.696542,0.06225,0.0940866
22.2258,0.0275106,-0.00581058,0.158293,0.708592,-0.696542,0.06225,0.0940866
22.2308,0.0275903,-0.00585009,0.158275,0.708579,-0.696522,0.0623957,0.0942298
22.2357,0.0275903,-0.00585009,0.158275,0.708579,-0.696522,0.0623957,0.0942298
22.2407,0.0275989,-0.00590444,0.158203,0.708722,-0.696378,0.062399,0.0942198
22.2457,0.0276786,-0.00594389,0.158185,0.708709,-0.696358,0.0625447,0.094363
22.2507,0.0276867,-0.0059947,0.158168,0.708769,-0.696398,0.0620996,0.09391
22.2558,0.0276867,-0.0059947,0.158168,0.708769,-0.696398,0.0620996,0.09391
22.2608,0.0276948,-0.0060455,0.15815,0.708769,-0.696398,0.0620996,0.09391
22.2658,0.0277745,-0.00608488,0.158132,0.708757,-0.696379,0.0622453,0.0940532
22.2708,0.0277826,-0.00613566,0.158114,0.708748,-0.696415,0.0626636,0.0935713
22.2758,0.0277907,-0.00618644,0.158097,0.708757,-0.696379,0.0622453,0.0940532
22.2808,0.0278625,-0.00617499,0.158097,0.708736,-0.696395,0.0628093,0.0937144
22.2857,0.0278706,-0.00622576,0.158079,0.708736,-0.696395,0.0628093,0.0937144
22.2907,0.0278787,-0.00627651,0.158061,0.708736,-0.696395,0.0628093,0.0937144
22.2958,0.0278787,-0.00627651,0.158061,0.708736,-0.696395,0.0628093,0.0937144
22.3007,0.0279586,-0.00631578,0.158043,0.708782,-0.696416,0.0625099,0.0934046
22.3058,0.0279586,-0.00631578,0.158043,0.708782,-0.696416,0.0625099,0.0934046
22.3108,0.0279667,-0.00636652,0.158025,0.708782,-0.696416,0.0625099,0.0934046
22.3158,0.0280391,-0.00635851,0.157971,0.708913,-0.696252,0.0626593,0.0935375
22.3207,0.0280473,-0.00640924,0.157953,0.708913,-0.696252,0.0626593,0.0935375
22.3258,0.0280473,-0.00640924,0.157953,0.708913,-0.696252,0.0626593,0.0935375
22.3308,0.0280554,-0.00645996,0.157935,0.708466,-0.696708,0.0626263,0.0935512
22.3358,0.0280554,-0.00645996,0.157935,0.708526,-0.696748,0.062181,0.0930983
22.3407,0.0281355,-0.00649912,0.157917,0.70896,-0.696273,0.06236,0.0932275
22.3458,0.0281436,-0.00654982,0.157899,0.708513,-0.696729,0.0623266,0.0932416
22.3507,0.0281436,-0.00654982,0.157899,0.708503,-0.696765,0.0627453,0.09276
22.3557,0.0281518,-0.00660052,0.157881,0.708503,-0.696765,0.0627453,0.09276
22.3608,0.0282237,-0.00658893,0.157881,0.70849,-0.696746,0.062891,0.0929033
22.3658,0.0282243,-0.00659242,0.157827,0.708634,-0.696601,0.0628949,0.092893
22.3707,0.0282325,-0.0066431,0.157809,0.708693,-0.696641,0.0624496,0.09244
22.3758,0.0282325,-0.0066431,0.157809,0.708693,-0.696641,0.0624496,0.09244
22.3807,0.0283044,-0.00663148,0.157809,0.70868,-0.696622,0.0625953,0.0925832
22.3858,0.0283044,-0.00663148,0.157809,0.70868,-0.696622,0.0625953,0.0925832
22.3908,0.0283126,-0.00668215,0.157791,0.70868,-0.696622,0.0625953,0.0925832
22.3958,0.0283132,-0.00668562,0.157737,0.708882,-0.696518,0.0621542,0.0921197
22.4008,0.0283214,-0.00673628,0.157719,0.708823,-0.696478,0.0625994,0.0925727
22.4058,0.0283214,-0.00673628,0.157719,0.708882,-0.696518,0.0621542,0.0921197
22.4108,0.0283934,-0.00672462,0.157719,0.708869,-0.696499,0.0622999,0.0922629
22.4157,0.0284016,-0.00677528,0.1577,0.708869,-0.696499,0.0622999,0.0922629
22.4207,0.0284016,-0.00677528,0.1577,0.708869,-0.696499,0.0622999,0.0922629
22.4258,0.0284016,-0.00677528,0.1577,0.708869,-0.696499,0.0622999,0.0922629
22.4307,0.0284016,-0.00677528,0.1577,0.708859,-0.696536,0.0627187,0.0917815
22.4357,0.0284098,-0.00682593,0.157682,0.708412,-0.696991,0.0626851,0.0917969
22.4407,0.0284098,-0.00682593,0.157682,0.70847,-0.697031,0.0622396,0.0913441
22.4458,0.0284818,-0.00681423,0.157682,0.708904,-0.696557,0.0624192,0.0914716
22.4507,0.0284818,-0.00681423,0.157682,0.708904,-0.696557,0.0624192,0.0914716
22.4558,0.0284818,-0.00681423,0.157682,0.708458,-0.697012,0.0623852,0.0914874
22.4608,0.0284901,-0.00686487,0.157664,0.708458,-0.697012,0.0623852,0.0914874
22.4658,0.0284901,-0.00686487,0.157664,0.708458,-0.697012,0.0623852,0.0914874
22.4708,0.0284901,-0.00686487,0.157664,0.708458,-0.697012,0.0623852,0.0914874
22.4757,0.0284901,-0.00686487,0.157664,0.708458,-0.697012,0.0623852,0.0914874
22.4807,0.0284983,-0.0069155,0.157646,0.708516,-0.697052,0.0619397,0.0910346
22.4858,0.0284983,-0.0069155,0.157646,0.708516,-0.697052,0.0619397,0.0910346
22.4907,0.0285704,-0.00690377,0.157646,0.708503,-0.697033,0.0620854,0.0911779
22.4958,0.0285704,-0.00690377,0.157646,0.708503,-0.697033,0.0620854,0.0911779
22.5008,0.0285704,-0.00690377,0.157646,0.708503,-0.697033,0.0620854,0.0911779
22.5058,0.0285704,-0.00690377,0.157646,0.708503,-0.697033,0.0620854,0.0911779
22.5107,0.0285704,-0.00690377,0.157646,0.708491,-0.69707,0.0625044,0.0906969
22.5158,0.0285709,-0.00690721,0.157592,0.708646,-0.696889,0.0620899,0.0911671
22.5208,0.0285709,-0.00690721,0.157592,0.708635,-0.696926,0.062509,0.0906861
22.5257,0.0285709,-0.00690721,0.157592,0.708646,-0.696889,0.0620899,0.0911671
22.5308,0.0285709,-0.00690721,0.157592,0.708635,-0.696926,0.062509,0.0906861
22.5357,0.0286512,-0.00694606,0.157574,0.708633,-0.69687,0.0622356,0.0913104
22.5408,0.0286512,-0.00694606,0.157574,0.708622,-0.696907,0.0626547,0.0908294
22.5458,0.0286512,-0.00694606,0.157574,0.708622,-0.696907,0.0626547,0.0908294
22.5508,0.0286512,-0.00694606,0.157574,0.708622,-0.696907,0.0626547,0.0908294
22.5557,0.0286512,-0.00694606,0.157574,0.70868,-0.696947,0.0622092,0.0903764
22.5608,0.0286512,-0.00694606,0.157574,0.70868,-0.696947,0.0622092,0.0903764
22.5658,0.0286512,-0.00694606,0.157574,0.70868,-0.696947,0.0622092,0.0903764
22.5707,0.0286512,-0.00694606,0.157574,0.708692,-0.69691,0.0617901,0.0908574
22.5757,0.0287322,-0.00698829,0.157501,0.70881,-0.696784,0.0623597,0.0905089
22.5807,0.0287322,-0.00698829,0.157501,0.70881,-0.696784,0.0623597,0.0905089
22.5857,0.0287322,-0.00698829,0.157501,0.70881,-0.696784,0.0623597,0.0905089
22.5907,0.0287322,-0.00698829,0.157501,0.70881,-0.696784,0.0623597,0.0905089
22.5958,0.0287322,-0.00698829,0.157501,0.70881,-0.696784,0.0623597,0.0905089
22.6008,0.0287322,-0.00698829,0.157501,0.70881,-0.696784,0.0623597,0.0905089
22.6057,0.0287322,-0.00698829,0.157501,0.70881,-0.696784,0.0623597,0.0905089
22.6107,0.0287322,-0.00698829,0.157501,0.70881,-0.696784,0.0623597,0.0905089
22.6157,0.0287405,-0.00703889,0.157483,0.70881,-0.696784,0.0623597,0.0905089
22.6207,0.0287405,-0.00703889,0.157483,0.708868,-0.696824,0.0619143,0.0900558
22.6257,0.0287405,-0.00703889,0.157483,0.708868,-0.696824,0.0619143,0.0900558
22.6307,0.0287488,-0.00708948,0.157465,0.708868,-0.696824,0.0619143,0.0900558
22.6357,0.0287488,-0.00708948,0.157465,0.708868,-0.696824,0.0619143,0.0900558
22.6408,0.0287488,-0.00708948,0.157465,0.708868,-0.696824,0.0619143,0.0900558
22.6458,0.0287571,-0.00714007,0.157447,0.708868,-0.696824,0.0619143,0.0900558
22.6508,0.0287571,-0.00714007,0.157447,0.708868,-0.696824,0.0619143,0.0900558
22.6557,0.0287571,-0.00714007,0.157447,0.708868,-0.696824,0.0619143,0.0900558
22.6608,0.0287653,-0.00719065,0.157428,0.708868,-0.696824,0.0619143,0.0900558
22.6658,0.0287653,-0.00719065,0.157428,0.708868,-0.696824,0.0619143,0.0900558
22.6707,0.0288375,-0.0071788,0.157428,0.708855,-0.696805,0.06206,0.0901991
22.6757,0.0288375,-0.0071788,0.157428,0.708855,-0.696805,0.06206,0.0901991
22.6807,0.0288458,-0.00722937,0.15741,0.708842,-0.696843,0.0624791,0.0897181
22.6858,0.0288464,-0.00723277,0.157356,0.708985,-0.696698,0.0624841,0.0897073
22.6908,0.0288464,-0.00723277,0.157356,0.708998,-0.696661,0.0620649,0.0901882
22.6958,0.0288547,-0.00728333,0.157338,0.708985,-0.696698,0.0624841,0.0897073
22.7008,0.0288547,-0.00728333,0.157338,0.708985,-0.696698,0.0624841,0.0897073
22.7058,0.0289352,-0.00732199,0.157319,0.708972,-0.69668,0.0626299,0.0898505
22.7108,0.0289436,-0.00737253,0.157301,0.708972,-0.69668,0.0626299,0.0898505
22.7158,0.0289436,-0.00737253,0.157301,0.708972,-0.69668,0.0626299,0.0898505
22.7207,0.0289519,-0.00742307,0.157282,0.708972,-0.69668,0.0626299,0.0898505
22.7258,0.0289602,-0.00747359,0.157264,0.708972,-0.69668,0.0626299,0.0898505
22.7308,0.0289685,-0.00752411,0.157246,0.708972,-0.69668,0.0626299,0.0898505
22.7358,0.0290408,-0.00751218,0.157246,0.708959,-0.696661,0.0627756,0.0899938
22.7407,0.0290492,-0.00756269,0.157227,0.708959,-0.696661,0.0627756,0.0899938
22.7458,0.0290492,-0.00756269,0.157227,0.708959,-0.696661,0.0627756,0.0899938
22.7508,0.0291299,-0.00760123,0.157209,0.708946,-0.696643,0.0629214,0.090137
22.7558,0.0291382,-0.00765172,0.15719,0.708946,-0.696643,0.0629214,0.090137
22.7607,0.0291382,-0.00765172,0.15719,0.708946,-0.696643,0.0629214,0.090137
22.7658,0.029219,-0.0076902,0.157172,0.708933,-0.696624,0.0630671,0.0902802
22.7707,0.029219,-0.0076902,0.157172,0.708486,-0.69708,0.0630322,0.0902982
22.7758,0.0292274,-0.00774067,0.157153,0.708991,-0.696665,0.0626219,0.0898271
22.7807,0.0293082,-0.0077791,0.157135,0.708978,-0.696646,0.0627676,0.0899703
22.7858,0.0293082,-0.0077791,0.157135,0.708978,-0.696646,0.0627676,0.0899703
22.7908,0.0293166,-0.00782955,0.157116,0.708978,-0.696646,0.0627676,0.0899703
22.7958,0.029325,-0.00787999,0.157098,0.708978,-0.696646,0.0627676,0.0899703
22.8007,0.029325,-0.00787999,0.157098,0.708978,-0.696646,0.0627676,0.0899703
22.8058,0.0294058,-0.00791835,0.157079,0.708965,-0.696628,0.0629134,0.0901135
22.8108,0.0294142,-0.00796878,0.15706,0.709023,-0.696668,0.0624681,0.0896602
22.8158,0.0294142,-0.00796878,0.15706,0.709023,-0.696668,0.0624681,0.0896602
22.8207,0.0294952,-0.00800709,0.157042,0.70901,-0.696649,0.0626139,0.0898036
22.8258,0.0294952,-0.00800709,0.157042,0.70901,-0.696649,0.0626139,0.0898036
22.8308,0.0295036,-0.0080575,0.157023,0.70901,-0.696649,0.0626139,0.0898036
22.8358,0.0295761,-0.00804535,0.157023,0.709054,-0.696671,0.0623144,0.0894936
22.8408,0.0295846,-0.00809575,0.157004,0.708997,-0.696631,0.0627597,0.0899468
22.8457,0.0295846,-0.00809575,0.157004,0.709054,-0.696671,0.0623144,0.0894936
22.8507,0.0296656,-0.00813395,0.156986,0.709041,-0.696652,0.0624601,0.0896368
22.8558,0.0296741,-0.00818433,0.156967,0.709041,-0.696652,0.0624601,0.0896368
22.8608,0.0296741,-0.00818433,0.156967,0.709041,-0.696652,0.0624601,0.0896368
22.8658,0.0297552,-0.00822248,0.156948,0.709028,-0.696634,0.0626059,0.0897801
22.8707,0.0297552,-0.00822248,0.156948,0.709028,-0.696634,0.0626059,0.0897801
22.8758,0.0297636,-0.00827284,0.156929,0.709028,-0.696634,0.0626059,0.0897801
22.8808,0.0297636,-0.00827284,0.156929,0.709028,-0.696634,0.0626059,0.0897801
22.8858,0.0297636,-0.00827284,0.156929,0.709028,-0.696634,0.0626059,0.0897801
22.8907,0.0298448,-0.00831094,0.156911,0.709016,-0.696615,0.0627517,0.0899233
22.8958,0.0298533,-0.00836128,0.156892,0.709073,-0.696655,0.0623064,0.0894701
22.9008,0.0298533,-0.00836128,0.156892,0.709073,-0.696655,0.0623064,0.0894701
22.9058,0.0298533,-0.00836128,0.156892,0.709073,-0.696655,0.0623064,0.0894701
22.9108,0.0298618,-0.00841161,0.156873,0.708626,-0.697111,0.0622696,0.0894898
22.9158,0.0299345,-0.00839932,0.156873,0.708613,-0.697092,0.0624153,0.0896332
22.9208,0.029943,-0.00844964,0.156854,0.708613,-0.697092,0.0624153,0.0896332
22.9258,0.029943,-0.00844964,0.156854,0.708613,-0.697092,0.0624153,0.0896332
22.9308,0.0299515,-0.00849995,0.156835,0.708613,-0.697092,0.0624153,0.0896332
22.9358,0.0299515,-0.00849995,0.156835,0.708613,-0.697092,0.0624153,0.0896332
22.9407,0.02996,-0.00855026,0.156816,0.708613,-0.697092,0.0624153,0.0896332
22.9458,0.02996,-0.00855026,0.156816,0.708613,-0.697092,0.0624153,0.0896332
22.9508,0.02996,-0.00855026,0.156816,0.708613,-0.697092,0.0624153,0.0896332
22.9558,0.0299685,-0.00860056,0.156797,0.708613,-0.697092,0.0624153,0.0896332
22.9608,0.0299685,-0.00860056,0.156797,0.708613,-0.697092,0.0624153,0.0896332
22.9658,0.0299685,-0.00860056,0.156797,0.708613,-0.697092,0.0624153,0.0896332
22.9707,0.0299685,-0.00860056,0.156797,0.708613,-0.697092,0.0624153,0.0896332
22.9757,0.0299771,-0.00865085,0.156778,0.708613,-0.697092,0.0624153,0.0896332
22.981,0.0299771,-0.00865085,0.156778,0.708613,-0.697092,0.0624153,0.0896332
22.9857,0.0300498,-0.00863851,0.156778,0.7086,-0.697074,0.062561,0.0897765
22.9907,0.0300498,-0.00863851,0.156778,0.708658,-0.697114,0.0621154,0.0893235
22.9957,0.0300498,-0.00863851,0.156778,0.708658,-0.697114,0.0621154,0.0893235
23.0008,0.0300498,-0.00863851,0.156778,0.708658,-0.697114,0.0621154,0.0893235
23.0058,0.0300498,-0.00863851,0.156778,0.7086,-0.697074,0.062561,0.0897765
23.0108,0.0300584,-0.00868879,0.15676,0.708658,-0.697114,0.0621154,0.0893235
23.0158,0.0300584,-0.00868879,0.15676,0.708658,-0.697114,0.0621154,0.0893235
23.0208,0.0300584,-0.00868879,0.15676,0.708658,-0.697114,0.0621154,0.0893235
23.0258,0.0300584,-0.00868879,0.15676,0.708658,-0.697114,0.0621154,0.0893235
23.0307,0.0300584,-0.00868879,0.15676,0.708658,-0.697114,0.0621154,0.0893235
23.0357,0.0300584,-0.00868879,0.15676,0.708658,-0.697114,0.0621154,0.0893235
23.0408,0.0300584,-0.00868879,0.15676,0.708658,-0.697114,0.0621154,0.0893235
23.0458,0.0300584,-0.00868879,0.15676,0.708658,-0.697114,0.0621154,0.0893235
23.0508,0.0300584,-0.00868879,0.15676,0.708658,-0.697114,0.0621154,0.0893235
23.0557,0.0300584,-0.00868879,0.15676,0.708658,-0.697114,0.0621154,0.0893235
23.0608,0.0300584,-0.00868879,0.15676,0.708658,-0.697114,0.0621154,0.0893235
23.0658,0.0300584,-0.00868879,0.15676,0.708658,-0.697114,0.0621154,0.0893235
23.0708,0.0300584,-0.00868879,0.15676,0.708658,-0.697114,0.0621154,0.0893235
23.0757,0.0300584,-0.00868879,0.15676,0.708658,-0.697114,0.0621154,0.0893235
23.0808,0.0300584,-0.00868879,0.15676,0.708658,-0.697114,0.0621154,0.0893235
23.0857,0.0300584,-0.00868879,0.15676,0.708658,-0.697114,0.0621154,0.0893235
23.0908,0.0300584,-0.00868879,0.15676,0.708658,-0.697114,0.0621154,0.0893235
23.0958,0.0300584,-0.00868879,0.15676,0.708658,-0.697114,0.0621154,0.0893235
23.1008,0.0300584,-0.00868879,0.15676,0.708658,-0.697114,0.0621154,0.0893235
23.1058,0.0300584,-0.00868879,0.15676,0.708673,-0.697073,0.0616961,0.089804
23.1107,0.0300584,-0.00868879,0.15676,0.708673,-0.697073,0.0616961,0.089804
23.1162,0.0301312,-0.00867642,0.15676,0.708645,-0.697095,0.0622611,0.0894669
23.1208,0.0301312,-0.00867642,0.15676,0.708661,-0.697055,0.0618418,0.0899473
23.1257,0.0301397,-0.00872669,0.156741,0.708661,-0.697055,0.0618418,0.0899473
23.1308,0.0301397,-0.00872669,0.156741,0.708661,-0.697055,0.0618418,0.0899473
23.1358,0.0301397,-0.00872669,0.156741,0.708645,-0.697095,0.0622611,0.0894669
23.1407,0.0302131,-0.00871765,0.156686,0.708775,-0.696932,0.0624127,0.0895984
23.1458,0.0302131,-0.00871765,0.156686,0.708775,-0.696932,0.0624127,0.0895984
23.1508,0.0302131,-0.00871765,0.156686,0.708775,-0.696932,0.0624127,0.0895984
23.1558,0.0302131,-0.00871765,0.156686,0.708775,-0.696932,0.0624127,0.0895984
23.1608,0.0302865,-0.00870857,0.156632,0.708921,-0.696729,0.0621448,0.0902102
23.1658,0.0302865,-0.00870857,0.156632,0.708905,-0.696769,0.0625644,0.0897299
23.1708,0.0302951,-0.00875882,0.156613,0.708905,-0.696769,0.0625644,0.0897299
23.1757,0.0302951,-0.00875882,0.156613,0.708905,-0.696769,0.0625644,0.0897299
23.1808,0.0303685,-0.00874968,0.156559,0.709035,-0.696606,0.0627161,0.0898614
23.1858,0.0303685,-0.00874968,0.156559,0.709035,-0.696606,0.0627161,0.0898614
23.1907,0.0303685,-0.00874968,0.156559,0.709035,-0.696606,0.0627161,0.0898614
23.1958,0.0304499,-0.00878742,0.15654,0.709023,-0.696588,0.0628618,0.0900046
23.2007,0.0304499,-0.00878742,0.15654,0.709023,-0.696588,0.0628618,0.0900046
23.2058,0.0304499,-0.00878742,0.15654,0.709023,-0.696588,0.0628618,0.0900046
23.2108,0.0305234,-0.00877819,0.156486,0.709153,-0.696425,0.0630136,0.0901359
23.2158,0.030532,-0.00882842,0.156467,0.709153,-0.696425,0.0630136,0.0901359
23.2208,0.030532,-0.00882842,0.156467,0.70921,-0.696465,0.0625685,0.0896826
23.2258,0.030532,-0.00882842,0.156467,0.70921,-0.696465,0.0625685,0.0896826
23.2308,0.0306135,-0.00886607,0.156447,0.709197,-0.696446,0.0627143,0.0898258
23.2358,0.0306135,-0.00886607,0.156447,0.709197,-0.696446,0.0627143,0.0898258
23.2408,0.0306141,-0.00886935,0.156393,0.70934,-0.696302,0.0627204,0.0898138
23.2458,0.0306141,-0.00886935,0.156393,0.709397,-0.696342,0.0622753,0.0893604
23.2508,0.0306228,-0.00891956,0.156374,0.709397,-0.696342,0.0622753,0.0893604
23.2557,0.0306233,-0.00892282,0.15632,0.70954,-0.696197,0.0622815,0.0893483
23.2608,0.0306233,-0.00892282,0.15632,0.70954,-0.696197,0.0622815,0.0893483
23.2658,0.0306962,-0.00891022,0.15632,0.709527,-0.696179,0.0624274,0.0894914
23.2707,0.0307055,-0.00896366,0.156247,0.709727,-0.696074,0.0619887,0.0890257
23.2758,0.0307055,-0.00896366,0.156247,0.709727,-0.696074,0.0619887,0.0890257
23.2808,0.0307055,-0.00896366,0.156247,0.709281,-0.696529,0.0619499,0.0890475
23.2858,0.030706,-0.00896688,0.156192,0.709424,-0.696385,0.0619563,0.0890353
23.2907,0.030706,-0.00896688,0.156192,0.709424,-0.696385,0.0619563,0.0890353
23.2958,0.0307877,-0.00900442,0.156173,0.709411,-0.696366,0.0621021,0.0891785
23.3007,0.0307882,-0.00900762,0.156119,0.709554,-0.696222,0.0621085,0.0891662
23.3058,0.0307882,-0.00900762,0.156119,0.709611,-0.696261,0.0616635,0.0887127
23.3108,0.0307969,-0.0090578,0.1561,0.709611,-0.696261,0.0616635,0.0887127
23.3157,0.0307969,-0.0090578,0.1561,0.709611,-0.696261,0.0616635,0.0887127
23.3208,0.0307969,-0.0090578,0.1561,0.709611,-0.696261,0.0616635,0.0887127
23.3258,0.0308056,-0.00910798,0.156081,0.709611,-0.696261,0.0616635,0.0887127
23.3308,0.0308062,-0.00911115,0.156026,0.709754,-0.696117,0.0616699,0.0887003
23.3357,0.0308062,-0.00911115,0.156026,0.709754,-0.696117,0.0616699,0.0887003
23.3408,0.0308062,-0.00911115,0.156026,0.709754,-0.696117,0.0616699,0.0887003
23.3458,0.0308149,-0.00916131,0.156007,0.709754,-0.696117,0.0616699,0.0887003
23.3508,0.0308149,-0.00916131,0.156007,0.709736,-0.696159,0.0620904,0.088221
23.3557,0.0308149,-0.00916131,0.156007,0.709289,-0.696614,0.0620515,0.0882435
23.3608,0.0308236,-0.00921147,0.155988,0.709346,-0.696654,0.0616062,0.0877902
23.3658,0.0308323,-0.00926162,0.155969,0.709346,-0.696654,0.0616062,0.0877902
23.3708,0.0308323,-0.00926162,0.155969,0.709346,-0.696654,0.0616062,0.0877902
23.3758,0.030841,-0.00931176,0.15595,0.709364,-0.696611,0.0611855,0.0882691
23.3808,0.030841,-0.00931176,0.15595,0.709364,-0.696611,0.0611855,0.0882691
23.3857,0.0308497,-0.0093619,0.15593,0.709346,-0.696654,0.0616062,0.0877902
23.3907,0.0308497,-0.0093619,0.15593,0.709346,-0.696654,0.0616062,0.0877902
23.3958,0.0308584,-0.00941202,0.155911,0.709364,-0.696611,0.0611855,0.0882691
23.4008,0.0308671,-0.00946214,0.155892,0.709346,-0.696654,0.0616062,0.0877902
23.4058,0.0308671,-0.00946214,0.155892,0.709346,-0.696654,0.0616062,0.0877902
23.4108,0.0308671,-0.00946214,0.155892,0.709346,-0.696654,0.0616062,0.0877902
23.4157,0.0308758,-0.00951225,0.155872,0.709364,-0.696611,0.0611855,0.0882691
23.4208,0.030949,-0.00949954,0.155872,0.709333,-0.696636,0.0617521,0.0879334
23.4257,0.030949,-0.00949954,0.155872,0.709333,-0.696636,0.0617521,0.0879334
23.4308,0.0309577,-0.00954964,0.155853,0.709333,-0.696636,0.0617521,0.0879334
23.4358,0.0309577,-0.00954964,0.155853,0.709351,-0.696593,0.0613313,0.0884123
23.4408,0.0309577,-0.00954964,0.155853,0.709333,-0.696636,0.0617521,0.0879334
23.4458,0.0309664,-0.00959973,0.155834,0.709389,-0.696675,0.0613068,0.08748
23.4508,0.0309664,-0.00959973,0.155834,0.709333,-0.696636,0.0617521,0.0879334
23.4558,0.0309664,-0.00959973,0.155834,0.709333,-0.696636,0.0617521,0.0879334
23.4607,0.0309751,-0.00964982,0.155814,0.709333,-0.696636,0.0617521,0.0879334
23.4658,0.0309751,-0.00964982,0.155814,0.709389,-0.696675,0.0613068,0.08748
23.4708,0.0310488,-0.00964022,0.15576,0.709519,-0.696512,0.0614594,0.0876107
23.4758,0.0310488,-0.00964022,0.15576,0.709519,-0.696512,0.0614594,0.0876107
23.4808,0.0310576,-0.00969029,0.155741,0.709519,-0.696512,0.0614594,0.0876107
23.4858,0.0310576,-0.00969029,0.155741,0.709519,-0.696512,0.0614594,0.0876107
23.4908,0.0310581,-0.00969342,0.155686,0.709662,-0.696368,0.0614662,0.0875982
23.4958,0.0310669,-0.00974349,0.155667,0.709662,-0.696368,0.0614662,0.0875982
23.5008,0.0310669,-0.00974349,0.155667,0.709662,-0.696368,0.0614662,0.0875982
23.5057,0.0310756,-0.00979354,0.155647,0.709662,-0.696368,0.0614662,0.0875982
23.5107,0.0310756,-0.00979354,0.155647,0.709662,-0.696368,0.0614662,0.0875982
23.5158,0.0310843,-0.00984359,0.155628,0.709662,-0.696368,0.0614662,0.0875982
23.5208,0.0310843,-0.00984359,0.155628,0.709662,-0.696368,0.0614662,0.0875982
23.5258,0.0310843,-0.00984359,0.155628,0.709662,-0.696368,0.0614662,0.0875982
23.5308,0.0311669,-0.00988394,0.155554,0.709792,-0.696205,0.061619,0.0877288
23.5357,0.0311669,-0.00988394,0.155554,0.709792,-0.696205,0.061619,0.0877288
23.5408,0.0311762,-0.00993706,0.15548,0.709935,-0.69606,0.0616258,0.0877163
23.5458,0.0311762,-0.00993706,0.15548,0.709935,-0.69606,0.0616258,0.0877163
23.5508,0.0311767,-0.00994013,0.155426,0.710078,-0.695916,0.0616326,0.0877037
23.5558,0.0311767,-0.00994013,0.155426,0.710078,-0.695916,0.0616326,0.0877037
23.561,0.0312593,-0.00998035,0.155352,0.709762,-0.696209,0.0617457,0.0878577
23.5658,0.0312593,-0.00998035,0.155352,0.709762,-0.696209,0.0617457,0.0878577
23.5708,0.0312599,-0.00998338,0.155298,0.709905,-0.696064,0.0617525,0.0878451
23.5757,0.031342,-0.0100205,0.155279,0.709892,-0.696046,0.0618985,0.0879882
23.5808,0.0313425,-0.0100235,0.155224,0.710035,-0.695901,0.0619054,0.0879756
23.5858,0.0313425,-0.0100235,0.155224,0.710015,-0.695944,0.0623271,0.0874976
23.5908,0.031343,-0.0100265,0.15517,0.710158,-0.695799,0.0623341,0.087485
23.5958,0.0313518,-0.0100765,0.15515,0.710158,-0.695799,0.0623341,0.087485
23.6008,0.0314252,-0.0100636,0.15515,0.709699,-0.696237,0.0624405,0.087652
23.6057,0.0314257,-0.0100665,0.155096,0.709842,-0.696092,0.0624475,0.0876394
23.6108,0.0314345,-0.0101165,0.155077,0.709842,-0.696092,0.0624475,0.0876394
23.6157,0.0315079,-0.0101036,0.155077,0.709829,-0.696074,0.0625934,0.0877825
23.6208,0.0315079,-0.0101036,0.155077,0.709829,-0.696074,0.0625934,0.0877825
23.6258,0.0315084,-0.0101065,0.155022,0.709972,-0.695929,0.0626005,0.08777
23.6308,0.0315172,-0.0101565,0.155003,0.709972,-0.695929,0.0626005,0.08777
23.6357,0.0315177,-0.0101594,0.154949,0.710115,-0.695785,0.0626075,0.0877573
23.6408,0.0315177,-0.0101594,0.154949,0.710115,-0.695785,0.0626075,0.0877573
23.6458,0.0315911,-0.0101464,0.154949,0.710102,-0.695767,0.0627535,0.0879004
23.6508,0.0316,-0.0101964,0.154929,0.709656,-0.696222,0.0627137,0.0879245
23.6558,0.0316005,-0.0101993,0.154875,0.709798,-0.696077,0.0627208,0.087912
23.6608,0.0316005,-0.0101993,0.154875,0.709778,-0.69612,0.0631436,0.0874348
23.6658,0.0316739,-0.0101863,0.154875,0.709786,-0.696059,0.0628667,0.088055
23.6708,0.0316828,-0.0102362,0.154855,0.709786,-0.696059,0.0628667,0.088055
23.6758,0.0316828,-0.0102362,0.154855,0.709786,-0.696059,0.0628667,0.088055
23.6808,0.0316833,-0.0102391,0.154801,0.709908,-0.695957,0.0632967,0.0875654
23.6858,0.0316833,-0.0102391,0.154801,0.709928,-0.695915,0.0628738,0.0880423
23.6908,0.0316833,-0.0102391,0.154801,0.709908,-0.695957,0.0632967,0.0875654
23.6958,0.0316838,-0.010242,0.154746,0.709605,-0.696268,0.0632643,0.0875772
23.7008,0.0316843,-0.0102448,0.154692,0.709747,-0.696123,0.0632715,0.0875646
23.7058,0.0316843,-0.0102448,0.154692,0.709747,-0.696123,0.0632715,0.0875646
23.7108,0.0316848,-0.0102476,0.154638,0.70989,-0.695979,0.0632787,0.0875521
23.7158,0.0316848,-0.0102476,0.154638,0.70989,-0.695979,0.0632787,0.0875521
23.7208,0.0317587,-0.0102373,0.154584,0.71002,-0.695816,0.0634319,0.0876826
23.7258,0.0317676,-0.0102873,0.154564,0.71002,-0.695816,0.0634319,0.0876826
23.7308,0.0317676,-0.0102873,0.154564,0.709574,-0.696271,0.0633922,0.087707
23.7358,0.031841,-0.0102742,0.154564,0.709561,-0.696253,0.0635381,0.0878502
23.7408,0.0318415,-0.0102769,0.15451,0.709704,-0.696109,0.0635454,0.0878376
23.7458,0.0318415,-0.0102769,0.15451,0.709704,-0.696109,0.0635454,0.0878376
23.7508,0.031915,-0.0102638,0.15451,0.709691,-0.696091,0.0636913,0.0879806
23.7558,0.0319155,-0.0102666,0.154455,0.709387,-0.696401,0.0636587,0.0879927
23.7608,0.0319155,-0.0102666,0.154455,0.709387,-0.696401,0.0636587,0.0879927
23.7658,0.0319155,-0.0102666,0.154455,0.709387,-0.696401,0.0636587,0.0879927
23.7708,0.0319894,-0.0102561,0.154401,0.709573,-0.696279,0.0633669,0.0876697
23.7758,0.0319894,-0.0102561,0.154401,0.70907,-0.696694,0.0637719,0.0881479
23.7808,0.0319894,-0.0102561,0.154401,0.70907,-0.696694,0.0637719,0.0881479
23.7858,0.0319894,-0.0102561,0.154401,0.70907,-0.696694,0.0637719,0.0881479
23.7908,0.0319894,-0.0102561,0.154401,0.70907,-0.696694,0.0637719,0.0881479
23.7958,0.0319899,-0.0102588,0.154347,0.709192,-0.696592,0.0642042,0.08766
23.8008,0.0319988,-0.0103088,0.154327,0.709192,-0.696592,0.0642042,0.08766
23.8057,0.0319988,-0.0103088,0.154327,0.70927,-0.69659,0.0633341,0.0876819
23.8108,0.0319988,-0.0103088,0.154327,0.708802,-0.697087,0.0637189,0.087232
23.8158,0.0319988,-0.0103088,0.154327,0.708802,-0.697087,0.0637189,0.087232
23.8208,0.0319988,-0.0103088,0.154327,0.708802,-0.697087,0.0637189,0.087232
23.8258,0.0319988,-0.0103088,0.154327,0.708802,-0.697087,0.0637189,0.087232
23.8308,0.0319988,-0.0103088,0.154327,0.708802,-0.697087,0.0637189,0.087232
23.8358,0.0319988,-0.0103088,0.154327,0.708802,-0.697087,0.0637189,0.087232
23.8408,0.0319988,-0.0103088,0.154327,0.708802,-0.697087,0.0637189,0.087232
23.8458,0.0319993,-0.0103114,0.154273,0.708944,-0.696943,0.0637265,0.0872193
23.8508,0.0320728,-0.0102983,0.154273,0.708931,-0.696925,0.0638722,0.0873626
23.8558,0.0320728,-0.0102983,0.154273,0.708931,-0.696925,0.0638722,0.0873626
23.8608,0.0320817,-0.0103482,0.154253,0.708931,-0.696925,0.0638722,0.0873626
23.8658,0.0320817,-0.0103482,0.154253,0.708931,-0.696925,0.0638722,0.0873626
23.8708,0.0320817,-0.0103482,0.154253,0.708485,-0.69738,0.0638321,0.0873879
23.8758,0.0320817,-0.0103482,0.154253,0.708485,-0.69738,0.0638321,0.0873879
23.8808,0.0320817,-0.0103482,0.154253,0.708485,-0.69738,0.0638321,0.0873879
23.8858,0.0320912,-0.0104007,0.154179,0.708628,-0.697235,0.0638397,0.0873752
23.8908,0.0320912,-0.0104007,0.154179,0.708628,-0.697235,0.0638397,0.0873752
23.8958,0.0320912,-0.0104007,0.154179,0.708628,-0.697235,0.0638397,0.0873752
23.9008,0.0321647,-0.0103875,0.154179,0.708614,-0.697217,0.0639854,0.0875185
23.9058,0.0321647,-0.0103875,0.154179,0.708614,-0.697217,0.0639854,0.0875185
23.9108,0.0321736,-0.0104374,0.154159,0.708614,-0.697217,0.0639854,0.0875185
23.9158,0.0321736,-0.0104374,0.154159,0.708614,-0.697217,0.0639854,0.0875185
23.9208,0.0321736,-0.0104374,0.154159,0.708614,-0.697217,0.0639854,0.0875185
23.9258,0.0321736,-0.0104374,0.154159,0.708614,-0.697217,0.0639854,0.0875185
23.9308,0.0321741,-0.01044,0.154105,0.708311,-0.697527,0.0639528,0.0875312
23.9358,0.0321831,-0.0104899,0.154085,0.708311,-0.697527,0.0639528,0.0875312
23.9407,0.0322566,-0.0104767,0.154085,0.708744,-0.697055,0.0641387,0.0876491
23.9458,0.0322656,-0.0105265,0.154066,0.708297,-0.697509,0.0640985,0.0876746
23.9508,0.0322656,-0.0105265,0.154066,0.708297,-0.697509,0.0640985,0.0876746
23.9557,0.0322656,-0.0105265,0.154066,0.708353,-0.69755,0.0636526,0.0872218
23.9608,0.0322656,-0.0105265,0.154066,0.708353,-0.69755,0.0636526,0.0872218
23.9658,0.0322656,-0.0105265,0.154066,0.708353,-0.69755,0.0636526,0.0872218
23.9708,0.0322746,-0.0105764,0.154046,0.708353,-0.69755,0.0636526,0.0872218
23.9758,0.0322746,-0.0105764,0.154046,0.708353,-0.69755,0.0636526,0.0872218
23.9808,0.0322746,-0.0105764,0.154046,0.708353,-0.69755,0.0636526,0.0872218
23.9861,0.0322746,-0.0105764,0.154046,0.708353,-0.69755,0.0636526,0.0872218
23.9908,0.0322746,-0.0105764,0.154046,0.708353,-0.69755,0.0636526,0.0872218
23.9958,0.0322746,-0.0105764,0.154046,0.708353,-0.69755,0.0636526,0.0872218
24.0009,0.0322836,-0.0106263,0.154026,0.708353,-0.69755,0.0636526,0.0872218
24.0058,0.0322836,-0.0106263,0.154026,0.708353,-0.69755,0.0636526,0.0872218
24.0108,0.0322836,-0.0106263,0.154026,0.708353,-0.69755,0.0636526,0.0872218
24.0158,0.0322836,-0.0106263,0.154026,0.708353,-0.69755,0.0636526,0.0872218
24.0208,0.0322926,-0.0106761,0.154006,0.708353,-0.69755,0.0636526,0.0872218
24.0258,0.0322926,-0.0106761,0.154006,0.708353,-0.69755,0.0636526,0.0872218
24.0308,0.0322926,-0.0106761,0.154006,0.708353,-0.69755,0.0636526,0.0872218
24.0358,0.0322926,-0.0106761,0.154006,0.708353,-0.69755,0.0636526,0.0872218
24.0408,0.0323016,-0.0107259,0.153986,0.708353,-0.69755,0.0636526,0.0872218
24.0458,0.0323016,-0.0107259,0.153986,0.708353,-0.69755,0.0636526,0.0872218
24.0508,0.0323016,-0.0107259,0.153986,0.707906,-0.698004,0.063612,0.0872476
24.0558,0.0323752,-0.0107127,0.153986,0.707893,-0.697987,0.0637576,0.0873911
24.0608,0.0323842,-0.0107625,0.153966,0.707893,-0.697987,0.0637576,0.0873911
24.0658,0.0323842,-0.0107625,0.153966,0.707949,-0.698027,0.0633114,0.0869386
24.0708,0.0323842,-0.0107625,0.153966,0.707949,-0.698027,0.0633114,0.0869386
24.0758,0.0323842,-0.0107625,0.153966,0.707949,-0.698027,0.0633114,0.0869386
24.0808,0.0323932,-0.0108123,0.153946,0.707949,-0.698027,0.0633114,0.0869386
24.0858,0.0323932,-0.0108123,0.153946,0.707949,-0.698027,0.0633114,0.0869386
24.0909,0.0323932,-0.0108123,0.153946,0.707949,-0.698027,0.0633114,0.0869386
24.0958,0.0323932,-0.0108123,0.153946,0.707949,-0.698027,0.0633114,0.0869386
24.1008,0.0324023,-0.0108621,0.153926,0.707949,-0.698027,0.0633114,0.0869386
24.1058,0.0324023,-0.0108621,0.153926,0.707949,-0.698027,0.0633114,0.0869386
24.1108,0.0324023,-0.0108621,0.153926,0.707949,-0.698027,0.0633114,0.0869386
24.1158,0.0324759,-0.0108488,0.153926,0.707936,-0.698009,0.063457,0.0870821
24.1207,0.0324759,-0.0108488,0.153926,0.707936,-0.698009,0.063457,0.0870821
24.1258,0.0324759,-0.0108488,0.153926,0.707936,-0.698009,0.063457,0.0870821
24.1308,0.032485,-0.0108986,0.153906,0.707936,-0.698009,0.063457,0.0870821
24.1358,0.032485,-0.0108986,0.153906,0.707936,-0.698009,0.063457,0.0870821
24.1408,0.032485,-0.0108986,0.153906,0.707936,-0.698009,0.063457,0.0870821
24.1458,0.0325587,-0.0108852,0.153906,0.707923,-0.697991,0.0636025,0.0872256
24.1508,0.0325587,-0.0108852,0.153906,0.707923,-0.697991,0.0636025,0.0872256
24.1558,0.0325587,-0.0108852,0.153906,0.707923,-0.697991,0.0636025,0.0872256
24.1608,0.0325587,-0.0108852,0.153906,0.707923,-0.697991,0.0636025,0.0872256
24.1658,0.0325587,-0.0108852,0.153906,0.707923,-0.697991,0.0636025,0.0872256
24.171,0.0325587,-0.0108852,0.153906,0.707923,-0.697991,0.0636025,0.0872256
24.1758,0.0325587,-0.0108852,0.153906,0.707923,-0.697991,0.0636025,0.0872256
24.1808,0.0325587,-0.0108852,0.153906,0.707923,-0.697991,0.0636025,0.0872256
24.1858,0.0325587,-0.0108852,0.153906,0.707923,-0.697991,0.0636025,0.0872256
24.1908,0.0325587,-0.0108852,0.153906,0.707923,-0.697991,0.0636025,0.0872256
24.1958,0.0325587,-0.0108852,0.153906,0.707923,-0.697991,0.0636025,0.0872256
24.2008,0.0325587,-0.0108852,0.153906,0.707923,-0.697991,0.0636025,0.0872256
24.2058,0.0325587,-0.0108852,0.153906,0.707945,-0.697948,0.0631762,0.0876994
24.2108,0.0325587,-0.0108852,0.153906,0.707945,-0.697948,0.0631762,0.0876994
24.2158,0.0325587,-0.0108852,0.153906,0.707923,-0.697991,0.0636025,0.0872256
24.2208,0.0325587,-0.0108852,0.153906,0.707945,-0.697948,0.0631762,0.0876994
24.2258,0.0325587,-0.0108852,0.153906,0.707923,-0.697991,0.0636025,0.0872256
24.2308,0.0325587,-0.0108852,0.153906,0.707945,-0.697948,0.0631762,0.0876994
24.2358,0.0325587,-0.0108852,0.153906,0.707945,-0.697948,0.0631762,0.0876994
24.2408,0.0325587,-0.0108852,0.153906,0.707945,-0.697948,0.0631762,0.0876994
24.2458,0.0325587,-0.0108852,0.153906,0.707945,-0.697948,0.0631762,0.0876994
24.2508,0.0325587,-0.0108852,0.153906,0.707945,-0.697948,0.0631762,0.0876994
24.2558,0.0325587,-0.0108852,0.153906,0.707945,-0.697948,0.0631762,0.0876994
24.2608,0.0325587,-0.0108852,0.153906,0.707945,-0.697948,0.0631762,0.0876994
24.2658,0.0325587,-0.0108852,0.153906,0.707945,-0.697948,0.0631762,0.0876994
24.2708,0.0325587,-0.0108852,0.153906,0.707945,-0.697948,0.0631762,0.0876994
24.2757,0.0325587,-0.0108852,0.153906,0.707945,-0.697948,0.0631762,0.0876994
24.2808,0.0325587,-0.0108852,0.153906,0.707945,-0.697948,0.0631762,0.0876994
24.2858,0.0325587,-0.0108852,0.153906,0.707945,-0.697948,0.0631762,0.0876994
24.2908,0.0325587,-0.0108852,0.153906,0.707945,-0.697948,0.0631762,0.0876994
24.2958,0.0325587,-0.0108852,0.153906,0.707945,-0.697948,0.0631762,0.0876994
24.3008,0.0325587,-0.0108852,0.153906,0.707945,-0.697948,0.0631762,0.0876994
24.3058,0.0325587,-0.0108852,0.153906,0.707945,-0.697948,0.0631762,0.0876994
24.3108,0.0325591,-0.0108878,0.153852,0.708144,-0.697844,0.062738,0.0872336
24.3158,0.0325591,-0.0108878,0.153852,0.708088,-0.697803,0.0631841,0.0876863
24.3208,0.0325591,-0.0108878,0.153852,0.708144,-0.697844,0.062738,0.0872336
24.3258,0.0325591,-0.0108878,0.153852,0.708144,-0.697844,0.062738,0.0872336
24.3308,0.0325591,-0.0108878,0.153852,0.708088,-0.697803,0.0631841,0.0876863
24.3358,0.0325591,-0.0108878,0.153852,0.708121,-0.697888,0.0631644,0.08676
24.3408,0.0326328,-0.0108744,0.153852,0.708131,-0.697826,0.0628836,0.0873771
24.3458,0.0326328,-0.0108744,0.153852,0.708131,-0.697826,0.0628836,0.0873771
24.3508,0.0326328,-0.0108744,0.153852,0.708131,-0.697826,0.0628836,0.0873771
24.3558,0.0326328,-0.0108744,0.153852,0.708075,-0.697785,0.0633297,0.0878298
24.3608,0.0326328,-0.0108744,0.153852,0.708131,-0.697826,0.0628836,0.0873771
24.3658,0.0326328,-0.0108744,0.153852,0.708131,-0.697826,0.0628836,0.0873771
24.3708,0.0326328,-0.0108744,0.153852,0.708131,-0.697826,0.0628836,0.0873771
24.3758,0.0326328,-0.0108744,0.153852,0.708131,-0.697826,0.0628836,0.0873771
24.3808,0.0326328,-0.0108744,0.153852,0.708108,-0.69787,0.06331,0.0869035
24.3858,0.0326328,-0.0108744,0.153852,0.708131,-0.697826,0.0628836,0.0873771
24.3907,0.0326328,-0.0108744,0.153852,0.708108,-0.69787,0.06331,0.0869035
24.3958,0.0326328,-0.0108744,0.153852,0.708131,-0.697826,0.0628836,0.0873771
24.4008,0.0326333,-0.010877,0.153798,0.708275,-0.697681,0.0628916,0.0873639
24.4058,0.0326333,-0.010877,0.153798,0.708275,-0.697681,0.0628916,0.0873639
24.4108,0.032707,-0.0108636,0.153798,0.708708,-0.697209,0.0630791,0.0874808
24.4158,0.032707,-0.0108636,0.153798,0.708708,-0.697209,0.0630791,0.0874808
24.4208,0.0327161,-0.0109133,0.153778,0.708262,-0.697663,0.0630372,0.0875073
24.4258,0.0327161,-0.0109133,0.153778,0.708262,-0.697663,0.0630372,0.0875073
24.4308,0.0327161,-0.0109133,0.153778,0.708262,-0.697663,0.0630372,0.0875073
24.4358,0.0327161,-0.0109133,0.153778,0.708708,-0.697209,0.0630791,0.0874808
24.4408,0.0327161,-0.0109133,0.153778,0.708262,-0.697663,0.0630372,0.0875073
24.4458,0.0327161,-0.0109133,0.153778,0.708731,-0.697165,0.062653,0.0879546
24.4508,0.0327161,-0.0109133,0.153778,0.708284,-0.697619,0.0626108,0.0879808
24.4558,0.0327161,-0.0109133,0.153778,0.708731,-0.697165,0.062653,0.0879546
24.4608,0.0327161,-0.0109133,0.153778,0.708284,-0.697619,0.0626108,0.0879808
24.4658,0.0327252,-0.0109631,0.153758,0.708284,-0.697619,0.0626108,0.0879808
24.4708,0.0327252,-0.0109631,0.153758,0.708731,-0.697165,0.062653,0.0879546
24.4758,0.0327252,-0.0109631,0.153758,0.708284,-0.697619,0.0626108,0.0879808
24.4808,0.0327252,-0.0109631,0.153758,0.708284,-0.697619,0.0626108,0.0879808
24.4858,0.0327252,-0.0109631,0.153758,0.708731,-0.697165,0.062653,0.0879546
24.4908,0.0327252,-0.0109631,0.153758,0.708731,-0.697165,0.062653,0.0879546
24.4958,0.0327252,-0.0109631,0.153758,0.708284,-0.697619,0.0626108,0.0879808
24.5008,0.0327252,-0.0109631,0.153758,0.708731,-0.697165,0.062653,0.0879546
24.5058,0.0328085,-0.011002,0.153683,0.708861,-0.697002,0.0628066,0.0880845
24.5108,0.0328085,-0.011002,0.153683,0.708861,-0.697002,0.0628066,0.0880845
24.5158,0.0328085,-0.011002,0.153683,0.708415,-0.697457,0.0627643,0.0881108
24.5208,0.0328085,-0.011002,0.153683,0.708861,-0.697002,0.0628066,0.0880845
24.5258,0.0328085,-0.011002,0.153683,0.708861,-0.697002,0.0628066,0.0880845
24.5308,0.0328176,-0.0110517,0.153663,0.708861,-0.697002,0.0628066,0.0880845
24.5357,0.0328176,-0.0110517,0.153663,0.708415,-0.697457,0.0627643,0.0881108
24.5408,0.0328176,-0.0110517,0.153663,0.708415,-0.697457,0.0627643,0.0881108
24.5458,0.0328176,-0.0110517,0.153663,0.708415,-0.697457,0.0627643,0.0881108
24.5508,0.0328176,-0.0110517,0.153663,0.708861,-0.697002,0.0628066,0.0880845
24.5558,0.0328913,-0.0110382,0.153663,0.708402,-0.697439,0.06291,0.0882542
24.5608,0.0328913,-0.0110382,0.153663,0.708402,-0.697439,0.06291,0.0882542
24.5658,0.0329005,-0.0110879,0.153643,0.708402,-0.697439,0.06291,0.0882542
24.5708,0.0329005,-0.0110879,0.153643,0.708848,-0.696984,0.0629523,0.0882278
24.5758,0.0329009,-0.0110905,0.153589,0.708545,-0.697294,0.0629179,0.0882408
24.5808,0.0329009,-0.0110905,0.153589,0.708991,-0.69684,0.0629603,0.0882144
24.5858,0.0329009,-0.0110905,0.153589,0.708991,-0.69684,0.0629603,0.0882144
24.5908,0.0329009,-0.0110905,0.153589,0.708545,-0.697294,0.0629179,0.0882408
24.5958,0.0329747,-0.0110769,0.153589,0.708978,-0.696822,0.063106,0.0883576
24.6008,0.0329752,-0.0110795,0.153535,0.709121,-0.696677,0.063114,0.0883442
24.6058,0.0329752,-0.0110795,0.153535,0.709121,-0.696677,0.063114,0.0883442
24.6108,0.0329752,-0.0110795,0.153535,0.709121,-0.696677,0.063114,0.0883442
24.6158,0.0329843,-0.0111292,0.153515,0.708675,-0.697132,0.0630715,0.0883707
24.6208,0.0329843,-0.0111292,0.153515,0.708675,-0.697132,0.0630715,0.0883707
24.6258,0.0329843,-0.0111292,0.153515,0.708675,-0.697132,0.0630715,0.0883707
24.6308,0.0329843,-0.0111292,0.153515,0.708675,-0.697132,0.0630715,0.0883707
24.6358,0.0329843,-0.0111292,0.153515,0.708675,-0.697132,0.0630715,0.0883707
24.6408,0.0329935,-0.0111789,0.153495,0.709121,-0.696677,0.063114,0.0883442
24.6458,0.0329935,-0.0111789,0.153495,0.708675,-0.697132,0.0630715,0.0883707
24.6508,0.0329935,-0.0111789,0.153495,0.708675,-0.697132,0.0630715,0.0883707
24.6558,0.0329935,-0.0111789,0.153495,0.708675,-0.697132,0.0630715,0.0883707
24.6608,0.0329935,-0.0111789,0.153495,0.708675,-0.697132,0.0630715,0.0883707
24.6658,0.0330026,-0.0112286,0.153474,0.709121,-0.696677,0.063114,0.0883442
24.6708,0.0330026,-0.0112286,0.153474,0.708675,-0.697132,0.0630715,0.0883707
24.6758,0.0330026,-0.0112286,0.153474,0.708675,-0.697132,0.0630715,0.0883707
24.6808,0.0330026,-0.0112286,0.153474,0.708675,-0.697132,0.0630715,0.0883707
24.6858,0.0330026,-0.0112286,0.153474,0.708675,-0.697132,0.0630715,0.0883707
24.6908,0.0330026,-0.0112286,0.153474,0.708675,-0.697132,0.0630715,0.0883707
24.6958,0.0330117,-0.0112783,0.153454,0.708675,-0.697132,0.0630715,0.0883707
24.7008,0.0330117,-0.0112783,0.153454,0.708675,-0.697132,0.0630715,0.0883707
24.7058,0.0330117,-0.0112783,0.153454,0.708675,-0.697132,0.0630715,0.0883707
24.7108,0.0330209,-0.011328,0.153434,0.708675,-0.697132,0.0630715,0.0883707
24.7158,0.0330209,-0.011328,0.153434,0.708731,-0.697172,0.0626259,0.0879177
24.7208,0.03303,-0.0113777,0.153414,0.708754,-0.697127,0.0621992,0.0883909
24.7258,0.03303,-0.0113777,0.153414,0.708731,-0.697172,0.0626259,0.0879177
24.7308,0.0330391,-0.0114274,0.153394,0.708754,-0.697127,0.0621992,0.0883909
24.7358,0.0330391,-0.0114274,0.153394,0.708754,-0.697127,0.0621992,0.0883909
24.7408,0.0330391,-0.0114274,0.153394,0.708754,-0.697127,0.0621992,0.0883909
24.7458,0.0330391,-0.0114274,0.153394,0.708811,-0.697166,0.0617536,0.0879379
24.7508,0.0330483,-0.0114771,0.153373,0.708811,-0.697166,0.0617536,0.0879379
24.7558,0.0330483,-0.0114771,0.153373,0.708811,-0.697166,0.0617536,0.0879379
24.7608,0.0330483,-0.0114771,0.153373,0.708811,-0.697166,0.0617536,0.0879379
24.7658,0.0330574,-0.0115267,0.153353,0.708811,-0.697166,0.0617536,0.0879379
24.7708,0.0330574,-0.0115267,0.153353,0.708811,-0.697166,0.0617536,0.0879379
24.7758,0.0330574,-0.0115267,0.153353,0.708811,-0.697166,0.0617536,0.0879379
24.7808,0.0330665,-0.0115764,0.153333,0.708811,-0.697166,0.0617536,0.0879379
24.7858,0.0330756,-0.011626,0.153313,0.708811,-0.697166,0.0617536,0.0879379
24.7908,0.0330756,-0.011626,0.153313,0.708811,-0.697166,0.0617536,0.0879379
24.7958,0.0330756,-0.011626,0.153313,0.708811,-0.697166,0.0617536,0.0879379
24.8008,0.0330848,-0.0116757,0.153292,0.708811,-0.697166,0.0617536,0.0879379
24.8058,0.0330848,-0.0116757,0.153292,0.708811,-0.697166,0.0617536,0.0879379
24.8108,0.0331588,-0.0116621,0.153292,0.708798,-0.697148,0.0618993,0.0880812
24.8158,0.0331588,-0.0116621,0.153292,0.708798,-0.697148,0.0618993,0.0880812
24.8208,0.0331588,-0.0116621,0.153292,0.708798,-0.697148,0.0618993,0.0880812
24.826,0.0331588,-0.0116621,0.153292,0.708798,-0.697148,0.0618993,0.0880812
24.8308,0.0331679,-0.0117117,0.153272,0.708798,-0.697148,0.0618993,0.0880812
24.8357,0.0331679,-0.0117117,0.153272,0.708798,-0.697148,0.0618993,0.0880812
24.8408,0.0331679,-0.0117117,0.153272,0.708798,-0.697148,0.0618993,0.0880812
24.8458,0.0331679,-0.0117117,0.153272,0.708774,-0.697194,0.062326,0.087608
24.8508,0.0331679,-0.0117117,0.153272,0.708774,-0.697194,0.062326,0.087608
24.8558,0.0331771,-0.0117613,0.153251,0.708774,-0.697194,0.062326,0.087608
24.8608,0.0332511,-0.0117476,0.153251,0.708761,-0.697176,0.0624717,0.0877514
24.8659,0.0332511,-0.0117476,0.153251,0.708761,-0.697176,0.0624717,0.0877514
24.8708,0.0332603,-0.0117973,0.153231,0.708817,-0.697216,0.0620261,0.0872983
24.8758,0.0332607,-0.0117998,0.153177,0.708904,-0.697031,0.0624799,0.0877378
24.8808,0.0332607,-0.0117998,0.153177,0.708904,-0.697031,0.0624799,0.0877378
24.8858,0.0332699,-0.0118494,0.153156,0.708904,-0.697031,0.0624799,0.0877378
24.8908,0.0332704,-0.0118518,0.153102,0.709047,-0.696887,0.0624881,0.087724
24.8958,0.0332704,-0.0118518,0.153102,0.709047,-0.696887,0.0624881,0.087724
24.9008,0.0333536,-0.0118877,0.153082,0.709034,-0.696869,0.0626339,0.0878673
24.9058,0.0333541,-0.0118902,0.153027,0.709177,-0.696725,0.0626422,0.0878535
24.9108,0.0333541,-0.0118902,0.153027,0.709177,-0.696725,0.0626422,0.0878535
24.9158,0.0333633,-0.0119398,0.153007,0.709177,-0.696725,0.0626422,0.0878535
24.9208,0.0333633,-0.0119398,0.153007,0.709177,-0.696725,0.0626422,0.0878535
24.9258,0.0333729,-0.0119918,0.152932,0.709376,-0.69662,0.0622051,0.0873864
24.9308,0.033447,-0.011978,0.152932,0.709363,-0.696602,0.062351,0.0875296
24.9358,0.0334562,-0.0120276,0.152912,0.709363,-0.696602,0.062351,0.0875296
24.9408,0.0334562,-0.0120276,0.152912,0.709363,-0.696602,0.062351,0.0875296
24.9458,0.0334654,-0.0120771,0.152891,0.709307,-0.696562,0.0627962,0.087983
24.9508,0.0335396,-0.0120633,0.152891,0.709326,-0.69663,0.0629238,0.0872
24.9558,0.0335396,-0.0120633,0.152891,0.70927,-0.69659,0.0633691,0.0876534
24.9608,0.0335488,-0.0121129,0.152871,0.708824,-0.697044,0.0633259,0.0876813
24.9658,0.033558,-0.0121624,0.15285,0.70888,-0.697085,0.0628803,0.0872282
24.9708,0.033558,-0.0121624,0.15285,0.708824,-0.697044,0.0633259,0.0876813
24.9758,0.033558,-0.0121624,0.15285,0.70888,-0.697085,0.0628803,0.0872282
24.9808,0.0335672,-0.0122119,0.15283,0.70888,-0.697085,0.0628803,0.0872282
24.9858,0.0335672,-0.0122119,0.15283,0.70888,-0.697085,0.0628803,0.0872282
24.9908,0.0335764,-0.0122615,0.152809,0.70888,-0.697085,0.0628803,0.0872282
24.9958,0.0335764,-0.0122615,0.152809,0.70888,-0.697085,0.0628803,0.0872282
25.0008,0.0335764,-0.0122615,0.152809,0.70888,-0.697085,0.0628803,0.0872282
25.0058,0.0335764,-0.0122615,0.152809,0.70888,-0.697085,0.0628803,0.0872282
25.0108,0.0336507,-0.0122476,0.152809,0.708867,-0.697067,0.0630261,0.0873715
25.0158,0.0336507,-0.0122476,0.152809,0.708867,-0.697067,0.0630261,0.0873715
25.0208,0.0336604,-0.0122995,0.152734,0.708984,-0.696968,0.0634619,0.0868852
25.0259,0.0336604,-0.0122995,0.152734,0.708984,-0.696968,0.0634619,0.0868852
25.0308,0.0336604,-0.0122995,0.152734,0.708984,-0.696968,0.0634619,0.0868852
25.0358,0.0336696,-0.012349,0.152713,0.709009,-0.696922,0.0630346,0.0873578
25.0408,0.0336696,-0.012349,0.152713,0.708984,-0.696968,0.0634619,0.0868852
25.0458,0.0336696,-0.012349,0.152713,0.708984,-0.696968,0.0634619,0.0868852
25.0508,0.0336788,-0.0123985,0.152693,0.708984,-0.696968,0.0634619,0.0868852
25.0558,0.0336788,-0.0123985,0.152693,0.708984,-0.696968,0.0634619,0.0868852
25.0608,0.0336793,-0.0124009,0.152639,0.709127,-0.696824,0.0634706,0.0868714
25.0658,0.0336793,-0.0124009,0.152639,0.709127,-0.696824,0.0634706,0.0868714
25.0708,0.0336793,-0.0124009,0.152639,0.709127,-0.696824,0.0634706,0.0868714
25.0758,0.0336885,-0.0124504,0.152618,0.709127,-0.696824,0.0634706,0.0868714
25.0808,0.0336885,-0.0124504,0.152618,0.709127,-0.696824,0.0634706,0.0868714
25.0858,0.0336885,-0.0124504,0.152618,0.709127,-0.696824,0.0634706,0.0868714
25.0908,0.0336889,-0.0124528,0.152564,0.70927,-0.696679,0.0634792,0.0868577
25.0958,0.0336889,-0.0124528,0.152564,0.70927,-0.696679,0.0634792,0.0868577
25.1008,0.0336981,-0.0125022,0.152543,0.70927,-0.696679,0.0634792,0.0868577
25.1058,0.0336986,-0.0125046,0.152489,0.709413,-0.696535,0.0634878,0.0868439
25.1108,0.0337078,-0.012554,0.152468,0.709468,-0.696575,0.0630425,0.0863905
25.1158,0.0337078,-0.012554,0.152468,0.709413,-0.696535,0.0634878,0.0868439
25.1208,0.0337078,-0.012554,0.152468,0.708967,-0.69699,0.0634445,0.0868723
25.1258,0.033717,-0.0126035,0.152447,0.709022,-0.69703,0.062999,0.0864193
25.1308,0.0337174,-0.0126058,0.152393,0.709109,-0.696845,0.0634531,0.0868587
25.1358,0.0337174,-0.0126058,0.152393,0.709165,-0.696886,0.0630077,0.0864054
25.1408,0.0337266,-0.0126552,0.152372,0.709139,-0.696931,0.0634357,0.0859336
25.1458,0.0337271,-0.0126575,0.152318,0.709308,-0.696741,0.0630164,0.0863916
25.1508,0.0337271,-0.0126575,0.152318,0.709308,-0.696741,0.0630164,0.0863916
25.1558,0.0337363,-0.012707,0.152297,0.709282,-0.696787,0.0634445,0.0859198
25.1608,0.0337363,-0.012707,0.152297,0.709308,-0.696741,0.0630164,0.0863916
25.1658,0.0337459,-0.0127587,0.152222,0.70945,-0.696597,0.0630251,0.0863777
25.1708,0.0338204,-0.0127448,0.152222,0.709437,-0.696579,0.063171,0.0865209
25.1758,0.0338296,-0.0127942,0.152201,0.709412,-0.696625,0.0635991,0.0860493
25.1808,0.0338296,-0.0127942,0.152201,0.709412,-0.696625,0.0635991,0.0860493
25.1858,0.0338388,-0.0128436,0.15218,0.709412,-0.696625,0.0635991,0.0860493
25.1908,0.0338388,-0.0128436,0.15218,0.709412,-0.696625,0.0635991,0.0860493
25.1957,0.0338481,-0.012893,0.152159,0.709437,-0.696579,0.063171,0.0865209
25.2008,0.0339318,-0.0129285,0.152139,0.709424,-0.696561,0.0633168,0.0866642
25.2058,0.0339323,-0.0129307,0.152084,0.709541,-0.696462,0.0637539,0.0861787
25.2108,0.0339415,-0.0129801,0.152063,0.709541,-0.696462,0.0637539,0.0861787
25.2158,0.0339415,-0.0129801,0.152063,0.709541,-0.696462,0.0637539,0.0861787
25.2208,0.0339415,-0.0129801,0.152063,0.709541,-0.696462,0.0637539,0.0861787
25.2258,0.0340253,-0.0130155,0.152042,0.709528,-0.696445,0.0638997,0.0863219
25.2308,0.0340253,-0.0130155,0.152042,0.709528,-0.696445,0.0638997,0.0863219
25.2358,0.0340257,-0.0130177,0.151988,0.709225,-0.696755,0.0638651,0.0863373
25.2408,0.0340257,-0.0130177,0.151988,0.709225,-0.696755,0.0638651,0.0863373
25.2458,0.034035,-0.0130671,0.151967,0.709225,-0.696755,0.0638651,0.0863373
25.2508,0.0340354,-0.0130693,0.151913,0.709367,-0.696611,0.063874,0.0863235
25.2558,0.0340354,-0.0130693,0.151913,0.709367,-0.696611,0.063874,0.0863235
25.2608,0.0340447,-0.0131187,0.151892,0.709367,-0.696611,0.063874,0.0863235
25.2658,0.0341193,-0.0131046,0.151892,0.709354,-0.696593,0.0640199,0.0864667
25.2708,0.0341197,-0.0131068,0.151838,0.709497,-0.696448,0.0640288,0.0864528
25.2758,0.0341197,-0.0131068,0.151838,0.709497,-0.696448,0.0640288,0.0864528
25.2808,0.034129,-0.0131562,0.151817,0.709497,-0.696448,0.0640288,0.0864528
25.2858,0.034129,-0.0131562,0.151817,0.709497,-0.696448,0.0640288,0.0864528
25.2908,0.034204,-0.0131443,0.151762,0.709626,-0.696286,0.0641836,0.0865821
25.2958,0.034204,-0.0131443,0.151762,0.709626,-0.696286,0.0641836,0.0865821
25.3008,0.034204,-0.0131443,0.151762,0.709626,-0.696286,0.0641836,0.0865821
25.3058,0.0342133,-0.0131936,0.151741,0.709626,-0.696286,0.0641836,0.0865821
25.3108,0.0342137,-0.0131958,0.151687,0.709323,-0.696596,0.0641489,0.0865977
25.3158,0.0342137,-0.0131958,0.151687,0.709769,-0.696142,0.0641925,0.0865681
25.3208,0.0342137,-0.0131958,0.151687,0.709323,-0.696596,0.0641489,0.0865977
25.3258,0.034223,-0.0132451,0.151666,0.709323,-0.696596,0.0641489,0.0865977
25.3308,0.034223,-0.0132451,0.151666,0.709323,-0.696596,0.0641489,0.0865977
25.3358,0.034223,-0.0132451,0.151666,0.709323,-0.696596,0.0641489,0.0865977
25.3409,0.0342323,-0.0132944,0.151645,0.709323,-0.696596,0.0641489,0.0865977
25.3458,0.0342323,-0.0132944,0.151645,0.709323,-0.696596,0.0641489,0.0865977
25.3508,0.0342323,-0.0132944,0.151645,0.709323,-0.696596,0.0641489,0.0865977
25.3558,0.0342416,-0.0133437,0.151624,0.709323,-0.696596,0.0641489,0.0865977
25.3608,0.0342416,-0.0133437,0.151624,0.709323,-0.696596,0.0641489,0.0865977
25.3658,0.0342416,-0.0133437,0.151624,0.709323,-0.696596,0.0641489,0.0865977
25.3708,0.0342416,-0.0133437,0.151624,0.709323,-0.696596,0.0641489,0.0865977
25.3758,0.0342509,-0.013393,0.151603,0.708877,-0.697051,0.0641052,0.0866272
25.3808,0.0342509,-0.013393,0.151603,0.709378,-0.696637,0.0637036,0.0861443
25.3858,0.0342513,-0.0133951,0.151549,0.709521,-0.696493,0.0637127,0.0861303
25.3908,0.0342513,-0.0133951,0.151549,0.70902,-0.696907,0.0641142,0.0866132
25.3958,0.0342606,-0.0134444,0.151527,0.709075,-0.696947,0.0636687,0.0861601
25.4008,0.0342606,-0.0134444,0.151527,0.70902,-0.696907,0.0641142,0.0866132
25.4058,0.0342699,-0.0134937,0.151506,0.70902,-0.696907,0.0641142,0.0866132
25.4108,0.0342699,-0.0134937,0.151506,0.709075,-0.696947,0.0636687,0.0861601
25.4158,0.0342699,-0.0134937,0.151506,0.709101,-0.696901,0.063239,0.0866302
25.4208,0.0342791,-0.0135429,0.151485,0.70902,-0.696907,0.0641142,0.0866132
25.4258,0.0342791,-0.0135429,0.151485,0.709075,-0.696947,0.0636687,0.0861601
25.4308,0.0342791,-0.0135429,0.151485,0.709075,-0.696947,0.0636687,0.0861601
25.4358,0.0343539,-0.0135288,0.151485,0.709062,-0.69693,0.0638145,0.0863033
25.4408,0.0343539,-0.0135288,0.151485,0.709088,-0.696883,0.0633848,0.0867735
25.4458,0.0343539,-0.0135288,0.151485,0.709062,-0.69693,0.0638145,0.0863033
25.4508,0.0343539,-0.0135288,0.151485,0.709088,-0.696883,0.0633848,0.0867735
25.4558,0.0343539,-0.0135288,0.151485,0.709088,-0.696883,0.0633848,0.0867735
25.4608,0.0343539,-0.0135288,0.151485,0.709088,-0.696883,0.0633848,0.0867735
25.4658,0.0343539,-0.0135288,0.151485,0.709006,-0.696889,0.06426,0.0867565
25.4708,0.0343632,-0.0135781,0.151464,0.709062,-0.69693,0.0638145,0.0863033
25.4758,0.0343632,-0.0135781,0.151464,0.709062,-0.69693,0.0638145,0.0863033
25.4808,0.0343632,-0.0135781,0.151464,0.709088,-0.696883,0.0633848,0.0867735
25.4859,0.0343632,-0.0135781,0.151464,0.709033,-0.696843,0.0638302,0.0872267
25.4908,0.0343632,-0.0135781,0.151464,0.709062,-0.69693,0.0638145,0.0863033
25.4958,0.0344474,-0.0136132,0.151443,0.709049,-0.696912,0.0639603,0.0864466
25.5008,0.0344474,-0.0136132,0.151443,0.709075,-0.696865,0.0635306,0.0869168
25.5058,0.0344567,-0.0136624,0.151422,0.709049,-0.696912,0.0639603,0.0864466
25.5108,0.0344567,-0.0136624,0.151422,0.709049,-0.696912,0.0639603,0.0864466
25.5158,0.0345315,-0.0136482,0.151422,0.709062,-0.696848,0.0636764,0.0870601
25.5209,0.0345409,-0.0136974,0.1514,0.709062,-0.696848,0.0636764,0.0870601
25.5258,0.0345409,-0.0136974,0.1514,0.709035,-0.696894,0.0641061,0.0865899
25.5308,0.0346157,-0.0136832,0.1514,0.709022,-0.696876,0.0642518,0.0867332
25.5358,0.0346157,-0.0136832,0.1514,0.709049,-0.69683,0.0638222,0.0872033
25.5408,0.0346157,-0.0136832,0.1514,0.709022,-0.696876,0.0642518,0.0867332
25.5458,0.0346251,-0.0137324,0.151379,0.709049,-0.69683,0.0638222,0.0872033
25.5508,0.0347,-0.0137182,0.151379,0.709009,-0.696858,0.0643976,0.0868765
25.5558,0.0347,-0.0137182,0.151379,0.709009,-0.696858,0.0643976,0.0868765
25.5608,0.0347,-0.0137182,0.151379,0.709009,-0.696858,0.0643976,0.0868765
25.5658,0.0347,-0.0137182,0.151379,0.709036,-0.696812,0.0639679,0.0873466
25.5708,0.0347,-0.0137182,0.151379,0.709009,-0.696858,0.0643976,0.0868765
25.5758,0.0347748,-0.0137039,0.151379,0.708996,-0.696841,0.0645434,0.0870197
25.5808,0.0347748,-0.0137039,0.151379,0.708996,-0.696841,0.0645434,0.0870197
25.5858,0.0347846,-0.0137552,0.151304,0.709139,-0.696696,0.0645526,0.0870055
25.5908,0.0347846,-0.0137552,0.151304,0.709139,-0.696696,0.0645526,0.0870055
25.5958,0.0348595,-0.0137409,0.151304,0.709125,-0.696678,0.0646984,0.0871488
25.6008,0.0348595,-0.0137409,0.151304,0.709125,-0.696678,0.0646984,0.0871488
25.6058,0.0348595,-0.0137409,0.151304,0.709125,-0.696678,0.0646984,0.0871488
25.6108,0.0348595,-0.0137409,0.151304,0.709125,-0.696678,0.0646984,0.0871488
25.6158,0.0348599,-0.0137429,0.151249,0.709268,-0.696534,0.0647076,0.0871346
25.6208,0.0348693,-0.0137921,0.151228,0.709268,-0.696534,0.0647076,0.0871346
25.6258,0.0349442,-0.0137778,0.151228,0.709255,-0.696516,0.0648535,0.0872778
25.6308,0.0349442,-0.0137778,0.151228,0.708808,-0.69697,0.0648088,0.0873083
25.6358,0.0349442,-0.0137778,0.151228,0.708808,-0.69697,0.0648088,0.0873083
25.6408,0.0349536,-0.0138269,0.151207,0.709255,-0.696516,0.0648535,0.0872778
25.6458,0.0349536,-0.0138269,0.151207,0.708808,-0.69697,0.0648088,0.0873083
25.6508,0.0349631,-0.0138761,0.151185,0.708808,-0.69697,0.0648088,0.0873083
25.6558,0.0349631,-0.0138761,0.151185,0.708808,-0.69697,0.0648088,0.0873083
25.6608,0.0349725,-0.0139252,0.151164,0.708808,-0.69697,0.0648088,0.0873083
25.6658,0.0349725,-0.0139252,0.151164,0.70931,-0.696557,0.0644083,0.0868244
25.6708,0.0350474,-0.0139108,0.151164,0.709297,-0.696539,0.0645541,0.0869676
25.6758,0.0350569,-0.01396,0.151143,0.709297,-0.696539,0.0645541,0.0869676
25.6808,0.0350569,-0.01396,0.151143,0.708851,-0.696994,0.064509,0.0869985
25.6858,0.0350569,-0.01396,0.151143,0.708851,-0.696994,0.064509,0.0869985
25.6908,0.0350569,-0.01396,0.151143,0.709297,-0.696539,0.0645541,0.0869676
25.6958,0.0350569,-0.01396,0.151143,0.709297,-0.696539,0.0645541,0.0869676
25.7008,0.0351319,-0.0139456,0.151143,0.709284,-0.696521,0.0646999,0.0871108
25.7059,0.0351413,-0.0139947,0.151121,0.709284,-0.696521,0.0646999,0.0871108
25.7109,0.0351413,-0.0139947,0.151121,0.708838,-0.696976,0.0646548,0.0871418
25.7158,0.0351413,-0.0139947,0.151121,0.708893,-0.697017,0.0642093,0.0866887
25.7208,0.0351413,-0.0139947,0.151121,0.708893,-0.697017,0.0642093,0.0866887
25.7258,0.0351413,-0.0139947,0.151121,0.708893,-0.697017,0.0642093,0.0866887
25.7308,0.0351508,-0.0140438,0.1511,0.708893,-0.697017,0.0642093,0.0866887
25.7358,0.0352258,-0.0140293,0.1511,0.70888,-0.696999,0.064355,0.086832
25.7408,0.0352258,-0.0140293,0.1511,0.709326,-0.696545,0.0644005,0.0868007
25.7458,0.0352353,-0.0140784,0.151078,0.70888,-0.696999,0.064355,0.086832
25.7508,0.0353103,-0.0140639,0.151078,0.708867,-0.696981,0.0645007,0.0869753
25.7558,0.0353198,-0.014113,0.151057,0.708867,-0.696981,0.0645007,0.0869753
25.7608,0.0353198,-0.014113,0.151057,0.709313,-0.696527,0.0645464,0.0869439
25.7658,0.0354043,-0.0141476,0.151035,0.708853,-0.696963,0.0646465,0.0871187
25.7708,0.0354043,-0.0141476,0.151035,0.708853,-0.696963,0.0646465,0.0871187
25.7759,0.0354138,-0.0141966,0.151014,0.708853,-0.696963,0.0646465,0.0871187
25.7809,0.0354138,-0.0141966,0.151014,0.708853,-0.696963,0.0646465,0.0871187
25.7858,0.0354889,-0.014182,0.151014,0.70884,-0.696946,0.0647922,0.0872619
25.7908,0.0354889,-0.014182,0.151014,0.70884,-0.696946,0.0647922,0.0872619
25.7958,0.0354984,-0.0142311,0.150992,0.70884,-0.696946,0.0647922,0.0872619
25.8008,0.0354984,-0.0142311,0.150992,0.70884,-0.696946,0.0647922,0.0872619
25.8058,0.0355739,-0.0142186,0.150938,0.709025,-0.696825,0.0645023,0.0869374
25.8109,0.0355739,-0.0142186,0.150938,0.70897,-0.696783,0.0649476,0.0873906
25.8158,0.0355835,-0.0142676,0.150917,0.709025,-0.696825,0.0645023,0.0869374
25.8208,0.0355835,-0.0142676,0.150917,0.709025,-0.696825,0.0645023,0.0869374
25.8258,0.0355839,-0.0142696,0.150862,0.709168,-0.69668,0.064512,0.0869227
25.8308,0.0355839,-0.0142696,0.150862,0.709168,-0.69668,0.064512,0.0869227
25.8358,0.0355934,-0.0143187,0.150841,0.709168,-0.69668,0.064512,0.0869227
25.8408,0.0355934,-0.0143187,0.150841,0.709168,-0.69668,0.064512,0.0869227
25.8458,0.035603,-0.0143677,0.150819,0.709168,-0.69668,0.064512,0.0869227
25.8509,0.035603,-0.0143677,0.150819,0.709168,-0.69668,0.064512,0.0869227
25.8559,0.0356034,-0.0143697,0.150765,0.709311,-0.696536,0.0645218,0.0869079
25.8609,0.0356881,-0.0144041,0.150743,0.709297,-0.696518,0.0646676,0.0870511
25.8658,0.0356881,-0.0144041,0.150743,0.709297,-0.696518,0.0646676,0.0870511
25.8708,0.0356976,-0.0144531,0.150722,0.709297,-0.696518,0.0646676,0.0870511
25.8758,0.0356976,-0.0144531,0.150722,0.709297,-0.696518,0.0646676,0.0870511
25.8808,0.0357076,-0.0145041,0.150646,0.70944,-0.696374,0.0646774,0.0870364
25.8858,0.0357076,-0.0145041,0.150646,0.70944,-0.696374,0.0646774,0.0870364
25.8908,0.0357076,-0.0145041,0.150646,0.70944,-0.696374,0.0646774,0.0870364
25.8958,0.0357172,-0.0145531,0.150624,0.70944,-0.696374,0.0646774,0.0870364
25.9008,0.0357172,-0.0145531,0.150624,0.70944,-0.696374,0.0646774,0.0870364
25.9058,0.0357267,-0.014602,0.150602,0.70944,-0.696374,0.0646774,0.0870364
25.9108,0.0357267,-0.014602,0.150602,0.70944,-0.696374,0.0646774,0.0870364
25.9158,0.0357363,-0.014651,0.150581,0.70944,-0.696374,0.0646774,0.0870364
25.9208,0.0357363,-0.014651,0.150581,0.70944,-0.696374,0.0646774,0.0870364
25.9258,0.0357459,-0.0147,0.150559,0.709496,-0.696415,0.0642323,0.0865829
25.9308,0.0357459,-0.0147,0.150559,0.709496,-0.696415,0.0642323,0.0865829
25.9359,0.0357554,-0.0147489,0.150537,0.709496,-0.696415,0.0642323,0.0865829
25.9408,0.0357554,-0.0147489,0.150537,0.709496,-0.696415,0.0642323,0.0865829
25.9458,0.0357554,-0.0147489,0.150537,0.70905,-0.696869,0.0641857,0.0866153
25.9508,0.035765,-0.0147979,0.150516,0.70905,-0.696869,0.0641857,0.0866153
25.9559,0.0357745,-0.0148468,0.150494,0.709496,-0.696415,0.0642323,0.0865829
25.9608,0.0357745,-0.0148468,0.150494,0.70902,-0.696918,0.0646164,0.0861464
25.9658,0.0357841,-0.0148957,0.150472,0.709496,-0.696415,0.0642323,0.0865829
25.9708,0.0357936,-0.0149447,0.15045,0.709496,-0.696415,0.0642323,0.0865829
25.9758,0.0357936,-0.0149447,0.15045,0.709105,-0.69691,0.0637403,0.086162
25.9808,0.0358032,-0.0149936,0.150428,0.709551,-0.696456,0.0637871,0.0861294
25.9858,0.0358032,-0.0149936,0.150428,0.709551,-0.696456,0.0637871,0.0861294
25.9908,0.0358127,-0.0150425,0.150406,0.709105,-0.69691,0.0637403,0.086162
25.9958,0.0358127,-0.0150425,0.150406,0.709551,-0.696456,0.0637871,0.0861294
26.0008,0.0358127,-0.0150425,0.150406,0.709105,-0.69691,0.0637403,0.086162
26.0058,0.0358127,-0.0150425,0.150406,0.709551,-0.696456,0.0637871,0.0861294
26.0108,0.0358227,-0.0150933,0.15033,0.709693,-0.696311,0.0637971,0.0861144
26.0158,0.0358227,-0.0150933,0.15033,0.709247,-0.696766,0.0637503,0.0861471
26.0208,0.0358231,-0.0150953,0.150276,0.70939,-0.696622,0.0637602,0.0861322
26.0258,0.0359081,-0.0151294,0.150254,0.709823,-0.696149,0.063953,0.0862426
26.0308,0.0359084,-0.0151313,0.1502,0.70952,-0.696459,0.0639161,0.0862604
26.0358,0.0359084,-0.0151313,0.1502,0.70952,-0.696459,0.0639161,0.0862604
26.0408,0.0359088,-0.0151333,0.150145,0.709662,-0.696315,0.0639261,0.0862454
26.0458,0.0359184,-0.0151821,0.150124,0.709662,-0.696315,0.0639261,0.0862454
26.0508,0.0359184,-0.0151821,0.150124,0.709662,-0.696315,0.0639261,0.0862454
26.0558,0.0359283,-0.0152329,0.150047,0.709805,-0.696171,0.0639361,0.0862304
26.0608,0.0359283,-0.0152329,0.150047,0.709805,-0.696171,0.0639361,0.0862304
26.0658,0.0359382,-0.0152836,0.149971,0.709947,-0.696026,0.0639461,0.0862154
26.0708,0.0360137,-0.0152688,0.149971,0.709544,-0.696504,0.0635999,0.0859379
26.0758,0.0360233,-0.0153176,0.149949,0.709989,-0.696049,0.0636472,0.0859047
26.0808,0.0360233,-0.0153176,0.149949,0.709989,-0.696049,0.0636472,0.0859047
26.0859,0.0360233,-0.0153176,0.149949,0.709544,-0.696504,0.0635999,0.0859379
26.0909,0.0360233,-0.0153176,0.149949,0.709544,-0.696504,0.0635999,0.0859379
26.0958,0.0360329,-0.0153665,0.149927,0.709544,-0.696504,0.0635999,0.0859379
26.101,0.0360329,-0.0153665,0.149927,0.709544,-0.696504,0.0635999,0.0859379
26.1059,0.0360425,-0.0154153,0.149905,0.709544,-0.696504,0.0635999,0.0859379
26.1108,0.0360425,-0.0154153,0.149905,0.709544,-0.696504,0.0635999,0.0859379
26.1158,0.0360428,-0.0154171,0.149851,0.709631,-0.696319,0.0640551,0.0863764
26.1208,0.0360428,-0.0154171,0.149851,0.709631,-0.696319,0.0640551,0.0863764
26.1258,0.0360524,-0.0154659,0.149829,0.709686,-0.696359,0.06361,0.0859228
26.1308,0.0360524,-0.0154659,0.149829,0.709631,-0.696319,0.0640551,0.0863764
26.1359,0.036062,-0.0155148,0.149807,0.709686,-0.696359,0.06361,0.0859228
26.1408,0.036062,-0.0155148,0.149807,0.709631,-0.696319,0.0640551,0.0863764
26.1458,0.0360715,-0.0155636,0.149785,0.709631,-0.696319,0.0640551,0.0863764
26.1508,0.0360715,-0.0155636,0.149785,0.709631,-0.696319,0.0640551,0.0863764
26.1558,0.0360811,-0.0156123,0.149762,0.709686,-0.696359,0.06361,0.0859228
26.1608,0.0360811,-0.0156123,0.149762,0.709686,-0.696359,0.06361,0.0859228
26.1658,0.0360811,-0.0156123,0.149762,0.709631,-0.696319,0.0640551,0.0863764
26.1709,0.0360811,-0.0156123,0.149762,0.709631,-0.696319,0.0640551,0.0863764
26.1758,0.0360811,-0.0156123,0.149762,0.709686,-0.696359,0.06361,0.0859228
26.1808,0.0361571,-0.0155993,0.149708,0.709761,-0.696156,0.0642111,0.0865045
26.1859,0.0361667,-0.0156481,0.149686,0.709761,-0.696156,0.0642111,0.0865045
26.1908,0.0361667,-0.0156481,0.149686,0.709761,-0.696156,0.0642111,0.0865045
26.1958,0.0361671,-0.0156499,0.149632,0.709958,-0.696053,0.0637763,0.0860357
26.2008,0.0361671,-0.0156499,0.149632,0.709903,-0.696012,0.0642211,0.0864894
26.2058,0.0361671,-0.0156499,0.149632,0.709958,-0.696053,0.0637763,0.0860357
26.2108,0.0361766,-0.0156986,0.14961,0.709903,-0.696012,0.0642211,0.0864894
26.2158,0.036177,-0.0157004,0.149555,0.710046,-0.695868,0.0642312,0.0864744
26.2209,0.036177,-0.0157004,0.149555,0.710046,-0.695868,0.0642312,0.0864744
26.2259,0.0362527,-0.0156855,0.149555,0.710088,-0.695891,0.0639324,0.0861636
26.2309,0.0362527,-0.0156855,0.149555,0.710032,-0.69585,0.0643772,0.0866175
26.2359,0.0362623,-0.0157343,0.149533,0.710032,-0.69585,0.0643772,0.0866175
26.2408,0.0362623,-0.0157343,0.149533,0.710032,-0.69585,0.0643772,0.0866175
26.2459,0.0362623,-0.0157343,0.149533,0.710032,-0.69585,0.0643772,0.0866175
26.2509,0.0362623,-0.0157343,0.149533,0.710088,-0.695891,0.0639324,0.0861636
26.2559,0.0362719,-0.015783,0.149511,0.710032,-0.69585,0.0643772,0.0866175
26.2608,0.0362719,-0.015783,0.149511,0.709587,-0.696304,0.06433,0.0866505
26.2658,0.0362719,-0.015783,0.149511,0.709587,-0.696304,0.06433,0.0866505
26.2709,0.0362719,-0.015783,0.149511,0.710032,-0.69585,0.0643772,0.0866175
26.276,0.0363476,-0.0157681,0.149511,0.709574,-0.696287,0.0644759,0.0867937
26.2809,0.0363476,-0.0157681,0.149511,0.710019,-0.695832,0.0645232,0.0867605
26.2859,0.0363476,-0.0157681,0.149511,0.709574,-0.696287,0.0644759,0.0867937
26.2908,0.0363476,-0.0157681,0.149511,0.709574,-0.696287,0.0644759,0.0867937
26.2958,0.0364233,-0.0157531,0.149511,0.70956,-0.696269,0.0646218,0.0869368
26.3009,0.0364233,-0.0157531,0.149511,0.70956,-0.696269,0.0646218,0.0869368
26.3059,0.0364233,-0.0157531,0.149511,0.70956,-0.696269,0.0646218,0.0869368
26.3109,0.0364233,-0.0157531,0.149511,0.70956,-0.696269,0.0646218,0.0869368
26.3158,0.0364233,-0.0157531,0.149511,0.709616,-0.69631,0.0641768,0.0864833
26.3208,0.0364233,-0.0157531,0.149511,0.70956,-0.696269,0.0646218,0.0869368
26.3258,0.036499,-0.0157381,0.149511,0.709547,-0.696251,0.0647677,0.08708
26.3309,0.036499,-0.0157381,0.149511,0.709547,-0.696251,0.0647677,0.08708
26.3359,0.036499,-0.0157381,0.149511,0.709547,-0.696251,0.0647677,0.08708
26.3408,0.036499,-0.0157381,0.149511,0.709603,-0.696292,0.0643226,0.0866264
26.3459,0.036499,-0.0157381,0.149511,0.709603,-0.696292,0.0643226,0.0866264
26.3509,0.0365747,-0.0157231,0.149511,0.709534,-0.696233,0.0649136,0.0872231
26.3558,0.0365747,-0.0157231,0.149511,0.709534,-0.696233,0.0649136,0.0872231
26.3608,0.0365747,-0.0157231,0.149511,0.709589,-0.696274,0.0644685,0.0867696
26.3658,0.0365747,-0.0157231,0.149511,0.709589,-0.696274,0.0644685,0.0867696
26.3708,0.0365747,-0.0157231,0.149511,0.709589,-0.696274,0.0644685,0.0867696
26.3758,0.0365747,-0.0157231,0.149511,0.709589,-0.696274,0.0644685,0.0867696
26.3808,0.0365747,-0.0157231,0.149511,0.709589,-0.696274,0.0644685,0.0867696
26.3859,0.0365747,-0.0157231,0.149511,0.709589,-0.696274,0.0644685,0.0867696
26.3908,0.0365747,-0.0157231,0.149511,0.709589,-0.696274,0.0644685,0.0867696
26.3958,0.0365747,-0.0157231,0.149511,0.709589,-0.696274,0.0644685,0.0867696
26.4009,0.0365747,-0.0157231,0.149511,0.709589,-0.696274,0.0644685,0.0867696
26.4058,0.0365747,-0.0157231,0.149511,0.70962,-0.696224,0.0640364,0.0872369
26.4108,0.0365747,-0.0157231,0.149511,0.709589,-0.696274,0.0644685,0.0867696
26.4159,0.0365747,-0.0157231,0.149511,0.709589,-0.696274,0.0644685,0.0867696
26.4209,0.0365747,-0.0157231,0.149511,0.70962,-0.696224,0.0640364,0.0872369
26.4259,0.0365747,-0.0157231,0.149511,0.70962,-0.696224,0.0640364,0.0872369
26.4308,0.0365747,-0.0157231,0.149511,0.70962,-0.696224,0.0640364,0.0872369
26.4359,0.0365747,-0.0157231,0.149511,0.70962,-0.696224,0.0640364,0.0872369
26.4409,0.0365747,-0.0157231,0.149511,0.70962,-0.696224,0.0640364,0.0872369
26.4458,0.0365747,-0.0157231,0.149511,0.70962,-0.696224,0.0640364,0.0872369
26.4509,0.0365747,-0.0157231,0.149511,0.70962,-0.696224,0.0640364,0.0872369
26.4558,0.0365747,-0.0157231,0.149511,0.70962,-0.696224,0.0640364,0.0872369
26.4608,0.0365747,-0.0157231,0.149511,0.70962,-0.696224,0.0640364,0.0872369
26.4659,0.0365747,-0.0157231,0.149511,0.70962,-0.696224,0.0640364,0.0872369
26.471,0.0365747,-0.0157231,0.149511,0.70962,-0.696224,0.0640364,0.0872369
26.4759,0.0365747,-0.0157231,0.149511,0.70962,-0.696224,0.0640364,0.0872369
26.4809,0.0365747,-0.0157231,0.149511,0.70962,-0.696224,0.0640364,0.0872369
26.4858,0.0365747,-0.0157231,0.149511,0.70962,-0.696224,0.0640364,0.0872369
26.4908,0.0365747,-0.0157231,0.149511,0.70962,-0.696224,0.0640364,0.0872369
26.4959,0.0365747,-0.0157231,0.149511,0.70962,-0.696224,0.0640364,0.0872369
26.5009,0.0365747,-0.0157231,0.149511,0.709651,-0.696174,0.0636043,0.0877042
26.5059,0.0365747,-0.0157231,0.149511,0.709651,-0.696174,0.0636043,0.0877042
26.5109,0.0365844,-0.0157718,0.149489,0.709651,-0.696174,0.0636043,0.0877042
26.5159,0.0365844,-0.0157718,0.149489,0.709651,-0.696174,0.0636043,0.0877042
26.5208,0.0365844,-0.0157718,0.149489,0.709651,-0.696174,0.0636043,0.0877042
26.5258,0.036594,-0.0158206,0.149466,0.709681,-0.696124,0.0631722,0.0881715
26.5308,0.036594,-0.0158206,0.149466,0.709681,-0.696124,0.0631722,0.0881715
26.5359,0.036594,-0.0158206,0.149466,0.709681,-0.696124,0.0631722,0.0881715
26.5408,0.0366037,-0.0158693,0.149444,0.709681,-0.696124,0.0631722,0.0881715
26.5459,0.0366037,-0.0158693,0.149444,0.709711,-0.696073,0.06274,0.0886388
26.5509,0.0366134,-0.0159179,0.149422,0.709711,-0.696073,0.06274,0.0886388
26.5559,0.0366134,-0.0159179,0.149422,0.709711,-0.696073,0.06274,0.0886388
26.5608,0.0366134,-0.0159179,0.149422,0.709711,-0.696073,0.06274,0.0886388
26.5658,0.0366134,-0.0159179,0.149422,0.709711,-0.696073,0.06274,0.0886388
26.5708,0.0366134,-0.0159179,0.149422,0.709711,-0.696073,0.06274,0.0886388
26.5758,0.0366134,-0.0159179,0.149422,0.709711,-0.696073,0.06274,0.0886388
26.5809,0.0366231,-0.0159666,0.1494,0.709711,-0.696073,0.06274,0.0886388
26.5859,0.0366231,-0.0159666,0.1494,0.70974,-0.696022,0.0623078,0.089106
26.5909,0.0366231,-0.0159666,0.1494,0.70974,-0.696022,0.0623078,0.089106
26.5958,0.0366231,-0.0159666,0.1494,0.70974,-0.696022,0.0623078,0.089106
26.6008,0.0366231,-0.0159666,0.1494,0.70974,-0.696022,0.0623078,0.089106
26.6058,0.0366231,-0.0159666,0.1494,0.70974,-0.696022,0.0623078,0.089106
26.6108,0.0366327,-0.0160153,0.149377,0.70974,-0.696022,0.0623078,0.089106
26.6159,0.0366327,-0.0160153,0.149377,0.70977,-0.69597,0.0618756,0.0895731
26.6209,0.0366327,-0.0160153,0.149377,0.70977,-0.69597,0.0618756,0.0895731
26.6258,0.0366327,-0.0160153,0.149377,0.709324,-0.696425,0.061826,0.0896052
26.6309,0.0366424,-0.016064,0.149355,0.70977,-0.69597,0.0618756,0.0895731
26.6358,0.0366424,-0.016064,0.149355,0.70977,-0.69597,0.0618756,0.0895731
26.6408,0.0366424,-0.016064,0.149355,0.70977,-0.69597,0.0618756,0.0895731
26.6458,0.0366424,-0.016064,0.149355,0.709799,-0.695919,0.0614433,0.0900402
26.6508,0.0366424,-0.016064,0.149355,0.709799,-0.695919,0.0614433,0.0900402
26.6558,0.0366424,-0.016064,0.149355,0.709799,-0.695919,0.0614433,0.0900402
26.6608,0.0366521,-0.0161126,0.149333,0.709799,-0.695919,0.0614433,0.0900402
26.6659,0.0366521,-0.0161126,0.149333,0.709799,-0.695919,0.0614433,0.0900402
26.6709,0.0366521,-0.0161126,0.149333,0.709799,-0.695919,0.0614433,0.0900402
26.6759,0.0366521,-0.0161126,0.149333,0.709799,-0.695919,0.0614433,0.0900402
26.6809,0.0366521,-0.0161126,0.149333,0.709799,-0.695919,0.0614433,0.0900402
26.6859,0.0366521,-0.0161126,0.149333,0.709799,-0.695919,0.0614433,0.0900402
26.6908,0.0366617,-0.0161613,0.14931,0.709799,-0.695919,0.0614433,0.0900402
26.6959,0.0366617,-0.0161613,0.14931,0.709353,-0.696373,0.0613934,0.090072
26.7009,0.0366617,-0.0161613,0.14931,0.709799,-0.695919,0.0614433,0.0900402
26.7059,0.0366617,-0.0161613,0.14931,0.709353,-0.696373,0.0613934,0.090072
26.7109,0.0366617,-0.0161613,0.14931,0.709353,-0.696373,0.0613934,0.090072
26.7159,0.0366617,-0.0161613,0.14931,0.709799,-0.695919,0.0614433,0.0900402
26.7209,0.0366617,-0.0161613,0.14931,0.709799,-0.695919,0.0614433,0.0900402
26.7258,0.0366617,-0.0161613,0.14931,0.709353,-0.696373,0.0613934,0.090072
26.7309,0.0366617,-0.0161613,0.14931,0.709353,-0.696373,0.0613934,0.090072
26.7359,0.0366617,-0.0161613,0.14931,0.709353,-0.696373,0.0613934,0.090072
26.7409,0.0366617,-0.0161613,0.14931,0.709353,-0.696373,0.0613934,0.090072
26.7458,0.0366617,-0.0161613,0.14931,0.709353,-0.696373,0.0613934,0.090072
26.7509,0.0366617,-0.0161613,0.14931,0.709353,-0.696373,0.0613934,0.090072
26.7559,0.0366617,-0.0161613,0.14931,0.709353,-0.696373,0.0613934,0.090072
26.7608,0.0366714,-0.0162099,0.149288,0.709353,-0.696373,0.0613934,0.090072
26.7659,0.0366714,-0.0162099,0.149288,0.709353,-0.696373,0.0613934,0.090072
26.7709,0.0366714,-0.0162099,0.149288,0.709382,-0.696321,0.0609608,0.0905388
26.7759,0.0366714,-0.0162099,0.149288,0.709353,-0.696373,0.0613934,0.090072
26.7809,0.0366811,-0.0162586,0.149266,0.709353,-0.696373,0.0613934,0.090072
26.7859,0.0366811,-0.0162586,0.149266,0.709353,-0.696373,0.0613934,0.090072
26.7908,0.0366811,-0.0162586,0.149266,0.709353,-0.696373,0.0613934,0.090072
26.7959,0.0366811,-0.0162586,0.149266,0.709382,-0.696321,0.0609608,0.0905388
26.8009,0.0366811,-0.0162586,0.149266,0.709353,-0.696373,0.0613934,0.090072
26.8059,0.0366811,-0.0162586,0.149266,0.709353,-0.696373,0.0613934,0.090072
26.8108,0.0366811,-0.0162586,0.149266,0.709382,-0.696321,0.0609608,0.0905388
26.8159,0.0366811,-0.0162586,0.149266,0.709353,-0.696373,0.0613934,0.090072
26.8209,0.0366811,-0.0162586,0.149266,0.709353,-0.696373,0.0613934,0.090072
26.8258,0.0366811,-0.0162586,0.149266,0.709353,-0.696373,0.0613934,0.090072
26.8308,0.0366811,-0.0162586,0.149266,0.709353,-0.696373,0.0613934,0.090072
26.8359,0.0366907,-0.0163072,0.149243,0.709353,-0.696373,0.0613934,0.090072
26.8409,0.0366907,-0.0163072,0.149243,0.709353,-0.696373,0.0613934,0.090072
26.8458,0.0366907,-0.0163072,0.149243,0.709799,-0.695919,0.0614433,0.0900402
26.8509,0.0366907,-0.0163072,0.149243,0.709353,-0.696373,0.0613934,0.090072
26.8559,0.0366907,-0.0163072,0.149243,0.709799,-0.695919,0.0614433,0.0900402
26.8609,0.0366907,-0.0163072,0.149243,0.709799,-0.695919,0.0614433,0.0900402
26.8659,0.0366907,-0.0163072,0.149243,0.709353,-0.696373,0.0613934,0.090072
26.8709,0.0366907,-0.0163072,0.149243,0.709353,-0.696373,0.0613934,0.090072
26.8758,0.0366907,-0.0163072,0.149243,0.709799,-0.695919,0.0614433,0.0900402
26.8808,0.0367004,-0.0163558,0.149221,0.709353,-0.696373,0.0613934,0.090072
26.8859,0.0367763,-0.0163407,0.149221,0.709341,-0.696355,0.0615393,0.0902152
26.8909,0.0367763,-0.0163407,0.149221,0.709341,-0.696355,0.0615393,0.0902152
26.8958,0.0367763,-0.0163407,0.149221,0.709341,-0.696355,0.0615393,0.0902152
26.9009,0.036786,-0.0163893,0.149198,0.709341,-0.696355,0.0615393,0.0902152
26.9058,0.036786,-0.0163893,0.149198,0.709341,-0.696355,0.0615393,0.0902152
26.9109,0.036862,-0.0163741,0.149198,0.709774,-0.695882,0.0617352,0.0903264
26.9159,0.036862,-0.0163741,0.149198,0.709328,-0.696336,0.0616851,0.0903583
26.9208,0.036862,-0.0163741,0.149198,0.709328,-0.696336,0.0616851,0.0903583
26.9259,0.0368717,-0.0164227,0.149176,0.709328,-0.696336,0.0616851,0.0903583
26.9308,0.0368717,-0.0164227,0.149176,0.709328,-0.696336,0.0616851,0.0903583
26.9358,0.0368717,-0.0164227,0.149176,0.709357,-0.696284,0.0612525,0.0908251
26.9408,0.0368814,-0.0164713,0.149153,0.709328,-0.696336,0.0616851,0.0903583
26.9459,0.0368814,-0.0164713,0.149153,0.709328,-0.696336,0.0616851,0.0903583
26.9509,0.0368814,-0.0164713,0.149153,0.709328,-0.696336,0.0616851,0.0903583
26.9559,0.0368911,-0.0165199,0.149131,0.709328,-0.696336,0.0616851,0.0903583
26.9609,0.0368911,-0.0165199,0.149131,0.709328,-0.696336,0.0616851,0.0903583
26.9658,0.0368911,-0.0165199,0.149131,0.709774,-0.695882,0.0617352,0.0903264
26.9709,0.0369008,-0.0165684,0.149108,0.709774,-0.695882,0.0617352,0.0903264
26.9758,0.0369008,-0.0165684,0.149108,0.709328,-0.696336,0.0616851,0.0903583
26.9808,0.0369008,-0.0165684,0.149108,0.709774,-0.695882,0.0617352,0.0903264
26.9859,0.0369768,-0.0165533,0.149108,0.709761,-0.695863,0.0618811,0.0904695
26.9909,0.0369768,-0.0165533,0.149108,0.709761,-0.695863,0.0618811,0.0904695
26.9959,0.0369768,-0.0165533,0.149108,0.709761,-0.695863,0.0618811,0.0904695
27.001,0.0369768,-0.0165533,0.149108,0.709761,-0.695863,0.0618811,0.0904695
27.0058,0.0369768,-0.0165533,0.149108,0.709761,-0.695863,0.0618811,0.0904695
27.0109,0.0369768,-0.0165533,0.149108,0.709761,-0.695863,0.0618811,0.0904695
27.0159,0.0369768,-0.0165533,0.149108,0.709761,-0.695863,0.0618811,0.0904695
27.0209,0.0369768,-0.0165533,0.149108,0.709761,-0.695863,0.0618811,0.0904695
27.0259,0.0369768,-0.0165533,0.149108,0.709761,-0.695863,0.0618811,0.0904695
27.0309,0.0369768,-0.0165533,0.149108,0.709761,-0.695863,0.0618811,0.0904695
27.0359,0.0369768,-0.0165533,0.149108,0.709761,-0.695863,0.0618811,0.0904695
27.0409,0.0369768,-0.0165533,0.149108,0.709761,-0.695863,0.0618811,0.0904695
27.0458,0.0369768,-0.0165533,0.149108,0.709761,-0.695863,0.0618811,0.0904695
27.0509,0.0369865,-0.0166018,0.149086,0.709761,-0.695863,0.0618811,0.0904695
27.0559,0.0369865,-0.0166018,0.149086,0.709761,-0.695863,0.0618811,0.0904695
27.0609,0.0369962,-0.0166503,0.149063,0.709761,-0.695863,0.0618811,0.0904695
27.0659,0.0369962,-0.0166503,0.149063,0.709761,-0.695863,0.0618811,0.0904695
27.0709,0.0369962,-0.0166503,0.149063,0.709761,-0.695863,0.0618811,0.0904695
27.0759,0.0369962,-0.0166503,0.149063,0.709761,-0.695863,0.0618811,0.0904695
27.0809,0.0369962,-0.0166503,0.149063,0.709761,-0.695863,0.0618811,0.0904695
27.0859,0.0370059,-0.0166989,0.14904,0.709761,-0.695863,0.0618811,0.0904695
27.0909,0.0370059,-0.0166989,0.14904,0.709761,-0.695863,0.0618811,0.0904695
27.0959,0.0370059,-0.0166989,0.14904,0.709761,-0.695863,0.0618811,0.0904695
27.1009,0.0370059,-0.0166989,0.14904,0.709761,-0.695863,0.0618811,0.0904695
27.1059,0.0370059,-0.0166989,0.14904,0.709761,-0.695863,0.0618811,0.0904695
27.1109,0.0370059,-0.0166989,0.14904,0.709761,-0.695863,0.0618811,0.0904695
27.1159,0.0370156,-0.0167474,0.149018,0.709761,-0.695863,0.0618811,0.0904695
27.1209,0.0370156,-0.0167474,0.149018,0.709761,-0.695863,0.0618811,0.0904695
27.1259,0.0370253,-0.0167959,0.148995,0.709761,-0.695863,0.0618811,0.0904695
27.1309,0.0370253,-0.0167959,0.148995,0.709761,-0.695863,0.0618811,0.0904695
27.1359,0.037035,-0.0168444,0.148972,0.709761,-0.695863,0.0618811,0.0904695
27.1408,0.037035,-0.0168444,0.148972,0.709761,-0.695863,0.0618811,0.0904695
27.1459,0.0370447,-0.0168929,0.14895,0.709761,-0.695863,0.0618811,0.0904695
27.1508,0.0370447,-0.0168929,0.14895,0.709761,-0.695863,0.0618811,0.0904695
27.1559,0.0370447,-0.0168929,0.14895,0.709761,-0.695863,0.0618811,0.0904695
27.1609,0.0370447,-0.0168929,0.14895,0.709761,-0.695863,0.0618811,0.0904695
27.1659,0.0370544,-0.0169414,0.148927,0.709761,-0.695863,0.0618811,0.0904695
27.1709,0.0370544,-0.0169414,0.148927,0.709761,-0.695863,0.0618811,0.0904695
27.1759,0.0370544,-0.0169414,0.148927,0.709761,-0.695863,0.0618811,0.0904695
27.1809,0.0370544,-0.0169414,0.148927,0.709761,-0.695863,0.0618811,0.0904695
27.1859,0.0370544,-0.0169414,0.148927,0.709819,-0.695903,0.0614363,0.0900157
27.1909,0.0370544,-0.0169414,0.148927,0.709761,-0.695863,0.0618811,0.0904695
27.1958,0.0370544,-0.0169414,0.148927,0.709761,-0.695863,0.0618811,0.0904695
27.2009,0.0370544,-0.0169414,0.148927,0.709761,-0.695863,0.0618811,0.0904695
27.2059,0.0370641,-0.0169899,0.148904,0.709819,-0.695903,0.0614363,0.0900157
27.2109,0.0370641,-0.0169899,0.148904,0.709819,-0.695903,0.0614363,0.0900157
27.2159,0.0370641,-0.0169899,0.148904,0.709819,-0.695903,0.0614363,0.0900157
27.2209,0.0370641,-0.0169899,0.148904,0.709761,-0.695863,0.0618811,0.0904695
27.2258,0.0370641,-0.0169899,0.148904,0.709819,-0.695903,0.0614363,0.0900157
27.2309,0.0370738,-0.0170383,0.148882,0.709819,-0.695903,0.0614363,0.0900157
27.2359,0.0370738,-0.0170383,0.148882,0.709819,-0.695903,0.0614363,0.0900157
27.2409,0.0370738,-0.0170383,0.148882,0.709819,-0.695903,0.0614363,0.0900157
27.2459,0.0370738,-0.0170383,0.148882,0.709819,-0.695903,0.0614363,0.0900157
27.2509,0.0370738,-0.0170383,0.148882,0.709819,-0.695903,0.0614363,0.0900157
27.2559,0.0370738,-0.0170383,0.148882,0.709819,-0.695903,0.0614363,0.0900157
27.2609,0.0370838,-0.0170885,0.148804,0.709961,-0.695758,0.0614461,0.0899997
27.2659,0.0370838,-0.0170885,0.148804,0.709961,-0.695758,0.0614461,0.0899997
27.2709,0.0370838,-0.0170885,0.148804,0.709961,-0.695758,0.0614461,0.0899997
27.2758,0.0370935,-0.017137,0.148782,0.709516,-0.696213,0.0613957,0.090032
27.2809,0.0370935,-0.017137,0.148782,0.709516,-0.696213,0.0613957,0.090032
27.2859,0.0370935,-0.017137,0.148782,0.709516,-0.696213,0.0613957,0.090032
27.2909,0.0371032,-0.0171854,0.148759,0.709516,-0.696213,0.0613957,0.090032
27.2959,0.0371032,-0.0171854,0.148759,0.709516,-0.696213,0.0613957,0.090032
27.3008,0.0371129,-0.0172338,0.148736,0.709516,-0.696213,0.0613957,0.090032
27.3059,0.0371129,-0.0172338,0.148736,0.709516,-0.696213,0.0613957,0.090032
27.3109,0.0371129,-0.0172338,0.148736,0.709516,-0.696213,0.0613957,0.090032
27.3159,0.0371129,-0.0172338,0.148736,0.709516,-0.696213,0.0613957,0.090032
27.3212,0.0371129,-0.0172338,0.148736,0.709516,-0.696213,0.0613957,0.090032
27.3259,0.0371226,-0.0172823,0.148713,0.709516,-0.696213,0.0613957,0.090032
27.3309,0.0371226,-0.0172823,0.148713,0.709516,-0.696213,0.0613957,0.090032
27.3359,0.0371226,-0.0172823,0.148713,0.709516,-0.696213,0.0613957,0.090032
27.3409,0.0371226,-0.0172823,0.148713,0.709516,-0.696213,0.0613957,0.090032
27.3459,0.0371226,-0.0172823,0.148713,0.709516,-0.696213,0.0613957,0.090032
27.3509,0.0371226,-0.0172823,0.148713,0.709516,-0.696213,0.0613957,0.090032
27.3559,0.0371323,-0.0173307,0.14869,0.709516,-0.696213,0.0613957,0.090032
27.3609,0.0371323,-0.0173307,0.14869,0.709516,-0.696213,0.0613957,0.090032
27.3659,0.0371323,-0.0173307,0.14869,0.709516,-0.696213,0.0613957,0.090032
27.3709,0.0371323,-0.0173307,0.14869,0.709516,-0.696213,0.0613957,0.090032
27.3759,0.0371323,-0.0173307,0.14869,0.709516,-0.696213,0.0613957,0.090032
27.3809,0.0371419,-0.0173791,0.148667,0.709516,-0.696213,0.0613957,0.090032
27.3859,0.0371419,-0.0173791,0.148667,0.709516,-0.696213,0.0613957,0.090032
27.3909,0.0371419,-0.0173791,0.148667,0.709516,-0.696213,0.0613957,0.090032
27.3959,0.0371516,-0.0174275,0.148644,0.709516,-0.696213,0.0613957,0.090032
27.4009,0.0371516,-0.0174275,0.148644,0.709516,-0.696213,0.0613957,0.090032
27.4059,0.0371516,-0.0174275,0.148644,0.709486,-0.696265,0.0618283,0.0895653
27.4109,0.0371613,-0.0174759,0.148622,0.709486,-0.696265,0.0618283,0.0895653
27.4159,0.0371613,-0.0174759,0.148622,0.709486,-0.696265,0.0618283,0.0895653
27.4209,0.0372377,-0.0174606,0.148622,0.709473,-0.696246,0.0619741,0.0897086
27.4259,0.0372474,-0.0175089,0.148599,0.709473,-0.696246,0.0619741,0.0897086
27.4309,0.0372474,-0.0175089,0.148599,0.709473,-0.696246,0.0619741,0.0897086
27.4359,0.0372474,-0.0175089,0.148599,0.709531,-0.696286,0.0615291,0.089255
27.4408,0.0372474,-0.0175089,0.148599,0.709531,-0.696286,0.0615291,0.089255
27.4459,0.0372477,-0.0175107,0.148544,0.709643,-0.696194,0.0619718,0.0887722
27.4509,0.0372477,-0.0175107,0.148544,0.709643,-0.696194,0.0619718,0.0887722
27.4559,0.0372477,-0.0175107,0.148544,0.709673,-0.696142,0.0615391,0.0892388
27.4608,0.0372477,-0.0175107,0.148544,0.709673,-0.696142,0.0615391,0.0892388
27.4659,0.0372481,-0.0175124,0.14849,0.709785,-0.69605,0.0619819,0.0887562
27.4709,0.0372481,-0.0175124,0.14849,0.709785,-0.69605,0.0619819,0.0887562
27.4759,0.0372481,-0.0175124,0.14849,0.709785,-0.69605,0.0619819,0.0887562
27.4809,0.0372578,-0.0175607,0.148467,0.709785,-0.69605,0.0619819,0.0887562
27.4859,0.0372578,-0.0175607,0.148467,0.709785,-0.69605,0.0619819,0.0887562
27.4909,0.0372578,-0.0175607,0.148467,0.709785,-0.69605,0.0619819,0.0887562
27.4959,0.0372675,-0.0176091,0.148444,0.709785,-0.69605,0.0619819,0.0887562
27.5009,0.0372675,-0.0176091,0.148444,0.709785,-0.69605,0.0619819,0.0887562
27.5059,0.0372771,-0.0176574,0.148421,0.709785,-0.69605,0.0619819,0.0887562
27.5109,0.0372771,-0.0176574,0.148421,0.709785,-0.69605,0.0619819,0.0887562
27.5159,0.0372771,-0.0176574,0.148421,0.709785,-0.69605,0.0619819,0.0887562
27.5209,0.0372868,-0.0177058,0.148398,0.709785,-0.69605,0.0619819,0.0887562
27.5259,0.0372868,-0.0177058,0.148398,0.709785,-0.69605,0.0619819,0.0887562
27.5309,0.037373,-0.0177387,0.148375,0.709773,-0.696031,0.0621278,0.0888993
27.5359,0.037373,-0.0177387,0.148375,0.709773,-0.696031,0.0621278,0.0888993
27.5409,0.0373827,-0.017787,0.148352,0.709773,-0.696031,0.0621278,0.0888993
27.5459,0.0373827,-0.017787,0.148352,0.709773,-0.696031,0.0621278,0.0888993
27.5509,0.0373827,-0.017787,0.148352,0.709773,-0.696031,0.0621278,0.0888993
27.5559,0.0373827,-0.017787,0.148352,0.709773,-0.696031,0.0621278,0.0888993
27.5609,0.0373924,-0.0178353,0.148329,0.709773,-0.696031,0.0621278,0.0888993
27.5658,0.0373924,-0.0178353,0.148329,0.709773,-0.696031,0.0621278,0.0888993
27.5709,0.0373924,-0.0178353,0.148329,0.709773,-0.696031,0.0621278,0.0888993
27.5759,0.0373924,-0.0178353,0.148329,0.709773,-0.696031,0.0621278,0.0888993
27.5809,0.0374021,-0.0178836,0.148306,0.709773,-0.696031,0.0621278,0.0888993
27.5859,0.0374021,-0.0178836,0.148306,0.709773,-0.696031,0.0621278,0.0888993
27.5908,0.0374021,-0.0178836,0.148306,0.709773,-0.696031,0.0621278,0.0888993
27.5958,0.0374118,-0.0179319,0.148282,0.709773,-0.696031,0.0621278,0.0888993
27.6009,0.0374884,-0.0179165,0.148282,0.70976,-0.696013,0.0622737,0.0890424
27.6059,0.0374982,-0.0179648,0.148259,0.70976,-0.696013,0.0622737,0.0890424
27.6108,0.0374982,-0.0179648,0.148259,0.70976,-0.696013,0.0622737,0.0890424
27.6159,0.0374982,-0.0179648,0.148259,0.70976,-0.696013,0.0622737,0.0890424
27.6209,0.0375079,-0.0180131,0.148236,0.70976,-0.696013,0.0622737,0.0890424
27.6259,0.0375079,-0.0180131,0.148236,0.70976,-0.696013,0.0622737,0.0890424
27.6309,0.0375176,-0.0180613,0.148213,0.70976,-0.696013,0.0622737,0.0890424
27.6359,0.0375176,-0.0180613,0.148213,0.70976,-0.696013,0.0622737,0.0890424
27.6409,0.0375176,-0.0180613,0.148213,0.70976,-0.696013,0.0622737,0.0890424
27.6459,0.0375176,-0.0180613,0.148213,0.70976,-0.696013,0.0622737,0.0890424
27.6509,0.0375176,-0.0180613,0.148213,0.70976,-0.696013,0.0622737,0.0890424
27.6559,0.0375273,-0.0181096,0.14819,0.70976,-0.696013,0.0622737,0.0890424
27.6608,0.0375273,-0.0181096,0.14819,0.70976,-0.696013,0.0622737,0.0890424
27.6659,0.0375273,-0.0181096,0.14819,0.70976,-0.696013,0.0622737,0.0890424
27.6709,0.0375273,-0.0181096,0.14819,0.70976,-0.696013,0.0622737,0.0890424
27.6759,0.037537,-0.0181578,0.148167,0.70976,-0.696013,0.0622737,0.0890424
27.6809,0.037537,-0.0181578,0.148167,0.70976,-0.696013,0.0622737,0.0890424
27.6859,0.037537,-0.0181578,0.148167,0.70976,-0.696013,0.0622737,0.0890424
27.6909,0.037537,-0.0181578,0.148167,0.70976,-0.696013,0.0622737,0.0890424
27.6959,0.0375373,-0.0181595,0.148112,0.709902,-0.695869,0.0622839,0.0890263
27.7009,0.037547,-0.0182077,0.148089,0.709902,-0.695869,0.0622839,0.0890263
27.7058,0.037547,-0.0182077,0.148089,0.709902,-0.695869,0.0622839,0.0890263
27.7109,0.037547,-0.0182077,0.148089,0.709902,-0.695869,0.0622839,0.0890263
27.7159,0.0375567,-0.0182559,0.148066,0.709902,-0.695869,0.0622839,0.0890263
27.7209,0.0375567,-0.0182559,0.148066,0.709902,-0.695869,0.0622839,0.0890263
27.7259,0.0375567,-0.0182559,0.148066,0.709902,-0.695869,0.0622839,0.0890263
27.7309,0.0375567,-0.0182559,0.148066,0.709933,-0.695816,0.0618511,0.0894927
27.7359,0.0375664,-0.0183041,0.148042,0.709902,-0.695869,0.0622839,0.0890263
27.7409,0.0375664,-0.0183041,0.148042,0.709902,-0.695869,0.0622839,0.0890263
27.7459,0.0376432,-0.0182887,0.148042,0.70989,-0.695851,0.0624299,0.0891694
27.7509,0.0376529,-0.0183368,0.148019,0.70989,-0.695851,0.0624299,0.0891694
27.7559,0.0376529,-0.0183368,0.148019,0.70989,-0.695851,0.0624299,0.0891694
27.7611,0.0376529,-0.0183368,0.148019,0.70989,-0.695851,0.0624299,0.0891694
27.7659,0.0376626,-0.018385,0.147996,0.70989,-0.695851,0.0624299,0.0891694
27.7709,0.0376626,-0.018385,0.147996,0.70992,-0.695798,0.0619971,0.0896358
27.7759,0.0376626,-0.018385,0.147996,0.70989,-0.695851,0.0624299,0.0891694
27.7809,0.0376626,-0.018385,0.147996,0.70989,-0.695851,0.0624299,0.0891694
27.7859,0.0376626,-0.018385,0.147996,0.70989,-0.695851,0.0624299,0.0891694
27.7909,0.0377491,-0.0184177,0.147972,0.709877,-0.695832,0.0625758,0.0893124
27.7959,0.0377491,-0.0184177,0.147972,0.709877,-0.695832,0.0625758,0.0893124
27.8009,0.0377491,-0.0184177,0.147972,0.709877,-0.695832,0.0625758,0.0893124
27.8058,0.0377491,-0.0184177,0.147972,0.709877,-0.695832,0.0625758,0.0893124
27.8109,0.0377491,-0.0184177,0.147972,0.709877,-0.695832,0.0625758,0.0893124
27.8159,0.0377491,-0.0184177,0.147972,0.709877,-0.695832,0.0625758,0.0893124
27.8208,0.0377495,-0.0184194,0.147918,0.710019,-0.695688,0.0625861,0.0892963
27.8259,0.0377495,-0.0184194,0.147918,0.710019,-0.695688,0.0625861,0.0892963
27.8309,0.0377495,-0.0184194,0.147918,0.710019,-0.695688,0.0625861,0.0892963
27.8359,0.0377495,-0.0184194,0.147918,0.710019,-0.695688,0.0625861,0.0892963
27.8409,0.0377592,-0.0184675,0.147895,0.710019,-0.695688,0.0625861,0.0892963
27.8459,0.0377592,-0.0184675,0.147895,0.710019,-0.695688,0.0625861,0.0892963
27.8509,0.0377592,-0.0184675,0.147895,0.710019,-0.695688,0.0625861,0.0892963
27.8559,0.0377592,-0.0184675,0.147895,0.710019,-0.695688,0.0625861,0.0892963
27.8609,0.0377592,-0.0184675,0.147895,0.710019,-0.695688,0.0625861,0.0892963
27.8659,0.0377693,-0.0185173,0.147817,0.710162,-0.695544,0.0625963,0.0892801
27.8709,0.0377693,-0.0185173,0.147817,0.710162,-0.695544,0.0625963,0.0892801
27.8759,0.0377693,-0.0185173,0.147817,0.710162,-0.695544,0.0625963,0.0892801
27.8809,0.0377693,-0.0185173,0.147817,0.710162,-0.695544,0.0625963,0.0892801
27.8859,0.037779,-0.0185655,0.147794,0.710162,-0.695544,0.0625963,0.0892801
27.8909,0.037779,-0.0185655,0.147794,0.710162,-0.695544,0.0625963,0.0892801
27.8959,0.037779,-0.0185655,0.147794,0.710162,-0.695544,0.0625963,0.0892801
27.9009,0.0377887,-0.0186136,0.14777,0.710193,-0.695491,0.0621634,0.0897463
27.9059,0.0377891,-0.0186152,0.147716,0.710304,-0.695399,0.0626066,0.0892639
27.9109,0.0377891,-0.0186152,0.147716,0.710304,-0.695399,0.0626066,0.0892639
27.9159,0.0377891,-0.0186152,0.147716,0.709859,-0.695854,0.062556,0.0892976
27.9209,0.0377891,-0.0186152,0.147716,0.709859,-0.695854,0.062556,0.0892976
27.9259,0.0377894,-0.0186168,0.147662,0.710002,-0.69571,0.0625663,0.0892814
27.9309,0.0377991,-0.0186649,0.147638,0.710002,-0.69571,0.0625663,0.0892814
27.9359,0.0377991,-0.0186649,0.147638,0.710002,-0.69571,0.0625663,0.0892814
27.9409,0.0377994,-0.0186665,0.147584,0.710144,-0.695565,0.0625765,0.0892653
27.9459,0.0378092,-0.0187146,0.14756,0.710144,-0.695565,0.0625765,0.0892653
27.9509,0.0378095,-0.0187162,0.147506,0.710287,-0.695421,0.0625868,0.0892491
27.9559,0.0378095,-0.0187162,0.147506,0.710287,-0.695421,0.0625868,0.0892491
27.9609,0.0378192,-0.0187643,0.147482,0.710287,-0.695421,0.0625868,0.0892491
27.9659,0.0378192,-0.0187643,0.147482,0.710287,-0.695421,0.0625868,0.0892491
27.9709,0.0378195,-0.0187658,0.147428,0.710429,-0.695276,0.062597,0.0892329
27.9759,0.0378195,-0.0187658,0.147428,0.710429,-0.695276,0.062597,0.0892329
27.9809,0.0378292,-0.0188139,0.147405,0.709984,-0.695731,0.0625464,0.0892666
27.9859,0.0378292,-0.0188139,0.147405,0.710429,-0.695276,0.062597,0.0892329
27.9909,0.0378292,-0.0188139,0.147405,0.710429,-0.695276,0.062597,0.0892329
27.9959,0.0378393,-0.0188635,0.147327,0.710127,-0.695587,0.0625567,0.0892504
28.0009,0.0378393,-0.0188635,0.147327,0.710127,-0.695587,0.0625567,0.0892504
28.0059,0.0379162,-0.0188479,0.147327,0.710114,-0.695568,0.0627027,0.0893934
28.0109,0.037926,-0.018896,0.147303,0.710114,-0.695568,0.0627027,0.0893934
28.0159,0.037926,-0.018896,0.147303,0.710114,-0.695568,0.0627027,0.0893934
28.0209,0.0379263,-0.0188975,0.147249,0.710256,-0.695424,0.062713,0.0893772
28.0259,0.037936,-0.0189455,0.147225,0.710256,-0.695424,0.062713,0.0893772
28.0309,0.037936,-0.0189455,0.147225,0.710256,-0.695424,0.062713,0.0893772
28.0358,0.0380133,-0.0189314,0.147171,0.710386,-0.695261,0.0628693,0.089504
28.0409,0.0380231,-0.0189794,0.147147,0.710386,-0.695261,0.0628693,0.089504
28.0459,0.0380231,-0.0189794,0.147147,0.710386,-0.695261,0.0628693,0.089504
28.0509,0.0380231,-0.0189794,0.147147,0.710386,-0.695261,0.0628693,0.089504
28.0559,0.0380234,-0.0189809,0.147093,0.710528,-0.695117,0.0628796,0.0894877
28.0609,0.0380331,-0.0190289,0.14707,0.710528,-0.695117,0.0628796,0.0894877
28.0659,0.0381102,-0.0190133,0.14707,0.710515,-0.695099,0.0630257,0.0896306
28.0709,0.0381105,-0.0190147,0.147015,0.710213,-0.695409,0.0629852,0.0896483
28.0759,0.0381202,-0.0190627,0.146992,0.710213,-0.695409,0.0629852,0.0896483
28.0809,0.0381202,-0.0190627,0.146992,0.710213,-0.695409,0.0629852,0.0896483
28.0859,0.0381976,-0.0190484,0.146937,0.710342,-0.695246,0.0631416,0.089775
28.0909,0.0381976,-0.0190484,0.146937,0.710342,-0.695246,0.0631416,0.089775
28.0959,0.0382074,-0.0190965,0.146914,0.710311,-0.695299,0.0635765,0.0893105
28.1009,0.0382074,-0.0190965,0.146914,0.710311,-0.695299,0.0635765,0.0893105
28.1059,0.0382844,-0.0190807,0.146914,0.710329,-0.695228,0.0632877,0.0899179
28.1109,0.0382945,-0.0191301,0.146836,0.71044,-0.695136,0.063733,0.0894372
28.1159,0.0383716,-0.0191143,0.146836,0.710427,-0.695117,0.0638791,0.0895802
28.1209,0.0383716,-0.0191143,0.146836,0.710427,-0.695117,0.0638791,0.0895802
28.1259,0.0383814,-0.0191623,0.146812,0.710427,-0.695117,0.0638791,0.0895802
28.1309,0.0384585,-0.0191465,0.146812,0.710414,-0.695099,0.0640251,0.0897231
28.1359,0.0384684,-0.0191945,0.146788,0.710414,-0.695099,0.0640251,0.0897231
28.1409,0.0384684,-0.0191945,0.146788,0.710414,-0.695099,0.0640251,0.0897231
28.1459,0.0384684,-0.0191945,0.146788,0.710414,-0.695099,0.0640251,0.0897231
28.1509,0.0384684,-0.0191945,0.146788,0.710414,-0.695099,0.0640251,0.0897231
28.1559,0.0384684,-0.0191945,0.146788,0.710414,-0.695099,0.0640251,0.0897231
28.1609,0.0384684,-0.0191945,0.146788,0.710414,-0.695099,0.0640251,0.0897231
28.1659,0.0384684,-0.0191945,0.146788,0.710414,-0.695099,0.0640251,0.0897231
28.1709,0.0384684,-0.0191945,0.146788,0.710414,-0.695099,0.0640251,0.0897231
28.1759,0.0384684,-0.0191945,0.146788,0.710414,-0.695099,0.0640251,0.0897231
28.1809,0.0384684,-0.0191945,0.146788,0.710414,-0.695099,0.0640251,0.0897231
28.1859,0.0384684,-0.0191945,0.146788,0.710414,-0.695099,0.0640251,0.0897231
28.1909,0.0384684,-0.0191945,0.146788,0.710414,-0.695099,0.0640251,0.0897231
28.1959,0.0384684,-0.0191945,0.146788,0.710414,-0.695099,0.0640251,0.0897231
28.2009,0.0384684,-0.0191945,0.146788,0.710414,-0.695099,0.0640251,0.0897231
28.2059,0.0384684,-0.0191945,0.146788,0.710414,-0.695099,0.0640251,0.0897231
28.2109,0.0384684,-0.0191945,0.146788,0.710414,-0.695099,0.0640251,0.0897231
28.2159,0.0384684,-0.0191945,0.146788,0.710414,-0.695099,0.0640251,0.0897231
28.2209,0.0384684,-0.0191945,0.146788,0.710414,-0.695099,0.0640251,0.0897231
28.2259,0.0384684,-0.0191945,0.146788,0.709969,-0.695554,0.0639743,0.0897576
28.2309,0.0384684,-0.0191945,0.146788,0.710414,-0.695099,0.0640251,0.0897231
28.2359,0.0384684,-0.0191945,0.146788,0.709969,-0.695554,0.0639743,0.0897576
28.2409,0.0384782,-0.0192425,0.146764,0.710414,-0.695099,0.0640251,0.0897231
28.2459,0.0384782,-0.0192425,0.146764,0.710414,-0.695099,0.0640251,0.0897231
28.2509,0.0384785,-0.0192438,0.14671,0.710111,-0.695409,0.0639848,0.0897414
28.2559,0.0384785,-0.0192438,0.14671,0.710111,-0.695409,0.0639848,0.0897414
28.2609,0.0384785,-0.0192438,0.14671,0.710111,-0.695409,0.0639848,0.0897414
28.2659,0.0384788,-0.0192452,0.146656,0.710254,-0.695265,0.0639954,0.089725
28.2709,0.0384886,-0.0192931,0.146632,0.710254,-0.695265,0.0639954,0.089725
28.2759,0.0384886,-0.0192931,0.146632,0.710254,-0.695265,0.0639954,0.089725
28.2809,0.0384886,-0.0192931,0.146632,0.710254,-0.695265,0.0639954,0.089725
28.2859,0.0384886,-0.0192931,0.146632,0.710254,-0.695265,0.0639954,0.089725
28.2909,0.0384886,-0.0192931,0.146632,0.710254,-0.695265,0.0639954,0.089725
28.2959,0.0384984,-0.0193411,0.146608,0.710254,-0.695265,0.0639954,0.089725
28.301,0.0384984,-0.0193411,0.146608,0.710254,-0.695265,0.0639954,0.089725
28.3059,0.0385083,-0.019389,0.146584,0.710254,-0.695265,0.0639954,0.089725
28.3109,0.0385083,-0.019389,0.146584,0.710254,-0.695265,0.0639954,0.089725
28.3159,0.0385181,-0.0194369,0.146561,0.710254,-0.695265,0.0639954,0.089725
28.3209,0.0385953,-0.0194211,0.146561,0.710241,-0.695247,0.0641414,0.089868
28.3259,0.0385953,-0.0194211,0.146561,0.710241,-0.695247,0.0641414,0.089868
28.3309,0.0386052,-0.019469,0.146537,0.710241,-0.695247,0.0641414,0.089868
28.3359,0.0386052,-0.019469,0.146537,0.710241,-0.695247,0.0641414,0.089868
28.3409,0.0386052,-0.019469,0.146537,0.710241,-0.695247,0.0641414,0.089868
28.3459,0.0386052,-0.019469,0.146537,0.710241,-0.695247,0.0641414,0.089868
28.3509,0.0386054,-0.0194703,0.146482,0.710383,-0.695102,0.064152,0.0898516
28.356,0.0386153,-0.0195182,0.146459,0.710383,-0.695102,0.064152,0.0898516
28.3609,0.0386153,-0.0195182,0.146459,0.710383,-0.695102,0.064152,0.0898516
28.3659,0.0386928,-0.0195036,0.146404,0.710512,-0.694939,0.0643086,0.0899782
28.3709,0.0386928,-0.0195036,0.146404,0.710512,-0.694939,0.0643086,0.0899782
28.3759,0.0387026,-0.0195515,0.14638,0.710512,-0.694939,0.0643086,0.0899782
28.3809,0.0387026,-0.0195515,0.14638,0.710512,-0.694939,0.0643086,0.0899782
28.3859,0.0387802,-0.0195368,0.146326,0.710197,-0.695231,0.0644142,0.0901395
28.3909,0.0387901,-0.0195847,0.146302,0.710197,-0.695231,0.0644142,0.0901395
28.3959,0.0387903,-0.0195859,0.146248,0.710339,-0.695087,0.0644249,0.0901231
28.4009,0.0388002,-0.0196338,0.146224,0.710339,-0.695087,0.0644249,0.0901231
28.4059,0.0388004,-0.019635,0.14617,0.710481,-0.694942,0.0644355,0.0901068
28.4109,0.0388004,-0.019635,0.14617,0.710481,-0.694942,0.0644355,0.0901068
28.4159,0.0388103,-0.0196829,0.146146,0.710481,-0.694942,0.0644355,0.0901068
28.4209,0.0388876,-0.0196669,0.146146,0.710468,-0.694924,0.0645816,0.0902496
28.4259,0.0388978,-0.019716,0.146067,0.710611,-0.694779,0.0645923,0.0902331
28.4309,0.0388978,-0.019716,0.146067,0.710611,-0.694779,0.0645923,0.0902331
28.4359,0.038985,-0.0197478,0.146043,0.710597,-0.694761,0.0647384,0.090376
28.4409,0.038985,-0.0197478,0.146043,0.710597,-0.694761,0.0647384,0.090376
28.4459,0.0389949,-0.0197956,0.14602,0.710597,-0.694761,0.0647384,0.090376
28.4509,0.0390723,-0.0197796,0.14602,0.710139,-0.695197,0.0648331,0.0905539
28.4559,0.0390825,-0.0198285,0.145941,0.710282,-0.695053,0.0648438,0.0905374
28.4609,0.0390924,-0.0198763,0.145917,0.710282,-0.695053,0.0648438,0.0905374
28.4659,0.0391698,-0.0198602,0.145917,0.710268,-0.695034,0.0649899,0.0906803
28.4709,0.0391797,-0.019908,0.145893,0.710268,-0.695034,0.0649899,0.0906803
28.476,0.03918,-0.0199092,0.145839,0.710378,-0.694943,0.0654373,0.0902013
28.4809,0.03918,-0.0199092,0.145839,0.710411,-0.69489,0.0650006,0.0906638
28.4859,0.0391899,-0.019957,0.145815,0.710411,-0.69489,0.0650006,0.0906638
28.4909,0.0391899,-0.019957,0.145815,0.710411,-0.69489,0.0650006,0.0906638
28.4959,0.0391999,-0.0200047,0.145791,0.710411,-0.69489,0.0650006,0.0906638
28.5009,0.0392098,-0.0200525,0.145766,0.710411,-0.69489,0.0650006,0.0906638
28.5059,0.0392098,-0.0200525,0.145766,0.710378,-0.694943,0.0654373,0.0902013
28.5109,0.0392098,-0.0200525,0.145766,0.710378,-0.694943,0.0654373,0.0902013
28.5159,0.03922,-0.0201014,0.145688,0.71052,-0.694798,0.0654482,0.0901848
28.5209,0.03922,-0.0201014,0.145688,0.71052,-0.694798,0.0654482,0.0901848
28.5259,0.0392299,-0.0201491,0.145664,0.710075,-0.695253,0.065397,0.0902203
28.5309,0.0392299,-0.0201491,0.145664,0.710075,-0.695253,0.065397,0.0902203
28.5359,0.0393074,-0.0201329,0.145664,0.710062,-0.695234,0.065543,0.0903632
28.5409,0.0393174,-0.0201807,0.14564,0.710062,-0.695234,0.065543,0.0903632
28.5459,0.0393176,-0.0201818,0.145585,0.710204,-0.69509,0.0655539,0.0903468
28.5509,0.0393176,-0.0201818,0.145585,0.710204,-0.69509,0.0655539,0.0903468
28.5559,0.0393275,-0.0202295,0.145561,0.710204,-0.69509,0.0655539,0.0903468
28.5609,0.0393275,-0.0202295,0.145561,0.710204,-0.69509,0.0655539,0.0903468
28.5659,0.0393375,-0.0202772,0.145537,0.710204,-0.69509,0.0655539,0.0903468
28.5709,0.0393375,-0.0202772,0.145537,0.710204,-0.69509,0.0655539,0.0903468
28.5759,0.0393474,-0.0203249,0.145513,0.710204,-0.69509,0.0655539,0.0903468
28.5809,0.0393474,-0.0203249,0.145513,0.710204,-0.69509,0.0655539,0.0903468
28.5859,0.0393474,-0.0203249,0.145513,0.710204,-0.69509,0.0655539,0.0903468
28.5909,0.0393474,-0.0203249,0.145513,0.710204,-0.69509,0.0655539,0.0903468
28.5959,0.0393474,-0.0203249,0.145513,0.710204,-0.69509,0.0655539,0.0903468
28.6009,0.0393574,-0.0203726,0.145488,0.710204,-0.69509,0.0655539,0.0903468
28.6059,0.0393574,-0.0203726,0.145488,0.710204,-0.69509,0.0655539,0.0903468
28.6109,0.0393574,-0.0203726,0.145488,0.710204,-0.69509,0.0655539,0.0903468
28.6159,0.0393574,-0.0203726,0.145488,0.710204,-0.69509,0.0655539,0.0903468
28.6209,0.0394449,-0.020404,0.145464,0.710191,-0.695072,0.0656999,0.0904896
28.6259,0.0394449,-0.020404,0.145464,0.710248,-0.695113,0.0652556,0.0900357
28.6309,0.0394449,-0.020404,0.145464,0.710157,-0.695124,0.066137,0.0900276
28.6359,0.0394449,-0.020404,0.145464,0.710191,-0.695072,0.0656999,0.0904896
28.6409,0.0394549,-0.0204517,0.14544,0.709746,-0.695526,0.0656485,0.0905253
28.6459,0.0394549,-0.0204517,0.14544,0.709803,-0.695568,0.0652039,0.0900716
28.6509,0.0394549,-0.0204517,0.14544,0.709769,-0.695621,0.0656413,0.0896098
28.6559,0.0394549,-0.0204517,0.14544,0.709769,-0.695621,0.0656413,0.0896098
28.6609,0.0394649,-0.0204993,0.145416,0.709746,-0.695526,0.0656485,0.0905253
28.6659,0.0394649,-0.0204993,0.145416,0.709712,-0.695579,0.066086,0.0900635
28.6709,0.0394649,-0.0204993,0.145416,0.709769,-0.695621,0.0656413,0.0896098
28.6759,0.0394649,-0.0204993,0.145416,0.709769,-0.695621,0.0656413,0.0896098
28.6809,0.0394649,-0.0204993,0.145416,0.709803,-0.695568,0.0652039,0.0900716
28.686,0.0394649,-0.0204993,0.145416,0.709769,-0.695621,0.0656413,0.0896098
28.6909,0.0394748,-0.020547,0.145391,0.709769,-0.695621,0.0656413,0.0896098
28.6959,0.0394748,-0.020547,0.145391,0.709769,-0.695621,0.0656413,0.0896098
28.7009,0.0394748,-0.020547,0.145391,0.710214,-0.695166,0.0656927,0.0895737
28.7059,0.0394748,-0.020547,0.145391,0.709769,-0.695621,0.0656413,0.0896098
28.7109,0.0394848,-0.0205946,0.145367,0.709769,-0.695621,0.0656413,0.0896098
28.7159,0.0394848,-0.0205946,0.145367,0.709769,-0.695621,0.0656413,0.0896098
28.7209,0.0394848,-0.0205946,0.145367,0.709769,-0.695621,0.0656413,0.0896098
28.7259,0.0394848,-0.0205946,0.145367,0.709769,-0.695621,0.0656413,0.0896098
28.7309,0.0394848,-0.0205946,0.145367,0.709769,-0.695621,0.0656413,0.0896098
28.7359,0.0394848,-0.0205946,0.145367,0.709712,-0.695579,0.066086,0.0900635
28.7409,0.0394848,-0.0205946,0.145367,0.710214,-0.695166,0.0656927,0.0895737
28.7459,0.0394848,-0.0205946,0.145367,0.709769,-0.695621,0.0656413,0.0896098
28.7509,0.0394947,-0.0206422,0.145343,0.709769,-0.695621,0.0656413,0.0896098
28.7559,0.0394947,-0.0206422,0.145343,0.709769,-0.695621,0.0656413,0.0896098
28.7609,0.0395724,-0.020626,0.145343,0.709756,-0.695603,0.0657873,0.0897528
28.7659,0.0395724,-0.020626,0.145343,0.709756,-0.695603,0.0657873,0.0897528
28.7709,0.0395724,-0.020626,0.145343,0.709756,-0.695603,0.0657873,0.0897528
28.7759,0.0395824,-0.0206736,0.145318,0.709756,-0.695603,0.0657873,0.0897528
28.7809,0.0395824,-0.0206736,0.145318,0.709756,-0.695603,0.0657873,0.0897528
28.7859,0.0396601,-0.0206573,0.145318,0.709742,-0.695584,0.0659332,0.0898959
28.7909,0.0396601,-0.0206573,0.145318,0.709742,-0.695584,0.0659332,0.0898959
28.7959,0.0396601,-0.0206573,0.145318,0.709742,-0.695584,0.0659332,0.0898959
28.8009,0.0396701,-0.0207049,0.145294,0.709742,-0.695584,0.0659332,0.0898959
28.8059,0.0396701,-0.0207049,0.145294,0.709742,-0.695584,0.0659332,0.0898959
28.8109,0.0396701,-0.0207049,0.145294,0.709742,-0.695584,0.0659332,0.0898959
28.8159,0.0397478,-0.0206885,0.145294,0.709729,-0.695566,0.0660791,0.0900389
28.8209,0.0397478,-0.0206885,0.145294,0.709729,-0.695566,0.0660791,0.0900389
28.8259,0.0397478,-0.0206885,0.145294,0.709729,-0.695566,0.0660791,0.0900389
28.831,0.0397478,-0.0206885,0.145294,0.709729,-0.695566,0.0660791,0.0900389
28.8359,0.0397578,-0.0207361,0.145269,0.709671,-0.695523,0.0665237,0.0904925
28.8409,0.0397578,-0.0207361,0.145269,0.709729,-0.695566,0.0660791,0.0900389
28.8459,0.0397578,-0.0207361,0.145269,0.709729,-0.695566,0.0660791,0.0900389
28.8509,0.0397578,-0.0207361,0.145269,0.709729,-0.695566,0.0660791,0.0900389
28.8559,0.0397578,-0.0207361,0.145269,0.709729,-0.695566,0.0660791,0.0900389
28.8609,0.0397578,-0.0207361,0.145269,0.709729,-0.695566,0.0660791,0.0900389
28.8659,0.0397578,-0.0207361,0.145269,0.709729,-0.695566,0.0660791,0.0900389
28.871,0.0397678,-0.0207837,0.145245,0.709729,-0.695566,0.0660791,0.0900389
28.8759,0.0397678,-0.0207837,0.145245,0.709729,-0.695566,0.0660791,0.0900389
28.8809,0.0397678,-0.0207837,0.145245,0.709671,-0.695523,0.0665237,0.0904925
28.886,0.0397678,-0.0207837,0.145245,0.709729,-0.695566,0.0660791,0.0900389
28.8909,0.0397781,-0.0208323,0.145166,0.709871,-0.695421,0.0660903,0.0900223
28.8959,0.0397781,-0.0208323,0.145166,0.709871,-0.695421,0.0660903,0.0900223
28.9009,0.0397781,-0.0208323,0.145166,0.709871,-0.695421,0.0660903,0.0900223
28.9059,0.0397881,-0.0208799,0.145142,0.709814,-0.695379,0.0665348,0.090476
28.9109,0.0398759,-0.020911,0.145117,0.709858,-0.695403,0.0662363,0.0901653
28.9159,0.0398759,-0.020911,0.145117,0.7098,-0.69536,0.0666808,0.090619
28.9209,0.0398859,-0.0209586,0.145093,0.7098,-0.69536,0.0666808,0.090619
28.9259,0.0398859,-0.0209586,0.145093,0.709858,-0.695403,0.0662363,0.0901653
28.9309,0.0398859,-0.0209586,0.145093,0.710245,-0.694906,0.0667322,0.0905827
28.9359,0.0398959,-0.0210061,0.145068,0.709858,-0.695403,0.0662363,0.0901653
28.9409,0.0398959,-0.0210061,0.145068,0.7098,-0.69536,0.0666808,0.090619
28.9459,0.0398959,-0.0210061,0.145068,0.709858,-0.695403,0.0662363,0.0901653
28.9509,0.0399838,-0.0210372,0.145043,0.709844,-0.695384,0.0663822,0.0903082
28.9559,0.0399838,-0.0210372,0.145043,0.709844,-0.695384,0.0663822,0.0903082
28.9609,0.0399938,-0.0210847,0.145019,0.709844,-0.695384,0.0663822,0.0903082
28.9659,0.0399938,-0.0210847,0.145019,0.709844,-0.695384,0.0663822,0.0903082
28.9709,0.0400818,-0.0211157,0.144994,0.70983,-0.695366,0.0665282,0.0904512
28.9759,0.0400818,-0.0211157,0.144994,0.70983,-0.695366,0.0665282,0.0904512
28.9809,0.0400918,-0.0211631,0.14497,0.70983,-0.695366,0.0665282,0.0904512
28.9859,0.0400918,-0.0211631,0.14497,0.70983,-0.695366,0.0665282,0.0904512
28.9909,0.0401019,-0.0212106,0.144945,0.70983,-0.695366,0.0665282,0.0904512
28.9959,0.0401119,-0.021258,0.14492,0.70983,-0.695366,0.0665282,0.0904512
29.0009,0.0401119,-0.021258,0.14492,0.70983,-0.695366,0.0665282,0.0904512
29.0059,0.0401219,-0.0213055,0.144896,0.70983,-0.695366,0.0665282,0.0904512
29.0109,0.0401219,-0.0213055,0.144896,0.70983,-0.695366,0.0665282,0.0904512
29.0159,0.040132,-0.0213529,0.144871,0.70983,-0.695366,0.0665282,0.0904512
29.0209,0.040132,-0.0213529,0.144871,0.70983,-0.695366,0.0665282,0.0904512
29.0259,0.040142,-0.0214003,0.144846,0.709796,-0.695419,0.0669656,0.0899895
29.0309,0.04022,-0.0213838,0.144846,0.709782,-0.6954,0.0671115,0.0901325
29.036,0.0402303,-0.0214323,0.144767,0.709924,-0.695256,0.0671229,0.0901159
29.0409,0.0402403,-0.0214797,0.144742,0.709924,-0.695256,0.0671229,0.0901159
29.0459,0.0402403,-0.0214797,0.144742,0.709924,-0.695256,0.0671229,0.0901159
29.0509,0.0402504,-0.021527,0.144718,0.709924,-0.695256,0.0671229,0.0901159
29.0559,0.0402506,-0.0215281,0.144663,0.710124,-0.695155,0.06669,0.0896454
29.0609,0.0402606,-0.0215755,0.144638,0.710124,-0.695155,0.06669,0.0896454
29.0659,0.0402606,-0.0215755,0.144638,0.710089,-0.695208,0.0671276,0.0891838
29.0709,0.0402707,-0.0216228,0.144614,0.710124,-0.695155,0.06669,0.0896454
29.0759,0.0402807,-0.0216702,0.144589,0.710089,-0.695208,0.0671276,0.0891838
29.0809,0.0402807,-0.0216702,0.144589,0.710089,-0.695208,0.0671276,0.0891838
29.0859,0.040291,-0.0217186,0.14451,0.710231,-0.695064,0.0671392,0.0891672
29.0909,0.040301,-0.0217659,0.144485,0.710231,-0.695064,0.0671392,0.0891672
29.0959,0.040311,-0.0218132,0.14446,0.710231,-0.695064,0.0671392,0.0891672
29.1009,0.0403892,-0.0217966,0.14446,0.710217,-0.695045,0.0672852,0.0893101
29.106,0.0403993,-0.0218439,0.144435,0.710181,-0.695098,0.0677228,0.0888488
29.1109,0.0404093,-0.0218912,0.14441,0.710217,-0.695045,0.0672852,0.0893101
29.1159,0.0404194,-0.0219385,0.144385,0.710181,-0.695098,0.0677228,0.0888488
29.121,0.0404294,-0.0219858,0.14436,0.710181,-0.695098,0.0677228,0.0888488
29.1259,0.0404395,-0.0220331,0.144335,0.710181,-0.695098,0.0677228,0.0888488
29.1309,0.0405278,-0.0220637,0.14431,0.710168,-0.69508,0.0678688,0.0889916
29.1359,0.0405278,-0.0220637,0.14431,0.710168,-0.69508,0.0678688,0.0889916
29.1409,0.0405379,-0.0221109,0.144285,0.710131,-0.695133,0.0683064,0.0885301
29.1459,0.0405479,-0.0221582,0.14426,0.710188,-0.695177,0.0678621,0.0880762
29.1509,0.040558,-0.0222054,0.144235,0.710188,-0.695177,0.0678621,0.0880762
29.1559,0.040568,-0.0222526,0.14421,0.710188,-0.695177,0.0678621,0.0880762
29.1609,0.0406464,-0.0222359,0.14421,0.710174,-0.695159,0.0680081,0.0882191
29.1659,0.0406565,-0.0222831,0.144184,0.710137,-0.695212,0.0684456,0.0877576
29.1709,0.0406665,-0.0223303,0.144159,0.710137,-0.695212,0.0684456,0.0877576
29.1759,0.0406766,-0.0223775,0.144134,0.710137,-0.695212,0.0684456,0.0877576
29.1809,0.0407651,-0.0224079,0.144109,0.710179,-0.695237,0.0681472,0.0874466
29.1859,0.0407651,-0.0224079,0.144109,0.710179,-0.695237,0.0681472,0.0874466
29.1909,0.0407752,-0.0224551,0.144084,0.710179,-0.695237,0.0681472,0.0874466
29.1959,0.0407852,-0.0225022,0.144059,0.710179,-0.695237,0.0681472,0.0874466
29.2009,0.0408637,-0.0224854,0.144059,0.710127,-0.695273,0.0687307,0.0871281
29.2059,0.0408738,-0.0225326,0.144033,0.710165,-0.695219,0.0682932,0.0875896
29.2109,0.0408738,-0.0225326,0.144033,0.710127,-0.695273,0.0687307,0.0871281
29.2159,0.0408839,-0.0225797,0.144008,0.710127,-0.695273,0.0687307,0.0871281
29.221,0.0409725,-0.02261,0.143983,0.710113,-0.695255,0.0688766,0.087271
29.2259,0.0409725,-0.02261,0.143983,0.710113,-0.695255,0.0688766,0.087271
29.2309,0.0409826,-0.0226571,0.143957,0.710113,-0.695255,0.0688766,0.087271
29.2359,0.0410713,-0.0226873,0.143932,0.710099,-0.695237,0.0690226,0.087414
29.2409,0.0410713,-0.0226873,0.143932,0.710099,-0.695237,0.0690226,0.087414
29.2459,0.0410814,-0.0227344,0.143907,0.710099,-0.695237,0.0690226,0.087414
29.2509,0.0410915,-0.0227814,0.143881,0.710099,-0.695237,0.0690226,0.087414
29.2559,0.0411016,-0.0228285,0.143856,0.710099,-0.695237,0.0690226,0.087414
29.2609,0.0411802,-0.0228116,0.143856,0.710085,-0.695219,0.0691686,0.0875569
29.2659,0.0411904,-0.0228586,0.143831,0.710085,-0.695219,0.0691686,0.0875569
29.2709,0.0412005,-0.0229056,0.143805,0.710085,-0.695219,0.0691686,0.0875569
29.2759,0.0412005,-0.0229056,0.143805,0.710085,-0.695219,0.0691686,0.0875569
29.281,0.0412106,-0.0229527,0.14378,0.710085,-0.695219,0.0691686,0.0875569
29.2859,0.0412208,-0.0229997,0.143754,0.710085,-0.695219,0.0691686,0.0875569
29.2909,0.0412208,-0.0229997,0.143754,0.710085,-0.695219,0.0691686,0.0875569
29.2959,0.0412309,-0.0230467,0.143729,0.70964,-0.695673,0.0691168,0.087597
29.301,0.0413096,-0.0230297,0.143729,0.709626,-0.695655,0.0692627,0.0877401
29.3059,0.0413197,-0.0230767,0.143703,0.709626,-0.695655,0.0692627,0.0877401
29.311,0.0413197,-0.0230767,0.143703,0.709626,-0.695655,0.0692627,0.0877401
29.316,0.0413299,-0.0231237,0.143678,0.709682,-0.695699,0.0688181,0.0872865
29.3209,0.04134,-0.0231706,0.143652,0.709682,-0.695699,0.0688181,0.0872865
29.3259,0.04134,-0.0231706,0.143652,0.709682,-0.695699,0.0688181,0.0872865
29.3309,0.0414289,-0.0232006,0.143627,0.709667,-0.695681,0.068964,0.0874295
29.336,0.0414291,-0.0232016,0.143572,0.709771,-0.69559,0.0694142,0.0869516
29.341,0.0414393,-0.0232485,0.143547,0.709771,-0.69559,0.0694142,0.0869516
29.3459,0.0414393,-0.0232485,0.143547,0.709771,-0.69559,0.0694142,0.0869516
29.351,0.0414393,-0.0232485,0.143547,0.709771,-0.69559,0.0694142,0.0869516
29.3559,0.0414494,-0.0232954,0.143521,0.709771,-0.69559,0.0694142,0.0869516
29.3609,0.0415384,-0.0233253,0.143496,0.709757,-0.695573,0.0695602,0.0870946
29.3659,0.0415384,-0.0233253,0.143496,0.709757,-0.695573,0.0695602,0.0870946
29.3709,0.0415386,-0.0233263,0.143441,0.709899,-0.695428,0.0695728,0.0870778
29.3759,0.0415488,-0.0233732,0.143416,0.709899,-0.695428,0.0695728,0.0870778
29.3809,0.0415488,-0.0233732,0.143416,0.709899,-0.695428,0.0695728,0.0870778
29.3859,0.0415589,-0.0234201,0.14339,0.709899,-0.695428,0.0695728,0.0870778
29.3909,0.0415589,-0.0234201,0.14339,0.709899,-0.695428,0.0695728,0.0870778
29.3959,0.0415691,-0.023467,0.143364,0.709454,-0.695882,0.0695207,0.0871188
29.401,0.041648,-0.0234499,0.143364,0.70944,-0.695864,0.0696666,0.0872618
29.4059,0.0416581,-0.0234967,0.143339,0.70944,-0.695864,0.0696666,0.0872618
29.4109,0.0416581,-0.0234967,0.143339,0.70944,-0.695864,0.0696666,0.0872618
29.416,0.0416683,-0.0235436,0.143313,0.70944,-0.695864,0.0696666,0.0872618
29.4209,0.0416683,-0.0235436,0.143313,0.70944,-0.695864,0.0696666,0.0872618
29.4259,0.0416683,-0.0235436,0.143313,0.70944,-0.695864,0.0696666,0.0872618
29.4309,0.0416787,-0.0235914,0.143233,0.709582,-0.69572,0.0696793,0.087245
29.4359,0.0416787,-0.0235914,0.143233,0.709582,-0.69572,0.0696793,0.087245
29.4409,0.0416787,-0.0235914,0.143233,0.709582,-0.69572,0.0696793,0.087245
29.4459,0.0416889,-0.0236382,0.143207,0.709582,-0.69572,0.0696793,0.087245
29.451,0.0416891,-0.0236392,0.143153,0.709724,-0.695576,0.069692,0.0872282
29.4559,0.0416992,-0.023686,0.143127,0.709724,-0.695576,0.069692,0.0872282
29.4609,0.0417782,-0.0236689,0.143127,0.70971,-0.695558,0.0698379,0.0873712
29.466,0.0417884,-0.0237157,0.143101,0.70971,-0.695558,0.0698379,0.0873712
29.471,0.0417986,-0.0237625,0.143075,0.70971,-0.695558,0.0698379,0.0873712
29.4759,0.0417986,-0.0237625,0.143075,0.70971,-0.695558,0.0698379,0.0873712
29.4809,0.0418088,-0.0238093,0.14305,0.70971,-0.695558,0.0698379,0.0873712
29.486,0.0418088,-0.0238093,0.14305,0.70971,-0.695558,0.0698379,0.0873712
29.491,0.041898,-0.0238388,0.143024,0.709696,-0.69554,0.0699838,0.0875142
29.4959,0.0419082,-0.0238856,0.142998,0.709696,-0.69554,0.0699838,0.0875142
29.501,0.0419082,-0.0238856,0.142998,0.709696,-0.69554,0.0699838,0.0875142
29.506,0.0419184,-0.0239324,0.142972,0.709696,-0.69554,0.0699838,0.0875142
29.511,0.0419974,-0.0239151,0.142972,0.709681,-0.695522,0.0701298,0.0876572
29.516,0.0420076,-0.0239619,0.142946,0.709681,-0.695522,0.0701298,0.0876572
29.521,0.0420178,-0.0240086,0.14292,0.709681,-0.695522,0.0701298,0.0876572
29.5259,0.0420178,-0.0240086,0.14292,0.709236,-0.695976,0.0700773,0.0876985
29.531,0.0421072,-0.024038,0.142894,0.709667,-0.695504,0.0702757,0.0878002
29.5359,0.0421072,-0.024038,0.142894,0.709667,-0.695504,0.0702757,0.0878002
29.541,0.0421174,-0.0240847,0.142868,0.709723,-0.695549,0.0698311,0.0873466
29.546,0.0421176,-0.0240857,0.142814,0.709809,-0.695359,0.0702885,0.0877833
29.551,0.0421278,-0.0241323,0.142788,0.709809,-0.695359,0.0702885,0.0877833
29.556,0.042138,-0.024179,0.142762,0.709865,-0.695404,0.069844,0.0873296
29.561,0.0422172,-0.0241617,0.142762,0.709851,-0.695386,0.06999,0.0874726
29.5659,0.0422274,-0.0242084,0.142736,0.709851,-0.695386,0.06999,0.0874726
29.571,0.0422274,-0.0242084,0.142736,0.709406,-0.69584,0.069937,0.0875144
29.5759,0.0422377,-0.024255,0.14271,0.709406,-0.69584,0.069937,0.0875144
29.581,0.0422379,-0.0242559,0.142656,0.709548,-0.695696,0.06995,0.0874973
29.5859,0.0422481,-0.0243026,0.14263,0.709588,-0.695641,0.0695113,0.0879573
29.591,0.0423375,-0.0243318,0.142603,0.709534,-0.695678,0.0700959,0.0876403
29.5959,0.0423375,-0.0243318,0.142603,0.709534,-0.695678,0.0700959,0.0876403
29.601,0.0423478,-0.0243785,0.142577,0.709534,-0.695678,0.0700959,0.0876403
29.6059,0.0423478,-0.0243785,0.142577,0.709534,-0.695678,0.0700959,0.0876403
29.611,0.0423582,-0.024426,0.142497,0.709676,-0.695534,0.0701088,0.0876233
29.616,0.0423582,-0.024426,0.142497,0.709676,-0.695534,0.0701088,0.0876233
29.621,0.0424478,-0.0244551,0.142471,0.709661,-0.695516,0.0702547,0.0877663
29.626,0.042458,-0.0245017,0.142445,0.709661,-0.695516,0.0702547,0.0877663
29.6309,0.042458,-0.0245017,0.142445,0.709661,-0.695516,0.0702547,0.0877663
29.6359,0.042458,-0.0245017,0.142445,0.709661,-0.695516,0.0702547,0.0877663
29.6409,0.0424685,-0.0245492,0.142364,0.709804,-0.695371,0.0702677,0.0877492
29.6459,0.0424685,-0.0245492,0.142364,0.709804,-0.695371,0.0702677,0.0877492
29.651,0.0424787,-0.0245957,0.142338,0.709804,-0.695371,0.0702677,0.0877492
29.6559,0.0424787,-0.0245957,0.142338,0.709359,-0.695825,0.0702146,0.0877911
29.6609,0.0424891,-0.0246431,0.142257,0.709501,-0.695681,0.0702276,0.087774
29.6659,0.0424891,-0.0246431,0.142257,0.709501,-0.695681,0.0702276,0.087774
29.6709,0.0424996,-0.0246905,0.142177,0.709643,-0.695537,0.0702407,0.0877569
29.6759,0.0425789,-0.024673,0.142177,0.709629,-0.695519,0.0703866,0.0878999
29.681,0.0425892,-0.0247195,0.14215,0.709629,-0.695519,0.0703866,0.0878999
29.686,0.0425995,-0.0247661,0.142124,0.709629,-0.695519,0.0703866,0.0878999
29.6909,0.0425995,-0.0247661,0.142124,0.709629,-0.695519,0.0703866,0.0878999
29.696,0.0426097,-0.0248126,0.142098,0.709629,-0.695519,0.0703866,0.0878999
29.701,0.04262,-0.0248591,0.142072,0.709629,-0.695519,0.0703866,0.0878999
29.7059,0.04262,-0.0248591,0.142072,0.709629,-0.695519,0.0703866,0.0878999
29.7109,0.0426303,-0.0249056,0.142045,0.709629,-0.695519,0.0703866,0.0878999
29.716,0.0426405,-0.0249521,0.142019,0.709629,-0.695519,0.0703866,0.0878999
29.721,0.04272,-0.0249345,0.142019,0.709614,-0.695501,0.0705325,0.0880429
29.7259,0.0427304,-0.0249818,0.141938,0.709757,-0.695356,0.0705455,0.0880257
29.731,0.0427407,-0.0250282,0.141912,0.709312,-0.69581,0.0704922,0.0880679
29.736,0.0427407,-0.0250282,0.141912,0.709312,-0.69581,0.0704922,0.0880679
29.7409,0.0427511,-0.0250755,0.141831,0.709454,-0.695666,0.0705053,0.0880507
29.7459,0.0427511,-0.0250755,0.141831,0.709454,-0.695666,0.0705053,0.0880507
29.7513,0.0427614,-0.0251219,0.141805,0.709454,-0.695666,0.0705053,0.0880507
29.756,0.0427614,-0.0251219,0.141805,0.709454,-0.695666,0.0705053,0.0880507
29.761,0.0428512,-0.0251507,0.141778,0.709439,-0.695648,0.0706512,0.0881937
29.766,0.0428617,-0.0251979,0.141697,0.709582,-0.695504,0.0706643,0.0881765
29.7709,0.0428617,-0.0251979,0.141697,0.709582,-0.695504,0.0706643,0.0881765
29.7759,0.0429516,-0.0252266,0.141671,0.709567,-0.695486,0.0708102,0.0883195
29.781,0.0429618,-0.025273,0.141644,0.709567,-0.695486,0.0708102,0.0883195
29.786,0.0429618,-0.025273,0.141644,0.709567,-0.695486,0.0708102,0.0883195
29.791,0.0429723,-0.0253201,0.141564,0.709264,-0.695795,0.0707698,0.0883446
29.796,0.0429723,-0.0253201,0.141564,0.709264,-0.695795,0.0707698,0.0883446
29.801,0.0430622,-0.0253488,0.141537,0.70925,-0.695777,0.0709157,0.0884877
29.8059,0.0430622,-0.0253488,0.141537,0.70925,-0.695777,0.0709157,0.0884877
29.8109,0.0430725,-0.0253952,0.14151,0.70925,-0.695777,0.0709157,0.0884877
29.816,0.0430725,-0.0253952,0.14151,0.70925,-0.695777,0.0709157,0.0884877
29.821,0.0430828,-0.0254415,0.141484,0.70925,-0.695777,0.0709157,0.0884877
29.826,0.0430828,-0.0254415,0.141484,0.70925,-0.695777,0.0709157,0.0884877
29.8309,0.0430828,-0.0254415,0.141484,0.70925,-0.695777,0.0709157,0.0884877
29.8359,0.0431625,-0.0254238,0.141484,0.709292,-0.695804,0.0706167,0.0881774
29.8409,0.043173,-0.0254708,0.141403,0.709434,-0.69566,0.07063,0.08816
29.8459,0.043173,-0.0254708,0.141403,0.709434,-0.69566,0.07063,0.08816
29.8514,0.043173,-0.0254708,0.141403,0.709434,-0.69566,0.07063,0.08816
29.856,0.0431835,-0.0255178,0.141322,0.709576,-0.695516,0.0706433,0.0881426
29.861,0.0431835,-0.0255178,0.141322,0.709131,-0.695969,0.0705894,0.0881854
29.8659,0.0431835,-0.0255178,0.141322,0.709576,-0.695516,0.0706433,0.0881426
29.8709,0.0432735,-0.0255463,0.141295,0.709117,-0.695951,0.0707352,0.0883284
29.8759,0.0432735,-0.0255463,0.141295,0.709117,-0.695951,0.0707352,0.0883284
29.8809,0.0432735,-0.0255463,0.141295,0.709117,-0.695951,0.0707352,0.0883284
29.8859,0.0432735,-0.0255463,0.141295,0.709117,-0.695951,0.0707352,0.0883284
29.8909,0.0432839,-0.0255926,0.141269,0.709117,-0.695951,0.0707352,0.0883284
29.896,0.0432839,-0.0255926,0.141269,0.709117,-0.695951,0.0707352,0.0883284
29.901,0.043284,-0.0255933,0.141214,0.709259,-0.695807,0.0707485,0.088311
29.906,0.043284,-0.0255933,0.141214,0.709259,-0.695807,0.0707485,0.088311
29.9109,0.043284,-0.0255933,0.141214,0.709259,-0.695807,0.0707485,0.088311
29.9159,0.043284,-0.0255933,0.141214,0.709259,-0.695807,0.0707485,0.088311
29.9209,0.0432945,-0.0256402,0.141133,0.70936,-0.695718,0.0712026,0.087836
29.9259,0.0432945,-0.0256402,0.141133,0.70936,-0.695718,0.0712026,0.087836
29.931,0.0432946,-0.0256408,0.141079,0.709544,-0.695519,0.0707751,0.0882761
29.936,0.0433744,-0.025623,0.141079,0.709488,-0.695556,0.0713619,0.0879616
29.941,0.0433745,-0.0256236,0.141025,0.709185,-0.695865,0.0713215,0.0879875
29.946,0.0433849,-0.0256699,0.140998,0.709185,-0.695865,0.0713215,0.0879875
29.9509,0.043385,-0.0256704,0.140944,0.709369,-0.695666,0.0708936,0.0884273
29.9559,0.043385,-0.0256704,0.140944,0.709327,-0.695721,0.071335,0.0879702
29.9609,0.0433851,-0.025671,0.140889,0.709469,-0.695577,0.0713484,0.0879528
29.966,0.0433851,-0.025671,0.140889,0.709469,-0.695577,0.0713484,0.0879528
29.971,0.0433955,-0.0257172,0.140862,0.709469,-0.695577,0.0713484,0.0879528
29.9759,0.0434753,-0.0256994,0.140862,0.70901,-0.696012,0.0714404,0.0881391
29.981,0.0434754,-0.0256999,0.140808,0.709194,-0.695813,0.071012,0.0885784
29.986,0.0434754,-0.0256999,0.140808,0.709152,-0.695868,0.0714539,0.0881218
29.991,0.0434857,-0.0257462,0.140781,0.709152,-0.695868,0.0714539,0.0881218
29.9959,0.0434857,-0.0257462,0.140781,0.709152,-0.695868,0.0714539,0.0881218
30.0009,0.0435655,-0.0257283,0.140781,0.709137,-0.69585,0.0715997,0.0882648
30.006,0.0435759,-0.0257745,0.140755,0.709137,-0.69585,0.0715997,0.0882648
30.011,0.043576,-0.025775,0.1407,0.70928,-0.695706,0.0716132,0.0882474
30.016,0.0435864,-0.0258212,0.140674,0.70928,-0.695706,0.0716132,0.0882474
30.021,0.0435864,-0.0258212,0.140674,0.70928,-0.695706,0.0716132,0.0882474
30.026,0.0436766,-0.0258495,0.140647,0.709265,-0.695688,0.071759,0.0883904
30.0309,0.0436766,-0.0258495,0.140647,0.709265,-0.695688,0.071759,0.0883904
30.036,0.0436766,-0.0258495,0.140647,0.709265,-0.695688,0.071759,0.0883904
30.041,0.0437669,-0.0258777,0.14062,0.70925,-0.695669,0.0719048,0.0885335
30.0459,0.0437669,-0.0258777,0.14062,0.70925,-0.695669,0.0719048,0.0885335
30.051,0.0437669,-0.0258777,0.14062,0.70925,-0.695669,0.0719048,0.0885335
30.056,0.043767,-0.0258782,0.140566,0.708947,-0.695979,0.0718642,0.0885596
30.0609,0.043767,-0.0258782,0.140566,0.708947,-0.695979,0.0718642,0.0885596
30.066,0.0437774,-0.0259243,0.140539,0.708947,-0.695979,0.0718642,0.0885596
30.0709,0.0437775,-0.0259248,0.140484,0.70909,-0.695835,0.0718778,0.0885421
30.076,0.0437775,-0.0259248,0.140484,0.70909,-0.695835,0.0718778,0.0885421
30.0809,0.0437879,-0.025971,0.140458,0.70909,-0.695835,0.0718778,0.0885421
30.086,0.0437879,-0.025971,0.140458,0.70909,-0.695835,0.0718778,0.0885421
30.091,0.043788,-0.0259714,0.140403,0.709232,-0.69569,0.0718913,0.0885246
30.096,0.0437984,-0.0260176,0.140376,0.709232,-0.69569,0.0718913,0.0885246
30.101,0.0437984,-0.0260176,0.140376,0.709232,-0.69569,0.0718913,0.0885246
30.106,0.0438783,-0.0259995,0.140376,0.709217,-0.695672,0.0720371,0.0886677
30.111,0.0438888,-0.0260461,0.140295,0.708914,-0.695982,0.0719965,0.0886938
30.116,0.0438888,-0.0260461,0.140295,0.708872,-0.696037,0.0724393,0.0882382
30.1209,0.0438888,-0.0260461,0.140295,0.708872,-0.696037,0.0724393,0.0882382
30.126,0.0438993,-0.0260922,0.140268,0.708914,-0.695982,0.0719965,0.0886938
30.131,0.0438993,-0.0260922,0.140268,0.708914,-0.695982,0.0719965,0.0886938
30.136,0.0439896,-0.0261203,0.140241,0.7089,-0.695963,0.0721422,0.0888369
30.1409,0.0439897,-0.0261207,0.140187,0.708999,-0.695874,0.0725988,0.0883639
30.146,0.0439897,-0.0261207,0.140187,0.709042,-0.695819,0.0721558,0.0888194
30.151,0.0440002,-0.0261668,0.14016,0.709042,-0.695819,0.0721558,0.0888194
30.1559,0.0440002,-0.0261671,0.140106,0.709184,-0.695675,0.0721695,0.0888019
30.161,0.0440002,-0.0261671,0.140106,0.709141,-0.69573,0.0726125,0.0883465
30.166,0.0440107,-0.0262132,0.140079,0.709141,-0.69573,0.0726125,0.0883465
30.171,0.0440908,-0.0261955,0.140024,0.709269,-0.695568,0.072772,0.088472
30.1759,0.0440908,-0.0261955,0.140024,0.708866,-0.695966,0.0722745,0.0889712
30.181,0.0441013,-0.0262419,0.139943,0.708966,-0.695877,0.0727316,0.0884987
30.186,0.0441013,-0.0262419,0.139943,0.708966,-0.695877,0.0727316,0.0884987
30.191,0.0441918,-0.0262701,0.139862,0.709093,-0.695715,0.0728912,0.0886242
30.196,0.0441918,-0.0262701,0.139862,0.709093,-0.695715,0.0728912,0.0886242
30.201,0.0442023,-0.0263165,0.13978,0.709236,-0.695571,0.072905,0.0886067
30.206,0.0442023,-0.0263165,0.13978,0.709236,-0.695571,0.072905,0.0886067
30.211,0.0442824,-0.0262985,0.139726,0.708918,-0.695862,0.0730103,0.0887765
30.2159,0.0442929,-0.0263446,0.139699,0.708918,-0.695862,0.0730103,0.0887765
30.221,0.0442929,-0.0263446,0.139699,0.708974,-0.695908,0.0725655,0.0883234
30.226,0.0443835,-0.0263724,0.139672,0.708903,-0.695844,0.073156,0.0889196
30.231,0.0443835,-0.0263726,0.139617,0.709102,-0.695746,0.0727252,0.0884488
30.236,0.044394,-0.0264186,0.13959,0.709102,-0.695746,0.0727252,0.0884488
30.241,0.044394,-0.0264186,0.13959,0.708657,-0.696199,0.0726705,0.0884934
30.246,0.0444846,-0.0264463,0.139563,0.708642,-0.696181,0.0728162,0.0886366
30.251,0.0444846,-0.0264463,0.139563,0.708642,-0.696181,0.0728162,0.0886366
30.256,0.0444951,-0.0264923,0.139536,0.708642,-0.696181,0.0728162,0.0886366
30.261,0.0444951,-0.0264926,0.139482,0.708784,-0.696037,0.0728301,0.0886189
30.266,0.0444951,-0.0264926,0.139482,0.708784,-0.696037,0.0728301,0.0886189
30.271,0.0445858,-0.0265202,0.139455,0.708769,-0.696019,0.0729758,0.088762
30.276,0.0445858,-0.0265202,0.139455,0.708826,-0.696065,0.0725309,0.0883089
30.281,0.0445963,-0.0265662,0.139427,0.708826,-0.696065,0.0725309,0.0883089
30.286,0.0445963,-0.0265662,0.139427,0.708826,-0.696065,0.0725309,0.0883089
30.291,0.0446068,-0.0266121,0.1394,0.708826,-0.696065,0.0725309,0.0883089
30.296,0.0446068,-0.0266121,0.1394,0.70838,-0.696518,0.0724757,0.0883541
30.301,0.0446173,-0.026658,0.139373,0.70838,-0.696518,0.0724757,0.0883541
30.3059,0.0446975,-0.0266397,0.139373,0.708321,-0.696556,0.0730661,0.0880437
30.311,0.044708,-0.0266856,0.139346,0.708366,-0.6965,0.0726214,0.0884972
30.316,0.044708,-0.0266856,0.139346,0.708366,-0.6965,0.0726214,0.0884972
30.321,0.0447185,-0.0267315,0.139319,0.708422,-0.696547,0.0721762,0.0880445
30.326,0.0447185,-0.0267315,0.139319,0.708377,-0.696603,0.0726208,0.0875909
30.331,0.0448093,-0.026759,0.139291,0.708362,-0.696585,0.0727665,0.0877341
30.336,0.0448093,-0.026759,0.139291,0.708362,-0.696585,0.0727665,0.0877341
30.341,0.0448093,-0.0267592,0.139237,0.708561,-0.696487,0.0723356,0.0872634
30.346,0.0448093,-0.0267592,0.139237,0.708561,-0.696487,0.0723356,0.0872634
30.351,0.0448199,-0.0268051,0.13921,0.708561,-0.696487,0.0723356,0.0872634
30.356,0.0448199,-0.0268051,0.13921,0.708561,-0.696487,0.0723356,0.0872634
30.361,0.0448199,-0.0268051,0.13921,0.708561,-0.696487,0.0723356,0.0872634
30.366,0.0449001,-0.0267866,0.13921,0.708601,-0.696515,0.0720361,0.0869538
30.371,0.0449107,-0.0268325,0.139182,0.708601,-0.696515,0.0720361,0.0869538
30.376,0.0449107,-0.0268325,0.139182,0.708601,-0.696515,0.0720361,0.0869538
30.3809,0.0449107,-0.0268325,0.139182,0.708601,-0.696515,0.0720361,0.0869538
30.386,0.0449107,-0.0268325,0.139182,0.708601,-0.696515,0.0720361,0.0869538
30.391,0.0449212,-0.0268784,0.139155,0.708601,-0.696515,0.0720361,0.0869538
30.396,0.0449212,-0.0268784,0.139155,0.708657,-0.696561,0.0715909,0.0865007
30.401,0.0449212,-0.0268784,0.139155,0.708657,-0.696561,0.0715909,0.0865007
30.406,0.0449212,-0.0268784,0.139155,0.708657,-0.696561,0.0715909,0.0865007
30.411,0.0449318,-0.0269242,0.139128,0.708657,-0.696561,0.0715909,0.0865007
30.416,0.0449318,-0.0269242,0.139128,0.708657,-0.696561,0.0715909,0.0865007
30.421,0.0449318,-0.0269242,0.139128,0.708657,-0.696561,0.0715909,0.0865007
30.426,0.0449318,-0.0269242,0.139128,0.708212,-0.697014,0.0715345,0.0865475
30.431,0.0449318,-0.0269242,0.139128,0.708212,-0.697014,0.0715345,0.0865475
30.436,0.0449318,-0.0269242,0.139128,0.708267,-0.69706,0.071089,0.0860948
30.4409,0.0449318,-0.0269242,0.139128,0.708267,-0.69706,0.071089,0.0860948
30.446,0.0449318,-0.0269242,0.139128,0.708267,-0.69706,0.071089,0.0860948
30.451,0.0449318,-0.0269242,0.139128,0.708267,-0.69706,0.071089,0.0860948
30.456,0.0449318,-0.0269242,0.139128,0.708267,-0.69706,0.071089,0.0860948
30.461,0.0449423,-0.02697,0.1391,0.708712,-0.696607,0.0711457,0.0860478
30.466,0.0449423,-0.02697,0.1391,0.708267,-0.69706,0.071089,0.0860948
30.471,0.0449423,-0.02697,0.1391,0.708267,-0.69706,0.071089,0.0860948
30.476,0.0449423,-0.02697,0.1391,0.708267,-0.69706,0.071089,0.0860948
30.481,0.0449529,-0.0270159,0.139073,0.708267,-0.69706,0.071089,0.0860948
30.486,0.0449529,-0.0270159,0.139073,0.708267,-0.69706,0.071089,0.0860948
30.491,0.0449529,-0.0270159,0.139073,0.708267,-0.69706,0.071089,0.0860948
30.496,0.0449634,-0.0270617,0.139046,0.708267,-0.69706,0.071089,0.0860948
30.501,0.0449634,-0.0270617,0.139046,0.708267,-0.69706,0.071089,0.0860948
30.506,0.0449634,-0.0270617,0.139046,0.708267,-0.69706,0.071089,0.0860948
30.5109,0.0449739,-0.0271075,0.139018,0.708267,-0.69706,0.071089,0.0860948
30.516,0.0449739,-0.0271075,0.139018,0.708267,-0.69706,0.071089,0.0860948
30.521,0.0450543,-0.027089,0.139018,0.708252,-0.697042,0.0712346,0.0862381
30.526,0.0450543,-0.027089,0.139018,0.708206,-0.697099,0.0716795,0.0857851
30.531,0.0450543,-0.027089,0.139018,0.708252,-0.697042,0.0712346,0.0862381
30.536,0.0450649,-0.0271348,0.138991,0.708252,-0.697042,0.0712346,0.0862381
30.5409,0.0450649,-0.0271348,0.138991,0.708252,-0.697042,0.0712346,0.0862381
30.546,0.0450649,-0.0271349,0.138936,0.708348,-0.696955,0.0716943,0.0857669
30.551,0.0450755,-0.0271807,0.138909,0.708395,-0.696898,0.0712494,0.0862199
30.556,0.0450755,-0.0271807,0.138909,0.708395,-0.696898,0.0712494,0.0862199
30.561,0.045086,-0.0272265,0.138882,0.708395,-0.696898,0.0712494,0.0862199
30.5659,0.045086,-0.0272265,0.138882,0.708348,-0.696955,0.0716943,0.0857669
30.571,0.0450966,-0.0272722,0.138854,0.708395,-0.696898,0.0712494,0.0862199
30.576,0.0450966,-0.0272722,0.138854,0.708395,-0.696898,0.0712494,0.0862199
30.581,0.0451876,-0.0272994,0.138827,0.70838,-0.69688,0.071395,0.0863632
30.586,0.0451876,-0.0272994,0.138827,0.70838,-0.69688,0.071395,0.0863632
30.591,0.0451981,-0.0273451,0.138799,0.70838,-0.69688,0.071395,0.0863632
30.596,0.0451981,-0.0273451,0.138799,0.70838,-0.69688,0.071395,0.0863632
30.601,0.0452087,-0.0273909,0.138771,0.70838,-0.69688,0.071395,0.0863632
30.606,0.0452087,-0.0273909,0.138771,0.70838,-0.69688,0.071395,0.0863632
30.611,0.0452892,-0.0273722,0.138771,0.708365,-0.696863,0.0715407,0.0865064
30.616,0.0452892,-0.0273722,0.138771,0.708365,-0.696863,0.0715407,0.0865064
30.621,0.0452997,-0.0274179,0.138744,0.708365,-0.696863,0.0715407,0.0865064
30.626,0.0452997,-0.0274179,0.138744,0.708365,-0.696863,0.0715407,0.0865064
30.631,0.0452997,-0.0274179,0.138744,0.708365,-0.696863,0.0715407,0.0865064
30.636,0.0453908,-0.027445,0.138716,0.708304,-0.696902,0.0721312,0.0861968
30.641,0.0453908,-0.027445,0.138716,0.70835,-0.696845,0.0716863,0.0866497
30.646,0.0453908,-0.027445,0.138716,0.70835,-0.696845,0.0716863,0.0866497
30.651,0.0454014,-0.0274907,0.138689,0.707905,-0.697297,0.0716293,0.0866971
30.656,0.045412,-0.0275363,0.138661,0.708304,-0.696902,0.0721312,0.0861968
30.661,0.0454925,-0.0275176,0.138661,0.707844,-0.697337,0.07222,0.0863879
30.666,0.0454925,-0.0275176,0.138661,0.707899,-0.697383,0.0717743,0.0859354
30.671,0.0455032,-0.0275635,0.138579,0.708088,-0.697181,0.0713441,0.0863695
30.676,0.0455032,-0.0275635,0.138579,0.708088,-0.697181,0.0713441,0.0863695
30.6809,0.0455138,-0.0276091,0.138551,0.708088,-0.697181,0.0713441,0.0863695
30.686,0.0455138,-0.0276091,0.138551,0.708041,-0.697239,0.0717894,0.085917
30.6909,0.0455244,-0.0276547,0.138524,0.708041,-0.697239,0.0717894,0.085917
30.6959,0.045605,-0.027636,0.138524,0.708073,-0.697163,0.0714897,0.0865129
30.7011,0.045605,-0.027636,0.138524,0.708026,-0.697222,0.0719349,0.0860604
30.706,0.0456156,-0.0276816,0.138496,0.708073,-0.697163,0.0714897,0.0865129
30.711,0.0456156,-0.0276816,0.138496,0.708026,-0.697222,0.0719349,0.0860604
30.716,0.0456156,-0.0276816,0.138496,0.708026,-0.697222,0.0719349,0.0860604
30.721,0.0457068,-0.0277084,0.138468,0.708011,-0.697204,0.0720805,0.0862037
30.726,0.0457069,-0.0277086,0.138414,0.708154,-0.69706,0.0720956,0.0861853
30.731,0.0457175,-0.0277541,0.138386,0.708154,-0.69706,0.0720956,0.0861853
30.736,0.0457175,-0.0277541,0.138386,0.708201,-0.697002,0.0716503,0.0866376
30.741,0.0457175,-0.0277541,0.138386,0.708154,-0.69706,0.0720956,0.0861853
30.746,0.0457281,-0.0277997,0.138358,0.708201,-0.697002,0.0716503,0.0866376
30.751,0.0458088,-0.0277809,0.138358,0.707741,-0.697436,0.0717382,0.086829
30.756,0.0458194,-0.0278266,0.138276,0.708281,-0.696898,0.0722564,0.0863101
30.7609,0.0458194,-0.0278266,0.138276,0.707836,-0.697351,0.072199,0.0863584
30.766,0.0458194,-0.0278266,0.138276,0.708281,-0.696898,0.0722564,0.0863101
30.771,0.0458301,-0.0278722,0.138194,0.708423,-0.696755,0.0722716,0.0862916
30.776,0.0458301,-0.0278722,0.138194,0.708026,-0.697149,0.0717684,0.0867919
30.7809,0.0458301,-0.0278722,0.138194,0.707978,-0.697207,0.0722142,0.08634
30.786,0.0458408,-0.0279178,0.138112,0.70812,-0.697063,0.0722294,0.0863215
30.791,0.0458408,-0.0279178,0.138112,0.708175,-0.697109,0.0717838,0.0858688
30.796,0.0459215,-0.027899,0.138112,0.708106,-0.697045,0.0723749,0.0864648
30.8009,0.0459321,-0.0279445,0.138084,0.708106,-0.697045,0.0723749,0.0864648
30.806,0.0459321,-0.0279445,0.13803,0.708295,-0.696843,0.0719442,0.086898
30.811,0.0459321,-0.0279445,0.13803,0.708248,-0.696901,0.0723901,0.0864463
30.816,0.0459428,-0.0279901,0.138002,0.70785,-0.697296,0.0718864,0.0869461
30.821,0.0459428,-0.0279901,0.138002,0.707858,-0.6974,0.0718869,0.0860423
30.826,0.0459428,-0.0279901,0.137948,0.708,-0.697256,0.0719022,0.0860237
30.831,0.0459428,-0.0279901,0.137948,0.707945,-0.69721,0.0723479,0.0864762
30.836,0.0459428,-0.0279901,0.137948,0.708048,-0.697198,0.0714559,0.086475
30.841,0.0459534,-0.0280356,0.13792,0.708,-0.697256,0.0719022,0.0860237
30.8462,0.0459534,-0.0280356,0.137865,0.708142,-0.697112,0.0719175,0.0860051
30.851,0.0459534,-0.0280356,0.137865,0.708142,-0.697112,0.0719175,0.0860051
30.8559,0.0459534,-0.0280356,0.137811,0.708285,-0.696968,0.0719328,0.0859865
30.8609,0.0459641,-0.0280811,0.137783,0.708332,-0.69691,0.0714863,0.0864376
30.866,0.0459641,-0.0280811,0.137783,0.708285,-0.696968,0.0719328,0.0859865
30.871,0.0459641,-0.0280811,0.137783,0.708285,-0.696968,0.0719328,0.0859865
30.876,0.0459641,-0.0280811,0.137783,0.708285,-0.696968,0.0719328,0.0859865
30.881,0.0459641,-0.0280811,0.137729,0.707982,-0.697277,0.0718903,0.0860166
30.886,0.0459641,-0.0280811,0.137729,0.707982,-0.697277,0.0718903,0.0860166
30.8909,0.0459747,-0.0281265,0.137701,0.707982,-0.697277,0.0718903,0.0860166
30.896,0.0459747,-0.0281265,0.137701,0.707982,-0.697277,0.0718903,0.0860166
30.901,0.0459747,-0.0281265,0.137701,0.707982,-0.697277,0.0718903,0.0860166
30.906,0.0459747,-0.0281265,0.137647,0.708124,-0.697133,0.0719056,0.085998
30.911,0.0459747,-0.0281265,0.137647,0.708124,-0.697133,0.0719056,0.085998
30.916,0.0459747,-0.0281265,0.137647,0.708124,-0.697133,0.0719056,0.085998
30.921,0.0459747,-0.0281264,0.137592,0.708218,-0.697047,0.0723679,0.0855288
30.926,0.0459747,-0.0281264,0.137592,0.708218,-0.697047,0.0723679,0.0855288
30.931,0.0459747,-0.0281263,0.137538,0.707915,-0.697356,0.0723259,0.0855593
30.936,0.0459747,-0.0281263,0.137538,0.707915,-0.697356,0.0723259,0.0855593
30.941,0.0459853,-0.0281717,0.137456,0.708057,-0.697212,0.0723413,0.0855407
30.946,0.0460661,-0.0281527,0.137456,0.708042,-0.697194,0.0724868,0.0856841
30.951,0.046066,-0.0281526,0.137401,0.707739,-0.697503,0.0724447,0.0857146
30.956,0.046066,-0.0281526,0.137401,0.707739,-0.697503,0.0724447,0.0857146
30.961,0.046066,-0.0281526,0.137401,0.707739,-0.697503,0.0724447,0.0857146
30.966,0.046066,-0.0281524,0.137347,0.707881,-0.697359,0.0724601,0.0856961
30.971,0.046066,-0.0281524,0.137347,0.707881,-0.697359,0.0724601,0.0856961
30.9759,0.0460767,-0.0281979,0.137319,0.707436,-0.697811,0.0724025,0.0857451
30.981,0.0461575,-0.0281789,0.137319,0.707421,-0.697793,0.072548,0.0858886
30.986,0.0461575,-0.0281789,0.137319,0.707421,-0.697793,0.072548,0.0858886
30.991,0.0461681,-0.0282244,0.137291,0.707421,-0.697793,0.072548,0.0858886
30.996,0.0461681,-0.0282244,0.137291,0.707421,-0.697793,0.072548,0.0858886
31.001,0.0461681,-0.0282244,0.137291,0.707421,-0.697793,0.072548,0.0858886
31.0059,0.0462489,-0.0282052,0.137237,0.707548,-0.697632,0.0727089,0.0860135
31.011,0.0462489,-0.0282052,0.137237,0.707548,-0.697632,0.0727089,0.0860135
31.016,0.0462489,-0.0282052,0.137237,0.707103,-0.698084,0.0726511,0.0860627
31.021,0.0462489,-0.0282052,0.137237,0.707103,-0.698084,0.0726511,0.0860627
31.0259,0.0462489,-0.0282052,0.137237,0.707103,-0.698084,0.0726511,0.0860627
31.031,0.0462596,-0.0282506,0.137209,0.707103,-0.698084,0.0726511,0.0860627
31.036,0.0462596,-0.0282506,0.137209,0.707103,-0.698084,0.0726511,0.0860627
31.041,0.0462596,-0.0282504,0.137154,0.707245,-0.69794,0.0726666,0.0860441
31.0459,0.0462596,-0.0282504,0.137154,0.707245,-0.69794,0.0726666,0.0860441
31.051,0.0462596,-0.0282504,0.137154,0.706799,-0.698392,0.0726088,0.0860933
31.056,0.0462596,-0.0282504,0.137154,0.706799,-0.698392,0.0726088,0.0860933
31.061,0.0462596,-0.0282504,0.137154,0.706799,-0.698392,0.0726088,0.0860933
31.0659,0.0462596,-0.0282504,0.137154,0.706799,-0.698392,0.0726088,0.0860933
31.071,0.0462702,-0.0282956,0.137072,0.706942,-0.698248,0.0726243,0.0860747
31.076,0.0462702,-0.0282956,0.137072,0.706942,-0.698248,0.0726243,0.0860747
31.081,0.0462702,-0.0282956,0.137072,0.706942,-0.698248,0.0726243,0.0860747
31.086,0.0462701,-0.0282953,0.137018,0.706638,-0.698556,0.072582,0.0861053
31.091,0.0462701,-0.0282951,0.136963,0.706781,-0.698412,0.0725976,0.0860867
31.096,0.0462701,-0.0282951,0.136963,0.706781,-0.698412,0.0725976,0.0860867
31.1009,0.04627,-0.0282948,0.136909,0.706923,-0.698269,0.0726131,0.0860681
31.106,0.0462699,-0.0282945,0.136855,0.707066,-0.698125,0.0726286,0.0860495
31.1109,0.0462806,-0.0283399,0.136827,0.70662,-0.698577,0.0725708,0.0860987
31.116,0.0462805,-0.0283396,0.136772,0.706762,-0.698433,0.0725863,0.0860801
31.121,0.0462805,-0.0283392,0.136718,0.706905,-0.698289,0.0726018,0.0860615
31.126,0.0462805,-0.0283392,0.136718,0.706905,-0.698289,0.0726018,0.0860615
31.131,0.0462804,-0.0283388,0.136664,0.707047,-0.698146,0.0726173,0.0860429
31.136,0.0462804,-0.0283388,0.136664,0.707047,-0.698146,0.0726173,0.0860429
31.141,0.0463611,-0.0283194,0.136609,0.706729,-0.698436,0.0727204,0.0862171
31.146,0.046361,-0.028319,0.136555,0.706871,-0.698293,0.0727359,0.0861985
31.151,0.0463609,-0.0283185,0.136501,0.707014,-0.698149,0.0727515,0.0861798
31.156,0.0463608,-0.0283181,0.136446,0.70671,-0.698457,0.0727091,0.0862105
31.161,0.0463607,-0.0283176,0.136392,0.706853,-0.698313,0.0727247,0.0861918
31.166,0.0464415,-0.028298,0.136338,0.70698,-0.698152,0.0728856,0.0863168
31.1711,0.0464413,-0.0282975,0.136283,0.706677,-0.69846,0.0728432,0.0863474
31.176,0.0465219,-0.0282773,0.136175,0.706947,-0.698155,0.0730197,0.0864537
31.181,0.0465218,-0.0282767,0.13612,0.707089,-0.698011,0.0730353,0.086435
31.186,0.0465215,-0.0282754,0.136012,0.706878,-0.698233,0.0734609,0.0860021
31.191,0.0465214,-0.0282748,0.135957,0.707076,-0.698137,0.0730304,0.0855315
31.196,0.046602,-0.0282549,0.135903,0.706702,-0.69838,0.0735799,0.0861581
31.201,0.0466019,-0.0282542,0.135849,0.70695,-0.698225,0.0726963,0.0861321
31.206,0.0466017,-0.0282535,0.135794,0.706596,-0.698591,0.073107,0.085719
31.2109,0.0466824,-0.0282336,0.13574,0.706724,-0.69843,0.0732681,0.0858439
31.2159,0.0466824,-0.0282336,0.13574,0.706277,-0.698881,0.0732099,0.0858941
31.221,0.0466824,-0.0282336,0.13574,0.706277,-0.698881,0.0732099,0.0858941
31.226,0.0466822,-0.0282328,0.135686,0.70642,-0.698738,0.0732257,0.0858753
31.231,0.0466822,-0.0282328,0.135686,0.70642,-0.698738,0.0732257,0.0858753
31.236,0.046682,-0.0282321,0.135631,0.706116,-0.699045,0.0731833,0.0859067
31.241,0.046682,-0.0282321,0.135631,0.706116,-0.699045,0.0731833,0.0859067
31.246,0.0467626,-0.028212,0.135577,0.706244,-0.698884,0.0733444,0.0860317
31.251,0.0467626,-0.028212,0.135577,0.706244,-0.698884,0.0733444,0.0860317
31.256,0.0467624,-0.0282112,0.135523,0.705889,-0.699249,0.0737565,0.0856204
31.261,0.0467622,-0.0282104,0.135468,0.706082,-0.699048,0.0733179,0.0860444
31.2659,0.0467622,-0.0282104,0.135468,0.706032,-0.699106,0.0737725,0.0856017
31.271,0.046762,-0.0282095,0.135414,0.706225,-0.698905,0.0733338,0.0860256
31.276,0.046762,-0.0282095,0.135414,0.705728,-0.699413,0.0737305,0.0856336
31.281,0.0467618,-0.0282086,0.13536,0.70587,-0.69927,0.0737465,0.0856149
31.286,0.0467618,-0.0282086,0.13536,0.705925,-0.699317,0.0732995,0.0851637
31.291,0.0467618,-0.0282086,0.13536,0.705925,-0.699317,0.0732995,0.0851637
31.296,0.0467618,-0.0282086,0.13536,0.705925,-0.699317,0.0732995,0.0851637
31.301,0.0467618,-0.0282086,0.13536,0.705478,-0.699768,0.0732411,0.0852144
31.306,0.0467616,-0.0282077,0.135305,0.705621,-0.699624,0.0732572,0.0851957
31.311,0.0467616,-0.0282077,0.135305,0.705621,-0.699624,0.0732572,0.0851957
31.316,0.0467616,-0.0282077,0.135305,0.705621,-0.699624,0.0732572,0.0851957
31.321,0.0467616,-0.0282077,0.135305,0.705621,-0.699624,0.0732572,0.0851957
31.326,0.0467616,-0.0282077,0.135305,0.705621,-0.699624,0.0732572,0.0851957
31.331,0.0467616,-0.0282077,0.135305,0.705621,-0.699624,0.0732572,0.0851957
31.336,0.0467616,-0.0282077,0.135305,0.705174,-0.700075,0.0731988,0.0852464
31.341,0.0467724,-0.0282531,0.135277,0.705174,-0.700075,0.0731988,0.0852464
31.346,0.0467724,-0.0282531,0.135277,0.705174,-0.700075,0.0731988,0.0852464
31.351,0.0467724,-0.0282531,0.135277,0.705174,-0.700075,0.0731988,0.0852464
31.356,0.0467724,-0.0282531,0.135277,0.705174,-0.700075,0.0731988,0.0852464
31.361,0.0467724,-0.0282531,0.135277,0.705228,-0.700121,0.0727513,0.0847956
31.366,0.0467724,-0.0282531,0.135277,0.705228,-0.700121,0.0727513,0.0847956
31.371,0.0467724,-0.0282531,0.135277,0.705228,-0.700121,0.0727513,0.0847956
31.376,0.0467724,-0.0282531,0.135277,0.705228,-0.700121,0.0727513,0.0847956
31.381,0.0468532,-0.0282338,0.135277,0.705213,-0.700104,0.0728963,0.0849396
31.386,0.0468532,-0.0282338,0.135277,0.705213,-0.700104,0.0728963,0.0849396
31.391,0.0468532,-0.0282338,0.135277,0.705213,-0.700104,0.0728963,0.0849396
31.396,0.046853,-0.0282329,0.135223,0.704909,-0.700411,0.0728537,0.0849718
31.401,0.046853,-0.0282329,0.135223,0.704909,-0.700411,0.0728537,0.0849718
31.406,0.046853,-0.0282329,0.135223,0.704909,-0.700411,0.0728537,0.0849718
31.411,0.046853,-0.0282329,0.135223,0.704909,-0.700411,0.0728537,0.0849718
31.416,0.0468528,-0.0282319,0.135169,0.705052,-0.700268,0.07287,0.0849529
31.421,0.0468528,-0.0282319,0.135169,0.705052,-0.700268,0.07287,0.0849529
31.426,0.0468528,-0.0282319,0.135169,0.705052,-0.700268,0.07287,0.0849529
31.431,0.0468528,-0.0282319,0.135169,0.705052,-0.700268,0.07287,0.0849529
31.436,0.0468528,-0.0282319,0.135169,0.704605,-0.700718,0.0728111,0.085004
31.441,0.0468528,-0.0282319,0.135169,0.704605,-0.700718,0.0728111,0.085004
31.446,0.0468528,-0.0282319,0.135169,0.704605,-0.700718,0.0728111,0.085004
31.451,0.0468528,-0.0282319,0.135169,0.704605,-0.700718,0.0728111,0.085004
31.456,0.0468528,-0.0282319,0.135169,0.704605,-0.700718,0.0728111,0.085004
31.461,0.0468528,-0.0282319,0.135169,0.704605,-0.700718,0.0728111,0.085004
31.466,0.0468528,-0.0282319,0.135169,0.704659,-0.700764,0.0723632,0.0845536
31.471,0.0468528,-0.0282319,0.135169,0.704605,-0.700718,0.0728111,0.085004
31.476,0.0468528,-0.0282319,0.135169,0.704656,-0.700659,0.0723547,0.0854446
31.481,0.0468528,-0.0282319,0.135169,0.704659,-0.700764,0.0723632,0.0845536
31.486,0.0468528,-0.0282319,0.135169,0.704263,-0.701155,0.0718474,0.0850452
31.491,0.0468526,-0.0282309,0.135114,0.7043,-0.701024,0.0727685,0.0850361
31.496,0.0468526,-0.0282309,0.135114,0.7043,-0.701024,0.0727685,0.0850361
31.501,0.0468523,-0.0282299,0.13506,0.704443,-0.700881,0.0727848,0.0850173
31.506,0.0468523,-0.0282299,0.13506,0.704497,-0.700928,0.0723368,0.084567
31.511,0.0468523,-0.0282299,0.13506,0.704549,-0.700869,0.0718799,0.0850071
31.516,0.0468523,-0.0282299,0.13506,0.704443,-0.700881,0.0727848,0.0850173
31.521,0.0468521,-0.0282289,0.135006,0.704586,-0.700738,0.072801,0.0849984
31.526,0.0468521,-0.0282289,0.135006,0.70464,-0.700785,0.0723531,0.084548
31.531,0.0468521,-0.0282289,0.135006,0.704245,-0.701176,0.0718367,0.0850391
31.536,0.0468521,-0.0282289,0.135006,0.704193,-0.701234,0.072294,0.0845993
31.541,0.0468521,-0.0282289,0.135006,0.704193,-0.701234,0.072294,0.0845993
31.546,0.0468521,-0.0282289,0.135006,0.704193,-0.701234,0.072294,0.0845993
31.551,0.0468521,-0.0282289,0.135006,0.704245,-0.701176,0.0718367,0.0850391
31.556,0.0468521,-0.0282289,0.135006,0.704245,-0.701176,0.0718367,0.0850391
31.561,0.0468521,-0.0282289,0.135006,0.704245,-0.701176,0.0718367,0.0850391
31.566,0.0468521,-0.0282289,0.135006,0.704193,-0.701234,0.072294,0.0845993
31.571,0.0468521,-0.0282289,0.135006,0.704193,-0.701234,0.072294,0.0845993
31.576,0.0469329,-0.0282096,0.135006,0.703782,-0.701607,0.071922,0.0852343
31.581,0.0469329,-0.0282096,0.135006,0.703782,-0.701607,0.071922,0.0852343
31.586,0.0469329,-0.0282096,0.135006,0.703782,-0.701607,0.071922,0.0852343
31.591,0.0469329,-0.0282096,0.135006,0.703782,-0.701607,0.071922,0.0852343
31.596,0.0469329,-0.0282096,0.135006,0.703782,-0.701607,0.071922,0.0852343
31.601,0.0469329,-0.0282096,0.135006,0.703782,-0.701607,0.071922,0.0852343
31.606,0.0469329,-0.0282096,0.135006,0.703836,-0.701653,0.0714735,0.0847844
31.611,0.0469329,-0.0282096,0.135006,0.703836,-0.701653,0.0714735,0.0847844
31.616,0.0469329,-0.0282096,0.135006,0.703889,-0.701594,0.071016,0.0852237
31.621,0.0469329,-0.0282096,0.135006,0.703889,-0.701594,0.071016,0.0852237
31.626,0.0469329,-0.0282096,0.135006,0.703889,-0.701594,0.071016,0.0852237
31.631,0.0469329,-0.0282096,0.135006,0.703889,-0.701594,0.071016,0.0852237
31.636,0.0469329,-0.0282096,0.135006,0.703889,-0.701594,0.071016,0.0852237
31.6411,0.0469329,-0.0282096,0.135006,0.703943,-0.701639,0.0705676,0.0847738
31.646,0.0469329,-0.0282096,0.135006,0.703943,-0.701639,0.0705676,0.0847738
31.651,0.0469329,-0.0282096,0.135006,0.703995,-0.70158,0.0701101,0.0852131
31.656,0.0469329,-0.0282096,0.135006,0.703995,-0.70158,0.0701101,0.0852131
31.6611,0.0469329,-0.0282096,0.135006,0.703995,-0.70158,0.0701101,0.0852131
31.666,0.0469329,-0.0282096,0.135006,0.703995,-0.70158,0.0701101,0.0852131
31.671,0.0469329,-0.0282096,0.135006,0.703547,-0.702029,0.0700493,0.0852641
31.676,0.0469329,-0.0282096,0.135006,0.703995,-0.70158,0.0701101,0.0852131
31.681,0.0469329,-0.0282096,0.135006,0.703995,-0.70158,0.0701101,0.0852131
31.686,0.0469329,-0.0282096,0.135006,0.703995,-0.70158,0.0701101,0.0852131
31.691,0.0469329,-0.0282096,0.135006,0.704047,-0.70152,0.0696525,0.0856523
31.696,0.0469329,-0.0282096,0.135006,0.703995,-0.70158,0.0701101,0.0852131
31.701,0.0469329,-0.0282096,0.135006,0.704047,-0.70152,0.0696525,0.0856523
31.706,0.0469329,-0.0282096,0.135006,0.704047,-0.70152,0.0696525,0.0856523
31.711,0.0469437,-0.028255,0.134978,0.704047,-0.70152,0.0696525,0.0856523
31.716,0.0469437,-0.028255,0.134978,0.704102,-0.701564,0.0692041,0.0852023
31.721,0.0469437,-0.028255,0.134978,0.704102,-0.701564,0.0692041,0.0852023
31.726,0.0469437,-0.028255,0.134978,0.704047,-0.70152,0.0696525,0.0856523
31.731,0.0469437,-0.028255,0.134978,0.704102,-0.701564,0.0692041,0.0852023
31.736,0.0469437,-0.028255,0.134978,0.704102,-0.701564,0.0692041,0.0852023
31.741,0.0469437,-0.028255,0.134978,0.704102,-0.701564,0.0692041,0.0852023
31.746,0.0469437,-0.028255,0.134978,0.704102,-0.701564,0.0692041,0.0852023
31.751,0.0469437,-0.028255,0.134978,0.704102,-0.701564,0.0692041,0.0852023
31.756,0.0469437,-0.028255,0.134978,0.704102,-0.701564,0.0692041,0.0852023
31.761,0.0469437,-0.028255,0.134978,0.704102,-0.701564,0.0692041,0.0852023
31.766,0.0469546,-0.0283003,0.134949,0.704102,-0.701564,0.0692041,0.0852023
31.771,0.0469546,-0.0283003,0.134949,0.704102,-0.701564,0.0692041,0.0852023
31.776,0.0469546,-0.0283003,0.134949,0.704102,-0.701564,0.0692041,0.0852023
31.781,0.0469654,-0.0283456,0.134921,0.704047,-0.70152,0.0696525,0.0856523
31.786,0.0469654,-0.0283456,0.134921,0.704102,-0.701564,0.0692041,0.0852023
31.791,0.0469654,-0.0283456,0.134921,0.704102,-0.701564,0.0692041,0.0852023
31.796,0.0469654,-0.0283456,0.134921,0.704102,-0.701564,0.0692041,0.0852023
31.801,0.0469654,-0.0283456,0.134921,0.704102,-0.701564,0.0692041,0.0852023
31.806,0.0469654,-0.0283456,0.134921,0.704102,-0.701564,0.0692041,0.0852023
31.811,0.0469654,-0.0283456,0.134921,0.704102,-0.701564,0.0692041,0.0852023
31.816,0.0469762,-0.0283909,0.134893,0.704102,-0.701564,0.0692041,0.0852023
31.821,0.0469759,-0.0283899,0.134839,0.704245,-0.701421,0.0692204,0.0851827
31.826,0.0469759,-0.0283899,0.134839,0.704245,-0.701421,0.0692204,0.0851827
31.831,0.0470568,-0.0283706,0.134839,0.70423,-0.701404,0.0693652,0.0853269
31.8361,0.0470568,-0.0283706,0.134839,0.70423,-0.701404,0.0693652,0.0853269
31.841,0.0470568,-0.0283706,0.134839,0.70423,-0.701404,0.0693652,0.0853269
31.846,0.0470568,-0.0283706,0.134839,0.70423,-0.701404,0.0693652,0.0853269
31.851,0.0470568,-0.0283706,0.134839,0.70423,-0.701404,0.0693652,0.0853269
31.856,0.0470566,-0.0283695,0.134785,0.704373,-0.701261,0.0693815,0.0853073
31.861,0.0470566,-0.0283695,0.134785,0.704373,-0.701261,0.0693815,0.0853073
31.866,0.0470566,-0.0283695,0.134785,0.704373,-0.701261,0.0693815,0.0853073
31.871,0.0470566,-0.0283695,0.134785,0.704373,-0.701261,0.0693815,0.0853073
31.876,0.0470566,-0.0283695,0.134785,0.704373,-0.701261,0.0693815,0.0853073
31.881,0.0471375,-0.0283501,0.134785,0.704359,-0.701243,0.0695264,0.0854514
31.886,0.0471483,-0.0283954,0.134756,0.704359,-0.701243,0.0695264,0.0854514
31.891,0.0471483,-0.0283954,0.134756,0.704359,-0.701243,0.0695264,0.0854514
31.896,0.0471483,-0.0283954,0.134756,0.704359,-0.701243,0.0695264,0.0854514
31.901,0.0471483,-0.0283954,0.134756,0.704359,-0.701243,0.0695264,0.0854514
31.906,0.0471483,-0.0283954,0.134756,0.704359,-0.701243,0.0695264,0.0854514
31.911,0.0471483,-0.0283954,0.134756,0.704359,-0.701243,0.0695264,0.0854514
31.916,0.0472292,-0.028376,0.134756,0.704345,-0.701226,0.0696712,0.0855956
31.921,0.0472292,-0.028376,0.134756,0.704345,-0.701226,0.0696712,0.0855956
31.926,0.0472292,-0.028376,0.134756,0.704345,-0.701226,0.0696712,0.0855956
31.931,0.047229,-0.0283749,0.134702,0.704488,-0.701083,0.0696876,0.0855759
31.936,0.047229,-0.0283749,0.134702,0.704488,-0.701083,0.0696876,0.0855759
31.941,0.047229,-0.0283749,0.134702,0.704488,-0.701083,0.0696876,0.0855759
31.946,0.047229,-0.0283749,0.134702,0.704488,-0.701083,0.0696876,0.0855759
31.951,0.0473098,-0.0283555,0.134702,0.704473,-0.701065,0.0698324,0.0857201
31.956,0.0473098,-0.0283555,0.134702,0.704473,-0.701065,0.0698324,0.0857201
31.961,0.0473096,-0.0283544,0.134648,0.704564,-0.700983,0.0703066,0.0852615
31.966,0.0473096,-0.0283544,0.134648,0.704616,-0.700922,0.0698488,0.0857004
31.971,0.0473205,-0.0283997,0.13462,0.704564,-0.700983,0.0703066,0.0852615
31.976,0.0473205,-0.0283997,0.13462,0.704564,-0.700983,0.0703066,0.0852615
31.981,0.0473205,-0.0283997,0.13462,0.704616,-0.700922,0.0698488,0.0857004
31.986,0.0473205,-0.0283997,0.13462,0.704616,-0.700922,0.0698488,0.0857004
31.991,0.0473205,-0.0283997,0.13462,0.704116,-0.701432,0.0702453,0.0853132
31.996,0.0473205,-0.0283997,0.13462,0.704616,-0.700922,0.0698488,0.0857004
32.001,0.0473311,-0.0284438,0.134537,0.704707,-0.70084,0.0703231,0.0852419
32.006,0.0473311,-0.0284438,0.134537,0.704759,-0.70078,0.0698652,0.0856806
32.011,0.0473311,-0.0284438,0.134537,0.704312,-0.701229,0.0698037,0.085732
32.016,0.0473311,-0.0284438,0.134537,0.704259,-0.70129,0.0702618,0.0852936
32.021,0.0473417,-0.0284879,0.134455,0.70485,-0.700697,0.0703396,0.0852223
32.026,0.0473417,-0.0284879,0.134455,0.704455,-0.701086,0.0698201,0.0857123
32.031,0.0473417,-0.0284879,0.134455,0.704455,-0.701086,0.0698201,0.0857123
32.036,0.0473417,-0.0284879,0.134455,0.704455,-0.701086,0.0698201,0.0857123
32.0411,0.0473523,-0.0285319,0.134372,0.704545,-0.701004,0.0702949,0.0852543
32.046,0.0473523,-0.0285319,0.134372,0.704598,-0.700943,0.0698365,0.0856925
32.051,0.0473632,-0.0285772,0.134344,0.704598,-0.700943,0.0698365,0.0856925
32.056,0.0473632,-0.0285772,0.134344,0.704598,-0.700943,0.0698365,0.0856925
32.061,0.0473737,-0.0286212,0.134261,0.704688,-0.700861,0.0703114,0.0852347
32.066,0.0473737,-0.0286212,0.134261,0.704741,-0.7008,0.0698529,0.0856728
32.0714,0.0474544,-0.0286005,0.134207,0.704369,-0.70115,0.0704114,0.0854109
32.0761,0.0474544,-0.0286005,0.134207,0.704369,-0.70115,0.0704114,0.0854109
32.081,0.047465,-0.0286444,0.134124,0.704512,-0.701007,0.0704279,0.0853912
32.086,0.047465,-0.0286444,0.134124,0.704512,-0.701007,0.0704279,0.0853912
32.091,0.0474647,-0.0286432,0.13407,0.704655,-0.700864,0.0704445,0.0853715
32.096,0.0474644,-0.0286419,0.134016,0.704798,-0.700721,0.070461,0.0853519
32.101,0.0474753,-0.0286871,0.133987,0.704798,-0.700721,0.070461,0.0853519
32.1061,0.047475,-0.0286858,0.133933,0.704941,-0.700578,0.0704776,0.0853322
32.111,0.0475669,-0.0287114,0.133905,0.704479,-0.70101,0.070561,0.0855281
32.116,0.0475669,-0.0287114,0.133905,0.704479,-0.70101,0.070561,0.0855281
32.121,0.0475666,-0.0287101,0.13385,0.704622,-0.700867,0.0705776,0.0855084
32.1261,0.0475666,-0.0287101,0.13385,0.704622,-0.700867,0.0705776,0.0855084
32.131,0.0475772,-0.0287539,0.133768,0.704765,-0.700724,0.0705942,0.0854887
32.136,0.0475772,-0.0287539,0.133768,0.704765,-0.700724,0.0705942,0.0854887
32.141,0.0475769,-0.0287525,0.133713,0.704908,-0.700581,0.0706107,0.085469
32.1461,0.0475769,-0.0287525,0.133713,0.704908,-0.700581,0.0706107,0.085469
32.151,0.0475765,-0.0287512,0.133659,0.704657,-0.700827,0.0701058,0.0859375
32.156,0.0475874,-0.0287963,0.133631,0.704604,-0.700888,0.0705659,0.0855012
32.161,0.0475871,-0.0287949,0.133576,0.704746,-0.700745,0.0705824,0.0854815
32.166,0.0475867,-0.0287935,0.133522,0.704889,-0.700602,0.070599,0.0854617
32.171,0.0476678,-0.0287739,0.133522,0.704875,-0.700584,0.0707439,0.0856058
32.176,0.0476674,-0.0287724,0.133468,0.705071,-0.700381,0.0703002,0.0860221
32.181,0.0476674,-0.0287724,0.133468,0.704571,-0.700891,0.070699,0.085638
32.186,0.0476674,-0.0287724,0.133468,0.704571,-0.700891,0.070699,0.085638
32.1911,0.047678,-0.0288161,0.133385,0.704713,-0.700748,0.0707156,0.0856183
32.196,0.047678,-0.0288161,0.133385,0.704713,-0.700748,0.0707156,0.0856183
32.201,0.047678,-0.0288161,0.133385,0.704713,-0.700748,0.0707156,0.0856183
32.206,0.0476889,-0.0288612,0.133357,0.704713,-0.700748,0.0707156,0.0856183
32.211,0.0476889,-0.0288612,0.133357,0.704713,-0.700748,0.0707156,0.0856183
32.216,0.0476889,-0.0288612,0.133357,0.704713,-0.700748,0.0707156,0.0856183
32.221,0.0476885,-0.0288597,0.133302,0.704856,-0.700605,0.0707322,0.0855985
32.226,0.0476995,-0.0289048,0.133274,0.704856,-0.700605,0.0707322,0.0855985
32.231,0.0476995,-0.0289048,0.133274,0.704409,-0.701055,0.0706707,0.0856505
32.236,0.0476995,-0.0289048,0.133274,0.704409,-0.701055,0.0706707,0.0856505
32.2411,0.0476991,-0.0289033,0.13322,0.704552,-0.700912,0.0706873,0.0856308
32.246,0.0476991,-0.0289033,0.13322,0.704552,-0.700912,0.0706873,0.0856308
32.251,0.04771,-0.0289484,0.133191,0.704552,-0.700912,0.0706873,0.0856308
32.256,0.04771,-0.0289484,0.133191,0.704552,-0.700912,0.0706873,0.0856308
32.261,0.04771,-0.0289484,0.133191,0.704552,-0.700912,0.0706873,0.0856308
32.266,0.0477096,-0.0289469,0.133137,0.704695,-0.700769,0.0707039,0.085611
32.271,0.0477205,-0.0289919,0.133109,0.704695,-0.700769,0.0707039,0.085611
32.2761,0.0477205,-0.0289919,0.133109,0.704695,-0.700769,0.0707039,0.085611
32.281,0.0477314,-0.029037,0.13308,0.704248,-0.701218,0.0706423,0.085663
32.286,0.047731,-0.0290355,0.133026,0.704838,-0.700626,0.0707205,0.0855913
32.2911,0.047731,-0.0290355,0.133026,0.70439,-0.701075,0.0706589,0.0856432
32.296,0.047731,-0.0290355,0.133026,0.70439,-0.701075,0.0706589,0.0856432
32.301,0.0477419,-0.0290805,0.132997,0.70439,-0.701075,0.0706589,0.0856432
32.306,0.0477419,-0.0290805,0.132997,0.70439,-0.701075,0.0706589,0.0856432
32.311,0.0477419,-0.0290805,0.132997,0.70439,-0.701075,0.0706589,0.0856432
32.316,0.0477419,-0.0290805,0.132997,0.70439,-0.701075,0.0706589,0.0856432
32.321,0.0478231,-0.0290609,0.132997,0.704376,-0.701058,0.0708038,0.0857874
32.326,0.047834,-0.0291059,0.132969,0.703928,-0.701507,0.0707421,0.0858394
32.331,0.0478336,-0.0291043,0.132914,0.704071,-0.701364,0.0707588,0.0858196
32.336,0.0478336,-0.0291043,0.132914,0.704071,-0.701364,0.0707588,0.0858196
32.3411,0.0478336,-0.0291043,0.132914,0.704071,-0.701364,0.0707588,0.0858196
32.3461,0.0478336,-0.0291043,0.132914,0.704071,-0.701364,0.0707588,0.0858196
32.3511,0.0478336,-0.0291043,0.132914,0.704071,-0.701364,0.0707588,0.0858196
32.356,0.0478336,-0.0291043,0.132914,0.704071,-0.701364,0.0707588,0.0858196
32.361,0.0478336,-0.0291043,0.132914,0.704071,-0.701364,0.0707588,0.0858196
32.3661,0.0478446,-0.0291494,0.132886,0.704071,-0.701364,0.0707588,0.0858196
32.371,0.0478446,-0.0291494,0.132886,0.704071,-0.701364,0.0707588,0.0858196
32.3761,0.0478446,-0.0291494,0.132886,0.704071,-0.701364,0.0707588,0.0858196
32.381,0.0478446,-0.0291494,0.132886,0.704071,-0.701364,0.0707588,0.0858196
32.386,0.0478446,-0.0291494,0.132886,0.704071,-0.701364,0.0707588,0.0858196
32.391,0.0478446,-0.0291494,0.132886,0.704071,-0.701364,0.0707588,0.0858196
32.396,0.0478446,-0.0291494,0.132886,0.703624,-0.701813,0.0706971,0.0858716
32.401,0.0478446,-0.0291494,0.132886,0.703624,-0.701813,0.0706971,0.0858716
32.4061,0.0478446,-0.0291494,0.132886,0.703624,-0.701813,0.0706971,0.0858716
32.4111,0.0478446,-0.0291494,0.132886,0.703624,-0.701813,0.0706971,0.0858716
32.416,0.0478446,-0.0291494,0.132886,0.703624,-0.701813,0.0706971,0.0858716
32.421,0.0478446,-0.0291494,0.132886,0.703624,-0.701813,0.0706971,0.0858716
32.426,0.0478446,-0.0291494,0.132886,0.703677,-0.701753,0.0702348,0.0863056
32.431,0.0478446,-0.0291494,0.132886,0.703677,-0.701753,0.0702348,0.0863056
32.436,0.0478446,-0.0291494,0.132886,0.703677,-0.701753,0.0702348,0.0863056
32.441,0.0478446,-0.0291494,0.132886,0.703677,-0.701753,0.0702348,0.0863056
32.446,0.0478446,-0.0291494,0.132886,0.703624,-0.701813,0.0706971,0.0858716
32.451,0.0478446,-0.0291494,0.132886,0.703677,-0.701753,0.0702348,0.0863056
32.456,0.0478446,-0.0291494,0.132886,0.703677,-0.701753,0.0702348,0.0863056
32.4611,0.0478446,-0.0291494,0.132886,0.703677,-0.701753,0.0702348,0.0863056
32.4661,0.0478446,-0.0291494,0.132886,0.703677,-0.701753,0.0702348,0.0863056
32.471,0.0478446,-0.0291494,0.132886,0.703677,-0.701753,0.0702348,0.0863056
32.4761,0.0478446,-0.0291494,0.132886,0.703677,-0.701753,0.0702348,0.0863056
32.4811,0.0478446,-0.0291494,0.132886,0.703677,-0.701753,0.0702348,0.0863056
32.486,0.0478446,-0.0291494,0.132886,0.703677,-0.701753,0.0702348,0.0863056
32.491,0.0478442,-0.0291478,0.132832,0.70382,-0.70161,0.0702514,0.0862858
32.496,0.0478442,-0.0291478,0.132832,0.70382,-0.70161,0.0702514,0.0862858
32.501,0.0478442,-0.0291478,0.132832,0.703767,-0.70167,0.0707137,0.0858519
32.5061,0.0478442,-0.0291478,0.132832,0.70382,-0.70161,0.0702514,0.0862858
32.5111,0.0478551,-0.0291928,0.132803,0.70382,-0.70161,0.0702514,0.0862858
32.5161,0.0478551,-0.0291928,0.132803,0.70382,-0.70161,0.0702514,0.0862858
32.5211,0.0478551,-0.0291928,0.132803,0.70382,-0.70161,0.0702514,0.0862858
32.526,0.0478551,-0.0291928,0.132803,0.70382,-0.70161,0.0702514,0.0862858
32.531,0.0478551,-0.0291928,0.132803,0.70382,-0.70161,0.0702514,0.0862858
32.536,0.0478551,-0.0291928,0.132803,0.70382,-0.70161,0.0702514,0.0862858
32.5411,0.0478551,-0.0291928,0.132803,0.70382,-0.70161,0.0702514,0.0862858
32.5461,0.0478551,-0.0291928,0.132803,0.70382,-0.70161,0.0702514,0.0862858
32.551,0.0478547,-0.0291912,0.132749,0.703963,-0.701467,0.070268,0.0862659
32.556,0.0478547,-0.0291912,0.132749,0.703963,-0.701467,0.070268,0.0862659
32.5611,0.0478656,-0.0292362,0.13272,0.703963,-0.701467,0.070268,0.0862659
32.566,0.0478656,-0.0292362,0.13272,0.703963,-0.701467,0.070268,0.0862659
32.571,0.0478656,-0.0292362,0.13272,0.703963,-0.701467,0.070268,0.0862659
32.5761,0.0478656,-0.0292362,0.13272,0.703963,-0.701467,0.070268,0.0862659
32.581,0.0478656,-0.0292362,0.13272,0.703963,-0.701467,0.070268,0.0862659
32.586,0.0478656,-0.0292362,0.13272,0.703963,-0.701467,0.070268,0.0862659
32.5911,0.0478652,-0.0292345,0.132666,0.704106,-0.701324,0.0702845,0.0862461
32.596,0.0478652,-0.0292345,0.132666,0.704053,-0.701385,0.0707471,0.0858123
32.601,0.0478761,-0.0292795,0.132637,0.704106,-0.701324,0.0702845,0.0862461
32.606,0.0478761,-0.0292795,0.132637,0.704106,-0.701324,0.0702845,0.0862461
32.6111,0.0478761,-0.0292795,0.132637,0.704106,-0.701324,0.0702845,0.0862461
32.6161,0.0478761,-0.0292795,0.132637,0.704106,-0.701324,0.0702845,0.0862461
32.621,0.0479574,-0.0292598,0.132637,0.704038,-0.701367,0.0708918,0.0859565
32.626,0.0479574,-0.0292598,0.132637,0.704092,-0.701307,0.0704293,0.0863903
32.631,0.0479679,-0.0293032,0.132554,0.704235,-0.701164,0.0704459,0.0863704
32.636,0.0479679,-0.0293032,0.132554,0.704181,-0.701224,0.0709085,0.0859367
32.6411,0.0479679,-0.0293032,0.132554,0.704181,-0.701224,0.0709085,0.0859367
32.6461,0.0479675,-0.0293015,0.1325,0.704378,-0.701021,0.0704625,0.0863505
32.651,0.0479784,-0.0293464,0.132471,0.704378,-0.701021,0.0704625,0.0863505
32.656,0.0479784,-0.0293464,0.132471,0.704324,-0.701082,0.0709252,0.0859169
32.6611,0.0479784,-0.0293464,0.132471,0.704324,-0.701082,0.0709252,0.0859169
32.666,0.0479893,-0.0293914,0.132443,0.704324,-0.701082,0.0709252,0.0859169
32.671,0.0479893,-0.0293914,0.132443,0.704324,-0.701082,0.0709252,0.0859169
32.6761,0.0479889,-0.0293897,0.132389,0.704467,-0.700939,0.0709418,0.0858971
32.6811,0.0479998,-0.0294347,0.13236,0.704467,-0.700939,0.0709418,0.0858971
32.6861,0.0479998,-0.0294347,0.13236,0.704467,-0.700939,0.0709418,0.0858971
32.6911,0.0479998,-0.0294347,0.13236,0.704467,-0.700939,0.0709418,0.0858971
32.696,0.0479998,-0.0294347,0.13236,0.704467,-0.700939,0.0709418,0.0858971
32.701,0.0480103,-0.0294779,0.132277,0.70461,-0.700796,0.0709585,0.0858773
32.706,0.0480916,-0.0294581,0.132277,0.704595,-0.700778,0.0711034,0.0860214
32.7111,0.0480916,-0.0294581,0.132277,0.704148,-0.701227,0.0710416,0.0860736
32.7161,0.0481025,-0.029503,0.132248,0.704595,-0.700778,0.0711034,0.0860214
32.721,0.0481021,-0.0295013,0.132194,0.704291,-0.701085,0.0710583,0.0860538
32.7261,0.0481021,-0.0295013,0.132194,0.704291,-0.701085,0.0710583,0.0860538
32.731,0.0481021,-0.0295013,0.132194,0.704291,-0.701085,0.0710583,0.0860538
32.736,0.048113,-0.0295462,0.132165,0.704291,-0.701085,0.0710583,0.0860538
32.741,0.048194,-0.0295246,0.132111,0.704419,-0.700924,0.0712198,0.0861781
32.746,0.048194,-0.0295246,0.132111,0.704419,-0.700924,0.0712198,0.0861781
32.751,0.0482049,-0.0295695,0.132082,0.704419,-0.700924,0.0712198,0.0861781
32.756,0.0482049,-0.0295695,0.132082,0.704419,-0.700924,0.0712198,0.0861781
32.7611,0.0482049,-0.0295695,0.132082,0.703972,-0.701373,0.0711579,0.0862303
32.766,0.0482158,-0.0296144,0.132053,0.703972,-0.701373,0.0711579,0.0862303
32.771,0.0482158,-0.0296144,0.132053,0.703972,-0.701373,0.0711579,0.0862303
32.7761,0.0482263,-0.0296575,0.13197,0.704115,-0.70123,0.0711747,0.0862105
32.7811,0.0482263,-0.0296575,0.13197,0.704115,-0.70123,0.0711747,0.0862105
32.7861,0.0482372,-0.0297023,0.131942,0.704115,-0.70123,0.0711747,0.0862105
32.7911,0.0482372,-0.0297023,0.131942,0.704115,-0.70123,0.0711747,0.0862105
32.796,0.0482372,-0.0297023,0.131942,0.704115,-0.70123,0.0711747,0.0862105
32.801,0.0483187,-0.0296825,0.131942,0.704046,-0.701273,0.071783,0.0859222
32.806,0.0483187,-0.0296825,0.131942,0.7041,-0.701213,0.0713194,0.0863547
32.8111,0.0483292,-0.0297255,0.131858,0.704243,-0.70107,0.0713362,0.0863348
32.8161,0.0483292,-0.0297255,0.131858,0.704189,-0.70113,0.0717999,0.0859024
32.8211,0.0483287,-0.0297237,0.131804,0.704386,-0.700927,0.071353,0.0863149
32.8261,0.0483287,-0.0297237,0.131804,0.704332,-0.700987,0.0718167,0.0858826
32.8311,0.0484097,-0.0297019,0.13175,0.70446,-0.700827,0.0719784,0.0860069
32.8361,0.0484207,-0.0297468,0.131721,0.70446,-0.700827,0.0719784,0.0860069
32.8411,0.0484202,-0.0297449,0.131667,0.704603,-0.700684,0.0719953,0.085987
32.846,0.0484202,-0.0297449,0.131667,0.704156,-0.701133,0.0719335,0.0860398
32.851,0.0484202,-0.0297449,0.131667,0.704156,-0.701133,0.0719335,0.0860398
32.856,0.0484202,-0.0297449,0.131667,0.704156,-0.701133,0.0719335,0.0860398
32.8611,0.0485122,-0.0297679,0.131584,0.704284,-0.700973,0.0720952,0.0861641
32.866,0.0485122,-0.0297679,0.131584,0.704284,-0.700973,0.0720952,0.0861641
32.8711,0.0485122,-0.0297679,0.131584,0.704284,-0.700973,0.0720952,0.0861641
32.876,0.0485122,-0.0297679,0.131584,0.704284,-0.700973,0.0720952,0.0861641
32.8811,0.0485232,-0.0298127,0.131555,0.704229,-0.701033,0.0725595,0.0857324
32.8861,0.0485232,-0.0298127,0.131555,0.704229,-0.701033,0.0725595,0.0857324
32.8911,0.0485232,-0.0298127,0.131555,0.703781,-0.701482,0.0724979,0.0857855
32.896,0.0485232,-0.0298127,0.131555,0.703781,-0.701482,0.0724979,0.0857855
32.9011,0.0485227,-0.0298108,0.1315,0.703924,-0.701339,0.0725149,0.0857658
32.906,0.0485227,-0.0298108,0.1315,0.703924,-0.701339,0.0725149,0.0857658
32.9111,0.0485227,-0.0298108,0.1315,0.703924,-0.701339,0.0725149,0.0857658
32.9161,0.0485336,-0.0298555,0.131472,0.703924,-0.701339,0.0725149,0.0857658
32.921,0.0485336,-0.0298555,0.131472,0.703924,-0.701339,0.0725149,0.0857658
32.9261,0.0485336,-0.0298555,0.131472,0.703924,-0.701339,0.0725149,0.0857658
32.931,0.0485336,-0.0298555,0.131472,0.703477,-0.701788,0.0724533,0.0858189
32.9361,0.0485336,-0.0298555,0.131472,0.703924,-0.701339,0.0725149,0.0857658
32.9411,0.0485336,-0.0298555,0.131472,0.703477,-0.701788,0.0724533,0.0858189
32.9461,0.0485336,-0.0298555,0.131472,0.703477,-0.701788,0.0724533,0.0858189
32.9511,0.0486147,-0.0298336,0.131417,0.703605,-0.701628,0.0726149,0.0859434
32.9561,0.0486147,-0.0298336,0.131417,0.703605,-0.701628,0.0726149,0.0859434
32.9611,0.0486257,-0.0298784,0.131388,0.703605,-0.701628,0.0726149,0.0859434
32.966,0.0486257,-0.0298784,0.131388,0.703605,-0.701628,0.0726149,0.0859434
32.971,0.0486257,-0.0298784,0.131388,0.703605,-0.701628,0.0726149,0.0859434
32.9761,0.0486252,-0.0298764,0.131334,0.703748,-0.701485,0.072632,0.0859236
32.981,0.0486252,-0.0298764,0.131334,0.7033,-0.701934,0.0725703,0.0859768
32.9863,0.0486252,-0.0298764,0.131334,0.7033,-0.701934,0.0725703,0.0859768
32.991,0.0486252,-0.0298764,0.131334,0.7033,-0.701934,0.0725703,0.0859768
32.9961,0.0486252,-0.0298764,0.131334,0.7033,-0.701934,0.0725703,0.0859768
33.0011,0.0486362,-0.0299212,0.131305,0.7033,-0.701934,0.0725703,0.0859768
33.006,0.0486362,-0.0299212,0.131305,0.7033,-0.701934,0.0725703,0.0859768
33.0111,0.0486362,-0.0299212,0.131305,0.702852,-0.702382,0.0725085,0.0860299
33.0161,0.0486362,-0.0299212,0.131305,0.702852,-0.702382,0.0725085,0.0860299
33.021,0.0486357,-0.0299192,0.131251,0.702995,-0.702239,0.0725256,0.0860102
33.0261,0.0486357,-0.0299192,0.131251,0.702995,-0.702239,0.0725256,0.0860102
33.0311,0.0486357,-0.0299192,0.131251,0.702995,-0.702239,0.0725256,0.0860102
33.0361,0.0486357,-0.0299192,0.131251,0.702995,-0.702239,0.0725256,0.0860102
33.0411,0.0486352,-0.0299172,0.131197,0.703138,-0.702097,0.0725426,0.0859904
33.0461,0.0486352,-0.0299172,0.131197,0.70269,-0.702545,0.0724809,0.0860435
33.0511,0.0487167,-0.0298972,0.131197,0.702675,-0.702528,0.0726253,0.086188
33.056,0.0487162,-0.0298952,0.131142,0.702818,-0.702385,0.0726424,0.0861682
33.0611,0.0487162,-0.0298952,0.131142,0.702818,-0.702385,0.0726424,0.0861682
33.0661,0.0487272,-0.0299399,0.131113,0.702818,-0.702385,0.0726424,0.0861682
33.0711,0.0487272,-0.0299399,0.131113,0.702818,-0.702385,0.0726424,0.0861682
33.0761,0.0487272,-0.0299399,0.131113,0.702818,-0.702385,0.0726424,0.0861682
33.0811,0.0487272,-0.0299399,0.131113,0.702818,-0.702385,0.0726424,0.0861682
33.0861,0.0487382,-0.0299847,0.131084,0.702818,-0.702385,0.0726424,0.0861682
33.091,0.0487377,-0.0299826,0.13103,0.702513,-0.702691,0.0725977,0.0862016
33.0961,0.0487377,-0.0299826,0.13103,0.702513,-0.702691,0.0725977,0.0862016
33.1011,0.0487487,-0.0300273,0.131001,0.702513,-0.702691,0.0725977,0.0862016
33.106,0.0488413,-0.030052,0.130972,0.702498,-0.702673,0.0727421,0.086346
33.1111,0.0488407,-0.0300499,0.130918,0.702697,-0.70247,0.0722926,0.0867554
33.116,0.0488517,-0.0300946,0.130889,0.702641,-0.70253,0.0727592,0.0863262
33.1211,0.0488627,-0.0301393,0.13086,0.702193,-0.702978,0.0726972,0.0863795
33.1261,0.0489444,-0.0301192,0.13086,0.702178,-0.702961,0.0728416,0.086524
33.1311,0.0489554,-0.0301638,0.130831,0.702178,-0.702961,0.0728416,0.086524
33.136,0.0489664,-0.0302085,0.130802,0.702178,-0.702961,0.0728416,0.086524
33.141,0.049048,-0.0301883,0.130802,0.702163,-0.702943,0.072986,0.0866686
33.1461,0.0490591,-0.030233,0.130773,0.702163,-0.702943,0.072986,0.0866686
33.1511,0.0490701,-0.0302776,0.130743,0.702218,-0.702989,0.0725367,0.0862197
33.156,0.0491518,-0.0302574,0.130743,0.701755,-0.703419,0.0726185,0.0864181
33.1611,0.0491628,-0.030302,0.130714,0.702203,-0.702972,0.072681,0.0863643
33.1661,0.0491738,-0.0303466,0.130685,0.701755,-0.703419,0.0726185,0.0864181
33.1711,0.0492666,-0.030371,0.130656,0.70174,-0.703402,0.0727627,0.0865627
33.1761,0.0492666,-0.030371,0.130656,0.70174,-0.703402,0.0727627,0.0865627
33.1811,0.0492776,-0.0304156,0.130627,0.701795,-0.703448,0.0723131,0.0861141
33.1861,0.0492776,-0.0304156,0.130627,0.701795,-0.703448,0.0723131,0.0861141
33.1911,0.0492776,-0.0304156,0.130627,0.701795,-0.703448,0.0723131,0.0861141
33.1961,0.0493699,-0.0304378,0.130543,0.701923,-0.703288,0.0724749,0.0862386
33.201,0.049381,-0.0304823,0.130514,0.701923,-0.703288,0.0724749,0.0862386
33.206,0.049381,-0.0304823,0.130514,0.701978,-0.703334,0.0720253,0.0857899
33.2111,0.049381,-0.0304823,0.130514,0.701978,-0.703334,0.0720253,0.0857899
33.216,0.049381,-0.0304823,0.130514,0.701978,-0.703334,0.0720253,0.0857899
33.221,0.049392,-0.0305268,0.130485,0.701978,-0.703334,0.0720253,0.0857899
33.2261,0.049392,-0.0305268,0.130485,0.701978,-0.703334,0.0720253,0.0857899
33.2311,0.049392,-0.0305268,0.130485,0.701978,-0.703334,0.0720253,0.0857899
33.236,0.049392,-0.0305268,0.130485,0.701978,-0.703334,0.0720253,0.0857899
33.2411,0.0494031,-0.0305714,0.130456,0.702033,-0.70338,0.0715758,0.0853412
33.2461,0.0494031,-0.0305714,0.130456,0.702033,-0.70338,0.0715758,0.0853412
33.2511,0.0494031,-0.0305714,0.130456,0.702033,-0.70338,0.0715758,0.0853412
33.256,0.0494031,-0.0305714,0.130456,0.702033,-0.70338,0.0715758,0.0853412
33.2611,0.0494031,-0.0305714,0.130456,0.701584,-0.703827,0.0715121,0.0853961
33.2661,0.0494031,-0.0305714,0.130456,0.701584,-0.703827,0.0715121,0.0853961
33.2711,0.0494849,-0.030551,0.130456,0.702018,-0.703362,0.0717201,0.0854858
33.2761,0.049496,-0.0305955,0.130426,0.702018,-0.703362,0.0717201,0.0854858
33.2811,0.049496,-0.0305955,0.130426,0.70157,-0.70381,0.0716564,0.0855408
33.2861,0.0494954,-0.0305934,0.130372,0.701767,-0.703713,0.0712243,0.0850719
33.2911,0.0494954,-0.0305934,0.130372,0.701767,-0.703713,0.0712243,0.0850719
33.2961,0.0494954,-0.0305934,0.130372,0.701767,-0.703713,0.0712243,0.0850719
33.3011,0.0495065,-0.0306379,0.130343,0.702162,-0.70322,0.0717378,0.0854655
33.3061,0.0495065,-0.0306379,0.130343,0.701767,-0.703713,0.0712243,0.0850719
33.3111,0.0495065,-0.0306379,0.130343,0.701767,-0.703713,0.0712243,0.0850719
33.3161,0.0495065,-0.0306379,0.130343,0.701767,-0.703713,0.0712243,0.0850719
33.3211,0.0495065,-0.0306379,0.130343,0.701767,-0.703713,0.0712243,0.0850719
33.3261,0.0495065,-0.0306379,0.130343,0.701767,-0.703713,0.0712243,0.0850719
33.3311,0.0495065,-0.0306379,0.130343,0.701767,-0.703713,0.0712243,0.0850719
33.3361,0.0495065,-0.0306379,0.130343,0.701825,-0.703651,0.070757,0.0854997
33.3411,0.049506,-0.0306358,0.130288,0.701911,-0.703571,0.0712421,0.0850514
33.3461,0.049517,-0.0306803,0.130259,0.701911,-0.703571,0.0712421,0.0850514
33.3511,0.049517,-0.0306803,0.130259,0.701911,-0.703571,0.0712421,0.0850514
33.3561,0.049517,-0.0306803,0.130259,0.701911,-0.703571,0.0712421,0.0850514
33.3611,0.049517,-0.0306803,0.130259,0.701911,-0.703571,0.0712421,0.0850514
33.3661,0.0495989,-0.0306599,0.130259,0.701896,-0.703553,0.0713864,0.0851961
33.3711,0.0495989,-0.0306599,0.130259,0.701896,-0.703553,0.0713864,0.0851961
33.3761,0.0495989,-0.0306599,0.130259,0.701896,-0.703553,0.0713864,0.0851961
33.3811,0.0495983,-0.0306577,0.130205,0.702039,-0.703411,0.0714042,0.0851756
33.3861,0.0495983,-0.0306577,0.130205,0.702039,-0.703411,0.0714042,0.0851756
33.3911,0.0496094,-0.0307022,0.130176,0.702039,-0.703411,0.0714042,0.0851756
33.3961,0.0496094,-0.0307022,0.130176,0.702039,-0.703411,0.0714042,0.0851756
33.4011,0.0496913,-0.0306818,0.130176,0.702025,-0.703394,0.0715486,0.0853202
33.4061,0.0496907,-0.0306796,0.130121,0.702168,-0.703251,0.0715664,0.0852997
33.4111,0.0496907,-0.0306796,0.130121,0.702168,-0.703251,0.0715664,0.0852997
33.4161,0.0496902,-0.0306774,0.130067,0.702311,-0.703109,0.0715843,0.0852792
33.4211,0.0496902,-0.0306774,0.130067,0.702253,-0.703171,0.0720519,0.0848518
33.426,0.0496902,-0.0306774,0.130067,0.702253,-0.703171,0.0720519,0.0848518
33.4311,0.0496896,-0.0306752,0.130013,0.702396,-0.703028,0.0720698,0.0848314
33.436,0.0496896,-0.0306752,0.130013,0.702396,-0.703028,0.0720698,0.0848314
33.4411,0.0496896,-0.0306752,0.130013,0.702396,-0.703028,0.0720698,0.0848314
33.4461,0.0496891,-0.030673,0.129958,0.702539,-0.702886,0.0720877,0.084811
33.4511,0.0496891,-0.030673,0.129958,0.702091,-0.703334,0.0720239,0.0848667
33.456,0.0496891,-0.030673,0.129958,0.702091,-0.703334,0.0720239,0.0848667
33.4611,0.0496891,-0.030673,0.129958,0.702091,-0.703334,0.0720239,0.0848667
33.4661,0.0497002,-0.0307174,0.129929,0.702091,-0.703334,0.0720239,0.0848667
33.471,0.0497002,-0.0307174,0.129929,0.702091,-0.703334,0.0720239,0.0848667
33.4761,0.0497002,-0.0307174,0.129929,0.702091,-0.703334,0.0720239,0.0848667
33.4811,0.0497107,-0.0307596,0.129845,0.702234,-0.703191,0.0720418,0.0848463
33.486,0.0497107,-0.0307596,0.129845,0.702234,-0.703191,0.0720418,0.0848463
33.4911,0.0497107,-0.0307596,0.129845,0.702234,-0.703191,0.0720418,0.0848463
33.4961,0.0497107,-0.0307596,0.129845,0.701786,-0.703639,0.0719779,0.084902
33.501,0.0497101,-0.0307573,0.129791,0.702378,-0.703049,0.0720597,0.0848258
33.506,0.0497212,-0.0308017,0.129762,0.701929,-0.703496,0.0719958,0.0848816
33.5113,0.0497212,-0.0308017,0.129762,0.701929,-0.703496,0.0719958,0.0848816
33.5161,0.0497212,-0.0308017,0.129762,0.701929,-0.703496,0.0719958,0.0848816
33.5211,0.0497212,-0.0308017,0.129762,0.701871,-0.703558,0.0724643,0.0844551
33.5261,0.0497323,-0.0308462,0.129732,0.701871,-0.703558,0.0724643,0.0844551
33.5311,0.0497323,-0.0308462,0.129732,0.701871,-0.703558,0.0724643,0.0844551
33.5361,0.0497323,-0.0308462,0.129732,0.701871,-0.703558,0.0724643,0.0844551
33.5411,0.0498247,-0.0308678,0.129649,0.701999,-0.703398,0.0726267,0.0845794
33.5461,0.0498247,-0.0308678,0.129649,0.701999,-0.703398,0.0726267,0.0845794
33.5511,0.0498247,-0.0308678,0.129649,0.701999,-0.703398,0.0726267,0.0845794
33.5561,0.0498358,-0.0309122,0.129619,0.70155,-0.703846,0.072563,0.0846355
33.5611,0.0498358,-0.0309122,0.129619,0.70155,-0.703846,0.072563,0.0846355
33.5661,0.0498358,-0.0309122,0.129619,0.70155,-0.703846,0.072563,0.0846355
33.5711,0.0498358,-0.0309122,0.129619,0.70155,-0.703846,0.072563,0.0846355
33.5761,0.0498358,-0.0309122,0.129619,0.70155,-0.703846,0.072563,0.0846355
33.5811,0.0498358,-0.0309122,0.129619,0.70155,-0.703846,0.072563,0.0846355
33.5861,0.0498464,-0.0309542,0.129535,0.701694,-0.703703,0.072581,0.0846151
33.591,0.0498464,-0.0309542,0.129535,0.701694,-0.703703,0.072581,0.0846151
33.5961,0.0498464,-0.0309542,0.129535,0.701694,-0.703703,0.072581,0.0846151
33.6011,0.0498464,-0.0309542,0.129535,0.701694,-0.703703,0.072581,0.0846151
33.6061,0.0498464,-0.0309542,0.129535,0.701694,-0.703703,0.072581,0.0846151
33.6113,0.0498464,-0.0309542,0.129535,0.701694,-0.703703,0.072581,0.0846151
33.6161,0.0498575,-0.0309986,0.129506,0.701694,-0.703703,0.072581,0.0846151
33.6211,0.0498569,-0.0309962,0.129452,0.701837,-0.703561,0.0725991,0.0845948
33.6261,0.0498569,-0.0309962,0.129452,0.701388,-0.704008,0.0725354,0.0846508
33.6311,0.0498569,-0.0309962,0.129452,0.701388,-0.704008,0.0725354,0.0846508
33.6361,0.0498569,-0.0309962,0.129452,0.701388,-0.704008,0.0725354,0.0846508
33.6411,0.0498674,-0.0310382,0.129368,0.701532,-0.703866,0.0725534,0.0846305
33.6461,0.0498674,-0.0310382,0.129368,0.701532,-0.703866,0.0725534,0.0846305
33.6511,0.0498674,-0.0310382,0.129368,0.701532,-0.703866,0.0725534,0.0846305
33.6561,0.0498674,-0.0310382,0.129368,0.701532,-0.703866,0.0725534,0.0846305
33.6611,0.0498785,-0.0310826,0.129338,0.701532,-0.703866,0.0725534,0.0846305
33.666,0.0498779,-0.0310802,0.129284,0.701675,-0.703724,0.0725715,0.0846102
33.6711,0.0498779,-0.0310802,0.129284,0.701226,-0.704171,0.0725078,0.0846662
33.6761,0.0498779,-0.0310802,0.129284,0.701226,-0.704171,0.0725078,0.0846662
33.6811,0.0498773,-0.0310778,0.12923,0.701369,-0.704029,0.0725259,0.0846459
33.686,0.0498773,-0.0310778,0.12923,0.701369,-0.704029,0.0725259,0.0846459
33.691,0.0498883,-0.0311221,0.1292,0.701369,-0.704029,0.0725259,0.0846459
33.6961,0.0498877,-0.0311197,0.129146,0.701513,-0.703886,0.0725439,0.0846255
33.701,0.0498877,-0.0311197,0.129146,0.701064,-0.704333,0.0724802,0.0846815
33.706,0.0498871,-0.0311172,0.129092,0.701207,-0.704191,0.0724983,0.0846612
33.7111,0.0498871,-0.0311172,0.129092,0.701261,-0.704237,0.0720481,0.084213
33.7161,0.0498871,-0.0311172,0.129092,0.701261,-0.704237,0.0720481,0.084213
33.721,0.0498865,-0.0311147,0.129037,0.701404,-0.704095,0.0720663,0.0841926
33.7261,0.0498865,-0.0311147,0.129037,0.701404,-0.704095,0.0720663,0.0841926
33.7311,0.0498865,-0.0311147,0.129037,0.700901,-0.704496,0.0724526,0.0846969
33.7361,0.0498859,-0.0311122,0.128983,0.701099,-0.7044,0.0720204,0.0842284
33.7411,0.0498859,-0.0311122,0.128983,0.701099,-0.7044,0.0720204,0.0842284
33.7461,0.0498859,-0.0311122,0.128983,0.701099,-0.7044,0.0720204,0.0842284
33.7511,0.0498859,-0.0311122,0.128983,0.701099,-0.7044,0.0720204,0.0842284
33.7561,0.0498859,-0.0311122,0.128983,0.70065,-0.704846,0.0719564,0.0842847
33.7611,0.0498859,-0.0311122,0.128983,0.70065,-0.704846,0.0719564,0.0842847
33.7661,0.0498859,-0.0311122,0.128983,0.70065,-0.704846,0.0719564,0.0842847
33.7711,0.0498859,-0.0311122,0.128983,0.70065,-0.704846,0.0719564,0.0842847
33.7761,0.0498859,-0.0311122,0.128983,0.70065,-0.704846,0.0719564,0.0842847
33.7811,0.0498859,-0.0311122,0.128983,0.70065,-0.704846,0.0719564,0.0842847
33.7861,0.0498852,-0.0311097,0.128929,0.700793,-0.704704,0.0719746,0.0842643
33.7911,0.0498852,-0.0311097,0.128929,0.700793,-0.704704,0.0719746,0.0842643
33.7961,0.0498852,-0.0311097,0.128929,0.700793,-0.704704,0.0719746,0.0842643
33.8011,0.0498852,-0.0311097,0.128929,0.700793,-0.704704,0.0719746,0.0842643
33.8061,0.0498846,-0.0311072,0.128875,0.700936,-0.704562,0.0719927,0.0842439
33.8111,0.0498846,-0.0311072,0.128875,0.700936,-0.704562,0.0719927,0.0842439
33.8161,0.0498957,-0.0311515,0.128845,0.700936,-0.704562,0.0719927,0.0842439
33.8211,0.0498957,-0.0311515,0.128845,0.700487,-0.705009,0.0719287,0.0843001
33.8261,0.0498957,-0.0311515,0.128845,0.700487,-0.705009,0.0719287,0.0843001
33.8312,0.0498957,-0.0311515,0.128845,0.700936,-0.704562,0.0719927,0.0842439
33.8361,0.0498957,-0.0311515,0.128845,0.700487,-0.705009,0.0719287,0.0843001
33.8411,0.0498957,-0.0311515,0.128845,0.700487,-0.705009,0.0719287,0.0843001
33.8461,0.0498957,-0.0311515,0.128845,0.700487,-0.705009,0.0719287,0.0843001
33.8511,0.0498957,-0.0311515,0.128845,0.700487,-0.705009,0.0719287,0.0843001
33.8561,0.0498957,-0.0311515,0.128845,0.700487,-0.705009,0.0719287,0.0843001
33.8611,0.0499068,-0.0311958,0.128815,0.700487,-0.705009,0.0719287,0.0843001
33.8661,0.0499068,-0.0311958,0.128815,0.700487,-0.705009,0.0719287,0.0843001
33.8711,0.0499068,-0.0311958,0.128815,0.700487,-0.705009,0.0719287,0.0843001
33.8761,0.0499068,-0.0311958,0.128815,0.700487,-0.705009,0.0719287,0.0843001
33.8811,0.0499179,-0.0312401,0.128786,0.700487,-0.705009,0.0719287,0.0843001
33.886,0.0499179,-0.0312401,0.128786,0.700487,-0.705009,0.0719287,0.0843001
33.8911,0.0499179,-0.0312401,0.128786,0.700487,-0.705009,0.0719287,0.0843001
33.8961,0.0499179,-0.0312401,0.128786,0.700487,-0.705009,0.0719287,0.0843001
33.9011,0.0499179,-0.0312401,0.128786,0.700487,-0.705009,0.0719287,0.0843001
33.9061,0.0499179,-0.0312401,0.128786,0.700487,-0.705009,0.0719287,0.0843001
33.9111,0.0499179,-0.0312401,0.128786,0.700487,-0.705009,0.0719287,0.0843001
33.9161,0.0499179,-0.0312401,0.128786,0.700487,-0.705009,0.0719287,0.0843001
33.9211,0.0499179,-0.0312401,0.128786,0.700487,-0.705009,0.0719287,0.0843001
33.9261,0.0499179,-0.0312401,0.128786,0.700487,-0.705009,0.0719287,0.0843001
33.9314,0.0499179,-0.0312401,0.128786,0.700487,-0.705009,0.0719287,0.0843001
33.9361,0.0499179,-0.0312401,0.128786,0.700487,-0.705009,0.0719287,0.0843001
33.9411,0.0499172,-0.0312375,0.128732,0.700631,-0.704867,0.0719469,0.0842797
33.9461,0.0499172,-0.0312375,0.128732,0.700631,-0.704867,0.0719469,0.0842797
33.9511,0.0499283,-0.0312818,0.128702,0.700631,-0.704867,0.0719469,0.0842797
33.9561,0.0499283,-0.0312818,0.128702,0.700631,-0.704867,0.0719469,0.0842797
33.9611,0.0499283,-0.0312818,0.128702,0.700577,-0.704821,0.0723974,0.0847275
33.9661,0.0499283,-0.0312818,0.128702,0.700631,-0.704867,0.0719469,0.0842797
33.9711,0.0499283,-0.0312818,0.128702,0.700631,-0.704867,0.0719469,0.0842797
33.9761,0.0499283,-0.0312818,0.128702,0.700631,-0.704867,0.0719469,0.0842797
33.9811,0.0499394,-0.0313261,0.128672,0.700631,-0.704867,0.0719469,0.0842797
33.9861,0.0499394,-0.0313261,0.128672,0.70108,-0.70442,0.0720109,0.0842234
33.991,0.0499394,-0.0313261,0.128672,0.70108,-0.70442,0.0720109,0.0842234
33.9961,0.0499394,-0.0313261,0.128672,0.70108,-0.70442,0.0720109,0.0842234
34.0011,0.0499394,-0.0313261,0.128672,0.70108,-0.70442,0.0720109,0.0842234
34.0061,0.0499394,-0.0313261,0.128672,0.70108,-0.70442,0.0720109,0.0842234
34.0111,0.0499394,-0.0313261,0.128672,0.70108,-0.70442,0.0720109,0.0842234
34.0161,0.0499394,-0.0313261,0.128672,0.70108,-0.70442,0.0720109,0.0842234
34.0211,0.0499394,-0.0313261,0.128672,0.70108,-0.70442,0.0720109,0.0842234
34.0261,0.0499394,-0.0313261,0.128672,0.70108,-0.70442,0.0720109,0.0842234
34.0311,0.0499394,-0.0313261,0.128672,0.70108,-0.70442,0.0720109,0.0842234
34.0361,0.0499504,-0.0313704,0.128643,0.70108,-0.70442,0.0720109,0.0842234
34.0411,0.0499504,-0.0313704,0.128643,0.70108,-0.70442,0.0720109,0.0842234
34.0461,0.0499504,-0.0313704,0.128643,0.70108,-0.70442,0.0720109,0.0842234
34.0511,0.0499504,-0.0313704,0.128643,0.70108,-0.70442,0.0720109,0.0842234
34.0561,0.0499615,-0.0314146,0.128613,0.70108,-0.70442,0.0720109,0.0842234
34.0611,0.0499615,-0.0314146,0.128613,0.70108,-0.70442,0.0720109,0.0842234
34.0661,0.0499615,-0.0314146,0.128613,0.70108,-0.70442,0.0720109,0.0842234
34.0711,0.0499615,-0.0314146,0.128613,0.70108,-0.70442,0.0720109,0.0842234
34.0761,0.0499615,-0.0314146,0.128613,0.70108,-0.70442,0.0720109,0.0842234
34.0811,0.0499615,-0.0314146,0.128613,0.70108,-0.70442,0.0720109,0.0842234
34.0861,0.0499726,-0.0314588,0.128583,0.70108,-0.70442,0.0720109,0.0842234
34.0911,0.0499726,-0.0314588,0.128583,0.70108,-0.70442,0.0720109,0.0842234
34.0961,0.0499726,-0.0314588,0.128583,0.70108,-0.70442,0.0720109,0.0842234
34.1011,0.0499726,-0.0314588,0.128583,0.70108,-0.70442,0.0720109,0.0842234
34.1061,0.0499726,-0.0314588,0.128583,0.70108,-0.70442,0.0720109,0.0842234
34.1111,0.0499836,-0.0315031,0.128554,0.701026,-0.704374,0.0724612,0.0846716
34.1161,0.0500658,-0.0314825,0.128554,0.701065,-0.704403,0.0721551,0.0843683
34.1211,0.0500658,-0.0314825,0.128554,0.701065,-0.704403,0.0721551,0.0843683
34.1261,0.0500658,-0.0314825,0.128554,0.701065,-0.704403,0.0721551,0.0843683
34.1311,0.0500658,-0.0314825,0.128554,0.701065,-0.704403,0.0721551,0.0843683
34.1361,0.0500769,-0.0315267,0.128524,0.701065,-0.704403,0.0721551,0.0843683
34.1411,0.0500769,-0.0315267,0.128524,0.701065,-0.704403,0.0721551,0.0843683
34.1461,0.0500769,-0.0315267,0.128524,0.701065,-0.704403,0.0721551,0.0843683
34.1511,0.0500879,-0.0315709,0.128494,0.701065,-0.704403,0.0721551,0.0843683
34.1561,0.0500879,-0.0315709,0.128494,0.701065,-0.704403,0.0721551,0.0843683
34.1611,0.0500879,-0.0315709,0.128494,0.701011,-0.704357,0.0726053,0.0848164
34.1661,0.0500879,-0.0315709,0.128494,0.701065,-0.704403,0.0721551,0.0843683
34.1711,0.0500879,-0.0315709,0.128494,0.701011,-0.704357,0.0726053,0.0848164
34.1761,0.050099,-0.0316151,0.128464,0.701065,-0.704403,0.0721551,0.0843683
34.1811,0.050099,-0.0316151,0.128464,0.701011,-0.704357,0.0726053,0.0848164
34.1861,0.050099,-0.0316151,0.128464,0.701065,-0.704403,0.0721551,0.0843683
34.1911,0.0501101,-0.0316593,0.128435,0.701065,-0.704403,0.0721551,0.0843683
34.1962,0.0501101,-0.0316593,0.128435,0.701011,-0.704357,0.0726053,0.0848164
34.2012,0.0501101,-0.0316593,0.128435,0.701065,-0.704403,0.0721551,0.0843683
34.2061,0.0501101,-0.0316593,0.128435,0.701065,-0.704403,0.0721551,0.0843683
34.2111,0.0501205,-0.0317008,0.128351,0.701208,-0.704261,0.0721733,0.0843478
34.2161,0.0501205,-0.0317008,0.128351,0.701208,-0.704261,0.0721733,0.0843478
34.2211,0.0501205,-0.0317008,0.128351,0.701208,-0.704261,0.0721733,0.0843478
34.2261,0.0501316,-0.031745,0.128321,0.701154,-0.704214,0.0726234,0.0847961
34.2312,0.0501316,-0.031745,0.128321,0.701208,-0.704261,0.0721733,0.0843478
34.2362,0.0501316,-0.031745,0.128321,0.701154,-0.704214,0.0726234,0.0847961
34.2411,0.0501426,-0.0317891,0.128291,0.701208,-0.704261,0.0721733,0.0843478
34.2462,0.0501426,-0.0317891,0.128291,0.701208,-0.704261,0.0721733,0.0843478
34.2512,0.0501537,-0.0318333,0.128261,0.701208,-0.704261,0.0721733,0.0843478
34.2561,0.0501537,-0.0318333,0.128261,0.701208,-0.704261,0.0721733,0.0843478
34.2611,0.0501647,-0.0318774,0.128231,0.701208,-0.704261,0.0721733,0.0843478
34.2661,0.0501647,-0.0318774,0.128231,0.701154,-0.704214,0.0726234,0.0847961
34.2711,0.0501758,-0.0319215,0.128201,0.701208,-0.704261,0.0721733,0.0843478
34.2761,0.0501758,-0.0319215,0.128201,0.701208,-0.704261,0.0721733,0.0843478
34.2811,0.0501868,-0.0319656,0.128171,0.701154,-0.704214,0.0726234,0.0847961
34.2861,0.0501868,-0.0319656,0.128171,0.701208,-0.704261,0.0721733,0.0843478
34.2911,0.0502803,-0.031989,0.128141,0.701194,-0.704243,0.0723174,0.0844926
34.2961,0.0502913,-0.0320331,0.128112,0.701194,-0.704243,0.0723174,0.0844926
34.3011,0.0502913,-0.0320331,0.128112,0.701194,-0.704243,0.0723174,0.0844926
34.3061,0.0503024,-0.0320771,0.128082,0.701139,-0.704197,0.0727676,0.0849408
34.3111,0.0503848,-0.0320564,0.128082,0.701124,-0.70418,0.0729117,0.0850856
34.3161,0.0503959,-0.0321004,0.128052,0.701179,-0.704226,0.0724616,0.0846374
34.3211,0.0503959,-0.0321004,0.128052,0.701179,-0.704226,0.0724616,0.0846374
34.3262,0.0504069,-0.0321445,0.128022,0.701179,-0.704226,0.0724616,0.0846374
34.3312,0.0504069,-0.0321445,0.128022,0.701179,-0.704226,0.0724616,0.0846374
34.3361,0.0504069,-0.0321445,0.128022,0.701179,-0.704226,0.0724616,0.0846374
34.3411,0.0504173,-0.0321859,0.127937,0.701322,-0.704084,0.0724799,0.0846169
34.3461,0.0504173,-0.0321859,0.127937,0.701322,-0.704084,0.0724799,0.0846169
34.3511,0.0504284,-0.0322299,0.127907,0.701268,-0.704037,0.0729299,0.0850651
34.3561,0.0504284,-0.0322299,0.127907,0.701322,-0.704084,0.0724799,0.0846169
34.3612,0.0505219,-0.0322531,0.127877,0.701307,-0.704066,0.072624,0.0847617
34.3661,0.0505219,-0.0322531,0.127877,0.701253,-0.70402,0.0730741,0.0852099
34.3711,0.0505219,-0.0322531,0.127877,0.701307,-0.704066,0.072624,0.0847617
34.3761,0.050533,-0.0322971,0.127847,0.701307,-0.704066,0.072624,0.0847617
34.3811,0.050533,-0.0322971,0.127847,0.701307,-0.704066,0.072624,0.0847617
34.3861,0.050533,-0.0322971,0.127847,0.701307,-0.704066,0.072624,0.0847617
34.3911,0.0505441,-0.032341,0.127817,0.701253,-0.70402,0.0730741,0.0852099
34.3961,0.0506266,-0.0323202,0.127817,0.701238,-0.704002,0.0732182,0.0853546
34.4011,0.0506266,-0.0323202,0.127817,0.701292,-0.704049,0.0727682,0.0849064
34.4061,0.0506377,-0.0323642,0.127787,0.701292,-0.704049,0.0727682,0.0849064
34.4113,0.0506377,-0.0323642,0.127787,0.701292,-0.704049,0.0727682,0.0849064
34.4161,0.050637,-0.0323615,0.127733,0.701381,-0.70386,0.0732365,0.0853341
34.4211,0.050637,-0.0323615,0.127733,0.701435,-0.703907,0.0727865,0.0848858
34.426,0.050637,-0.0323615,0.127733,0.701435,-0.703907,0.0727865,0.0848858
34.4311,0.0506481,-0.0324055,0.127703,0.701435,-0.703907,0.0727865,0.0848858
34.4361,0.0506481,-0.0324055,0.127703,0.701435,-0.703907,0.0727865,0.0848858
34.4411,0.0506481,-0.0324055,0.127703,0.701435,-0.703907,0.0727865,0.0848858
34.4461,0.0506481,-0.0324055,0.127703,0.701435,-0.703907,0.0727865,0.0848858
34.4512,0.0506474,-0.0324028,0.127648,0.701519,-0.703826,0.0732763,0.0844423
34.4561,0.0506474,-0.0324028,0.127648,0.701579,-0.703765,0.0728049,0.0848652
34.4611,0.0506585,-0.0324467,0.127618,0.701579,-0.703765,0.0728049,0.0848652
34.4661,0.0506585,-0.0324467,0.127618,0.701579,-0.703765,0.0728049,0.0848652
34.4711,0.0506579,-0.0324441,0.127564,0.701662,-0.703684,0.0732947,0.0844218
34.4761,0.0506579,-0.0324441,0.127564,0.701722,-0.703622,0.0728232,0.0848447
34.4811,0.0506572,-0.0324414,0.12751,0.701865,-0.70348,0.0728415,0.0848241
34.4861,0.0506572,-0.0324414,0.12751,0.701805,-0.703542,0.0733131,0.0844013
34.4911,0.0506676,-0.0324826,0.127425,0.70156,-0.703785,0.0727953,0.0848603
34.4962,0.0506676,-0.0324826,0.127425,0.70156,-0.703785,0.0727953,0.0848603
34.5012,0.0506676,-0.0324826,0.127425,0.7015,-0.703847,0.0732673,0.0844379
34.5061,0.0507495,-0.032459,0.127371,0.701688,-0.703625,0.0729579,0.0849843
34.5111,0.0507605,-0.0325029,0.127341,0.701179,-0.704134,0.0733657,0.0846192
34.5161,0.0507599,-0.0325001,0.127286,0.701831,-0.703483,0.0729763,0.0849637
34.5211,0.0507599,-0.0325001,0.127286,0.701323,-0.703992,0.0733842,0.0845987
34.5261,0.0507709,-0.032544,0.127256,0.701383,-0.70393,0.0729117,0.0850206
34.5311,0.0508535,-0.0325231,0.127256,0.701313,-0.703866,0.0735058,0.0856136
34.5361,0.0508528,-0.0325203,0.127202,0.701451,-0.703832,0.0735468,0.0847229
34.5411,0.0508639,-0.0325642,0.127172,0.701062,-0.704217,0.0730096,0.0852016
34.5461,0.0508639,-0.0325642,0.127172,0.701002,-0.704279,0.0734824,0.0847802
34.5511,0.0508639,-0.0325642,0.127172,0.700948,-0.704232,0.0739326,0.0852282
34.556,0.0508743,-0.0326053,0.127087,0.701206,-0.704075,0.073028,0.085181
34.5611,0.0508743,-0.0326053,0.127087,0.701206,-0.704075,0.073028,0.085181
34.5661,0.0508854,-0.0326491,0.127057,0.701145,-0.704137,0.0735009,0.0847596
34.5711,0.0508854,-0.0326491,0.127057,0.701206,-0.704075,0.073028,0.085181
34.5761,0.0508854,-0.0326491,0.127057,0.701145,-0.704137,0.0735009,0.0847596
34.5812,0.0508965,-0.0326929,0.127027,0.700757,-0.704522,0.0729634,0.0852379
34.5862,0.0508965,-0.0326929,0.127027,0.700757,-0.704522,0.0729634,0.0852379
34.5911,0.0508958,-0.0326901,0.126972,0.7009,-0.70438,0.0729818,0.0852173
34.5961,0.0509069,-0.0327339,0.126942,0.70084,-0.704441,0.073455,0.0847963
34.6012,0.0509896,-0.032713,0.126942,0.700825,-0.704424,0.0735991,0.0849411
34.6061,0.0509896,-0.032713,0.126942,0.700885,-0.704362,0.0731259,0.0853621
34.6111,0.0510007,-0.0327568,0.126912,0.700825,-0.704424,0.0735991,0.0849411
34.6161,0.051,-0.0327539,0.126858,0.701028,-0.70422,0.0731443,0.0853414
34.6211,0.051,-0.0327539,0.126858,0.700968,-0.704282,0.0736176,0.0849206
34.6261,0.0510111,-0.0327977,0.126827,0.700968,-0.704282,0.0736176,0.0849206
34.6311,0.0510111,-0.0327977,0.126827,0.700968,-0.704282,0.0736176,0.0849206
34.6361,0.0510931,-0.0327739,0.126773,0.701157,-0.704061,0.0733068,0.0854654
34.6411,0.0510931,-0.0327739,0.126773,0.701157,-0.704061,0.0733068,0.0854654
34.6461,0.0511042,-0.0328176,0.126743,0.701096,-0.704122,0.0737802,0.0850448
34.6511,0.0511042,-0.0328176,0.126743,0.700647,-0.704569,0.0737156,0.0851022
34.6561,0.0511035,-0.0328147,0.126688,0.70079,-0.704427,0.0737342,0.0850816
34.6611,0.0511035,-0.0328147,0.126688,0.700851,-0.704365,0.0732605,0.0855019
34.6661,0.0511146,-0.0328585,0.126658,0.70079,-0.704427,0.0737342,0.0850816
34.6712,0.0511146,-0.0328585,0.126658,0.70079,-0.704427,0.0737342,0.0850816
34.6761,0.0511146,-0.0328585,0.126658,0.70079,-0.704427,0.0737342,0.0850816
34.6811,0.0511973,-0.0328375,0.126658,0.700836,-0.704348,0.0734046,0.0856467
34.6861,0.0511973,-0.0328375,0.126658,0.700775,-0.704409,0.0738783,0.0852264
34.6911,0.0512084,-0.0328812,0.126628,0.700775,-0.704409,0.0738783,0.0852264
34.6961,0.0512084,-0.0328812,0.126628,0.700775,-0.704409,0.0738783,0.0852264
34.7011,0.0512077,-0.0328783,0.126573,0.700919,-0.704267,0.0738968,0.0852058
34.7061,0.0512077,-0.0328783,0.126573,0.70047,-0.704714,0.0738321,0.0852632
34.7112,0.0512904,-0.0328572,0.126573,0.700509,-0.704743,0.0735257,0.0849604
34.7161,0.0512904,-0.0328572,0.126573,0.700509,-0.704743,0.0735257,0.0849604
34.7211,0.0513008,-0.032898,0.126489,0.700652,-0.704601,0.0735444,0.0849396
34.7261,0.0513008,-0.032898,0.126489,0.700652,-0.704601,0.0735444,0.0849396
34.7311,0.0513008,-0.032898,0.126489,0.700652,-0.704601,0.0735444,0.0849396
34.7361,0.0513008,-0.032898,0.126489,0.700652,-0.704601,0.0735444,0.0849396
34.7411,0.0513008,-0.032898,0.126489,0.700652,-0.704601,0.0735444,0.0849396
34.7461,0.0513008,-0.032898,0.126489,0.700652,-0.704601,0.0735444,0.0849396
34.7511,0.0513008,-0.032898,0.126489,0.700652,-0.704601,0.0735444,0.0849396
34.7561,0.0513008,-0.032898,0.126489,0.700652,-0.704601,0.0735444,0.0849396
34.7611,0.0513001,-0.0328951,0.126434,0.700796,-0.704459,0.0735631,0.0849189
34.7661,0.0513001,-0.0328951,0.126434,0.700796,-0.704459,0.0735631,0.0849189
34.7711,0.0513105,-0.0329358,0.12635,0.700544,-0.70481,0.0730662,0.0845082
34.7761,0.0513105,-0.0329358,0.12635,0.700544,-0.70481,0.0730662,0.0845082
34.7811,0.0513105,-0.0329358,0.12635,0.700544,-0.70481,0.0730662,0.0845082
34.7861,0.0513105,-0.0329358,0.12635,0.700544,-0.70481,0.0730662,0.0845082
34.7911,0.0513097,-0.0329328,0.126296,0.700687,-0.704668,0.073085,0.0844875
34.7961,0.0513097,-0.0329328,0.126296,0.700687,-0.704668,0.073085,0.0844875
34.8011,0.0513208,-0.0329765,0.126265,0.700687,-0.704668,0.073085,0.0844875
34.8061,0.0513208,-0.0329765,0.126265,0.700687,-0.704668,0.073085,0.0844875
34.8111,0.0513201,-0.0329735,0.126211,0.700831,-0.704526,0.0731038,0.0844666
34.8161,0.0513201,-0.0329735,0.126211,0.700769,-0.704588,0.0735785,0.0840475
34.8212,0.051414,-0.0329961,0.12618,0.700754,-0.704571,0.0737225,0.0841923
34.8261,0.051414,-0.0329961,0.12618,0.700816,-0.704509,0.0732479,0.0846114
34.8311,0.0514244,-0.0330367,0.126096,0.700448,-0.704875,0.0736763,0.0842301
34.8361,0.0514244,-0.0330367,0.126096,0.700897,-0.704429,0.0737414,0.0841716
34.8411,0.0514244,-0.0330367,0.126096,0.700448,-0.704875,0.0736763,0.0842301
34.8461,0.0514355,-0.0330804,0.126065,0.700448,-0.704875,0.0736763,0.0842301
34.8511,0.0514348,-0.0330773,0.126011,0.700592,-0.704733,0.0736952,0.0842093
34.8561,0.0514459,-0.033121,0.12598,0.700592,-0.704733,0.0736952,0.0842093
34.8611,0.0515287,-0.0330998,0.12598,0.700576,-0.704716,0.0738392,0.0843542
34.8661,0.0515287,-0.0330998,0.12598,0.700576,-0.704716,0.0738392,0.0843542
34.8711,0.0515399,-0.0331434,0.12595,0.700576,-0.704716,0.0738392,0.0843542
34.8761,0.0515511,-0.0331871,0.125919,0.700576,-0.704716,0.0738392,0.0843542
34.8811,0.0515511,-0.0331871,0.125919,0.700576,-0.704716,0.0738392,0.0843542
34.8861,0.0515511,-0.0331871,0.125919,0.700576,-0.704716,0.0738392,0.0843542
34.8911,0.0515622,-0.0332307,0.125889,0.700576,-0.704716,0.0738392,0.0843542
34.8967,0.0515614,-0.0332276,0.125835,0.70072,-0.704574,0.0738581,0.0843334
34.9011,0.0516443,-0.0332064,0.125835,0.700705,-0.704557,0.0740022,0.0844783
34.9061,0.0516443,-0.0332064,0.125835,0.700705,-0.704557,0.0740022,0.0844783
34.9112,0.0516555,-0.03325,0.125804,0.700705,-0.704557,0.0740022,0.0844783
34.9161,0.0516547,-0.0332469,0.12575,0.700848,-0.704415,0.0740212,0.0844574
34.9211,0.0516547,-0.0332469,0.12575,0.700848,-0.704415,0.0740212,0.0844574
34.9261,0.0516659,-0.0332905,0.125719,0.700848,-0.704415,0.0740212,0.0844574
34.9312,0.0516651,-0.0332873,0.125665,0.700596,-0.704766,0.0735243,0.0840475
34.9362,0.0516651,-0.0332873,0.125665,0.70048,-0.704781,0.0744503,0.0840773
34.9411,0.0517591,-0.0333096,0.125634,0.700518,-0.704811,0.0741439,0.0837745
34.9462,0.0517583,-0.0333065,0.12558,0.700724,-0.704607,0.0736874,0.0841715
34.9512,0.0517583,-0.0333065,0.12558,0.70067,-0.70456,0.0741378,0.0846193
34.9561,0.0517695,-0.03335,0.125549,0.700724,-0.704607,0.0736874,0.0841715
34.9611,0.0517695,-0.03335,0.125549,0.700662,-0.704669,0.074163,0.0837536
34.9661,0.0517687,-0.0333469,0.125495,0.700805,-0.704527,0.0741822,0.0837328
34.9712,0.0517799,-0.0333904,0.125464,0.700868,-0.704465,0.0737065,0.0841505
34.9761,0.0518628,-0.0333691,0.125464,0.70079,-0.70451,0.0743263,0.0838776
34.9811,0.051862,-0.0333659,0.12541,0.700484,-0.704814,0.0742799,0.0839162
34.9861,0.051862,-0.0333659,0.12541,0.700484,-0.704814,0.0742799,0.0839162
34.9911,0.0518732,-0.0334095,0.125379,0.700484,-0.704814,0.0742799,0.0839162
34.9961,0.0518724,-0.0334063,0.125325,0.700627,-0.704672,0.0742991,0.0838953
35.0011,0.0518836,-0.0334498,0.125295,0.700627,-0.704672,0.0742991,0.0838953
35.0061,0.0518836,-0.0334498,0.125295,0.70069,-0.70461,0.073823,0.0843126
35.0111,0.0518827,-0.0334465,0.12524,0.700771,-0.70453,0.0743183,0.0838745
35.0161,0.0518827,-0.0334465,0.12524,0.700771,-0.70453,0.0743183,0.0838745
35.0212,0.0518939,-0.03349,0.12521,0.700321,-0.704976,0.0742528,0.0839339
35.0261,0.0518939,-0.03349,0.12521,0.700321,-0.704976,0.0742528,0.0839339
35.0311,0.0519761,-0.0334654,0.125155,0.70045,-0.704817,0.074416,0.084058
35.0362,0.0519761,-0.0334654,0.125155,0.70045,-0.704817,0.074416,0.084058
35.0411,0.0519873,-0.0335089,0.125125,0.70045,-0.704817,0.074416,0.084058
35.0461,0.0519864,-0.0335057,0.12507,0.700593,-0.704675,0.0744352,0.084037
35.0511,0.0519864,-0.0335057,0.12507,0.700593,-0.704675,0.0744352,0.084037
35.0561,0.0519864,-0.0335057,0.12507,0.700593,-0.704675,0.0744352,0.084037
35.0612,0.0519976,-0.0335491,0.12504,0.700593,-0.704675,0.0744352,0.084037
35.0661,0.0519968,-0.0335458,0.124985,0.700287,-0.704979,0.0743888,0.0840757
35.0711,0.0519968,-0.0335458,0.124985,0.700287,-0.704979,0.0743888,0.0840757
35.0761,0.052008,-0.0335893,0.124955,0.700287,-0.704979,0.0743888,0.0840757
35.0812,0.0520071,-0.033586,0.1249,0.70043,-0.704837,0.0744081,0.0840548
35.0862,0.0520902,-0.0335646,0.1249,0.700415,-0.70482,0.0745521,0.0841997
35.0911,0.0520902,-0.0335646,0.1249,0.700415,-0.70482,0.0745521,0.0841997
35.0961,0.0521014,-0.033608,0.12487,0.700415,-0.70482,0.0745521,0.0841997
35.1011,0.0521005,-0.0336047,0.124815,0.700612,-0.704725,0.0741209,0.0837309
35.1061,0.0521005,-0.0336047,0.124815,0.700163,-0.705171,0.0740549,0.0837908
35.1111,0.0521005,-0.0336047,0.124815,0.700163,-0.705171,0.0740549,0.0837908
35.1162,0.0521005,-0.0336047,0.124815,0.700163,-0.705171,0.0740549,0.0837908
35.1211,0.0521005,-0.0336047,0.124815,0.700163,-0.705171,0.0740549,0.0837908
35.1261,0.0521005,-0.0336047,0.124815,0.700163,-0.705171,0.0740549,0.0837908
35.1312,0.0521005,-0.0336047,0.124815,0.700163,-0.705171,0.0740549,0.0837908
35.1361,0.0520996,-0.0336013,0.124761,0.699857,-0.705475,0.0740082,0.0838297
35.1412,0.0521108,-0.0336448,0.12473,0.699857,-0.705475,0.0740082,0.0838297
35.1461,0.0521108,-0.0336448,0.12473,0.699857,-0.705475,0.0740082,0.0838297
35.1511,0.0521108,-0.0336448,0.12473,0.699857,-0.705475,0.0740082,0.0838297
35.1561,0.0521108,-0.0336448,0.12473,0.699857,-0.705475,0.0740082,0.0838297
35.1611,0.0521108,-0.0336448,0.12473,0.699857,-0.705475,0.0740082,0.0838297
35.1661,0.0521108,-0.0336448,0.12473,0.699857,-0.705475,0.0740082,0.0838297
35.1711,0.0521108,-0.0336448,0.12473,0.699408,-0.705921,0.0739421,0.0838896
35.1762,0.0521108,-0.0336448,0.12473,0.699408,-0.705921,0.0739421,0.0838896
35.1811,0.0521108,-0.0336448,0.12473,0.699408,-0.705921,0.0739421,0.0838896
35.1862,0.0521108,-0.0336448,0.12473,0.699461,-0.705968,0.0734909,0.0834425
35.1911,0.0521108,-0.0336448,0.12473,0.699461,-0.705968,0.0734909,0.0834425
35.1962,0.0521108,-0.0336448,0.12473,0.699461,-0.705968,0.0734909,0.0834425
35.2012,0.0521108,-0.0336448,0.12473,0.699461,-0.705968,0.0734909,0.0834425
35.2061,0.0521108,-0.0336448,0.12473,0.699461,-0.705968,0.0734909,0.0834425
35.2111,0.05211,-0.0336414,0.124676,0.699605,-0.705826,0.0735104,0.0834214
35.2162,0.0521212,-0.0336848,0.124645,0.699605,-0.705826,0.0735104,0.0834214
35.2212,0.0521212,-0.0336848,0.124645,0.699605,-0.705826,0.0735104,0.0834214
35.2262,0.0521212,-0.0336848,0.124645,0.699155,-0.706271,0.073444,0.0834815
35.2312,0.0521212,-0.0336848,0.124645,0.699155,-0.706271,0.073444,0.0834815
35.2361,0.0521212,-0.0336848,0.124645,0.699155,-0.706271,0.073444,0.0834815
35.2412,0.0521212,-0.0336848,0.124645,0.699155,-0.706271,0.073444,0.0834815
35.2461,0.0521212,-0.0336848,0.124645,0.699155,-0.706271,0.073444,0.0834815
35.2511,0.0521212,-0.0336848,0.124645,0.699155,-0.706271,0.073444,0.0834815
35.2562,0.0521212,-0.0336848,0.124645,0.699155,-0.706271,0.073444,0.0834815
35.2611,0.0521203,-0.0336814,0.124591,0.699298,-0.70613,0.0734635,0.0834604
35.2662,0.0521203,-0.0336814,0.124591,0.699298,-0.70613,0.0734635,0.0834604
35.2711,0.0521203,-0.0336814,0.124591,0.699298,-0.70613,0.0734635,0.0834604
35.2762,0.0521203,-0.0336814,0.124591,0.699298,-0.70613,0.0734635,0.0834604
35.2812,0.0522034,-0.03366,0.124591,0.699283,-0.706113,0.0736073,0.0836056
35.2861,0.0522034,-0.03366,0.124591,0.699283,-0.706113,0.0736073,0.0836056
35.2912,0.0522034,-0.03366,0.124591,0.699283,-0.706113,0.0736073,0.0836056
35.2961,0.0522146,-0.0337034,0.12456,0.698833,-0.706558,0.0735408,0.0836658
35.3011,0.0522137,-0.0336999,0.124506,0.699427,-0.705971,0.0736268,0.0835845
35.3061,0.0522137,-0.0336999,0.124506,0.698977,-0.706416,0.0735603,0.0836447
35.3112,0.0522137,-0.0336999,0.124506,0.698977,-0.706416,0.0735603,0.0836447
35.3162,0.0522137,-0.0336999,0.124506,0.698977,-0.706416,0.0735603,0.0836447
35.3211,0.0522137,-0.0336999,0.124506,0.698977,-0.706416,0.0735603,0.0836447
35.3262,0.0522137,-0.0336999,0.124506,0.698977,-0.706416,0.0735603,0.0836447
35.3311,0.0522137,-0.0336999,0.124506,0.698977,-0.706416,0.0735603,0.0836447
35.3362,0.0522249,-0.0337433,0.124475,0.698977,-0.706416,0.0735603,0.0836447
35.3412,0.0522249,-0.0337433,0.124475,0.698977,-0.706416,0.0735603,0.0836447
35.3462,0.0522249,-0.0337433,0.124475,0.698977,-0.706416,0.0735603,0.0836447
35.3511,0.052308,-0.0337218,0.124475,0.698962,-0.706399,0.073704,0.0837899
35.3561,0.052308,-0.0337218,0.124475,0.698962,-0.706399,0.073704,0.0837899
35.3611,0.052308,-0.0337218,0.124475,0.698962,-0.706399,0.073704,0.0837899
35.3661,0.052308,-0.0337218,0.124475,0.698962,-0.706399,0.073704,0.0837899
35.3711,0.0523071,-0.0337184,0.124421,0.699105,-0.706257,0.0737235,0.0837688
35.3761,0.0523071,-0.0337184,0.124421,0.699105,-0.706257,0.0737235,0.0837688
35.3811,0.0523071,-0.0337184,0.124421,0.699105,-0.706257,0.0737235,0.0837688
35.3861,0.0523071,-0.0337184,0.124421,0.699105,-0.706257,0.0737235,0.0837688
35.3911,0.0523071,-0.0337184,0.124421,0.699105,-0.706257,0.0737235,0.0837688
35.3961,0.0523071,-0.0337184,0.124421,0.699105,-0.706257,0.0737235,0.0837688
35.4011,0.0523071,-0.0337184,0.124421,0.699105,-0.706257,0.0737235,0.0837688
35.4061,0.0523062,-0.033715,0.124367,0.699249,-0.706116,0.0737431,0.0837476
35.4111,0.0523893,-0.0336934,0.124367,0.699234,-0.706098,0.0738868,0.0838928
35.4162,0.0523893,-0.0336934,0.124367,0.699234,-0.706098,0.0738868,0.0838928
35.4211,0.0523997,-0.0337333,0.124282,0.699377,-0.705957,0.0739064,0.0838716
35.4261,0.0523997,-0.0337333,0.124282,0.699377,-0.705957,0.0739064,0.0838716
35.4311,0.0523997,-0.0337333,0.124282,0.699377,-0.705957,0.0739064,0.0838716
35.4361,0.0523987,-0.0337298,0.124227,0.699521,-0.705815,0.073926,0.0838504
35.4411,0.0523987,-0.0337298,0.124227,0.699521,-0.705815,0.073926,0.0838504
35.4461,0.0523987,-0.0337298,0.124227,0.699071,-0.70626,0.0738593,0.0839108
35.4512,0.0523978,-0.0337263,0.124173,0.699215,-0.706118,0.0738789,0.0838896
35.4562,0.0523978,-0.0337263,0.124173,0.699215,-0.706118,0.0738789,0.0838896
35.4611,0.0523969,-0.0337228,0.124119,0.699358,-0.705977,0.0738984,0.0838684
35.4661,0.0523969,-0.0337228,0.124119,0.699358,-0.705977,0.0738984,0.0838684
35.4711,0.0524072,-0.0337625,0.124034,0.699502,-0.705835,0.073918,0.0838472
35.4761,0.0524903,-0.033741,0.124034,0.699487,-0.705818,0.0740618,0.0839923
35.4811,0.0524894,-0.0337374,0.12398,0.69963,-0.705676,0.0740814,0.0839711
35.4861,0.0524894,-0.0337374,0.12398,0.69963,-0.705676,0.0740814,0.0839711
35.4911,0.0524997,-0.0337771,0.123894,0.699773,-0.705534,0.074101,0.0839499
35.4962,0.0524997,-0.0337771,0.123894,0.699773,-0.705534,0.074101,0.0839499
35.5012,0.0524988,-0.0337735,0.12384,0.699917,-0.705392,0.0741206,0.0839286
35.5061,0.0524988,-0.0337735,0.12384,0.699467,-0.705838,0.0740539,0.0839891
35.5111,0.0525809,-0.0337482,0.123786,0.699596,-0.705679,0.0742173,0.084113
35.5161,0.0525922,-0.0337916,0.123755,0.699596,-0.705679,0.0742173,0.084113
35.5211,0.0525913,-0.0337879,0.123701,0.699739,-0.705537,0.0742369,0.0840918
35.5262,0.0525913,-0.0337879,0.123701,0.699674,-0.7056,0.0747171,0.0836796
35.5311,0.0526016,-0.0338275,0.123616,0.699818,-0.705458,0.0747368,0.0836584
35.5361,0.0526016,-0.0338275,0.123616,0.699818,-0.705458,0.0747368,0.0836584
35.5411,0.0526847,-0.0338059,0.123616,0.699802,-0.705441,0.0748806,0.0838035
35.5464,0.052695,-0.0338454,0.123531,0.700011,-0.705236,0.0744201,0.0841942
35.5512,0.052695,-0.0338454,0.123531,0.699496,-0.705744,0.0748338,0.0838433
35.5561,0.052695,-0.0338454,0.123531,0.699496,-0.705744,0.0748338,0.0838433
35.5612,0.0527053,-0.033885,0.123445,0.700089,-0.705157,0.0749201,0.0837611
35.5662,0.0527885,-0.0338633,0.123445,0.699624,-0.705585,0.0749973,0.0839671
35.5712,0.0527998,-0.0339065,0.123414,0.699624,-0.705585,0.0749973,0.0839671
35.5761,0.0527988,-0.0339028,0.12336,0.699768,-0.705444,0.0750171,0.0839459
35.5811,0.0527988,-0.0339028,0.12336,0.699768,-0.705444,0.0750171,0.0839459
35.5862,0.0528101,-0.033946,0.123329,0.699768,-0.705444,0.0750171,0.0839459
35.5911,0.0528091,-0.0339423,0.123275,0.699911,-0.705302,0.0750369,0.0839247
35.5962,0.0528091,-0.0339423,0.123275,0.699911,-0.705302,0.0750369,0.0839247
35.6012,0.0529036,-0.0339638,0.123244,0.699896,-0.705284,0.0751807,0.0840697
35.6061,0.0529036,-0.0339638,0.123244,0.699896,-0.705284,0.0751807,0.0840697
35.6111,0.0529036,-0.0339638,0.123244,0.699949,-0.705332,0.0747299,0.0836223
35.6161,0.0529149,-0.034007,0.123213,0.699896,-0.705284,0.0751807,0.0840697
35.6218,0.0529139,-0.0340032,0.123159,0.700093,-0.705191,0.0747498,0.0836009
35.6261,0.0529139,-0.0340032,0.123159,0.700027,-0.705253,0.0752306,0.0831897
35.6312,0.0529252,-0.0340464,0.123128,0.700093,-0.705191,0.0747498,0.0836009
35.6361,0.0529252,-0.0340464,0.123128,0.699643,-0.705636,0.0746827,0.0836624
35.6411,0.0530074,-0.0340208,0.123073,0.700155,-0.705094,0.0753945,0.0833134
35.6462,0.0530074,-0.0340208,0.123073,0.699705,-0.70554,0.0753276,0.0833753
35.6511,0.0530074,-0.0340208,0.123073,0.699705,-0.70554,0.0753276,0.0833753
35.6562,0.0530064,-0.034017,0.123019,0.699849,-0.705398,0.0753476,0.083354
35.6611,0.0530064,-0.034017,0.123019,0.699849,-0.705398,0.0753476,0.083354
35.6661,0.0530064,-0.034017,0.123019,0.699849,-0.705398,0.0753476,0.083354
35.6711,0.0530054,-0.0340131,0.122965,0.699992,-0.705256,0.0753676,0.0833328
35.6761,0.0530054,-0.0340131,0.122965,0.699992,-0.705256,0.0753676,0.0833328
35.6812,0.0530054,-0.0340131,0.122965,0.699992,-0.705256,0.0753676,0.0833328
35.6861,0.0530054,-0.0340131,0.122965,0.699992,-0.705256,0.0753676,0.0833328
35.6911,0.0530054,-0.0340131,0.122965,0.699992,-0.705256,0.0753676,0.0833328
35.6962,0.0530054,-0.0340131,0.122965,0.699992,-0.705256,0.0753676,0.0833328
35.7011,0.0530044,-0.0340092,0.122911,0.699686,-0.70556,0.0753207,0.0833734
35.7061,0.0530044,-0.0340092,0.122911,0.699739,-0.705608,0.0748697,0.0829261
35.7111,0.0530044,-0.0340092,0.122911,0.699739,-0.705608,0.0748697,0.0829261
35.7162,0.0530044,-0.0340092,0.122911,0.699686,-0.70556,0.0753207,0.0833734
35.7212,0.0530044,-0.0340092,0.122911,0.699739,-0.705608,0.0748697,0.0829261
35.7261,0.0530157,-0.0340524,0.12288,0.699739,-0.705608,0.0748697,0.0829261
35.7311,0.0530157,-0.0340524,0.12288,0.699739,-0.705608,0.0748697,0.0829261
35.7361,0.0530157,-0.0340524,0.12288,0.699673,-0.705671,0.0753513,0.0825159
35.7412,0.0530157,-0.0340524,0.12288,0.699673,-0.705671,0.0753513,0.0825159
35.7465,0.0530157,-0.0340524,0.12288,0.699739,-0.705608,0.0748697,0.0829261
35.7512,0.0530157,-0.0340524,0.12288,0.699739,-0.705608,0.0748697,0.0829261
35.7562,0.0530157,-0.0340524,0.12288,0.699739,-0.705608,0.0748697,0.0829261
35.7612,0.0530157,-0.0340524,0.12288,0.699739,-0.705608,0.0748697,0.0829261
35.7662,0.0530157,-0.0340524,0.12288,0.699673,-0.705671,0.0753513,0.0825159
35.7711,0.0530157,-0.0340524,0.12288,0.699739,-0.705608,0.0748697,0.0829261
35.7762,0.0530157,-0.0340524,0.12288,0.699739,-0.705608,0.0748697,0.0829261
35.7812,0.0530157,-0.0340524,0.12288,0.699739,-0.705608,0.0748697,0.0829261
35.7862,0.0530157,-0.0340524,0.12288,0.699739,-0.705608,0.0748697,0.0829261
35.7912,0.0530157,-0.0340524,0.12288,0.69929,-0.706053,0.0748025,0.0829883
35.7962,0.0530157,-0.0340524,0.12288,0.699739,-0.705608,0.0748697,0.0829261
35.8011,0.0530157,-0.0340524,0.12288,0.699673,-0.705671,0.0753513,0.0825159
35.8061,0.0530157,-0.0340524,0.12288,0.69929,-0.706053,0.0748025,0.0829883
35.8112,0.0530157,-0.0340524,0.12288,0.69929,-0.706053,0.0748025,0.0829883
35.8162,0.0530157,-0.0340524,0.12288,0.69929,-0.706053,0.0748025,0.0829883
35.8212,0.0530157,-0.0340524,0.12288,0.69929,-0.706053,0.0748025,0.0829883
35.8261,0.0530157,-0.0340524,0.12288,0.69929,-0.706053,0.0748025,0.0829883
35.8312,0.0530157,-0.0340524,0.12288,0.69929,-0.706053,0.0748025,0.0829883
35.8361,0.0530157,-0.0340524,0.12288,0.69929,-0.706053,0.0748025,0.0829883
35.8411,0.0530157,-0.0340524,0.12288,0.69929,-0.706053,0.0748025,0.0829883
35.8462,0.0530157,-0.0340524,0.12288,0.69929,-0.706053,0.0748025,0.0829883
35.8512,0.0530157,-0.0340524,0.12288,0.69929,-0.706053,0.0748025,0.0829883
35.8561,0.0530157,-0.0340524,0.12288,0.69929,-0.706053,0.0748025,0.0829883
35.8612,0.0530157,-0.0340524,0.12288,0.69929,-0.706053,0.0748025,0.0829883
35.8662,0.0530157,-0.0340524,0.12288,0.69929,-0.706053,0.0748025,0.0829883
35.8712,0.0530157,-0.0340524,0.12288,0.69929,-0.706053,0.0748025,0.0829883
35.8762,0.0530157,-0.0340524,0.12288,0.69929,-0.706053,0.0748025,0.0829883
35.8812,0.0530157,-0.0340524,0.12288,0.69929,-0.706053,0.0748025,0.0829883
35.8862,0.0530157,-0.0340524,0.12288,0.69929,-0.706053,0.0748025,0.0829883
35.8911,0.0530157,-0.0340524,0.12288,0.69929,-0.706053,0.0748025,0.0829883
35.8964,0.0530157,-0.0340524,0.12288,0.69929,-0.706053,0.0748025,0.0829883
35.9012,0.053027,-0.0340956,0.122849,0.69929,-0.706053,0.0748025,0.0829883
35.9061,0.053027,-0.0340956,0.122849,0.69929,-0.706053,0.0748025,0.0829883
35.9112,0.053026,-0.0340917,0.122794,0.699433,-0.705911,0.0748226,0.082967
35.9162,0.0531205,-0.034113,0.122763,0.699418,-0.705894,0.0749664,0.083112
35.9212,0.0531205,-0.034113,0.122763,0.699418,-0.705894,0.0749664,0.083112
35.9261,0.0531205,-0.034113,0.122763,0.699418,-0.705894,0.0749664,0.083112
35.9312,0.0531318,-0.0341562,0.122732,0.699351,-0.705957,0.0754483,0.0827022
35.9361,0.0531318,-0.0341562,0.122732,0.699418,-0.705894,0.0749664,0.083112
35.9412,0.0531308,-0.0341522,0.122678,0.699561,-0.705753,0.0749865,0.0830906
35.9462,0.0532141,-0.0341304,0.122678,0.699546,-0.705736,0.0751304,0.0832357
35.9512,0.0532254,-0.0341735,0.122647,0.699479,-0.705798,0.0756124,0.0828261
35.9561,0.0532254,-0.0341735,0.122647,0.699546,-0.705736,0.0751304,0.0832357
35.9612,0.0532244,-0.0341696,0.122593,0.699623,-0.705657,0.0756326,0.0828047
35.9662,0.0532244,-0.0341696,0.122593,0.699623,-0.705657,0.0756326,0.0828047
35.9712,0.0532357,-0.0342127,0.122561,0.699623,-0.705657,0.0756326,0.0828047
35.9761,0.0532357,-0.0342127,0.122561,0.699623,-0.705657,0.0756326,0.0828047
35.9812,0.0532347,-0.0342087,0.122507,0.699766,-0.705515,0.0756528,0.0827834
35.9862,0.053246,-0.0342518,0.122476,0.699766,-0.705515,0.0756528,0.0827834
35.9911,0.0532449,-0.0342478,0.122422,0.699909,-0.705373,0.075673,0.0827621
35.9962,0.0533283,-0.0342259,0.122422,0.699444,-0.705801,0.0757498,0.0829698
36.0012,0.0533396,-0.034269,0.122391,0.699894,-0.705356,0.0758169,0.0829071
36.0062,0.0533396,-0.034269,0.122391,0.699444,-0.705801,0.0757498,0.0829698
36.0111,0.0533385,-0.034265,0.122336,0.699588,-0.70566,0.07577,0.0829485
36.0162,0.0534218,-0.034243,0.122336,0.699572,-0.705642,0.0759138,0.0830936
36.0212,0.0534321,-0.0342821,0.122251,0.699715,-0.705501,0.0759341,0.0830722
36.0261,0.0534321,-0.0342821,0.122251,0.699715,-0.705501,0.0759341,0.0830722
36.0312,0.0534321,-0.0342821,0.122251,0.699715,-0.705501,0.0759341,0.0830722
36.0361,0.0534424,-0.0343211,0.122166,0.699859,-0.705359,0.0759544,0.0830508
36.0412,0.0534414,-0.034317,0.122111,0.700002,-0.705217,0.0759747,0.0830294
36.0462,0.0535247,-0.034295,0.122111,0.699986,-0.7052,0.0761186,0.0831744
36.0511,0.0535361,-0.0343381,0.12208,0.699537,-0.705645,0.0760513,0.0832373
36.0561,0.053535,-0.034334,0.122026,0.699681,-0.705504,0.0760716,0.0832159
36.0612,0.053535,-0.034334,0.122026,0.699681,-0.705504,0.0760716,0.0832159
36.0661,0.0535463,-0.034377,0.121995,0.699681,-0.705504,0.0760716,0.0832159
36.0712,0.0535463,-0.034377,0.121995,0.699681,-0.705504,0.0760716,0.0832159
36.0761,0.0535463,-0.034377,0.121995,0.699681,-0.705504,0.0760716,0.0832159
36.0812,0.0535453,-0.0343729,0.12194,0.699824,-0.705362,0.0760919,0.0831945
36.0861,0.0535566,-0.0344159,0.121909,0.699824,-0.705362,0.0760919,0.0831945
36.0911,0.0535566,-0.0344159,0.121909,0.699824,-0.705362,0.0760919,0.0831945
36.0962,0.0535566,-0.0344159,0.121909,0.699824,-0.705362,0.0760919,0.0831945
36.1012,0.0535566,-0.0344159,0.121909,0.699824,-0.705362,0.0760919,0.0831945
36.1062,0.053568,-0.0344589,0.121878,0.699824,-0.705362,0.0760919,0.0831945
36.1111,0.0536503,-0.0344327,0.121824,0.699951,-0.705203,0.0762561,0.083318
36.1162,0.0536503,-0.0344327,0.121824,0.699951,-0.705203,0.0762561,0.083318
36.1212,0.0536492,-0.0344286,0.121769,0.700095,-0.705061,0.0762764,0.0832966
36.1261,0.0536605,-0.0344716,0.121738,0.699646,-0.705506,0.076209,0.0833596
36.1311,0.0536605,-0.0344716,0.121738,0.699699,-0.705555,0.075758,0.0829124
36.1362,0.0536605,-0.0344716,0.121738,0.699646,-0.705506,0.076209,0.0833596
36.1413,0.0536605,-0.0344716,0.121738,0.699646,-0.705506,0.076209,0.0833596
36.1462,0.0536605,-0.0344716,0.121738,0.699646,-0.705506,0.076209,0.0833596
36.1512,0.0536719,-0.0345146,0.121707,0.699646,-0.705506,0.076209,0.0833596
36.1561,0.0536708,-0.0345104,0.121653,0.699789,-0.705365,0.0762294,0.0833381
36.1612,0.0536708,-0.0345104,0.121653,0.699789,-0.705365,0.0762294,0.0833381
36.1661,0.0536708,-0.0345104,0.121653,0.699789,-0.705365,0.0762294,0.0833381
36.1712,0.0536708,-0.0345104,0.121653,0.699842,-0.705413,0.0757785,0.0828908
36.1762,0.0536708,-0.0345104,0.121653,0.699842,-0.705413,0.0757785,0.0828908
36.1812,0.0536708,-0.0345104,0.121653,0.699842,-0.705413,0.0757785,0.0828908
36.1862,0.0536697,-0.0345062,0.121598,0.699932,-0.705223,0.0762497,0.0833167
36.1911,0.0536697,-0.0345062,0.121598,0.699985,-0.705271,0.0757989,0.0828693
36.1962,0.0536697,-0.0345062,0.121598,0.699917,-0.705334,0.0762826,0.0824619
36.2012,0.0536697,-0.0345062,0.121598,0.699985,-0.705271,0.0757989,0.0828693
36.2062,0.0536697,-0.0345062,0.121598,0.699917,-0.705334,0.0762826,0.0824619
36.2112,0.0536697,-0.0345062,0.121598,0.699468,-0.70578,0.0762152,0.0825255
36.2162,0.0536697,-0.0345062,0.121598,0.699468,-0.70578,0.0762152,0.0825255
36.2211,0.0536811,-0.0345491,0.121567,0.699468,-0.70578,0.0762152,0.0825255
36.2262,0.0536811,-0.0345491,0.121567,0.699468,-0.70578,0.0762152,0.0825255
36.2312,0.0536811,-0.0345491,0.121567,0.699468,-0.70578,0.0762152,0.0825255
36.2362,0.0536811,-0.0345491,0.121567,0.699917,-0.705334,0.0762826,0.0824619
36.2412,0.0536811,-0.0345491,0.121567,0.699468,-0.70578,0.0762152,0.0825255
36.2462,0.0536811,-0.0345491,0.121567,0.699468,-0.70578,0.0762152,0.0825255
36.2512,0.0536811,-0.0345491,0.121567,0.699468,-0.70578,0.0762152,0.0825255
36.2562,0.0536811,-0.0345491,0.121567,0.699468,-0.70578,0.0762152,0.0825255
36.2612,0.0536811,-0.0345491,0.121567,0.699468,-0.70578,0.0762152,0.0825255
36.2662,0.0536811,-0.0345491,0.121567,0.699468,-0.70578,0.0762152,0.0825255
36.2711,0.0536811,-0.0345491,0.121567,0.699468,-0.70578,0.0762152,0.0825255
36.2761,0.0536811,-0.0345491,0.121567,0.699468,-0.70578,0.0762152,0.0825255
36.2812,0.0536811,-0.0345491,0.121567,0.699468,-0.70578,0.0762152,0.0825255
36.2862,0.0536811,-0.0345491,0.121567,0.699536,-0.705717,0.0757312,0.0829326
36.2911,0.0536811,-0.0345491,0.121567,0.699468,-0.70578,0.0762152,0.0825255
36.2962,0.0536811,-0.0345491,0.121567,0.699468,-0.70578,0.0762152,0.0825255
36.3012,0.0536811,-0.0345491,0.121567,0.699468,-0.70578,0.0762152,0.0825255
36.3062,0.0536811,-0.0345491,0.121567,0.699468,-0.70578,0.0762152,0.0825255
36.3112,0.0536811,-0.0345491,0.121567,0.699468,-0.70578,0.0762152,0.0825255
36.3162,0.0536811,-0.0345491,0.121567,0.699468,-0.70578,0.0762152,0.0825255
36.3212,0.05368,-0.0345449,0.121513,0.699612,-0.705638,0.0762357,0.082504
36.3262,0.05368,-0.0345449,0.121513,0.699612,-0.705638,0.0762357,0.082504
36.3312,0.05368,-0.0345449,0.121513,0.699612,-0.705638,0.0762357,0.082504
36.3362,0.05368,-0.0345449,0.121513,0.699612,-0.705638,0.0762357,0.082504
36.3411,0.0536788,-0.0345407,0.121459,0.699755,-0.705496,0.0762562,0.0824826
36.3462,0.0536788,-0.0345407,0.121459,0.699755,-0.705496,0.0762562,0.0824826
36.3512,0.0536788,-0.0345407,0.121459,0.699755,-0.705496,0.0762562,0.0824826
36.3562,0.0536788,-0.0345407,0.121459,0.699755,-0.705496,0.0762562,0.0824826
36.3612,0.0536788,-0.0345407,0.121459,0.699755,-0.705496,0.0762562,0.0824826
36.3662,0.0537623,-0.0345186,0.121459,0.699739,-0.705479,0.0764001,0.0826276
36.3712,0.0537623,-0.0345186,0.121459,0.699739,-0.705479,0.0764001,0.0826276
36.3762,0.0537736,-0.0345615,0.121427,0.699739,-0.705479,0.0764001,0.0826276
36.3812,0.0537736,-0.0345615,0.121427,0.69929,-0.705924,0.0763325,0.0826913
36.3862,0.0537736,-0.0345615,0.121427,0.699739,-0.705479,0.0764001,0.0826276
36.3912,0.0537736,-0.0345615,0.121427,0.699739,-0.705479,0.0764001,0.0826276
36.3962,0.0537736,-0.0345615,0.121427,0.699739,-0.705479,0.0764001,0.0826276
36.4011,0.0537736,-0.0345615,0.121427,0.699739,-0.705479,0.0764001,0.0826276
36.4062,0.0537736,-0.0345615,0.121427,0.69929,-0.705924,0.0763325,0.0826913
36.4112,0.053785,-0.0346045,0.121396,0.699739,-0.705479,0.0764001,0.0826276
36.4161,0.053785,-0.0346045,0.121396,0.699739,-0.705479,0.0764001,0.0826276
36.4211,0.053785,-0.0346045,0.121396,0.699739,-0.705479,0.0764001,0.0826276
36.4262,0.053785,-0.0346045,0.121396,0.699358,-0.705861,0.0758481,0.0830979
36.4312,0.053785,-0.0346045,0.121396,0.69929,-0.705924,0.0763325,0.0826913
36.4361,0.0537839,-0.0346002,0.121342,0.699501,-0.70572,0.0758686,0.0830763
36.4412,0.0537839,-0.0346002,0.121342,0.699433,-0.705783,0.0763531,0.0826699
36.4462,0.0537839,-0.0346002,0.121342,0.699433,-0.705783,0.0763531,0.0826699
36.4512,0.0537839,-0.0346002,0.121342,0.699433,-0.705783,0.0763531,0.0826699
36.4562,0.0537839,-0.0346002,0.121342,0.699433,-0.705783,0.0763531,0.0826699
36.4612,0.0537839,-0.0346002,0.121342,0.699433,-0.705783,0.0763531,0.0826699
36.4661,0.0537839,-0.0346002,0.121342,0.699433,-0.705783,0.0763531,0.0826699
36.4711,0.0537839,-0.0346002,0.121342,0.699501,-0.70572,0.0758686,0.0830763
36.4762,0.0537839,-0.0346002,0.121342,0.699433,-0.705783,0.0763531,0.0826699
36.4812,0.0537839,-0.0346002,0.121342,0.699433,-0.705783,0.0763531,0.0826699
36.4861,0.0537839,-0.0346002,0.121342,0.699433,-0.705783,0.0763531,0.0826699
36.4912,0.0537839,-0.0346002,0.121342,0.699433,-0.705783,0.0763531,0.0826699
36.4962,0.0537839,-0.0346002,0.121342,0.699433,-0.705783,0.0763531,0.0826699
36.5012,0.0537839,-0.0346002,0.121342,0.699433,-0.705783,0.0763531,0.0826699
36.5062,0.0537839,-0.0346002,0.121342,0.699501,-0.70572,0.0758686,0.0830763
36.5112,0.0537839,-0.0346002,0.121342,0.699433,-0.705783,0.0763531,0.0826699
36.5162,0.0537839,-0.0346002,0.121342,0.699433,-0.705783,0.0763531,0.0826699
36.5212,0.0537839,-0.0346002,0.121342,0.699486,-0.705831,0.0759019,0.0822228
36.5262,0.0538673,-0.0345781,0.121342,0.699021,-0.706259,0.0759778,0.0824319
36.5312,0.0538673,-0.0345781,0.121342,0.69947,-0.705814,0.0760457,0.0823679
36.5362,0.0538673,-0.0345781,0.121342,0.699539,-0.705751,0.0755613,0.0827743
36.5412,0.0538662,-0.0345738,0.121287,0.699614,-0.705673,0.0760664,0.0823463
36.5462,0.0538662,-0.0345738,0.121287,0.699614,-0.705673,0.0760664,0.0823463
36.5512,0.0538662,-0.0345738,0.121287,0.699614,-0.705673,0.0760664,0.0823463
36.5562,0.0538662,-0.0345738,0.121287,0.699164,-0.706117,0.0759985,0.0824104
36.5612,0.0538662,-0.0345738,0.121287,0.699614,-0.705673,0.0760664,0.0823463
36.5662,0.0538662,-0.0345738,0.121287,0.699614,-0.705673,0.0760664,0.0823463
36.5712,0.0538662,-0.0345738,0.121287,0.699614,-0.705673,0.0760664,0.0823463
36.5762,0.0538662,-0.0345738,0.121287,0.699614,-0.705673,0.0760664,0.0823463
36.5812,0.0538776,-0.0346167,0.121256,0.699614,-0.705673,0.0760664,0.0823463
36.5862,0.0538776,-0.0346167,0.121256,0.699164,-0.706117,0.0759985,0.0824104
36.5911,0.0538776,-0.0346167,0.121256,0.699614,-0.705673,0.0760664,0.0823463
36.5962,0.0538776,-0.0346167,0.121256,0.699614,-0.705673,0.0760664,0.0823463
36.6012,0.0538776,-0.0346167,0.121256,0.699561,-0.705624,0.0765175,0.0827935
36.6062,0.0538764,-0.0346124,0.121202,0.699757,-0.705531,0.0760871,0.0823247
36.6112,0.0538764,-0.0346124,0.121202,0.699757,-0.705531,0.0760871,0.0823247
36.6162,0.0538764,-0.0346124,0.121202,0.699757,-0.705531,0.0760871,0.0823247
36.6212,0.0538878,-0.0346553,0.12117,0.699757,-0.705531,0.0760871,0.0823247
36.6262,0.0538878,-0.0346553,0.12117,0.699757,-0.705531,0.0760871,0.0823247
36.6312,0.0538878,-0.0346553,0.12117,0.699757,-0.705531,0.0760871,0.0823247
36.6362,0.0538878,-0.0346553,0.12117,0.699308,-0.705976,0.0760191,0.0823888
36.6412,0.0539702,-0.0346288,0.121116,0.699832,-0.705323,0.0767025,0.0828955
36.6462,0.0539702,-0.0346288,0.121116,0.699884,-0.705372,0.0762517,0.0824481
36.6512,0.0539702,-0.0346288,0.121116,0.699383,-0.705768,0.0766348,0.0829593
36.6562,0.0539816,-0.0346717,0.121085,0.699383,-0.705768,0.0766348,0.0829593
36.6612,0.0539816,-0.0346717,0.121085,0.699435,-0.705817,0.0761836,0.0825123
36.6662,0.0539804,-0.0346673,0.121031,0.699579,-0.705675,0.0762043,0.0824907
36.6712,0.0539804,-0.0346673,0.121031,0.699579,-0.705675,0.0762043,0.0824907
36.6762,0.0539918,-0.0347102,0.120999,0.699526,-0.705627,0.0766554,0.0829378
36.6812,0.0539918,-0.0347102,0.120999,0.699579,-0.705675,0.0762043,0.0824907
36.6862,0.0539918,-0.0347102,0.120999,0.699526,-0.705627,0.0766554,0.0829378
36.6911,0.0539918,-0.0347102,0.120999,0.699129,-0.70612,0.0761363,0.0825548
36.6964,0.0540741,-0.0346836,0.120945,0.699653,-0.705468,0.0768198,0.0830613
36.7012,0.0540855,-0.0347265,0.120913,0.699706,-0.705517,0.0763689,0.0826141
36.7062,0.0540855,-0.0347265,0.120913,0.699257,-0.705962,0.0763008,0.0826783
36.7112,0.0540855,-0.0347265,0.120913,0.699257,-0.705962,0.0763008,0.0826783
36.7162,0.0540855,-0.0347265,0.120913,0.699257,-0.705962,0.0763008,0.0826783
36.7212,0.0540855,-0.0347265,0.120913,0.699257,-0.705962,0.0763008,0.0826783
36.7262,0.054097,-0.0347693,0.120882,0.699204,-0.705913,0.076752,0.0831253
36.7312,0.054097,-0.0347693,0.120882,0.699257,-0.705962,0.0763008,0.0826783
36.7362,0.054097,-0.0347693,0.120882,0.699257,-0.705962,0.0763008,0.0826783
36.7412,0.054097,-0.0347693,0.120882,0.699204,-0.705913,0.076752,0.0831253
36.7462,0.054097,-0.0347693,0.120882,0.699257,-0.705962,0.0763008,0.0826783
36.7512,0.054097,-0.0347693,0.120882,0.699257,-0.705962,0.0763008,0.0826783
36.7561,0.0541084,-0.0348122,0.12085,0.699257,-0.705962,0.0763008,0.0826783
36.7612,0.0541072,-0.0348078,0.120796,0.6994,-0.70582,0.0763215,0.0826567
36.7662,0.0541072,-0.0348078,0.120796,0.6994,-0.70582,0.0763215,0.0826567
36.7712,0.0541186,-0.0348506,0.120765,0.6994,-0.70582,0.0763215,0.0826567
36.7762,0.0541186,-0.0348506,0.120765,0.6994,-0.70582,0.0763215,0.0826567
36.7812,0.0541186,-0.0348506,0.120765,0.6994,-0.70582,0.0763215,0.0826567
36.7862,0.0541186,-0.0348506,0.120765,0.6994,-0.70582,0.0763215,0.0826567
36.7912,0.0541186,-0.0348506,0.120765,0.6994,-0.70582,0.0763215,0.0826567
36.7962,0.0541186,-0.0348506,0.120765,0.6994,-0.70582,0.0763215,0.0826567
36.8012,0.05413,-0.0348934,0.120733,0.6994,-0.70582,0.0763215,0.0826567
36.8062,0.05413,-0.0348934,0.120733,0.6994,-0.70582,0.0763215,0.0826567
36.8112,0.05413,-0.0348934,0.120733,0.6994,-0.70582,0.0763215,0.0826567
36.8162,0.05413,-0.0348934,0.120733,0.6994,-0.70582,0.0763215,0.0826567
36.8212,0.05413,-0.0348934,0.120733,0.6994,-0.70582,0.0763215,0.0826567
36.8262,0.05413,-0.0348934,0.120733,0.6994,-0.70582,0.0763215,0.0826567
36.8312,0.0541402,-0.0349318,0.120647,0.699544,-0.705678,0.0763422,0.082635
36.8362,0.0541402,-0.0349318,0.120647,0.699544,-0.705678,0.0763422,0.082635
36.8412,0.0541402,-0.0349318,0.120647,0.699544,-0.705678,0.0763422,0.082635
36.8462,0.0541402,-0.0349318,0.120647,0.699544,-0.705678,0.0763422,0.082635
36.8512,0.0541504,-0.0349701,0.120562,0.699687,-0.705537,0.076363,0.0826134
36.8562,0.0541504,-0.0349701,0.120562,0.699238,-0.705982,0.0762948,0.0826776
36.8612,0.0541618,-0.0350129,0.12053,0.699238,-0.705982,0.0762948,0.0826776
36.8662,0.0541618,-0.0350129,0.12053,0.699238,-0.705982,0.0762948,0.0826776
36.8712,0.0541606,-0.0350085,0.120476,0.699381,-0.70584,0.0763156,0.082656
36.8762,0.054172,-0.0350512,0.120444,0.699381,-0.70584,0.0763156,0.082656
36.8812,0.054172,-0.0350512,0.120444,0.699381,-0.70584,0.0763156,0.082656
36.8862,0.0542671,-0.0350717,0.120412,0.699365,-0.705823,0.0764594,0.0828011
36.8911,0.0542671,-0.0350717,0.120412,0.699365,-0.705823,0.0764594,0.0828011
36.8962,0.0542671,-0.0350717,0.120412,0.699365,-0.705823,0.0764594,0.0828011
36.9012,0.0542785,-0.0351144,0.120381,0.699365,-0.705823,0.0764594,0.0828011
36.9062,0.0542785,-0.0351144,0.120381,0.699365,-0.705823,0.0764594,0.0828011
36.9112,0.0542899,-0.0351571,0.120349,0.699365,-0.705823,0.0764594,0.0828011
36.9162,0.0543735,-0.0351348,0.120349,0.69935,-0.705806,0.0766032,0.0829462
36.9212,0.0543838,-0.035173,0.120263,0.699493,-0.705664,0.076624,0.0829245
36.9262,0.0543838,-0.035173,0.120263,0.699493,-0.705664,0.076624,0.0829245
36.9312,0.0543826,-0.0351685,0.120209,0.699636,-0.705522,0.0766447,0.0829028
36.9362,0.0543826,-0.0351685,0.120209,0.699636,-0.705522,0.0766447,0.0829028
36.9411,0.0543928,-0.0352067,0.120123,0.699779,-0.705381,0.0766655,0.0828811
36.9462,0.0543928,-0.0352067,0.120123,0.69933,-0.705826,0.0765972,0.0829455
36.9511,0.0544042,-0.0352493,0.120091,0.69933,-0.705826,0.0765972,0.0829455
36.9562,0.0544029,-0.0352448,0.120037,0.699474,-0.705684,0.076618,0.0829238
36.9612,0.0544143,-0.0352875,0.120005,0.699474,-0.705684,0.076618,0.0829238
36.9662,0.0544143,-0.0352875,0.120005,0.699474,-0.705684,0.076618,0.0829238
36.9712,0.0544131,-0.0352829,0.119951,0.699168,-0.705987,0.0765705,0.0829665
36.9762,0.0544245,-0.0353256,0.119919,0.699168,-0.705987,0.0765705,0.0829665
36.9812,0.0545083,-0.0353032,0.119919,0.699152,-0.70597,0.0767143,0.0831117
36.9862,0.0545197,-0.0353458,0.119888,0.699152,-0.70597,0.0767143,0.0831117
36.9912,0.0545185,-0.0353412,0.119833,0.699295,-0.705829,0.0767351,0.0830899
36.9962,0.0545185,-0.0353412,0.119833,0.699295,-0.705829,0.0767351,0.0830899
37.0012,0.0545299,-0.0353838,0.119802,0.699295,-0.705829,0.0767351,0.0830899
37.0062,0.0546136,-0.0353614,0.119802,0.69876,-0.706319,0.0772975,0.0828966
37.0112,0.0546238,-0.0353994,0.119716,0.698973,-0.706115,0.0768312,0.0832778
37.0162,0.0546238,-0.0353994,0.119716,0.698973,-0.706115,0.0768312,0.0832778
37.0212,0.054634,-0.0354374,0.11963,0.699047,-0.706036,0.0773394,0.0828533
37.0262,0.054634,-0.0354374,0.11963,0.698598,-0.706481,0.0772711,0.0829181
37.0312,0.0546454,-0.0354799,0.119598,0.698598,-0.706481,0.0772711,0.0829181
37.0362,0.0546454,-0.0354799,0.119598,0.698598,-0.706481,0.0772711,0.0829181
37.0412,0.0546442,-0.0354753,0.119544,0.698741,-0.706339,0.0772921,0.0828965
37.0462,0.0546556,-0.0355179,0.119512,0.698741,-0.706339,0.0772921,0.0828965
37.0512,0.0546556,-0.0355179,0.119512,0.698741,-0.706339,0.0772921,0.0828965
37.0562,0.0546657,-0.0355558,0.119426,0.698884,-0.706198,0.077313,0.0828748
37.0612,0.0547496,-0.0355333,0.119426,0.698419,-0.706625,0.0773883,0.083085
37.0662,0.0547496,-0.0355333,0.119426,0.698419,-0.706625,0.0773883,0.083085
37.0712,0.0547597,-0.0355711,0.11934,0.698562,-0.706483,0.0774093,0.0830633
37.0762,0.0547597,-0.0355711,0.11934,0.698562,-0.706483,0.0774093,0.0830633
37.0812,0.0547699,-0.0356089,0.119253,0.698706,-0.706342,0.0774303,0.0830416
37.0862,0.0547699,-0.0356089,0.119253,0.698706,-0.706342,0.0774303,0.0830416
37.0912,0.0548538,-0.0355864,0.119253,0.69869,-0.706325,0.0775739,0.0831868
37.0962,0.0548639,-0.0356242,0.119167,0.698833,-0.706183,0.077595,0.0831651
37.1011,0.0548639,-0.0356242,0.119167,0.698833,-0.706183,0.077595,0.0831651
37.1062,0.0548741,-0.0356619,0.119081,0.698527,-0.706486,0.0775475,0.0832084
37.1112,0.054958,-0.0356393,0.119081,0.698441,-0.706532,0.0781796,0.0829524
37.1162,0.054958,-0.0356393,0.119081,0.698441,-0.706532,0.0781796,0.0829524
37.1212,0.0549567,-0.0356346,0.119027,0.698584,-0.70639,0.0782007,0.0829308
37.1262,0.0549681,-0.035677,0.118995,0.698584,-0.70639,0.0782007,0.0829308
37.1312,0.055052,-0.0356544,0.118995,0.698568,-0.706373,0.0783444,0.083076
37.1362,0.0550507,-0.0356496,0.118941,0.698711,-0.706232,0.0783655,0.0830544
37.1412,0.0550507,-0.0356496,0.118941,0.698262,-0.706676,0.0782971,0.0831199
37.1462,0.0550494,-0.0356448,0.118887,0.698405,-0.706535,0.0783183,0.0830982
37.1512,0.0550494,-0.0356448,0.118887,0.698458,-0.706585,0.0778667,0.0826518
37.1562,0.0550494,-0.0356448,0.118887,0.698458,-0.706585,0.0778667,0.0826518
37.1612,0.0550596,-0.0356824,0.118801,0.69853,-0.706506,0.0783769,0.0822295
37.1662,0.0550596,-0.0356824,0.118801,0.698081,-0.70695,0.0783085,0.0822956
37.1712,0.0550596,-0.0356824,0.118801,0.698081,-0.70695,0.0783085,0.0822956
37.1762,0.0550596,-0.0356824,0.118801,0.698152,-0.706887,0.0778192,0.0826958
37.1812,0.0550596,-0.0356824,0.118801,0.698081,-0.70695,0.0783085,0.0822956
37.1862,0.0550596,-0.0356824,0.118801,0.698133,-0.707,0.0778566,0.0818494
37.1912,0.0550596,-0.0356824,0.118801,0.698081,-0.70695,0.0783085,0.0822956
37.1962,0.055071,-0.0357249,0.118769,0.697683,-0.707444,0.0777879,0.0819158
37.2012,0.055071,-0.0357249,0.118769,0.697683,-0.707444,0.0777879,0.0819158
37.2062,0.0551549,-0.0357022,0.118769,0.697667,-0.707427,0.0779313,0.0820612
37.2112,0.0551549,-0.0357022,0.118769,0.697667,-0.707427,0.0779313,0.0820612
37.2162,0.0551549,-0.0357022,0.118769,0.697667,-0.707427,0.0779313,0.0820612
37.2211,0.0551664,-0.0357446,0.118737,0.69772,-0.707477,0.0774791,0.0816153
37.2262,0.0551664,-0.0357446,0.118737,0.69772,-0.707477,0.0774791,0.0816153
37.2312,0.0551664,-0.0357446,0.118737,0.697772,-0.707526,0.0770269,0.0811693
37.2362,0.0551664,-0.0357446,0.118737,0.697322,-0.70797,0.0769574,0.0812362
37.2412,0.0551664,-0.0357446,0.118737,0.697322,-0.70797,0.0769574,0.0812362
37.2462,0.0551664,-0.0357446,0.118737,0.697322,-0.70797,0.0769574,0.0812362
37.2512,0.0551664,-0.0357446,0.118737,0.697322,-0.70797,0.0769574,0.0812362
37.2562,0.0551664,-0.0357446,0.118737,0.697322,-0.70797,0.0769574,0.0812362
37.2612,0.0551664,-0.0357446,0.118737,0.697373,-0.708019,0.0765049,0.0807905
37.2662,0.0551664,-0.0357446,0.118737,0.697373,-0.708019,0.0765049,0.0807905
37.2712,0.0551664,-0.0357446,0.118737,0.697373,-0.708019,0.0765049,0.0807905
37.2762,0.0551664,-0.0357446,0.118737,0.697373,-0.708019,0.0765049,0.0807905
37.2812,0.0551664,-0.0357446,0.118737,0.697373,-0.708019,0.0765049,0.0807905
37.2862,0.0551664,-0.0357446,0.118737,0.697373,-0.708019,0.0765049,0.0807905
37.2912,0.0551664,-0.0357446,0.118737,0.697373,-0.708019,0.0765049,0.0807905
37.2962,0.0551664,-0.0357446,0.118737,0.697425,-0.708067,0.0760523,0.0803448
37.3012,0.0551664,-0.0357446,0.118737,0.697373,-0.708019,0.0765049,0.0807905
37.3062,0.0551664,-0.0357446,0.118737,0.697425,-0.708067,0.0760523,0.0803448
37.3112,0.0551664,-0.0357446,0.118737,0.697425,-0.708067,0.0760523,0.0803448
37.3162,0.0551664,-0.0357446,0.118737,0.697425,-0.708067,0.0760523,0.0803448
37.3212,0.0551664,-0.0357446,0.118737,0.697425,-0.708067,0.0760523,0.0803448
37.3262,0.0551664,-0.0357446,0.118737,0.696975,-0.70851,0.0759823,0.0804123
37.3312,0.0551664,-0.0357446,0.118737,0.696975,-0.70851,0.0759823,0.0804123
37.3362,0.0551664,-0.0357446,0.118737,0.696975,-0.70851,0.0759823,0.0804123
37.3412,0.0551664,-0.0357446,0.118737,0.696975,-0.70851,0.0759823,0.0804123
37.3462,0.0551664,-0.0357446,0.118737,0.696975,-0.70851,0.0759823,0.0804123
37.3512,0.0551664,-0.0357446,0.118737,0.696975,-0.70851,0.0759823,0.0804123
37.3562,0.0551664,-0.0357446,0.118737,0.696975,-0.70851,0.0759823,0.0804123
37.3612,0.0551664,-0.0357446,0.118737,0.696975,-0.70851,0.0759823,0.0804123
37.3662,0.0551664,-0.0357446,0.118737,0.696975,-0.70851,0.0759823,0.0804123
37.3712,0.0551664,-0.0357446,0.118737,0.696975,-0.70851,0.0759823,0.0804123
37.3761,0.0551664,-0.0357446,0.118737,0.696975,-0.70851,0.0759823,0.0804123
37.3812,0.0551664,-0.0357446,0.118737,0.696975,-0.70851,0.0759823,0.0804123
37.3862,0.0551664,-0.0357446,0.118737,0.696975,-0.70851,0.0759823,0.0804123
37.3912,0.0551664,-0.0357446,0.118737,0.696975,-0.70851,0.0759823,0.0804123
37.3962,0.0551664,-0.0357446,0.118737,0.696975,-0.70851,0.0759823,0.0804123
37.4012,0.0551779,-0.0357871,0.118704,0.696524,-0.708953,0.0759122,0.0804798
37.4062,0.0551779,-0.0357871,0.118704,0.696975,-0.70851,0.0759823,0.0804123
37.4112,0.0551779,-0.0357871,0.118704,0.696524,-0.708953,0.0759122,0.0804798
37.4162,0.0551893,-0.0358295,0.118672,0.696524,-0.708953,0.0759122,0.0804798
37.4216,0.0551893,-0.0358295,0.118672,0.696524,-0.708953,0.0759122,0.0804798
37.4262,0.0551893,-0.0358295,0.118672,0.696524,-0.708953,0.0759122,0.0804798
37.4312,0.0551893,-0.0358295,0.118672,0.696524,-0.708953,0.0759122,0.0804798
37.4362,0.0552008,-0.0358718,0.11864,0.696524,-0.708953,0.0759122,0.0804798
37.4412,0.0552008,-0.0358718,0.11864,0.696524,-0.708953,0.0759122,0.0804798
37.4462,0.0551995,-0.035867,0.118586,0.696668,-0.708812,0.0759341,0.0804577
37.4512,0.0551995,-0.035867,0.118586,0.696668,-0.708812,0.0759341,0.0804577
37.4562,0.0551995,-0.035867,0.118586,0.696668,-0.708812,0.0759341,0.0804577
37.4612,0.0551995,-0.035867,0.118586,0.696668,-0.708812,0.0759341,0.0804577
37.4662,0.0552109,-0.0359094,0.118554,0.696668,-0.708812,0.0759341,0.0804577
37.4712,0.0552109,-0.0359094,0.118554,0.696668,-0.708812,0.0759341,0.0804577
37.4762,0.0552936,-0.0358818,0.1185,0.696796,-0.708655,0.0760992,0.0805813
37.4812,0.0552936,-0.0358818,0.1185,0.696796,-0.708655,0.0760992,0.0805813
37.4862,0.0553051,-0.0359241,0.118468,0.696796,-0.708655,0.0760992,0.0805813
37.4912,0.0553051,-0.0359241,0.118468,0.696796,-0.708655,0.0760992,0.0805813
37.4962,0.0553051,-0.0359241,0.118468,0.696796,-0.708655,0.0760992,0.0805813
37.5012,0.0553051,-0.0359241,0.118468,0.696796,-0.708655,0.0760992,0.0805813
37.5062,0.0553165,-0.0359665,0.118436,0.696796,-0.708655,0.0760992,0.0805813
37.5112,0.0553165,-0.0359665,0.118436,0.696796,-0.708655,0.0760992,0.0805813
37.5162,0.0553165,-0.0359665,0.118436,0.696796,-0.708655,0.0760992,0.0805813
37.5212,0.0554005,-0.0359437,0.118436,0.69678,-0.708638,0.0762425,0.080727
37.5262,0.0554005,-0.0359437,0.118436,0.69678,-0.708638,0.0762425,0.080727
37.5312,0.0554005,-0.0359437,0.118436,0.69678,-0.708638,0.0762425,0.080727
37.5362,0.0554005,-0.0359437,0.118436,0.696329,-0.709081,0.0761722,0.0807947
37.5412,0.055412,-0.035986,0.118403,0.696329,-0.709081,0.0761722,0.0807947
37.5462,0.055412,-0.035986,0.118403,0.696329,-0.709081,0.0761722,0.0807947
37.5512,0.055412,-0.035986,0.118403,0.696329,-0.709081,0.0761722,0.0807947
37.5562,0.055412,-0.035986,0.118403,0.696329,-0.709081,0.0761722,0.0807947
37.5612,0.055412,-0.035986,0.118403,0.696329,-0.709081,0.0761722,0.0807947
37.5662,0.0554235,-0.0360284,0.118371,0.696329,-0.709081,0.0761722,0.0807947
37.5712,0.0554235,-0.0360284,0.118371,0.696329,-0.709081,0.0761722,0.0807947
37.5762,0.0554235,-0.0360284,0.118371,0.696329,-0.709081,0.0761722,0.0807947
37.5812,0.0554235,-0.0360284,0.118371,0.696329,-0.709081,0.0761722,0.0807947
37.5862,0.0554235,-0.0360284,0.118371,0.696329,-0.709081,0.0761722,0.0807947
37.5912,0.0554235,-0.0360284,0.118371,0.696329,-0.709081,0.0761722,0.0807947
37.5962,0.055435,-0.0360707,0.118339,0.696329,-0.709081,0.0761722,0.0807947
37.6012,0.055435,-0.0360707,0.118339,0.696329,-0.709081,0.0761722,0.0807947
37.6062,0.055435,-0.0360707,0.118339,0.696329,-0.709081,0.0761722,0.0807947
37.6112,0.055435,-0.0360707,0.118339,0.696329,-0.709081,0.0761722,0.0807947
37.6162,0.055435,-0.0360707,0.118339,0.696329,-0.709081,0.0761722,0.0807947
37.6212,0.055435,-0.0360707,0.118339,0.696329,-0.709081,0.0761722,0.0807947
37.6262,0.055435,-0.0360707,0.118339,0.696329,-0.709081,0.0761722,0.0807947
37.6312,0.055435,-0.0360707,0.118339,0.696329,-0.709081,0.0761722,0.0807947
37.6362,0.055435,-0.0360707,0.118339,0.696329,-0.709081,0.0761722,0.0807947
37.6412,0.055435,-0.0360707,0.118339,0.695878,-0.709523,0.0761019,0.0808624
37.6462,0.0554464,-0.036113,0.118307,0.695878,-0.709523,0.0761019,0.0808624
37.6512,0.0554464,-0.036113,0.118307,0.695878,-0.709523,0.0761019,0.0808624
37.6562,0.0554464,-0.036113,0.118307,0.696329,-0.709081,0.0761722,0.0807947
37.6612,0.0554464,-0.036113,0.118307,0.695878,-0.709523,0.0761019,0.0808624
37.6662,0.0554464,-0.036113,0.118307,0.695878,-0.709523,0.0761019,0.0808624
37.6713,0.0554464,-0.036113,0.118307,0.695878,-0.709523,0.0761019,0.0808624
37.6762,0.0554464,-0.036113,0.118307,0.695878,-0.709523,0.0761019,0.0808624
37.6812,0.0554464,-0.036113,0.118307,0.695878,-0.709523,0.0761019,0.0808624
37.6863,0.0554464,-0.036113,0.118307,0.695878,-0.709523,0.0761019,0.0808624
37.6912,0.0554464,-0.036113,0.118307,0.695878,-0.709523,0.0761019,0.0808624
37.6962,0.0554464,-0.036113,0.118307,0.695878,-0.709523,0.0761019,0.0808624
37.7012,0.0554464,-0.036113,0.118307,0.695878,-0.709523,0.0761019,0.0808624
37.7062,0.0554451,-0.0361081,0.118253,0.696022,-0.709382,0.0761239,0.0808402
37.7112,0.0554451,-0.0361081,0.118253,0.696022,-0.709382,0.0761239,0.0808402
37.7162,0.0554566,-0.0361503,0.11822,0.696022,-0.709382,0.0761239,0.0808402
37.7212,0.0554566,-0.0361503,0.11822,0.696022,-0.709382,0.0761239,0.0808402
37.7262,0.0554566,-0.0361503,0.11822,0.696022,-0.709382,0.0761239,0.0808402
37.7312,0.0554566,-0.0361503,0.11822,0.696022,-0.709382,0.0761239,0.0808402
37.7362,0.0554566,-0.0361503,0.11822,0.695571,-0.709824,0.0760536,0.0809078
37.7412,0.0554566,-0.0361503,0.11822,0.696022,-0.709382,0.0761239,0.0808402
37.7462,0.055468,-0.0361926,0.118188,0.696022,-0.709382,0.0761239,0.0808402
37.7513,0.055468,-0.0361926,0.118188,0.696022,-0.709382,0.0761239,0.0808402
37.7562,0.055468,-0.0361926,0.118188,0.696022,-0.709382,0.0761239,0.0808402
37.7615,0.055468,-0.0361926,0.118188,0.696022,-0.709382,0.0761239,0.0808402
37.7663,0.055468,-0.0361926,0.118188,0.696022,-0.709382,0.0761239,0.0808402
37.7712,0.055468,-0.0361926,0.118188,0.696022,-0.709382,0.0761239,0.0808402
37.7762,0.055468,-0.0361926,0.118188,0.696022,-0.709382,0.0761239,0.0808402
37.7812,0.055468,-0.0361926,0.118188,0.696022,-0.709382,0.0761239,0.0808402
37.7862,0.055468,-0.0361926,0.118188,0.696022,-0.709382,0.0761239,0.0808402
37.7911,0.055468,-0.0361926,0.118188,0.696022,-0.709382,0.0761239,0.0808402
37.7963,0.055468,-0.0361926,0.118188,0.696022,-0.709382,0.0761239,0.0808402
37.8012,0.055468,-0.0361926,0.118188,0.696022,-0.709382,0.0761239,0.0808402
37.8062,0.055468,-0.0361926,0.118188,0.696022,-0.709382,0.0761239,0.0808402
37.8112,0.0554667,-0.0361877,0.118134,0.696166,-0.709241,0.0761458,0.0808181
37.8162,0.0554667,-0.0361877,0.118134,0.696166,-0.709241,0.0761458,0.0808181
37.8212,0.0554667,-0.0361877,0.118134,0.696166,-0.709241,0.0761458,0.0808181
37.8262,0.0554782,-0.0362299,0.118102,0.695715,-0.709683,0.0760755,0.0808857
37.8312,0.0554768,-0.036225,0.118047,0.69631,-0.7091,0.0761677,0.0807959
37.8362,0.0554768,-0.036225,0.118047,0.69631,-0.7091,0.0761677,0.0807959
37.8412,0.0554768,-0.036225,0.118047,0.695859,-0.709543,0.0760974,0.0808636
37.8463,0.0554883,-0.0362672,0.118015,0.69631,-0.7091,0.0761677,0.0807959
37.8512,0.0554869,-0.0362623,0.117961,0.696454,-0.708959,0.0761896,0.0807738
37.8562,0.0554869,-0.0362623,0.117961,0.696003,-0.709402,0.0761194,0.0808414
37.8612,0.0554984,-0.0363045,0.117929,0.696003,-0.709402,0.0761194,0.0808414
37.8662,0.055497,-0.0362995,0.117875,0.696597,-0.708818,0.0762116,0.0807516
37.8712,0.055497,-0.0362995,0.117875,0.696597,-0.708818,0.0762116,0.0807516
37.8762,0.0555071,-0.0363367,0.117788,0.69629,-0.70912,0.0761632,0.0807971
37.8812,0.0555071,-0.0363367,0.117788,0.696741,-0.708677,0.0762335,0.0807294
37.8862,0.0555186,-0.0363789,0.117756,0.69629,-0.70912,0.0761632,0.0807971
37.8913,0.0555172,-0.0363739,0.117702,0.696434,-0.708979,0.0761851,0.080775
37.8962,0.0555172,-0.0363739,0.117702,0.696434,-0.708979,0.0761851,0.080775
37.9012,0.0555273,-0.0364111,0.117615,0.696578,-0.708838,0.0762071,0.0807528
37.9062,0.0555273,-0.0364111,0.117615,0.696578,-0.708838,0.0762071,0.0807528
37.9112,0.0555273,-0.0364111,0.117615,0.696578,-0.708838,0.0762071,0.0807528
37.9162,0.0555373,-0.0364482,0.117529,0.696721,-0.708697,0.076229,0.0807306
37.9212,0.0555373,-0.0364482,0.117529,0.696721,-0.708697,0.076229,0.0807306
37.9262,0.0555488,-0.0364903,0.117496,0.696271,-0.709139,0.0761587,0.0807983
37.9312,0.0555488,-0.0364903,0.117496,0.696271,-0.709139,0.0761587,0.0807983
37.9362,0.0555488,-0.0364903,0.117496,0.696271,-0.709139,0.0761587,0.0807983
37.9412,0.0555602,-0.0365325,0.117464,0.696271,-0.709139,0.0761587,0.0807983
37.9462,0.0555588,-0.0365274,0.11741,0.696414,-0.708998,0.0761806,0.0807762
37.9512,0.0555702,-0.0365695,0.117377,0.696414,-0.708998,0.0761806,0.0807762
37.9562,0.0555702,-0.0365695,0.117377,0.696414,-0.708998,0.0761806,0.0807762
37.9612,0.0555702,-0.0365695,0.117377,0.696414,-0.708998,0.0761806,0.0807762
37.9663,0.0555702,-0.0365695,0.117377,0.696414,-0.708998,0.0761806,0.0807762
37.9712,0.0555702,-0.0365695,0.117377,0.696414,-0.708998,0.0761806,0.0807762
37.9762,0.0555803,-0.0366066,0.117291,0.696558,-0.708857,0.0762026,0.080754
37.9812,0.0555803,-0.0366066,0.117291,0.696558,-0.708857,0.0762026,0.080754
37.9862,0.0555917,-0.0366487,0.117258,0.696558,-0.708857,0.0762026,0.080754
37.9912,0.0555903,-0.0366435,0.117204,0.696251,-0.709159,0.0761542,0.0807995
37.9962,0.0555903,-0.0366435,0.117204,0.696251,-0.709159,0.0761542,0.0807995
38.0012,0.0556017,-0.0366856,0.117172,0.696251,-0.709159,0.0761542,0.0807995
38.0062,0.0556017,-0.0366856,0.117172,0.696251,-0.709159,0.0761542,0.0807995
38.0112,0.055686,-0.0366628,0.117172,0.696235,-0.709142,0.0762974,0.0809453
38.0163,0.0556975,-0.0367048,0.117139,0.696235,-0.709142,0.0762974,0.0809453
38.0212,0.0556975,-0.0367048,0.117139,0.696235,-0.709142,0.0762974,0.0809453
38.0262,0.0556975,-0.0367048,0.117139,0.696235,-0.709142,0.0762974,0.0809453
38.0313,0.0557089,-0.0367469,0.117106,0.696235,-0.709142,0.0762974,0.0809453
38.0363,0.0557089,-0.0367469,0.117106,0.695784,-0.709585,0.076227,0.081013
38.0412,0.0557089,-0.0367469,0.117106,0.696235,-0.709142,0.0762974,0.0809453
38.0462,0.0557089,-0.0367469,0.117106,0.696235,-0.709142,0.0762974,0.0809453
38.0512,0.0557075,-0.0367418,0.117052,0.695928,-0.709444,0.076249,0.0809909
38.0562,0.0557189,-0.0367838,0.11702,0.695928,-0.709444,0.076249,0.0809909
38.0612,0.0557189,-0.0367838,0.11702,0.696379,-0.709001,0.0763193,0.0809231
38.0662,0.0557175,-0.0367787,0.116966,0.696072,-0.709303,0.0762709,0.0809687
38.0712,0.0557175,-0.0367787,0.116966,0.696072,-0.709303,0.0762709,0.0809687
38.0762,0.0557175,-0.0367787,0.116966,0.696072,-0.709303,0.0762709,0.0809687
38.0812,0.0557289,-0.0368207,0.116933,0.696072,-0.709303,0.0762709,0.0809687
38.0862,0.0558133,-0.0367978,0.116933,0.696056,-0.709286,0.076414,0.0811145
38.0912,0.0558133,-0.0367978,0.116933,0.696056,-0.709286,0.076414,0.0811145
38.0963,0.0558133,-0.0367978,0.116933,0.696056,-0.709286,0.076414,0.0811145
38.1012,0.0558119,-0.0367926,0.116879,0.696127,-0.709209,0.0769289,0.0806972
38.1062,0.0558119,-0.0367926,0.116879,0.696127,-0.709209,0.0769289,0.0806972
38.1112,0.0558233,-0.0368346,0.116846,0.6962,-0.709145,0.076436,0.0810923
38.1162,0.0558233,-0.0368346,0.116846,0.696127,-0.709209,0.0769289,0.0806972
38.1213,0.0559077,-0.0368116,0.116846,0.696111,-0.709193,0.077072,0.080843
38.1262,0.0559063,-0.0368064,0.116792,0.696254,-0.709052,0.0770941,0.0808209
38.1312,0.0559063,-0.0368064,0.116792,0.696254,-0.709052,0.0770941,0.0808209
38.1362,0.0559063,-0.0368064,0.116792,0.696254,-0.709052,0.0770941,0.0808209
38.1412,0.0559063,-0.0368064,0.116792,0.696254,-0.709052,0.0770941,0.0808209
38.1462,0.0559048,-0.0368012,0.116738,0.696398,-0.708911,0.0771162,0.0807987
38.1512,0.0559163,-0.0368432,0.116706,0.695947,-0.709353,0.0770459,0.080867
38.1562,0.0559163,-0.0368432,0.116706,0.695947,-0.709353,0.0770459,0.080867
38.1612,0.0559163,-0.0368432,0.116706,0.695947,-0.709353,0.0770459,0.080867
38.1662,0.0559163,-0.0368432,0.116706,0.695947,-0.709353,0.0770459,0.080867
38.1712,0.0559992,-0.0368149,0.116652,0.696075,-0.709195,0.0772111,0.0809907
38.1762,0.0560107,-0.0368569,0.116619,0.696075,-0.709195,0.0772111,0.0809907
38.1812,0.0560107,-0.0368569,0.116619,0.696075,-0.709195,0.0772111,0.0809907
38.1862,0.0560107,-0.0368569,0.116619,0.696075,-0.709195,0.0772111,0.0809907
38.1912,0.0560107,-0.0368569,0.116619,0.696075,-0.709195,0.0772111,0.0809907
38.1963,0.0560092,-0.0368516,0.116565,0.696145,-0.709118,0.0777267,0.0805741
38.2012,0.0560092,-0.0368516,0.116565,0.696145,-0.709118,0.0777267,0.0805741
38.2062,0.0560092,-0.0368516,0.116565,0.696145,-0.709118,0.0777267,0.0805741
38.2112,0.0560092,-0.0368516,0.116565,0.695694,-0.709561,0.0776565,0.0806428
38.2162,0.0560193,-0.0368883,0.116478,0.695838,-0.70942,0.0776787,0.0806207
38.2212,0.0560193,-0.0368883,0.116478,0.695838,-0.70942,0.0776787,0.0806207
38.2262,0.0560193,-0.0368883,0.116478,0.695838,-0.70942,0.0776787,0.0806207
38.2312,0.0560193,-0.0368883,0.116478,0.695838,-0.70942,0.0776787,0.0806207
38.2362,0.0560307,-0.0369303,0.116445,0.695838,-0.70942,0.0776787,0.0806207
38.2412,0.0560307,-0.0369303,0.116445,0.695838,-0.70942,0.0776787,0.0806207
38.2462,0.0560307,-0.0369303,0.116445,0.695838,-0.70942,0.0776787,0.0806207
38.2512,0.0561151,-0.0369072,0.116445,0.695822,-0.709403,0.0778218,0.0807666
38.2562,0.0561151,-0.0369072,0.116445,0.695822,-0.709403,0.0778218,0.0807666
38.2612,0.0561151,-0.0369072,0.116445,0.695822,-0.709403,0.0778218,0.0807666
38.2662,0.0561266,-0.0369492,0.116413,0.695822,-0.709403,0.0778218,0.0807666
38.2712,0.0561266,-0.0369492,0.116413,0.695822,-0.709403,0.0778218,0.0807666
38.2762,0.0561266,-0.0369492,0.116413,0.695822,-0.709403,0.0778218,0.0807666
38.2812,0.0561266,-0.0369492,0.116413,0.695822,-0.709403,0.0778218,0.0807666
38.2863,0.0561266,-0.0369492,0.116413,0.695822,-0.709403,0.0778218,0.0807666
38.2913,0.0561266,-0.0369492,0.116413,0.695822,-0.709403,0.0778218,0.0807666
38.2962,0.0561366,-0.0369858,0.116326,0.695965,-0.709262,0.077844,0.0807445
38.3012,0.0561366,-0.0369858,0.116326,0.695514,-0.709704,0.0777738,0.0808132
38.3062,0.0561366,-0.0369858,0.116326,0.695514,-0.709704,0.0777738,0.0808132
38.3112,0.056221,-0.0369627,0.116326,0.695498,-0.709688,0.0779168,0.0809591
38.3162,0.056221,-0.0369627,0.116326,0.695498,-0.709688,0.0779168,0.0809591
38.3212,0.056221,-0.0369627,0.116326,0.695498,-0.709688,0.0779168,0.0809591
38.3262,0.056231,-0.0369993,0.116239,0.695642,-0.709547,0.0779391,0.080937
38.3313,0.056231,-0.0369993,0.116239,0.695642,-0.709547,0.0779391,0.080937
38.3362,0.056231,-0.0369993,0.116239,0.695642,-0.709547,0.0779391,0.080937
38.3412,0.056231,-0.0369993,0.116239,0.695642,-0.709547,0.0779391,0.080937
38.3463,0.056231,-0.0369993,0.116239,0.695642,-0.709547,0.0779391,0.080937
38.3512,0.056231,-0.0369993,0.116239,0.695191,-0.709989,0.0778687,0.0810058
38.3562,0.0562425,-0.0370412,0.116206,0.695642,-0.709547,0.0779391,0.080937
38.3613,0.0562425,-0.0370412,0.116206,0.695642,-0.709547,0.0779391,0.080937
38.3663,0.0562425,-0.0370412,0.116206,0.695642,-0.709547,0.0779391,0.080937
38.3712,0.0562425,-0.0370412,0.116206,0.695642,-0.709547,0.0779391,0.080937
38.3763,0.0562425,-0.0370412,0.116206,0.695642,-0.709547,0.0779391,0.080937
38.3812,0.056327,-0.037018,0.116206,0.695175,-0.709972,0.0780116,0.0811517
38.3862,0.0563255,-0.0370127,0.116152,0.695319,-0.709831,0.0780339,0.0811296
38.3912,0.0563255,-0.0370127,0.116152,0.69577,-0.709389,0.0781044,0.0810607
38.3963,0.056337,-0.0370546,0.11612,0.695319,-0.709831,0.0780339,0.0811296
38.4012,0.056337,-0.0370546,0.11612,0.695319,-0.709831,0.0780339,0.0811296
38.4062,0.056337,-0.0370546,0.11612,0.695319,-0.709831,0.0780339,0.0811296
38.4112,0.0563355,-0.0370492,0.116066,0.695463,-0.70969,0.0780563,0.0811075
38.4162,0.05642,-0.037026,0.116066,0.695447,-0.709674,0.0781992,0.0812534
38.4212,0.0564315,-0.0370679,0.116033,0.695447,-0.709674,0.0781992,0.0812534
38.4262,0.0564315,-0.0370679,0.116033,0.695447,-0.709674,0.0781992,0.0812534
38.4312,0.0564315,-0.0370679,0.116033,0.695447,-0.709674,0.0781992,0.0812534
38.4362,0.0565159,-0.0370447,0.116033,0.695431,-0.709657,0.0783422,0.0813993
38.4412,0.0565159,-0.0370447,0.116033,0.695431,-0.709657,0.0783422,0.0813993
38.4462,0.056526,-0.0370811,0.115946,0.695574,-0.709516,0.0783646,0.0813771
38.4513,0.056526,-0.0370811,0.115946,0.695123,-0.709958,0.0782939,0.0814461
38.4562,0.056526,-0.0370811,0.115946,0.695123,-0.709958,0.0782939,0.0814461
38.4613,0.056526,-0.0370811,0.115946,0.695123,-0.709958,0.0782939,0.0814461
38.4662,0.0565245,-0.0370757,0.115892,0.695267,-0.709817,0.0783163,0.081424
38.4712,0.056536,-0.0371175,0.115859,0.695267,-0.709817,0.0783163,0.081424
38.4762,0.056536,-0.0371175,0.115859,0.695267,-0.709817,0.0783163,0.081424
38.4813,0.0565345,-0.0371121,0.115805,0.695411,-0.709676,0.0783387,0.0814018
38.4863,0.0565345,-0.0371121,0.115805,0.695411,-0.709676,0.0783387,0.0814018
38.4912,0.0566175,-0.0370834,0.115751,0.695087,-0.709961,0.0784333,0.0815946
38.4962,0.0566175,-0.0370834,0.115751,0.695087,-0.709961,0.0784333,0.0815946
38.5012,0.0566175,-0.0370834,0.115751,0.695087,-0.709961,0.0784333,0.0815946
38.5062,0.056616,-0.0370779,0.115697,0.695231,-0.70982,0.0784557,0.0815724
38.5112,0.0566275,-0.0371197,0.115664,0.695231,-0.70982,0.0784557,0.0815724
38.5163,0.056626,-0.0371142,0.11561,0.695375,-0.709679,0.0784781,0.0815501
38.5212,0.056626,-0.0371142,0.11561,0.695375,-0.709679,0.0784781,0.0815501
38.5262,0.056636,-0.0371505,0.115523,0.695068,-0.70998,0.0784298,0.081597
38.5313,0.056636,-0.0371505,0.115523,0.695068,-0.70998,0.0784298,0.081597
38.5362,0.0566344,-0.0371449,0.115469,0.695212,-0.709839,0.0784522,0.0815748
38.5412,0.0567189,-0.0371216,0.115469,0.695195,-0.709822,0.0785951,0.0817208
38.5462,0.0567305,-0.0371634,0.115436,0.695195,-0.709822,0.0785951,0.0817208
38.5512,0.0567305,-0.0371634,0.115436,0.695247,-0.709873,0.0781414,0.0812764
38.5562,0.0567305,-0.0371634,0.115436,0.694796,-0.710314,0.0780703,0.0813459
38.5613,0.0567405,-0.0371996,0.115349,0.69494,-0.710173,0.0780928,0.0813236
38.5662,0.0567405,-0.0371996,0.115349,0.694888,-0.710123,0.0785467,0.0817677
38.5712,0.0567405,-0.0371996,0.115349,0.694864,-0.710237,0.0785889,0.0809329
38.5762,0.0567405,-0.0371996,0.115349,0.694864,-0.710237,0.0785889,0.0809329
38.5812,0.0567405,-0.0371996,0.115349,0.694864,-0.710237,0.0785889,0.0809329
38.5862,0.0567504,-0.0372358,0.115262,0.695008,-0.710097,0.0786115,0.0809107
38.5912,0.0567504,-0.0372358,0.115262,0.694557,-0.710538,0.0785406,0.0809805
38.5962,0.056762,-0.0372775,0.115229,0.694557,-0.710538,0.0785406,0.0809805
38.6013,0.0567604,-0.0372719,0.115175,0.694701,-0.710397,0.0785633,0.0809583
38.6062,0.0567604,-0.0372719,0.115175,0.694701,-0.710397,0.0785633,0.0809583
38.6112,0.056845,-0.0372486,0.115175,0.694685,-0.710381,0.0787061,0.0811043
38.6162,0.0568549,-0.0372847,0.115088,0.694377,-0.710681,0.0786577,0.081152
38.6212,0.0568549,-0.0372847,0.115088,0.694377,-0.710681,0.0786577,0.081152
38.6262,0.0568549,-0.0372847,0.115088,0.694377,-0.710681,0.0786577,0.081152
38.6313,0.0568665,-0.0373264,0.115055,0.694377,-0.710681,0.0786577,0.081152
38.6363,0.0568649,-0.0373207,0.115001,0.694521,-0.710541,0.0786804,0.0811297
38.6412,0.0568649,-0.0373207,0.115001,0.694521,-0.710541,0.0786804,0.0811297
38.6463,0.0568649,-0.0373207,0.115001,0.694521,-0.710541,0.0786804,0.0811297
38.6512,0.0568749,-0.0373568,0.114914,0.694665,-0.7104,0.078703,0.0811074
38.6563,0.0568749,-0.0373568,0.114914,0.694665,-0.7104,0.078703,0.0811074
38.6613,0.0568749,-0.0373568,0.114914,0.694665,-0.7104,0.078703,0.0811074
38.6663,0.0568848,-0.0373928,0.114827,0.694357,-0.710701,0.0786547,0.0811551
38.6712,0.0568848,-0.0373928,0.114827,0.694357,-0.710701,0.0786547,0.0811551
38.6763,0.0568948,-0.0374287,0.11474,0.694425,-0.710624,0.0791747,0.0807438
38.6812,0.0568948,-0.0374287,0.11474,0.694425,-0.710624,0.0791747,0.0807438
38.6862,0.0568948,-0.0374287,0.11474,0.694425,-0.710624,0.0791747,0.0807438
38.6913,0.0569047,-0.0374647,0.114653,0.694569,-0.710483,0.0791974,0.0807217
38.6962,0.0569047,-0.0374647,0.114653,0.694117,-0.710924,0.0791267,0.0807919
38.7013,0.0569031,-0.0374589,0.114599,0.694261,-0.710783,0.0791494,0.0807697
38.7063,0.0569031,-0.0374589,0.114599,0.694261,-0.710783,0.0791494,0.0807697
38.7113,0.0569993,-0.0374772,0.114566,0.694245,-0.710767,0.0792921,0.0809158
38.7163,0.0569977,-0.0374714,0.114512,0.694389,-0.710626,0.0793149,0.0808937
38.7213,0.0570092,-0.037513,0.114479,0.694389,-0.710626,0.0793149,0.0808937
38.7262,0.0570076,-0.0375072,0.114425,0.694533,-0.710486,0.0793376,0.0808715
38.7312,0.0570175,-0.037543,0.114338,0.694225,-0.710786,0.0792895,0.0809196
38.7362,0.0570175,-0.037543,0.114338,0.694225,-0.710786,0.0792895,0.0809196
38.7412,0.0570159,-0.0375372,0.114284,0.694292,-0.710709,0.0798106,0.0805097
38.7463,0.0571121,-0.0375553,0.114251,0.694353,-0.710629,0.0794551,0.0810435
38.7512,0.0571105,-0.0375495,0.114197,0.694045,-0.710929,0.0794069,0.0810917
38.7563,0.057122,-0.0375911,0.114164,0.694045,-0.710929,0.0794069,0.0810917
38.7612,0.0571319,-0.0376267,0.114077,0.694112,-0.710852,0.0799284,0.0806823
38.7662,0.0571319,-0.0376267,0.114077,0.694241,-0.710839,0.0789754,0.0806257
38.7712,0.057215,-0.0375973,0.114023,0.694239,-0.710695,0.080094,0.0808063
38.7762,0.0572249,-0.037633,0.113936,0.693983,-0.711046,0.0795916,0.0804113
38.7813,0.0572364,-0.0376745,0.113902,0.693983,-0.711046,0.0795916,0.0804113
38.7863,0.0572348,-0.0376686,0.113848,0.694127,-0.710905,0.0796146,0.0803891
38.7913,0.057331,-0.0376866,0.113815,0.693659,-0.71133,0.0796861,0.0806064
38.7963,0.0573294,-0.0376806,0.113761,0.693803,-0.711189,0.0797092,0.0805842
38.8013,0.0573409,-0.0377221,0.113728,0.693803,-0.711189,0.0797092,0.0805842
38.8062,0.0573508,-0.0377576,0.113641,0.693947,-0.711049,0.0797322,0.0805619
38.8113,0.0574339,-0.037728,0.113587,0.694075,-0.710891,0.0798979,0.0806858
38.8162,0.0574454,-0.0377695,0.113554,0.693623,-0.711332,0.0798266,0.0807571
38.8212,0.0574437,-0.0377635,0.1135,0.693767,-0.711192,0.0798497,0.0807348
38.8263,0.0575384,-0.0377753,0.113412,0.693894,-0.711035,0.0800154,0.0808587
38.8313,0.0575384,-0.0377753,0.113412,0.693894,-0.711035,0.0800154,0.0808587
38.8363,0.0575483,-0.0378106,0.113325,0.693586,-0.711335,0.0799671,0.0809077
38.8412,0.057633,-0.037787,0.113325,0.693622,-0.711369,0.079655,0.0806106
38.8462,0.0576429,-0.0378223,0.113238,0.693766,-0.711229,0.0796782,0.0805882
38.8512,0.0576412,-0.0378162,0.113184,0.693379,-0.711592,0.0801303,0.0802531
38.8565,0.0576511,-0.0378515,0.113097,0.693602,-0.711388,0.0796529,0.080615
38.8612,0.0576511,-0.0378515,0.113097,0.693523,-0.711452,0.0801536,0.0802308
38.8663,0.0577457,-0.037863,0.113009,0.693702,-0.711346,0.0798648,0.0799113
38.8712,0.057744,-0.0378568,0.112955,0.693846,-0.711206,0.0798882,0.0798889
38.8762,0.0577423,-0.0378506,0.112901,0.693538,-0.711506,0.0798397,0.0799388
38.8813,0.0577521,-0.0378858,0.112814,0.693682,-0.711365,0.0798631,0.0799164
38.8862,0.0577504,-0.0378796,0.11276,0.693826,-0.711225,0.0798865,0.0798939
38.8913,0.0577504,-0.0378796,0.11276,0.693826,-0.711225,0.0798865,0.0798939
38.8963,0.057845,-0.0378909,0.112673,0.694005,-0.711119,0.0795981,0.0795741
38.9012,0.0578433,-0.0378847,0.112619,0.693697,-0.711419,0.0795493,0.0796243
38.9062,0.0578549,-0.037926,0.112585,0.693697,-0.711419,0.0795493,0.0796243
38.9113,0.0578531,-0.0379197,0.112532,0.693761,-0.711342,0.0800746,0.0792191
38.9163,0.0578531,-0.0379197,0.112532,0.693309,-0.711783,0.0800025,0.0792922
38.9213,0.0578531,-0.0379197,0.112532,0.693841,-0.711278,0.0795729,0.0796018
38.9265,0.0578647,-0.0379611,0.112498,0.693309,-0.711783,0.0800025,0.0792922
38.9313,0.0578629,-0.0379547,0.112444,0.693453,-0.711642,0.0800261,0.0792697
38.9363,0.0578745,-0.0379961,0.112411,0.693453,-0.711642,0.0800261,0.0792697
38.9413,0.0578745,-0.0379961,0.112411,0.693453,-0.711642,0.0800261,0.0792697
38.9462,0.0579593,-0.0379723,0.112411,0.693437,-0.711626,0.0801687,0.079416
38.9513,0.0579593,-0.0379723,0.112411,0.693437,-0.711626,0.0801687,0.079416
38.9562,0.057971,-0.0380136,0.112377,0.692985,-0.712066,0.0800966,0.0794892
38.9613,0.0579692,-0.0380072,0.112323,0.69318,-0.711977,0.0796651,0.0790237
38.9663,0.0579692,-0.0380072,0.112323,0.693129,-0.711926,0.0801202,0.0794667
38.9713,0.0579692,-0.0380072,0.112323,0.69318,-0.711977,0.0796651,0.0790237
38.9762,0.0579692,-0.0380072,0.112323,0.69318,-0.711977,0.0796651,0.0790237
38.9813,0.0579674,-0.0380009,0.112269,0.693324,-0.711836,0.0796889,0.0790011
38.9863,0.0579674,-0.0380009,0.112269,0.693324,-0.711836,0.0796889,0.0790011
38.9912,0.0579674,-0.0380009,0.112269,0.693324,-0.711836,0.0796889,0.0790011
38.9962,0.0579656,-0.0379945,0.112216,0.693468,-0.711696,0.0797126,0.0789785
39.0012,0.0579656,-0.0379945,0.112216,0.693016,-0.712136,0.0796401,0.079052
39.0062,0.0579656,-0.0379945,0.112216,0.693016,-0.712136,0.0796401,0.079052
39.0113,0.0579638,-0.0379881,0.112162,0.69316,-0.711996,0.0796639,0.0790294
39.0162,0.0579638,-0.0379881,0.112162,0.69316,-0.711996,0.0796639,0.0790294
39.0212,0.0579638,-0.0379881,0.112162,0.69316,-0.711996,0.0796639,0.0790294
39.0263,0.057962,-0.0379817,0.112108,0.693304,-0.711855,0.0796876,0.0790068
39.0312,0.057962,-0.0379817,0.112108,0.693304,-0.711855,0.0796876,0.0790068
39.0362,0.057962,-0.0379817,0.112108,0.693304,-0.711855,0.0796876,0.0790068
39.0412,0.0579718,-0.0380165,0.11202,0.693448,-0.711715,0.0797113,0.0789843
39.0462,0.0579718,-0.0380165,0.11202,0.692996,-0.712155,0.0796389,0.0790577
39.0512,0.0579718,-0.0380165,0.11202,0.692996,-0.712155,0.0796389,0.0790577
39.0562,0.0579718,-0.0380165,0.11202,0.692996,-0.712155,0.0796389,0.0790577
39.0613,0.0579718,-0.0380165,0.11202,0.692996,-0.712155,0.0796389,0.0790577
39.0663,0.05797,-0.03801,0.111966,0.69314,-0.712015,0.0796626,0.0790351
39.0712,0.05797,-0.03801,0.111966,0.69314,-0.712015,0.0796626,0.0790351
39.0762,0.05797,-0.03801,0.111966,0.69314,-0.712015,0.0796626,0.0790351
39.0813,0.05797,-0.03801,0.111966,0.692688,-0.712454,0.0795902,0.0791086
39.0863,0.05797,-0.03801,0.111966,0.692688,-0.712454,0.0795902,0.0791086
39.0912,0.05797,-0.03801,0.111966,0.692688,-0.712454,0.0795902,0.0791086
39.0963,0.05797,-0.03801,0.111966,0.692688,-0.712454,0.0795902,0.0791086
39.1013,0.05797,-0.03801,0.111966,0.692688,-0.712454,0.0795902,0.0791086
39.1062,0.05797,-0.03801,0.111966,0.692688,-0.712454,0.0795902,0.0791086
39.1112,0.0579816,-0.0380513,0.111933,0.692688,-0.712454,0.0795902,0.0791086
39.1163,0.0579816,-0.0380513,0.111933,0.692688,-0.712454,0.0795902,0.0791086
39.1212,0.0579816,-0.0380513,0.111933,0.692688,-0.712454,0.0795902,0.0791086
39.1262,0.0579816,-0.0380513,0.111933,0.692688,-0.712454,0.0795902,0.0791086
39.1313,0.0579816,-0.0380513,0.111933,0.692688,-0.712454,0.0795902,0.0791086
39.1362,0.0579932,-0.0380926,0.111899,0.692688,-0.712454,0.0795902,0.0791086
39.1412,0.0579913,-0.0380861,0.111845,0.692832,-0.712314,0.0796139,0.079086
39.1463,0.0579913,-0.0380861,0.111845,0.692832,-0.712314,0.0796139,0.079086
39.1513,0.0579913,-0.0380861,0.111845,0.692832,-0.712314,0.0796139,0.079086
39.1562,0.0579895,-0.0380796,0.111792,0.692976,-0.712174,0.0796376,0.0790634
39.1612,0.0580011,-0.0381209,0.111758,0.692976,-0.712174,0.0796376,0.0790634
39.1663,0.0579993,-0.0381143,0.111704,0.692668,-0.712473,0.0795889,0.0791143
39.1713,0.0579993,-0.0381143,0.111704,0.692668,-0.712473,0.0795889,0.0791143
39.1762,0.0579993,-0.0381143,0.111704,0.692668,-0.712473,0.0795889,0.0791143
39.1812,0.0579974,-0.0381078,0.11165,0.692812,-0.712333,0.0796127,0.0790917
39.1863,0.0579974,-0.0381078,0.11165,0.692812,-0.712333,0.0796127,0.0790917
39.1913,0.0579956,-0.0381012,0.111596,0.692956,-0.712193,0.0796364,0.0790692
39.1963,0.0579956,-0.0381012,0.111596,0.692956,-0.712193,0.0796364,0.0790692
39.2013,0.0579937,-0.0380946,0.111542,0.6931,-0.712052,0.0796601,0.0790466
39.2062,0.0579937,-0.0380946,0.111542,0.6931,-0.712052,0.0796601,0.0790466
39.2112,0.0580053,-0.0381359,0.111509,0.692648,-0.712492,0.0795877,0.07912
39.2162,0.0580034,-0.0381292,0.111455,0.692792,-0.712352,0.0796114,0.0790975
39.2212,0.0580883,-0.0381054,0.111455,0.693227,-0.711896,0.0798264,0.0791704
39.2263,0.0580883,-0.0381054,0.111455,0.693227,-0.711896,0.0798264,0.0791704
39.2313,0.0580883,-0.0381054,0.111455,0.692775,-0.712336,0.0797538,0.0792439
39.2363,0.0580999,-0.0381466,0.111421,0.692775,-0.712336,0.0797538,0.0792439
39.2412,0.0580981,-0.03814,0.111368,0.692919,-0.712195,0.0797776,0.0792214
39.2463,0.0580981,-0.03814,0.111368,0.692919,-0.712195,0.0797776,0.0792214
39.2513,0.0580981,-0.03814,0.111368,0.692919,-0.712195,0.0797776,0.0792214
39.2562,0.0581946,-0.0381573,0.111334,0.692903,-0.712179,0.0799201,0.0793678
39.2613,0.0581927,-0.0381506,0.11128,0.693047,-0.712039,0.0799439,0.0793452
39.2663,0.0581927,-0.0381506,0.11128,0.693047,-0.712039,0.0799439,0.0793452
39.2712,0.0581927,-0.0381506,0.11128,0.693047,-0.712039,0.0799439,0.0793452
39.2762,0.0582025,-0.0381852,0.111193,0.693191,-0.711898,0.0799676,0.0793225
39.2812,0.0582874,-0.0381612,0.111193,0.693175,-0.711882,0.0801102,0.0794689
39.2863,0.0582874,-0.0381612,0.111193,0.693175,-0.711882,0.0801102,0.0794689
39.2913,0.0582855,-0.0381545,0.111139,0.693318,-0.711742,0.080134,0.0794462
39.2963,0.0582855,-0.0381545,0.111139,0.693318,-0.711742,0.080134,0.0794462
39.3012,0.0582952,-0.038189,0.111051,0.693462,-0.711601,0.0801578,0.0794236
39.3063,0.0583801,-0.038165,0.111051,0.693446,-0.711585,0.0803004,0.0795699
39.3113,0.0583782,-0.0381582,0.110997,0.69359,-0.711445,0.0803242,0.0795472
39.3163,0.0583782,-0.0381582,0.110997,0.693509,-0.711508,0.0808291,0.079169
39.3212,0.0584612,-0.0381274,0.110943,0.693184,-0.711792,0.080923,0.0793669
39.3263,0.0584729,-0.0381686,0.11091,0.693184,-0.711792,0.080923,0.0793669
39.3312,0.058471,-0.0381618,0.110856,0.693328,-0.711651,0.0809469,0.0793443
39.3362,0.058471,-0.0381618,0.110856,0.693328,-0.711651,0.0809469,0.0793443
39.3412,0.0584826,-0.038203,0.110822,0.693328,-0.711651,0.0809469,0.0793443
39.3463,0.0584826,-0.038203,0.110822,0.693328,-0.711651,0.0809469,0.0793443
39.3513,0.0585675,-0.0381789,0.110822,0.693312,-0.711635,0.0810895,0.0794906
39.3562,0.0585792,-0.03822,0.110789,0.69286,-0.712075,0.0810167,0.079565
39.3613,0.0585792,-0.03822,0.110789,0.69286,-0.712075,0.0810167,0.079565
39.3663,0.0585792,-0.03822,0.110789,0.69286,-0.712075,0.0810167,0.079565
39.3713,0.0585792,-0.03822,0.110789,0.69286,-0.712075,0.0810167,0.079565
39.3762,0.0585909,-0.0382612,0.110755,0.69286,-0.712075,0.0810167,0.079565
39.3813,0.0585909,-0.0382612,0.110755,0.69286,-0.712075,0.0810167,0.079565
39.3863,0.0586758,-0.0382371,0.110755,0.692843,-0.712059,0.0811592,0.0797114
39.3913,0.0586758,-0.0382371,0.110755,0.692843,-0.712059,0.0811592,0.0797114
39.3963,0.0586739,-0.0382303,0.110701,0.692987,-0.711918,0.0811832,0.0796887
39.4013,0.0586739,-0.0382303,0.110701,0.692987,-0.711918,0.0811832,0.0796887
39.4063,0.0586739,-0.0382303,0.110701,0.692987,-0.711918,0.0811832,0.0796887
39.4113,0.0586739,-0.0382303,0.110701,0.692987,-0.711918,0.0811832,0.0796887
39.4163,0.0586739,-0.0382303,0.110701,0.692987,-0.711918,0.0811832,0.0796887
39.4212,0.0586739,-0.0382303,0.110701,0.692535,-0.712358,0.0811103,0.0797631
39.4262,0.0586739,-0.0382303,0.110701,0.692535,-0.712358,0.0811103,0.0797631
39.4313,0.0586739,-0.0382303,0.110701,0.692535,-0.712358,0.0811103,0.0797631
39.4362,0.0586739,-0.0382303,0.110701,0.692535,-0.712358,0.0811103,0.0797631
39.4413,0.0586739,-0.0382303,0.110701,0.692535,-0.712358,0.0811103,0.0797631
39.4463,0.0586739,-0.0382303,0.110701,0.692535,-0.712358,0.0811103,0.0797631
39.4513,0.0586739,-0.0382303,0.110701,0.692535,-0.712358,0.0811103,0.0797631
39.4562,0.0587588,-0.0382061,0.110701,0.692518,-0.712342,0.0812527,0.0799096
39.4613,0.0587588,-0.0382061,0.110701,0.692518,-0.712342,0.0812527,0.0799096
39.4663,0.0587588,-0.0382061,0.110701,0.692518,-0.712342,0.0812527,0.0799096
39.4713,0.0587588,-0.0382061,0.110701,0.692518,-0.712342,0.0812527,0.0799096
39.4763,0.0587588,-0.0382061,0.110701,0.692518,-0.712342,0.0812527,0.0799096
39.4813,0.0587588,-0.0382061,0.110701,0.692518,-0.712342,0.0812527,0.0799096
39.4862,0.0587588,-0.0382061,0.110701,0.692518,-0.712342,0.0812527,0.0799096
39.4912,0.0587588,-0.0382061,0.110701,0.692066,-0.712781,0.0811797,0.079984
39.4963,0.0587588,-0.0382061,0.110701,0.692066,-0.712781,0.0811797,0.079984
39.5013,0.0587588,-0.0382061,0.110701,0.692518,-0.712342,0.0812527,0.0799096
39.5062,0.0587588,-0.0382061,0.110701,0.692066,-0.712781,0.0811797,0.079984
39.5113,0.0587588,-0.0382061,0.110701,0.692066,-0.712781,0.0811797,0.079984
39.5163,0.0587588,-0.0382061,0.110701,0.692066,-0.712781,0.0811797,0.079984
39.5212,0.0587588,-0.0382061,0.110701,0.692066,-0.712781,0.0811797,0.079984
39.5263,0.0587588,-0.0382061,0.110701,0.692066,-0.712781,0.0811797,0.079984
39.5313,0.0587588,-0.0382061,0.110701,0.692066,-0.712781,0.0811797,0.079984
39.5362,0.0587588,-0.0382061,0.110701,0.692066,-0.712781,0.0811797,0.079984
39.5413,0.0587588,-0.0382061,0.110701,0.692066,-0.712781,0.0811797,0.079984
39.5463,0.0587569,-0.0381993,0.110647,0.69221,-0.712641,0.0812037,0.0799613
39.5513,0.0587569,-0.0381993,0.110647,0.69221,-0.712641,0.0812037,0.0799613
39.5563,0.0587569,-0.0381993,0.110647,0.69221,-0.712641,0.0812037,0.0799613
39.5613,0.0587569,-0.0381993,0.110647,0.691758,-0.71308,0.0811307,0.0800358
39.5662,0.0587569,-0.0381993,0.110647,0.691758,-0.71308,0.0811307,0.0800358
39.5713,0.0587569,-0.0381993,0.110647,0.691758,-0.71308,0.0811307,0.0800358
39.5763,0.0587569,-0.0381993,0.110647,0.691758,-0.71308,0.0811307,0.0800358
39.5813,0.0587569,-0.0381993,0.110647,0.691758,-0.71308,0.0811307,0.0800358
39.5863,0.0587569,-0.0381993,0.110647,0.691839,-0.713016,0.0806244,0.0804118
39.5912,0.0587569,-0.0381993,0.110647,0.691839,-0.713016,0.0806244,0.0804118
39.5963,0.0587569,-0.0381993,0.110647,0.691758,-0.71308,0.0811307,0.0800358
39.6013,0.0587569,-0.0381993,0.110647,0.691839,-0.713016,0.0806244,0.0804118
39.6063,0.0587569,-0.0381993,0.110647,0.691839,-0.713016,0.0806244,0.0804118
39.6113,0.0587569,-0.0381993,0.110647,0.691758,-0.71308,0.0811307,0.0800358
39.6163,0.0587666,-0.0382335,0.11056,0.691983,-0.712876,0.0806484,0.0803891
39.6212,0.0587666,-0.0382335,0.11056,0.691983,-0.712876,0.0806484,0.0803891
39.6262,0.0587666,-0.0382335,0.11056,0.691983,-0.712876,0.0806484,0.0803891
39.6313,0.0587666,-0.0382335,0.11056,0.691983,-0.712876,0.0806484,0.0803891
39.6363,0.0587666,-0.0382335,0.11056,0.691983,-0.712876,0.0806484,0.0803891
39.6413,0.0587783,-0.0382746,0.110526,0.691983,-0.712876,0.0806484,0.0803891
39.6463,0.0587783,-0.0382746,0.110526,0.691983,-0.712876,0.0806484,0.0803891
39.6513,0.0587783,-0.0382746,0.110526,0.691983,-0.712876,0.0806484,0.0803891
39.6562,0.0587783,-0.0382746,0.110526,0.691983,-0.712876,0.0806484,0.0803891
39.6613,0.05879,-0.0383157,0.110492,0.691983,-0.712876,0.0806484,0.0803891
39.6663,0.05879,-0.0383157,0.110492,0.691983,-0.712876,0.0806484,0.0803891
39.6712,0.05879,-0.0383157,0.110492,0.692065,-0.712812,0.0801419,0.080765
39.6763,0.0588017,-0.0383568,0.110459,0.691531,-0.713315,0.0805751,0.0804632
39.6813,0.0587997,-0.0383499,0.110405,0.692209,-0.712672,0.0801658,0.0807421
39.6863,0.0587997,-0.0383499,0.110405,0.692209,-0.712672,0.0801658,0.0807421
39.6913,0.0588114,-0.0383909,0.110371,0.691756,-0.713111,0.0800923,0.0808159
39.6963,0.0588094,-0.038384,0.110317,0.6919,-0.712971,0.0801162,0.080793
39.7013,0.0588094,-0.038384,0.110317,0.6919,-0.712971,0.0801162,0.080793
39.7063,0.0588094,-0.038384,0.110317,0.6919,-0.712971,0.0801162,0.080793
39.7113,0.0588211,-0.0384251,0.110283,0.6919,-0.712971,0.0801162,0.080793
39.7163,0.0588211,-0.0384251,0.110283,0.6919,-0.712971,0.0801162,0.080793
39.7213,0.0588211,-0.0384251,0.110283,0.6919,-0.712971,0.0801162,0.080793
39.7263,0.0588211,-0.0384251,0.110283,0.6919,-0.712971,0.0801162,0.080793
39.7313,0.0588211,-0.0384251,0.110283,0.6919,-0.712971,0.0801162,0.080793
39.7363,0.0588211,-0.0384251,0.110283,0.6919,-0.712971,0.0801162,0.080793
39.7413,0.0588211,-0.0384251,0.110283,0.6919,-0.712971,0.0801162,0.080793
39.7463,0.0588211,-0.0384251,0.110283,0.691981,-0.712907,0.0796093,0.0811684
39.7513,0.0588211,-0.0384251,0.110283,0.691981,-0.712907,0.0796093,0.0811684
39.7563,0.0588211,-0.0384251,0.110283,0.691981,-0.712907,0.0796093,0.0811684
39.7613,0.0588211,-0.0384251,0.110283,0.691981,-0.712907,0.0796093,0.0811684
39.7663,0.0588211,-0.0384251,0.110283,0.692062,-0.712842,0.0791024,0.0815438
39.7712,0.0588211,-0.0384251,0.110283,0.692062,-0.712842,0.0791024,0.0815438
39.7763,0.0588211,-0.0384251,0.110283,0.692143,-0.712777,0.0785954,0.0819191
39.7813,0.0587361,-0.0384492,0.110283,0.692159,-0.712794,0.0784531,0.0817725
39.7863,0.0587361,-0.0384492,0.110283,0.692159,-0.712794,0.0784531,0.0817725
39.7913,0.0587361,-0.0384492,0.110283,0.692239,-0.712728,0.0779461,0.0821478
39.7963,0.0587361,-0.0384492,0.110283,0.692239,-0.712728,0.0779461,0.0821478
39.8013,0.0587361,-0.0384492,0.110283,0.692239,-0.712728,0.0779461,0.0821478
39.8062,0.0587361,-0.0384492,0.110283,0.692318,-0.712663,0.0774391,0.0825231
39.8113,0.0587361,-0.0384492,0.110283,0.692318,-0.712663,0.0774391,0.0825231
39.8163,0.0587361,-0.0384492,0.110283,0.692398,-0.712597,0.076932,0.0828983
39.8213,0.0587361,-0.0384492,0.110283,0.692398,-0.712597,0.076932,0.0828983
39.8263,0.0587361,-0.0384492,0.110283,0.692398,-0.712597,0.076932,0.0828983
39.8313,0.0587361,-0.0384492,0.110283,0.692398,-0.712597,0.076932,0.0828983
39.8362,0.0587361,-0.0384492,0.110283,0.692477,-0.712531,0.0764249,0.0832735
39.8413,0.0587361,-0.0384492,0.110283,0.692477,-0.712531,0.0764249,0.0832735
39.8463,0.0587361,-0.0384492,0.110283,0.692477,-0.712531,0.0764249,0.0832735
39.8513,0.0587361,-0.0384492,0.110283,0.692477,-0.712531,0.0764249,0.0832735
39.8563,0.0587341,-0.0384423,0.110229,0.692621,-0.712391,0.0764483,0.0832499
39.8613,0.0587341,-0.0384423,0.110229,0.692621,-0.712391,0.0764483,0.0832499
39.8663,0.0587341,-0.0384423,0.110229,0.692621,-0.712391,0.0764483,0.0832499
39.8712,0.0587458,-0.0384834,0.110196,0.692621,-0.712391,0.0764483,0.0832499
39.8763,0.0587458,-0.0384834,0.110196,0.692621,-0.712391,0.0764483,0.0832499
39.8813,0.0587458,-0.0384834,0.110196,0.692621,-0.712391,0.0764483,0.0832499
39.8863,0.0587458,-0.0384834,0.110196,0.692621,-0.712391,0.0764483,0.0832499
39.8913,0.0587574,-0.0385244,0.110162,0.692621,-0.712391,0.0764483,0.0832499
39.8963,0.0587574,-0.0385244,0.110162,0.692621,-0.712391,0.0764483,0.0832499
39.9013,0.0587574,-0.0385244,0.110162,0.692621,-0.712391,0.0764483,0.0832499
39.9063,0.0587574,-0.0385244,0.110162,0.692621,-0.712391,0.0764483,0.0832499
39.9113,0.0587574,-0.0385244,0.110162,0.6927,-0.712324,0.0759411,0.083625
39.9163,0.0587574,-0.0385244,0.110162,0.692621,-0.712391,0.0764483,0.0832499
39.9213,0.0587574,-0.0385244,0.110162,0.6927,-0.712324,0.0759411,0.083625
39.9263,0.0587574,-0.0385244,0.110162,0.6927,-0.712324,0.0759411,0.083625
39.9313,0.0587691,-0.0385654,0.110128,0.6927,-0.712324,0.0759411,0.083625
39.9365,0.0587691,-0.0385654,0.110128,0.6927,-0.712324,0.0759411,0.083625
39.9413,0.0587691,-0.0385654,0.110128,0.6927,-0.712324,0.0759411,0.083625
39.9463,0.0587691,-0.0385654,0.110128,0.6927,-0.712324,0.0759411,0.083625
39.9513,0.0587691,-0.0385654,0.110128,0.6927,-0.712324,0.0759411,0.083625
39.9563,0.0587691,-0.0385654,0.110128,0.6927,-0.712324,0.0759411,0.083625
39.9613,0.0587807,-0.0386063,0.110094,0.6927,-0.712324,0.0759411,0.083625
39.9663,0.0587807,-0.0386063,0.110094,0.6927,-0.712324,0.0759411,0.083625
39.9713,0.0587807,-0.0386063,0.110094,0.6927,-0.712324,0.0759411,0.083625
39.9763,0.0587807,-0.0386063,0.110094,0.6927,-0.712324,0.0759411,0.083625
39.9813,0.0587807,-0.0386063,0.110094,0.6927,-0.712324,0.0759411,0.083625
39.9862,0.0587807,-0.0386063,0.110094,0.692621,-0.712391,0.0764483,0.0832499
39.9912,0.0587807,-0.0386063,0.110094,0.6927,-0.712324,0.0759411,0.083625
39.9963,0.0587807,-0.0386063,0.110094,0.6927,-0.712324,0.0759411,0.083625
40.0013,0.0587807,-0.0386063,0.110094,0.6927,-0.712324,0.0759411,0.083625
40.0062,0.0587807,-0.0386063,0.110094,0.692621,-0.712391,0.0764483,0.0832499
40.0113,0.0587807,-0.0386063,0.110094,0.692621,-0.712391,0.0764483,0.0832499
40.0163,0.0587923,-0.0386473,0.11006,0.6927,-0.712324,0.0759411,0.083625
40.0212,0.0587923,-0.0386473,0.11006,0.6927,-0.712324,0.0759411,0.083625
40.0263,0.0587923,-0.0386473,0.11006,0.6927,-0.712324,0.0759411,0.083625
40.0313,0.0587923,-0.0386473,0.11006,0.6927,-0.712324,0.0759411,0.083625
40.0363,0.0587923,-0.0386473,0.11006,0.6927,-0.712324,0.0759411,0.083625
40.0413,0.0587923,-0.0386473,0.11006,0.6927,-0.712324,0.0759411,0.083625
40.0463,0.0587923,-0.0386473,0.11006,0.6927,-0.712324,0.0759411,0.083625
40.0513,0.0587923,-0.0386473,0.11006,0.6927,-0.712324,0.0759411,0.083625
40.0562,0.0587923,-0.0386473,0.11006,0.6927,-0.712324,0.0759411,0.083625
40.0613,0.058804,-0.0386883,0.110026,0.6927,-0.712324,0.0759411,0.083625
40.0663,0.058804,-0.0386883,0.110026,0.6927,-0.712324,0.0759411,0.083625
40.0712,0.058804,-0.0386883,0.110026,0.6927,-0.712324,0.0759411,0.083625
40.0763,0.0588156,-0.0387292,0.109992,0.6927,-0.712324,0.0759411,0.083625
40.0813,0.0588156,-0.0387292,0.109992,0.6927,-0.712324,0.0759411,0.083625
40.0863,0.0588156,-0.0387292,0.109992,0.6927,-0.712324,0.0759411,0.083625
40.0913,0.0588272,-0.0387701,0.109959,0.6927,-0.712324,0.0759411,0.083625
40.0963,0.0588272,-0.0387701,0.109959,0.6927,-0.712324,0.0759411,0.083625
40.1013,0.0588272,-0.0387701,0.109959,0.6927,-0.712324,0.0759411,0.083625
40.1062,0.0588369,-0.0388041,0.109871,0.692766,-0.712251,0.0764716,0.0832264
40.1113,0.0588369,-0.0388041,0.109871,0.692766,-0.712251,0.0764716,0.0832264
40.1162,0.0589337,-0.0388208,0.109837,0.69275,-0.712234,0.0766141,0.0833728
40.1212,0.0589337,-0.0388208,0.109837,0.69275,-0.712234,0.0766141,0.0833728
40.1263,0.0589337,-0.0388208,0.109837,0.69275,-0.712234,0.0766141,0.0833728
40.1313,0.0589317,-0.0388139,0.109783,0.692894,-0.712094,0.0766374,0.0833492
40.1363,0.0589433,-0.0388548,0.109749,0.692894,-0.712094,0.0766374,0.0833492
40.1413,0.0589433,-0.0388548,0.109749,0.692894,-0.712094,0.0766374,0.0833492
40.1463,0.058953,-0.0388887,0.109661,0.693038,-0.711954,0.0766608,0.0833256
40.1513,0.058953,-0.0388887,0.109661,0.693038,-0.711954,0.0766608,0.0833256
40.1562,0.0590382,-0.0388644,0.109661,0.693023,-0.711936,0.0768033,0.083472
40.1613,0.0590382,-0.0388644,0.109661,0.693023,-0.711936,0.0768033,0.083472
40.1663,0.0590478,-0.0388983,0.109573,0.693087,-0.711863,0.0773341,0.0830737
40.1713,0.0590478,-0.0388983,0.109573,0.693087,-0.711863,0.0773341,0.0830737
40.1763,0.0590458,-0.0388912,0.109519,0.693231,-0.711722,0.0773576,0.0830501
40.1813,0.0590458,-0.0388912,0.109519,0.693231,-0.711722,0.0773576,0.0830501
40.1863,0.0590438,-0.0388842,0.109466,0.693375,-0.711582,0.077381,0.0830266
40.1913,0.0590555,-0.038925,0.109432,0.693375,-0.711582,0.077381,0.0830266
40.1964,0.0590555,-0.038925,0.109432,0.693375,-0.711582,0.077381,0.0830266
40.2013,0.0590555,-0.038925,0.109432,0.693375,-0.711582,0.077381,0.0830266
40.2063,0.0590555,-0.038925,0.109432,0.693375,-0.711582,0.077381,0.0830266
40.2113,0.0590671,-0.0389659,0.109398,0.693375,-0.711582,0.077381,0.0830266
40.2163,0.0590671,-0.0389659,0.109398,0.693375,-0.711582,0.077381,0.0830266
40.2213,0.0590671,-0.0389659,0.109398,0.693375,-0.711582,0.077381,0.0830266
40.2263,0.0590787,-0.0390067,0.109364,0.693296,-0.711648,0.0778886,0.0826521
40.2313,0.0590787,-0.0390067,0.109364,0.693375,-0.711582,0.077381,0.0830266
40.2363,0.0590767,-0.0389996,0.10931,0.69344,-0.711508,0.0779121,0.0826287
40.2413,0.0590884,-0.0390404,0.109276,0.69344,-0.711508,0.0779121,0.0826287
40.2463,0.0590884,-0.0390404,0.109276,0.69344,-0.711508,0.0779121,0.0826287
40.2513,0.0590884,-0.0390404,0.109276,0.69344,-0.711508,0.0779121,0.0826287
40.2563,0.0591,-0.0390812,0.109242,0.69344,-0.711508,0.0779121,0.0826287
40.2613,0.059098,-0.0390741,0.109188,0.693584,-0.711368,0.0779357,0.0826052
40.2663,0.059098,-0.0390741,0.109188,0.693584,-0.711368,0.0779357,0.0826052
40.2713,0.0591096,-0.0391149,0.109154,0.693584,-0.711368,0.0779357,0.0826052
40.2763,0.0591076,-0.0391078,0.1091,0.693728,-0.711227,0.0779592,0.0825818
40.2813,0.0591076,-0.0391078,0.1091,0.693276,-0.711668,0.0778844,0.0826541
40.2863,0.0591192,-0.0391486,0.109066,0.693276,-0.711668,0.0778844,0.0826541
40.2913,0.0591192,-0.0391486,0.109066,0.693276,-0.711668,0.0778844,0.0826541
40.2963,0.0591308,-0.0391893,0.109032,0.693276,-0.711668,0.0778844,0.0826541
40.3013,0.0591308,-0.0391893,0.109032,0.693276,-0.711668,0.0778844,0.0826541
40.3063,0.0591424,-0.0392301,0.108997,0.693276,-0.711668,0.0778844,0.0826541
40.3113,0.0591404,-0.0392229,0.108944,0.69342,-0.711527,0.077908,0.0826306
40.3162,0.0591404,-0.0392229,0.108944,0.69342,-0.711527,0.077908,0.0826306
40.3212,0.059152,-0.0392637,0.108909,0.69342,-0.711527,0.077908,0.0826306
40.3263,0.059152,-0.0392637,0.108909,0.69342,-0.711527,0.077908,0.0826306
40.3313,0.0591636,-0.0393044,0.108875,0.69342,-0.711527,0.077908,0.0826306
40.3363,0.0591636,-0.0393044,0.108875,0.69342,-0.711527,0.077908,0.0826306
40.3413,0.0591636,-0.0393044,0.108875,0.69342,-0.711527,0.077908,0.0826306
40.3463,0.0591751,-0.0393451,0.108841,0.69342,-0.711527,0.077908,0.0826306
40.3513,0.0591751,-0.0393451,0.108841,0.69342,-0.711527,0.077908,0.0826306
40.3563,0.0591751,-0.0393451,0.108841,0.69342,-0.711527,0.077908,0.0826306
40.3613,0.0591751,-0.0393451,0.108841,0.69342,-0.711527,0.077908,0.0826306
40.3663,0.0591867,-0.0393857,0.108807,0.69342,-0.711527,0.077908,0.0826306
40.3713,0.0591867,-0.0393857,0.108807,0.69342,-0.711527,0.077908,0.0826306
40.3763,0.0591867,-0.0393857,0.108807,0.69334,-0.711593,0.0784161,0.0822569
40.3813,0.0591867,-0.0393857,0.108807,0.69342,-0.711527,0.077908,0.0826306
40.3864,0.0591983,-0.0394264,0.108772,0.69334,-0.711593,0.0784161,0.0822569
40.3913,0.0591983,-0.0394264,0.108772,0.69342,-0.711527,0.077908,0.0826306
40.3963,0.0591963,-0.0394193,0.108719,0.693484,-0.711453,0.0784397,0.0822335
40.4013,0.0591963,-0.0394193,0.108719,0.693484,-0.711453,0.0784397,0.0822335
40.4063,0.0591963,-0.0394193,0.108719,0.693484,-0.711453,0.0784397,0.0822335
40.4113,0.0591963,-0.0394193,0.108719,0.693484,-0.711453,0.0784397,0.0822335
40.4163,0.0591963,-0.0394193,0.108719,0.693484,-0.711453,0.0784397,0.0822335
40.4213,0.0592079,-0.0394599,0.108684,0.693484,-0.711453,0.0784397,0.0822335
40.4263,0.0592058,-0.0394528,0.108631,0.693628,-0.711312,0.0784633,0.0822102
40.4313,0.0592058,-0.0394528,0.108631,0.693628,-0.711312,0.0784633,0.0822102
40.4362,0.0592058,-0.0394528,0.108631,0.693628,-0.711312,0.0784633,0.0822102
40.4413,0.0592058,-0.0394528,0.108631,0.693628,-0.711312,0.0784633,0.0822102
40.4463,0.0592174,-0.0394934,0.108596,0.693628,-0.711312,0.0784633,0.0822102
40.4513,0.0592174,-0.0394934,0.108596,0.693628,-0.711312,0.0784633,0.0822102
40.4562,0.0592154,-0.0394862,0.108542,0.69332,-0.711612,0.0784124,0.0822595
40.4613,0.0592154,-0.0394862,0.108542,0.693772,-0.711172,0.0784869,0.0821868
40.4663,0.0592269,-0.0395268,0.108508,0.693772,-0.711172,0.0784869,0.0821868
40.4712,0.0592269,-0.0395268,0.108508,0.693772,-0.711172,0.0784869,0.0821868
40.4763,0.0592269,-0.0395268,0.108508,0.69332,-0.711612,0.0784124,0.0822595
40.4813,0.0592269,-0.0395268,0.108508,0.69332,-0.711612,0.0784124,0.0822595
40.4863,0.0592249,-0.0395196,0.108454,0.693464,-0.711472,0.078436,0.0822361
40.4913,0.0592249,-0.0395196,0.108454,0.693464,-0.711472,0.078436,0.0822361
40.4963,0.0592249,-0.0395196,0.108454,0.693464,-0.711472,0.078436,0.0822361
40.5013,0.0592365,-0.0395602,0.10842,0.693464,-0.711472,0.078436,0.0822361
40.5063,0.0592344,-0.039553,0.108366,0.693608,-0.711332,0.0784596,0.0822128
40.5113,0.0592344,-0.039553,0.108366,0.693608,-0.711332,0.0784596,0.0822128
40.5163,0.0592344,-0.039553,0.108366,0.693608,-0.711332,0.0784596,0.0822128
40.5213,0.0592344,-0.039553,0.108366,0.693608,-0.711332,0.0784596,0.0822128
40.5263,0.0592439,-0.0395864,0.108278,0.693672,-0.711256,0.078992,0.0818166
40.5313,0.0592439,-0.0395864,0.108278,0.693672,-0.711256,0.078992,0.0818166
40.5363,0.0592439,-0.0395864,0.108278,0.693672,-0.711256,0.078992,0.0818166
40.5413,0.0592418,-0.0395791,0.108224,0.693816,-0.711116,0.0790156,0.0817933
40.5463,0.0592418,-0.0395791,0.108224,0.693816,-0.711116,0.0790156,0.0817933
40.5513,0.0592418,-0.0395791,0.108224,0.693816,-0.711116,0.0790156,0.0817933
40.5563,0.0592513,-0.0396124,0.108136,0.69396,-0.710976,0.0790393,0.0817701
40.5613,0.0592513,-0.0396124,0.108136,0.69396,-0.710976,0.0790393,0.0817701
40.5663,0.0592513,-0.0396124,0.108136,0.69396,-0.710976,0.0790393,0.0817701
40.5713,0.0592492,-0.0396051,0.108082,0.693571,-0.71134,0.079498,0.0814476
40.5763,0.0592492,-0.0396051,0.108082,0.693571,-0.71134,0.079498,0.0814476
40.5813,0.0592492,-0.0396051,0.108082,0.693571,-0.71134,0.079498,0.0814476
40.5863,0.0592608,-0.0396457,0.108048,0.693571,-0.71134,0.079498,0.0814476
40.5913,0.0592608,-0.0396457,0.108048,0.693571,-0.71134,0.079498,0.0814476
40.5963,0.0592608,-0.0396457,0.108048,0.693571,-0.71134,0.079498,0.0814476
40.6013,0.0593442,-0.039614,0.107994,0.693699,-0.711183,0.0796643,0.0815707
40.6063,0.0593442,-0.039614,0.107994,0.693699,-0.711183,0.0796643,0.0815707
40.6114,0.0593558,-0.0396545,0.10796,0.693699,-0.711183,0.0796643,0.0815707
40.6163,0.0593537,-0.0396472,0.107906,0.693843,-0.711043,0.0796881,0.0815475
40.6213,0.0593537,-0.0396472,0.107906,0.693843,-0.711043,0.0796881,0.0815475
40.6263,0.0593653,-0.0396877,0.107872,0.693843,-0.711043,0.0796881,0.0815475
40.6313,0.0593632,-0.0396803,0.107818,0.693987,-0.710903,0.0797119,0.0815242
40.6364,0.0593632,-0.0396803,0.107818,0.693987,-0.710903,0.0797119,0.0815242
40.6412,0.0593632,-0.0396803,0.107818,0.693905,-0.710967,0.0802213,0.0811524
40.6463,0.0593726,-0.0397135,0.10773,0.69413,-0.710762,0.0797357,0.0815011
40.6513,0.0593726,-0.0397135,0.10773,0.694049,-0.710827,0.0802451,0.0811293
40.6563,0.0593726,-0.0397135,0.10773,0.694049,-0.710827,0.0802451,0.0811293
40.6613,0.0593726,-0.0397135,0.10773,0.694049,-0.710827,0.0802451,0.0811293
40.6663,0.0593842,-0.039754,0.107695,0.693598,-0.711267,0.0801713,0.0812031
40.6713,0.0593842,-0.039754,0.107695,0.694049,-0.710827,0.0802451,0.0811293
40.6763,0.0593842,-0.039754,0.107695,0.693598,-0.711267,0.0801713,0.0812031
40.6813,0.0593842,-0.039754,0.107695,0.693598,-0.711267,0.0801713,0.0812031
40.6863,0.0593936,-0.0397871,0.107607,0.693742,-0.711127,0.0801951,0.08118
40.6913,0.0593936,-0.0397871,0.107607,0.693742,-0.711127,0.0801951,0.08118
40.6963,0.0593915,-0.0397796,0.107553,0.693886,-0.710986,0.080219,0.0811569
40.7013,0.0594031,-0.0398201,0.107519,0.693886,-0.710986,0.080219,0.0811569
40.7063,0.0594865,-0.0397882,0.107465,0.693931,-0.710893,0.0808954,0.0809087
40.7113,0.0594844,-0.0397807,0.107411,0.694157,-0.710689,0.0804094,0.0812569
40.7163,0.0594938,-0.0398137,0.107323,0.6943,-0.710548,0.0804333,0.0812337
40.7213,0.0594938,-0.0398137,0.107323,0.6943,-0.710548,0.0804333,0.0812337
40.7263,0.0594917,-0.0398062,0.107269,0.693911,-0.710912,0.0808936,0.0809139
40.7313,0.0595032,-0.0398466,0.107235,0.693911,-0.710912,0.0808936,0.0809139
40.7363,0.0595011,-0.0398391,0.107181,0.694055,-0.710772,0.0809175,0.0808909
40.7413,0.0595011,-0.0398391,0.107181,0.694055,-0.710772,0.0809175,0.0808909
40.7463,0.0595105,-0.039872,0.107093,0.694199,-0.710631,0.0809415,0.0808679
40.7513,0.0595105,-0.039872,0.107093,0.693748,-0.711072,0.0808678,0.0809421
40.7563,0.0595105,-0.039872,0.107093,0.693748,-0.711072,0.0808678,0.0809421
40.7613,0.059522,-0.0399124,0.107058,0.693748,-0.711072,0.0808678,0.0809421
40.7663,0.059522,-0.0399124,0.107058,0.693748,-0.711072,0.0808678,0.0809421
40.7713,0.0595336,-0.0399528,0.107023,0.693748,-0.711072,0.0808678,0.0809421
40.7763,0.0595314,-0.0399453,0.10697,0.693892,-0.710931,0.0808918,0.0809191
40.7813,0.0595429,-0.0399857,0.106935,0.693892,-0.710931,0.0808918,0.0809191
40.7863,0.0595429,-0.0399857,0.106935,0.693892,-0.710931,0.0808918,0.0809191
40.7913,0.0595429,-0.0399857,0.106935,0.693892,-0.710931,0.0808918,0.0809191
40.7965,0.0595545,-0.040026,0.106901,0.693892,-0.710931,0.0808918,0.0809191
40.8013,0.0595545,-0.040026,0.106901,0.69344,-0.711371,0.0808181,0.0809933
40.8062,0.059566,-0.0400664,0.106866,0.69344,-0.711371,0.0808181,0.0809933
40.8113,0.059566,-0.0400664,0.106866,0.69344,-0.711371,0.0808181,0.0809933
40.8163,0.059566,-0.0400664,0.106866,0.69344,-0.711371,0.0808181,0.0809933
40.8212,0.0595776,-0.0401068,0.106831,0.69344,-0.711371,0.0808181,0.0809933
40.8263,0.0595776,-0.0401068,0.106831,0.69344,-0.711371,0.0808181,0.0809933
40.8313,0.0595776,-0.0401068,0.106831,0.69344,-0.711371,0.0808181,0.0809933
40.8363,0.0595891,-0.0401471,0.106797,0.69344,-0.711371,0.0808181,0.0809933
40.8413,0.0595891,-0.0401471,0.106797,0.69344,-0.711371,0.0808181,0.0809933
40.8463,0.0595891,-0.0401471,0.106797,0.69344,-0.711371,0.0808181,0.0809933
40.8513,0.0595891,-0.0401471,0.106797,0.69344,-0.711371,0.0808181,0.0809933
40.8563,0.0596006,-0.0401875,0.106762,0.69344,-0.711371,0.0808181,0.0809933
40.8613,0.0596006,-0.0401875,0.106762,0.69344,-0.711371,0.0808181,0.0809933
40.8663,0.0595984,-0.0401798,0.106708,0.693584,-0.711231,0.0808421,0.0809703
40.8713,0.0595984,-0.0401798,0.106708,0.693584,-0.711231,0.0808421,0.0809703
40.8763,0.05961,-0.0402202,0.106674,0.693584,-0.711231,0.0808421,0.0809703
40.8813,0.05961,-0.0402202,0.106674,0.693584,-0.711231,0.0808421,0.0809703
40.8863,0.0596078,-0.0402125,0.10662,0.693728,-0.711091,0.080866,0.0809473
40.8913,0.0596193,-0.0402528,0.106585,0.693728,-0.711091,0.080866,0.0809473
40.8963,0.0596171,-0.0402452,0.106531,0.69342,-0.71139,0.0808163,0.0809985
40.9013,0.0596171,-0.0402452,0.106531,0.693872,-0.71095,0.08089,0.0809243
40.9063,0.0596286,-0.0402855,0.106497,0.69342,-0.71139,0.0808163,0.0809985
40.9113,0.0596286,-0.0402855,0.106497,0.69342,-0.71139,0.0808163,0.0809985
40.9163,0.0596265,-0.0402778,0.106443,0.693564,-0.71125,0.0808402,0.0809755
40.9213,0.059638,-0.0403181,0.106408,0.693564,-0.71125,0.0808402,0.0809755
40.9263,0.059638,-0.0403181,0.106408,0.693564,-0.71125,0.0808402,0.0809755
40.9313,0.0596495,-0.0403584,0.106373,0.693564,-0.71125,0.0808402,0.0809755
40.9363,0.0596473,-0.0403507,0.10632,0.693708,-0.71111,0.0808642,0.0809525
40.9413,0.0596473,-0.0403507,0.10632,0.693708,-0.71111,0.0808642,0.0809525
40.9463,0.0596588,-0.0403909,0.106285,0.693708,-0.71111,0.0808642,0.0809525
40.9513,0.0596588,-0.0403909,0.106285,0.693708,-0.71111,0.0808642,0.0809525
40.9563,0.0596588,-0.0403909,0.106285,0.693256,-0.71155,0.0807905,0.0810266
40.9613,0.0597539,-0.0403989,0.106196,0.693835,-0.710953,0.0810308,0.0810756
40.9663,0.0597539,-0.0403989,0.106196,0.693384,-0.711393,0.080957,0.0811499
40.9713,0.0597539,-0.0403989,0.106196,0.693384,-0.711393,0.080957,0.0811499
40.9763,0.0597517,-0.0403912,0.106143,0.693528,-0.711252,0.080981,0.0811269
40.9813,0.0597632,-0.0404314,0.106108,0.693528,-0.711252,0.080981,0.0811269
40.9863,0.0597632,-0.0404314,0.106108,0.693445,-0.711316,0.081493,0.0807587
40.9913,0.0597632,-0.0404314,0.106108,0.693528,-0.711252,0.080981,0.0811269
40.9963,0.059761,-0.0404237,0.106054,0.693589,-0.711176,0.0815171,0.0807357
41.0013,0.0597725,-0.0404639,0.106019,0.693589,-0.711176,0.0815171,0.0807357
41.0063,0.0597725,-0.0404639,0.106019,0.693589,-0.711176,0.0815171,0.0807357
41.0113,0.0597703,-0.0404561,0.105966,0.693733,-0.711035,0.0815411,0.0807128
41.0163,0.0597703,-0.0404561,0.105966,0.693733,-0.711035,0.0815411,0.0807128
41.0213,0.0597681,-0.0404483,0.105912,0.693425,-0.711335,0.0814916,0.0807645
41.0263,0.0597796,-0.0404885,0.105877,0.693425,-0.711335,0.0814916,0.0807645
41.0313,0.0597796,-0.0404885,0.105877,0.693425,-0.711335,0.0814916,0.0807645
41.0364,0.0597773,-0.0404807,0.105823,0.693569,-0.711195,0.0815157,0.0807416
41.0413,0.0597888,-0.0405209,0.105788,0.693569,-0.711195,0.0815157,0.0807416
41.0463,0.0597888,-0.0405209,0.105788,0.693569,-0.711195,0.0815157,0.0807416
41.0513,0.0597866,-0.040513,0.105735,0.693262,-0.711494,0.0814662,0.0807932
41.0563,0.0597866,-0.040513,0.105735,0.693262,-0.711494,0.0814662,0.0807932
41.0613,0.0597981,-0.0405532,0.1057,0.693262,-0.711494,0.0814662,0.0807932
41.0663,0.0597981,-0.0405532,0.1057,0.693262,-0.711494,0.0814662,0.0807932
41.0713,0.0597981,-0.0405532,0.1057,0.693262,-0.711494,0.0814662,0.0807932
41.0763,0.0598096,-0.0405933,0.105665,0.693262,-0.711494,0.0814662,0.0807932
41.0814,0.0598096,-0.0405933,0.105665,0.693262,-0.711494,0.0814662,0.0807932
41.0863,0.0598096,-0.0405933,0.105665,0.693262,-0.711494,0.0814662,0.0807932
41.0913,0.0598211,-0.0406335,0.10563,0.693262,-0.711494,0.0814662,0.0807932
41.0963,0.0598188,-0.0406256,0.105576,0.693405,-0.711354,0.0814903,0.0807703
41.1013,0.0598188,-0.0406256,0.105576,0.693405,-0.711354,0.0814903,0.0807703
41.1063,0.0598188,-0.0406256,0.105576,0.693405,-0.711354,0.0814903,0.0807703
41.1113,0.0599162,-0.0406411,0.105542,0.693389,-0.711337,0.0816328,0.0809166
41.1163,0.0599162,-0.0406411,0.105542,0.693389,-0.711337,0.0816328,0.0809166
41.1213,0.0599162,-0.0406411,0.105542,0.693389,-0.711337,0.0816328,0.0809166
41.1263,0.0599162,-0.0406411,0.105542,0.693389,-0.711337,0.0816328,0.0809166
41.1313,0.0599162,-0.0406411,0.105542,0.693389,-0.711337,0.0816328,0.0809166
41.1363,0.0599255,-0.0406734,0.105453,0.693532,-0.711197,0.0816569,0.0808936
41.1413,0.0599255,-0.0406734,0.105453,0.693532,-0.711197,0.0816569,0.0808936
41.1463,0.0599255,-0.0406734,0.105453,0.693532,-0.711197,0.0816569,0.0808936
41.1513,0.0599255,-0.0406734,0.105453,0.693532,-0.711197,0.0816569,0.0808936
41.1563,0.059937,-0.0407134,0.105418,0.693532,-0.711197,0.0816569,0.0808936
41.1613,0.059937,-0.0407134,0.105418,0.693532,-0.711197,0.0816569,0.0808936
41.1663,0.0599347,-0.0407056,0.105364,0.693676,-0.711056,0.081681,0.0808707
41.1713,0.0599347,-0.0407056,0.105364,0.693676,-0.711056,0.081681,0.0808707
41.1763,0.0599347,-0.0407056,0.105364,0.693676,-0.711056,0.081681,0.0808707
41.1813,0.0599347,-0.0407056,0.105364,0.693676,-0.711056,0.081681,0.0808707
41.1863,0.0599462,-0.0407456,0.105329,0.693676,-0.711056,0.081681,0.0808707
41.1913,0.0599462,-0.0407456,0.105329,0.693225,-0.711497,0.0816074,0.0809454
41.1964,0.0599462,-0.0407456,0.105329,0.693225,-0.711497,0.0816074,0.0809454
41.2013,0.0599462,-0.0407456,0.105329,0.693225,-0.711497,0.0816074,0.0809454
41.2062,0.0599462,-0.0407456,0.105329,0.693225,-0.711497,0.0816074,0.0809454
41.2113,0.0599462,-0.0407456,0.105329,0.693225,-0.711497,0.0816074,0.0809454
41.2163,0.0599439,-0.0407377,0.105276,0.693369,-0.711356,0.0816315,0.0809224
41.2213,0.0599439,-0.0407377,0.105276,0.693369,-0.711356,0.0816315,0.0809224
41.2263,0.0599439,-0.0407377,0.105276,0.693369,-0.711356,0.0816315,0.0809224
41.2313,0.0599439,-0.0407377,0.105276,0.693369,-0.711356,0.0816315,0.0809224
41.2363,0.0599439,-0.0407377,0.105276,0.693369,-0.711356,0.0816315,0.0809224
41.2413,0.0599531,-0.0407698,0.105187,0.693513,-0.711216,0.0816556,0.0808995
41.2463,0.0599531,-0.0407698,0.105187,0.693513,-0.711216,0.0816556,0.0808995
41.2513,0.0599531,-0.0407698,0.105187,0.69343,-0.711279,0.082169,0.0805333
41.2563,0.0599531,-0.0407698,0.105187,0.693513,-0.711216,0.0816556,0.0808995
41.2613,0.0599531,-0.0407698,0.105187,0.69343,-0.711279,0.082169,0.0805333
41.2663,0.0599531,-0.0407698,0.105187,0.69343,-0.711279,0.082169,0.0805333
41.2713,0.0599531,-0.0407698,0.105187,0.693513,-0.711216,0.0816556,0.0808995
41.2763,0.0599531,-0.0407698,0.105187,0.69343,-0.711279,0.082169,0.0805333
41.2813,0.0599531,-0.0407698,0.105187,0.69343,-0.711279,0.082169,0.0805333
41.2863,0.0599531,-0.0407698,0.105187,0.69343,-0.711279,0.082169,0.0805333
41.2913,0.0600391,-0.0407452,0.105187,0.693413,-0.711262,0.0823116,0.0806795
41.2963,0.0600391,-0.0407452,0.105187,0.693413,-0.711262,0.0823116,0.0806795
41.3013,0.0600391,-0.0407452,0.105187,0.693413,-0.711262,0.0823116,0.0806795
41.3063,0.0600391,-0.0407452,0.105187,0.693413,-0.711262,0.0823116,0.0806795
41.3113,0.0600368,-0.0407372,0.105133,0.693557,-0.711122,0.0823357,0.0806566
41.3163,0.0600368,-0.0407372,0.105133,0.693557,-0.711122,0.0823357,0.0806566
41.3213,0.0600483,-0.0407773,0.105098,0.693557,-0.711122,0.0823357,0.0806566
41.3263,0.0600483,-0.0407773,0.105098,0.693557,-0.711122,0.0823357,0.0806566
41.3313,0.0600483,-0.0407773,0.105098,0.693557,-0.711122,0.0823357,0.0806566
41.3363,0.0600483,-0.0407773,0.105098,0.693557,-0.711122,0.0823357,0.0806566
41.3413,0.0600461,-0.0407693,0.105044,0.693783,-0.710918,0.0818464,0.0809997
41.3463,0.0600575,-0.0408093,0.105009,0.6937,-0.710982,0.0823599,0.0806337
41.3513,0.0600575,-0.0408093,0.105009,0.6937,-0.710982,0.0823599,0.0806337
41.3563,0.0600575,-0.0408093,0.105009,0.693783,-0.710918,0.0818464,0.0809997
41.3613,0.0600575,-0.0408093,0.105009,0.6937,-0.710982,0.0823599,0.0806337
41.3663,0.060069,-0.0408493,0.104974,0.6937,-0.710982,0.0823599,0.0806337
41.3713,0.060069,-0.0408493,0.104974,0.6937,-0.710982,0.0823599,0.0806337
41.3763,0.060069,-0.0408493,0.104974,0.6937,-0.710982,0.0823599,0.0806337
41.3813,0.0600667,-0.0408413,0.104921,0.693844,-0.710841,0.0823841,0.0806109
41.3863,0.0600782,-0.0408813,0.104886,0.693844,-0.710841,0.0823841,0.0806109
41.3913,0.0600782,-0.0408813,0.104886,0.693844,-0.710841,0.0823841,0.0806109
41.3963,0.0601643,-0.0408566,0.104886,0.693827,-0.710824,0.0825268,0.080757
41.4013,0.0601735,-0.0408886,0.104797,0.693971,-0.710684,0.082551,0.0807341
41.4063,0.0601735,-0.0408886,0.104797,0.693971,-0.710684,0.082551,0.0807341
41.4113,0.0601735,-0.0408886,0.104797,0.693971,-0.710684,0.082551,0.0807341
41.4163,0.0601849,-0.0409286,0.104762,0.693971,-0.710684,0.082551,0.0807341
41.4213,0.0601826,-0.0409205,0.104708,0.694115,-0.710543,0.0825752,0.0807112
41.4263,0.0601826,-0.0409205,0.104708,0.694115,-0.710543,0.0825752,0.0807112
41.4314,0.0601826,-0.0409205,0.104708,0.694115,-0.710543,0.0825752,0.0807112
41.4363,0.0601918,-0.0409524,0.104619,0.694258,-0.710403,0.0825994,0.0806883
41.4413,0.0601918,-0.0409524,0.104619,0.694258,-0.710403,0.0825994,0.0806883
41.4463,0.0601895,-0.0409443,0.104566,0.694402,-0.710262,0.0826236,0.0806653
41.4513,0.0602755,-0.0409196,0.104566,0.694385,-0.710246,0.0827664,0.0808114
41.4563,0.0602847,-0.0409514,0.104477,0.694529,-0.710105,0.0827906,0.0807884
41.4613,0.0602824,-0.0409433,0.104423,0.694672,-0.709964,0.0828148,0.0807655
41.4663,0.0602824,-0.0409433,0.104423,0.694221,-0.710405,0.0827412,0.0808408
41.4713,0.06028,-0.0409351,0.10437,0.694365,-0.710264,0.0827654,0.0808179
41.4763,0.0602915,-0.0409751,0.104334,0.694365,-0.710264,0.0827654,0.0808179
41.4813,0.0602915,-0.0409751,0.104334,0.694365,-0.710264,0.0827654,0.0808179
41.4863,0.0602892,-0.0409669,0.104281,0.694058,-0.710565,0.082716,0.0808703
41.4913,0.0602892,-0.0409669,0.104281,0.694058,-0.710565,0.082716,0.0808703
41.4963,0.0603007,-0.0410068,0.104246,0.694058,-0.710565,0.082716,0.0808703
41.5013,0.0603007,-0.0410068,0.104246,0.694058,-0.710565,0.082716,0.0808703
41.5063,0.0603007,-0.0410068,0.104246,0.694058,-0.710565,0.082716,0.0808703
41.5113,0.0603098,-0.0410385,0.104157,0.694201,-0.710424,0.0827403,0.0808473
41.5163,0.0603959,-0.0410137,0.104157,0.693733,-0.710848,0.0828093,0.0810688
41.5213,0.0603959,-0.0410137,0.104157,0.694101,-0.71047,0.0833977,0.0806291
41.5263,0.0604074,-0.0410536,0.104122,0.694184,-0.710407,0.082883,0.0809934
41.5313,0.060405,-0.0410454,0.104068,0.693793,-0.71077,0.0833485,0.080682
41.5364,0.0604027,-0.0410371,0.104014,0.693937,-0.71063,0.0833729,0.0806592
41.5413,0.0604027,-0.0410371,0.104014,0.693937,-0.71063,0.0833729,0.0806592
41.5463,0.0604142,-0.041077,0.103979,0.693937,-0.71063,0.0833729,0.0806592
41.5513,0.0604118,-0.0410688,0.103925,0.694081,-0.710489,0.0833972,0.0806363
41.5563,0.060507,-0.0410755,0.103837,0.693756,-0.710772,0.0834907,0.0808353
41.5613,0.060507,-0.0410755,0.103837,0.693305,-0.711212,0.0834171,0.0809111
41.5664,0.060507,-0.0410755,0.103837,0.693305,-0.711212,0.0834171,0.0809111
41.5713,0.0605046,-0.0410672,0.103783,0.693449,-0.711072,0.0834414,0.0808883
41.5763,0.0605161,-0.041107,0.103748,0.693449,-0.711072,0.0834414,0.0808883
41.5814,0.0605161,-0.041107,0.103748,0.693449,-0.711072,0.0834414,0.0808883
41.5863,0.0606022,-0.0410821,0.103748,0.69298,-0.711495,0.0835103,0.0811104
41.5913,0.0606022,-0.0410821,0.103748,0.69298,-0.711495,0.0835103,0.0811104
41.5963,0.0606022,-0.0410821,0.103748,0.69298,-0.711495,0.0835103,0.0811104
41.6013,0.0606022,-0.0410821,0.103748,0.69298,-0.711495,0.0835103,0.0811104
41.6063,0.0606138,-0.0411219,0.103712,0.69298,-0.711495,0.0835103,0.0811104
41.6113,0.0606138,-0.0411219,0.103712,0.69298,-0.711495,0.0835103,0.0811104
41.6163,0.0606138,-0.0411219,0.103712,0.692528,-0.711935,0.0834365,0.0811862
41.6213,0.0606138,-0.0411219,0.103712,0.692528,-0.711935,0.0834365,0.0811862
41.6264,0.0606253,-0.0411617,0.103677,0.692528,-0.711935,0.0834365,0.0811862
41.6313,0.0606253,-0.0411617,0.103677,0.692528,-0.711935,0.0834365,0.0811862
41.6363,0.0606253,-0.0411617,0.103677,0.692528,-0.711935,0.0834365,0.0811862
41.6413,0.0606253,-0.0411617,0.103677,0.692528,-0.711935,0.0834365,0.0811862
41.6463,0.0606253,-0.0411617,0.103677,0.692612,-0.711872,0.0829203,0.0815483
41.6513,0.0606253,-0.0411617,0.103677,0.692612,-0.711872,0.0829203,0.0815483
41.6563,0.0606368,-0.0412015,0.103642,0.692612,-0.711872,0.0829203,0.0815483
41.6614,0.0606344,-0.0411932,0.103588,0.692756,-0.711732,0.0829446,0.0815253
41.6664,0.0606344,-0.0411932,0.103588,0.692756,-0.711732,0.0829446,0.0815253
41.6713,0.0606344,-0.0411932,0.103588,0.692756,-0.711732,0.0829446,0.0815253
41.6764,0.0606344,-0.0411932,0.103588,0.692756,-0.711732,0.0829446,0.0815253
41.6814,0.0606344,-0.0411932,0.103588,0.692304,-0.712172,0.0828706,0.0816008
41.6863,0.060632,-0.0411849,0.103535,0.692448,-0.712031,0.082895,0.0815778
41.6914,0.0606435,-0.0412247,0.103499,0.692448,-0.712031,0.082895,0.0815778
41.6963,0.0606435,-0.0412247,0.103499,0.692448,-0.712031,0.082895,0.0815778
41.7014,0.0606435,-0.0412247,0.103499,0.692532,-0.711968,0.0823783,0.0819393
41.7063,0.0606526,-0.0412561,0.10341,0.692676,-0.711828,0.0824026,0.0819162
41.7113,0.0606526,-0.0412561,0.10341,0.692676,-0.711828,0.0824026,0.0819162
41.7164,0.0606526,-0.0412561,0.10341,0.692224,-0.712268,0.0823283,0.0819914
41.7214,0.0606641,-0.0412958,0.103375,0.692224,-0.712268,0.0823283,0.0819914
41.7264,0.0606641,-0.0412958,0.103375,0.69214,-0.71233,0.0828454,0.0816304
41.7313,0.0606641,-0.0412958,0.103375,0.692224,-0.712268,0.0823283,0.0819914
41.7363,0.0606732,-0.0413272,0.103286,0.692368,-0.712127,0.0823526,0.0819683
41.7413,0.0606732,-0.0413272,0.103286,0.692368,-0.712127,0.0823526,0.0819683
41.7464,0.0606732,-0.0413272,0.103286,0.692368,-0.712127,0.0823526,0.0819683
41.7514,0.0606822,-0.0413585,0.103197,0.692512,-0.711987,0.0823769,0.0819452
41.7563,0.0607684,-0.0413335,0.103197,0.692495,-0.71197,0.0825193,0.0820916
41.7614,0.0607684,-0.0413335,0.103197,0.692043,-0.71241,0.0824449,0.0821668
41.7663,0.0607775,-0.0413648,0.103108,0.692187,-0.71227,0.0824692,0.0821437
41.7713,0.0607775,-0.0413648,0.103108,0.692187,-0.71227,0.0824692,0.0821437
41.7764,0.0607751,-0.0413564,0.103054,0.692331,-0.712129,0.0824935,0.0821206
41.7813,0.0608728,-0.041371,0.103019,0.691862,-0.712552,0.0825614,0.0823423
41.7863,0.0608728,-0.041371,0.103019,0.691862,-0.712552,0.0825614,0.0823423
41.7913,0.0608728,-0.041371,0.103019,0.691862,-0.712552,0.0825614,0.0823423
41.7963,0.0608728,-0.041371,0.103019,0.691862,-0.712552,0.0825614,0.0823423
41.8013,0.0608843,-0.0414107,0.102984,0.691862,-0.712552,0.0825614,0.0823423
41.8063,0.0608843,-0.0414107,0.102984,0.691862,-0.712552,0.0825614,0.0823423
41.8114,0.0608819,-0.0414023,0.10293,0.692006,-0.712412,0.0825857,0.0823192
41.8163,0.0608819,-0.0414023,0.10293,0.692006,-0.712412,0.0825857,0.0823192
41.8213,0.0608819,-0.0414023,0.10293,0.691554,-0.712851,0.0825112,0.0823945
41.8263,0.0608909,-0.0414334,0.102841,0.691698,-0.712711,0.0825356,0.0823714
41.8313,0.0608909,-0.0414334,0.102841,0.691698,-0.712711,0.0825356,0.0823714
41.8363,0.0608909,-0.0414334,0.102841,0.691698,-0.712711,0.0825356,0.0823714
41.8413,0.0609024,-0.0414731,0.102805,0.691246,-0.713149,0.082461,0.0824466
41.8463,0.0609024,-0.0414731,0.102805,0.691246,-0.713149,0.082461,0.0824466
41.8514,0.0609024,-0.0414731,0.102805,0.691246,-0.713149,0.082461,0.0824466
41.8563,0.0609024,-0.0414731,0.102805,0.691246,-0.713149,0.082461,0.0824466
41.8613,0.0609115,-0.0415042,0.102716,0.69139,-0.71301,0.0824854,0.0824235
41.8663,0.0609115,-0.0415042,0.102716,0.69139,-0.71301,0.0824854,0.0824235
41.8713,0.0609115,-0.0415042,0.102716,0.69139,-0.71301,0.0824854,0.0824235
41.8763,0.0609115,-0.0415042,0.102716,0.69139,-0.71301,0.0824854,0.0824235
41.8814,0.0610093,-0.0415187,0.102681,0.691373,-0.712993,0.0826276,0.0825701
41.8863,0.0610093,-0.0415187,0.102681,0.691373,-0.712993,0.0826276,0.0825701
41.8913,0.0610068,-0.0415102,0.102627,0.69157,-0.712905,0.0821963,0.0821049
41.8963,0.0610068,-0.0415102,0.102627,0.691517,-0.712853,0.082652,0.082547
41.9013,0.0610068,-0.0415102,0.102627,0.691064,-0.713291,0.0825773,0.0826223
41.9063,0.0610183,-0.0415498,0.102592,0.691064,-0.713291,0.0825773,0.0826223
41.9113,0.0610158,-0.0415413,0.102538,0.691124,-0.713214,0.0831204,0.0822408
41.9164,0.0610158,-0.0415413,0.102538,0.691209,-0.713151,0.0826017,0.0825992
41.9214,0.0610158,-0.0415413,0.102538,0.691124,-0.713214,0.0831204,0.0822408
41.9264,0.0610158,-0.0415413,0.102538,0.691261,-0.713204,0.0821458,0.0821573
41.9313,0.0610158,-0.0415413,0.102538,0.690672,-0.713653,0.083046,0.0823164
41.9364,0.0610158,-0.0415413,0.102538,0.690672,-0.713653,0.083046,0.0823164
41.9414,0.0610273,-0.0415809,0.102503,0.690672,-0.713653,0.083046,0.0823164
41.9463,0.0610273,-0.0415809,0.102503,0.690672,-0.713653,0.083046,0.0823164
41.9516,0.0610273,-0.0415809,0.102503,0.690672,-0.713653,0.083046,0.0823164
41.9563,0.0610273,-0.0415809,0.102503,0.690672,-0.713653,0.083046,0.0823164
41.9613,0.0610273,-0.0415809,0.102503,0.690672,-0.713653,0.083046,0.0823164
41.9663,0.0610273,-0.0415809,0.102503,0.690672,-0.713653,0.083046,0.0823164
41.9713,0.0610273,-0.0415809,0.102503,0.690672,-0.713653,0.083046,0.0823164
41.9763,0.0610273,-0.0415809,0.102503,0.690672,-0.713653,0.083046,0.0823164
41.9813,0.0610248,-0.0415723,0.102449,0.690868,-0.713566,0.0826144,0.0818518
41.9863,0.0610248,-0.0415723,0.102449,0.690816,-0.713513,0.0830704,0.0822934
41.9914,0.0610248,-0.0415723,0.102449,0.690816,-0.713513,0.0830704,0.0822934
41.9963,0.0611111,-0.0415472,0.102449,0.690799,-0.713496,0.0832125,0.0824401
42.0013,0.0611087,-0.0415386,0.102395,0.690943,-0.713356,0.083237,0.082417
42.0063,0.0611087,-0.0415386,0.102395,0.69049,-0.713794,0.0831624,0.0824928
42.0113,0.0611202,-0.0415782,0.10236,0.69049,-0.713794,0.0831624,0.0824928
42.0163,0.0611177,-0.0415696,0.102306,0.690687,-0.713708,0.0827308,0.0820283
42.0213,0.0611177,-0.0415696,0.102306,0.690634,-0.713654,0.083187,0.0824698
42.0263,0.0611177,-0.0415696,0.102306,0.690634,-0.713654,0.083187,0.0824698
42.0313,0.0611177,-0.0415696,0.102306,0.690634,-0.713654,0.083187,0.0824698
42.0363,0.0611267,-0.0416005,0.102217,0.690326,-0.713953,0.0831369,0.0825224
42.0413,0.0611267,-0.0416005,0.102217,0.690241,-0.714015,0.0836565,0.0821654
42.0463,0.0611267,-0.0416005,0.102217,0.690326,-0.713953,0.0831369,0.0825224
42.0513,0.0611357,-0.0416314,0.102128,0.690385,-0.713876,0.0836811,0.0821424
42.0564,0.0611357,-0.0416314,0.102128,0.690385,-0.713876,0.0836811,0.0821424
42.0614,0.0611357,-0.0416314,0.102128,0.690385,-0.713876,0.0836811,0.0821424
42.0663,0.0611472,-0.0416709,0.102092,0.690385,-0.713876,0.0836811,0.0821424
42.0714,0.0611446,-0.0416622,0.102039,0.690076,-0.714174,0.0836314,0.0821956
42.0763,0.0611446,-0.0416622,0.102039,0.690076,-0.714174,0.0836314,0.0821956
42.0814,0.0611561,-0.0417018,0.102003,0.690076,-0.714174,0.0836314,0.0821956
42.0864,0.0612515,-0.0417074,0.101914,0.690204,-0.714017,0.0837979,0.0823194
42.0914,0.0612515,-0.0417074,0.101914,0.690204,-0.714017,0.0837979,0.0823194
42.0964,0.0612515,-0.0417074,0.101914,0.690204,-0.714017,0.0837979,0.0823194
42.1014,0.0612605,-0.0417382,0.101825,0.6904,-0.713931,0.0833662,0.0818552
42.1063,0.0612605,-0.0417382,0.101825,0.689895,-0.714315,0.083748,0.0823726
42.1113,0.0612694,-0.0417689,0.101736,0.690039,-0.714176,0.0837727,0.0823496
42.1163,0.0612694,-0.0417689,0.101736,0.690039,-0.714176,0.0837727,0.0823496
42.1214,0.0613648,-0.0417744,0.101646,0.690166,-0.714019,0.0839392,0.0824734
42.1264,0.0613648,-0.0417744,0.101646,0.689713,-0.714457,0.0838646,0.0825497
42.1313,0.0613737,-0.041805,0.101557,0.689772,-0.714379,0.0844101,0.0821714
42.1364,0.0613737,-0.041805,0.101557,0.689857,-0.714317,0.0838893,0.0825267
42.1413,0.0613827,-0.0418357,0.101468,0.689463,-0.714677,0.0843604,0.0822251
42.1464,0.0613827,-0.0418357,0.101468,0.689463,-0.714677,0.0843604,0.0822251
42.1518,0.0613827,-0.0418357,0.101468,0.689463,-0.714677,0.0843604,0.0822251
42.1563,0.0614781,-0.041841,0.101378,0.68959,-0.71452,0.084527,0.0823491
42.1614,0.0614781,-0.041841,0.101378,0.68959,-0.71452,0.084527,0.0823491
42.1664,0.0614896,-0.0418804,0.101343,0.68959,-0.71452,0.084527,0.0823491
42.1714,0.0614896,-0.0418804,0.101343,0.689136,-0.714958,0.0844525,0.0824257
42.1763,0.0614985,-0.0419109,0.101253,0.689333,-0.714872,0.0840203,0.0819622
42.1813,0.0614985,-0.0419109,0.101253,0.689281,-0.714818,0.0844773,0.0824028
42.1863,0.0614985,-0.0419109,0.101253,0.689281,-0.714818,0.0844773,0.0824028
42.1913,0.0615074,-0.0419414,0.101164,0.689425,-0.714679,0.084502,0.0823799
42.1964,0.0615939,-0.0419161,0.101164,0.689408,-0.714662,0.0846438,0.0825268
42.2014,0.0616054,-0.0419554,0.101128,0.688954,-0.715099,0.0845692,0.0826035
42.2063,0.0616028,-0.0419466,0.101075,0.689099,-0.714959,0.084594,0.0825806
42.2113,0.0616028,-0.0419466,0.101075,0.689099,-0.714959,0.084594,0.0825806
42.2163,0.0616002,-0.0419377,0.101021,0.689243,-0.71482,0.0846188,0.0825577
42.2214,0.0616117,-0.041977,0.100985,0.689296,-0.714874,0.0841619,0.0821171
42.2264,0.0616117,-0.041977,0.100985,0.688842,-0.715311,0.084087,0.0821941
42.2314,0.0616091,-0.0419681,0.100932,0.688934,-0.715118,0.084569,0.0826114
42.2364,0.0616206,-0.0420074,0.100896,0.688987,-0.715171,0.0841119,0.082171
42.2413,0.061618,-0.0419985,0.100843,0.689131,-0.715032,0.0841368,0.082148
42.2463,0.061618,-0.0419985,0.100843,0.689045,-0.715094,0.084659,0.081795
42.2514,0.0616269,-0.0420288,0.100753,0.688822,-0.71533,0.0840868,0.082202
42.2563,0.0616269,-0.0420288,0.100753,0.688822,-0.71533,0.0840868,0.082202
42.2614,0.0616269,-0.0420288,0.100753,0.688736,-0.715391,0.0846093,0.0818494
42.2664,0.0616358,-0.0420591,0.100664,0.688828,-0.715198,0.0850914,0.0822668
42.2713,0.0616358,-0.0420591,0.100664,0.68888,-0.715252,0.0846343,0.0818265
42.2763,0.0616358,-0.0420591,0.100664,0.68888,-0.715252,0.0846343,0.0818265
42.2813,0.0616358,-0.0420591,0.100664,0.68888,-0.715252,0.0846343,0.0818265
42.2864,0.0616446,-0.0420894,0.100574,0.688571,-0.715549,0.0845846,0.0818809
42.2913,0.0616446,-0.0420894,0.100574,0.688657,-0.715488,0.0840617,0.0822329
42.2963,0.0616446,-0.0420894,0.100574,0.688571,-0.715549,0.0845846,0.0818809
42.3014,0.0616535,-0.0421196,0.100485,0.688716,-0.71541,0.0846096,0.081858
42.3063,0.06174,-0.0420942,0.100485,0.688698,-0.715393,0.0847512,0.0820051
42.3114,0.06174,-0.0420942,0.100485,0.688698,-0.715393,0.0847512,0.0820051
42.3163,0.06174,-0.0420942,0.100485,0.688244,-0.71583,0.0846764,0.0820824
42.3214,0.0617489,-0.0421244,0.100396,0.688389,-0.715691,0.0847014,0.0820595
42.3264,0.0617489,-0.0421244,0.100396,0.688389,-0.715691,0.0847014,0.0820595
42.3314,0.0618328,-0.04209,0.100342,0.688516,-0.715534,0.0848679,0.0821837
42.3363,0.0618328,-0.04209,0.100342,0.688516,-0.715534,0.0848679,0.0821837
42.3413,0.0618443,-0.0421292,0.100306,0.688516,-0.715534,0.0848679,0.0821837
42.3463,0.0618443,-0.0421292,0.100306,0.688516,-0.715534,0.0848679,0.0821837
42.3513,0.0618416,-0.0421201,0.100253,0.688206,-0.715831,0.0848182,0.0822383
42.3564,0.0618416,-0.0421201,0.100253,0.688206,-0.715831,0.0848182,0.0822383
42.3614,0.061839,-0.042111,0.100199,0.688351,-0.715692,0.0848431,0.0822152
42.3663,0.0618505,-0.0421502,0.100163,0.688351,-0.715692,0.0848431,0.0822152
42.3713,0.0618478,-0.0421411,0.10011,0.688496,-0.715553,0.0848682,0.0821923
42.3763,0.0618478,-0.0421411,0.10011,0.688496,-0.715553,0.0848682,0.0821923
42.3813,0.0618451,-0.0421319,0.100056,0.688186,-0.71585,0.0848183,0.0822468
42.3864,0.0618566,-0.0421711,0.10002,0.688186,-0.71585,0.0848183,0.0822468
42.3914,0.0618566,-0.0421711,0.10002,0.688186,-0.71585,0.0848183,0.0822468
42.3964,0.0618539,-0.042162,0.0999667,0.688331,-0.715711,0.0848434,0.0822238
42.4014,0.0618655,-0.0422011,0.0999308,0.688331,-0.715711,0.0848434,0.0822238
42.4064,0.0618628,-0.042192,0.0998773,0.688475,-0.715571,0.0848684,0.0822009
42.4113,0.0619608,-0.0422056,0.0998413,0.688004,-0.715991,0.084935,0.0824255
42.4163,0.0619581,-0.0421964,0.0997878,0.688148,-0.715851,0.0849601,0.0824027
42.4214,0.0619581,-0.0421964,0.0997878,0.688148,-0.715851,0.0849601,0.0824027
42.4264,0.0619669,-0.0422264,0.0996983,0.688206,-0.715774,0.0855096,0.0820301
42.4314,0.0619785,-0.0422655,0.0996623,0.687752,-0.71621,0.0854348,0.0821079
42.4363,0.0620623,-0.0422307,0.0996088,0.687879,-0.716054,0.0856013,0.0822323
42.4413,0.0620711,-0.0422606,0.0995193,0.688023,-0.715914,0.0856266,0.0822094
42.4463,0.0620711,-0.0422606,0.0995193,0.688023,-0.715914,0.0856266,0.0822094
42.4514,0.0620799,-0.0422904,0.0994298,0.688168,-0.715775,0.0856517,0.0821865
42.4564,0.0620799,-0.0422904,0.0994298,0.687714,-0.716211,0.0855768,0.0822645
42.4614,0.0621638,-0.0422555,0.0993763,0.687841,-0.716055,0.0857434,0.0823888
42.4664,0.0621726,-0.0422853,0.0992868,0.687986,-0.715916,0.0857686,0.0823659
42.4714,0.0621813,-0.042315,0.0991972,0.68813,-0.715776,0.0857938,0.082343
42.4764,0.0621813,-0.042315,0.0991972,0.68813,-0.715776,0.0857938,0.082343
42.4814,0.0622767,-0.0423191,0.0991077,0.687803,-0.716057,0.0858854,0.0825453
42.4864,0.0622767,-0.0423191,0.0991077,0.687803,-0.716057,0.0858854,0.0825453
42.4914,0.0622855,-0.0423487,0.0990181,0.687948,-0.715917,0.0859107,0.0825224
42.4964,0.0622855,-0.0423487,0.0990181,0.687948,-0.715917,0.0859107,0.0825224
42.5013,0.0623809,-0.0423527,0.0989285,0.687673,-0.716252,0.0855444,0.0822853
42.5064,0.0623896,-0.0423823,0.0988389,0.687765,-0.716058,0.0860275,0.0827018
42.5114,0.0623896,-0.0423823,0.0988389,0.687818,-0.716113,0.0855698,0.0822622
42.5164,0.0623984,-0.0424118,0.0987493,0.687508,-0.71641,0.0855196,0.0823176
42.5213,0.0624099,-0.0424507,0.0987131,0.687508,-0.71641,0.0855196,0.0823176
42.5263,0.0624938,-0.0424156,0.0986597,0.687635,-0.716253,0.0856864,0.0824418
42.5313,0.0625053,-0.0424545,0.0986235,0.687688,-0.716308,0.0852285,0.0820023
42.5364,0.0625025,-0.0424451,0.0985701,0.687378,-0.716605,0.0851782,0.082058
42.5414,0.0625112,-0.0424745,0.0984804,0.687523,-0.716466,0.0852036,0.0820348
42.5464,0.0625112,-0.0424745,0.0984804,0.687523,-0.716466,0.0852036,0.0820348
42.5513,0.0625228,-0.0425134,0.0984442,0.687575,-0.71652,0.0847457,0.0815953
42.5564,0.0625199,-0.0425039,0.0983907,0.68772,-0.716381,0.0847712,0.0815721
42.5614,0.0626182,-0.042517,0.0983545,0.687702,-0.716364,0.0849126,0.0817193
42.5663,0.0626154,-0.0425075,0.0983011,0.687393,-0.716661,0.084862,0.0817753
42.5714,0.0626269,-0.0425464,0.0982648,0.687393,-0.716661,0.084862,0.0817753
42.5764,0.0626269,-0.0425464,0.0982648,0.687393,-0.716661,0.084862,0.0817753
42.5814,0.0626356,-0.0425757,0.0981751,0.687537,-0.716521,0.0848877,0.0817521
42.5864,0.0626356,-0.0425757,0.0981751,0.687537,-0.716521,0.0848877,0.0817521
42.5914,0.0626328,-0.0425661,0.0981217,0.687682,-0.716382,0.0849132,0.0817287
42.5963,0.0626443,-0.0426049,0.0980854,0.687682,-0.716382,0.0849132,0.0817287
42.6013,0.0626414,-0.0425953,0.098032,0.687425,-0.716733,0.0844044,0.0813453
42.6063,0.0626414,-0.0425953,0.098032,0.687425,-0.716733,0.0844044,0.0813453
42.6114,0.0626501,-0.0426245,0.0979423,0.68748,-0.716656,0.0849575,0.0809775
42.6164,0.0626501,-0.0426245,0.0979423,0.687569,-0.716594,0.0844301,0.0813219
42.6213,0.0626501,-0.0426245,0.0979423,0.687569,-0.716594,0.0844301,0.0813219
42.6264,0.0626501,-0.0426245,0.0979423,0.68748,-0.716656,0.0849575,0.0809775
42.6313,0.0626616,-0.0426633,0.0979059,0.687569,-0.716594,0.0844301,0.0813219
42.6363,0.0626616,-0.0426633,0.0979059,0.687115,-0.71703,0.0843536,0.0814014
42.6414,0.0626588,-0.0426537,0.0978525,0.687625,-0.716517,0.0849832,0.0809542
42.6464,0.0626703,-0.0426925,0.0978162,0.68717,-0.716953,0.0849069,0.0810341
42.6513,0.0626703,-0.0426925,0.0978162,0.68717,-0.716953,0.0849069,0.0810341
42.6564,0.0626703,-0.0426925,0.0978162,0.68717,-0.716953,0.0849069,0.0810341
42.6614,0.0626703,-0.0426925,0.0978162,0.68717,-0.716953,0.0849069,0.0810341
42.6663,0.0626674,-0.0426828,0.0977628,0.687315,-0.716814,0.0849327,0.0810108
42.6714,0.0626789,-0.0427216,0.0977264,0.687315,-0.716814,0.0849327,0.0810108
42.6764,0.0626789,-0.0427216,0.0977264,0.687315,-0.716814,0.0849327,0.0810108
42.6813,0.0626789,-0.0427216,0.0977264,0.687315,-0.716814,0.0849327,0.0810108
42.6863,0.0626789,-0.0427216,0.0977264,0.687315,-0.716814,0.0849327,0.0810108
42.6914,0.0626905,-0.0427604,0.09769,0.687315,-0.716814,0.0849327,0.0810108
42.6963,0.0626905,-0.0427604,0.09769,0.687315,-0.716814,0.0849327,0.0810108
42.7013,0.0627773,-0.0427346,0.09769,0.687297,-0.716797,0.085074,0.0811582
42.7064,0.0627744,-0.0427249,0.0976366,0.687442,-0.716658,0.0850998,0.0811349
42.7114,0.0627744,-0.0427249,0.0976366,0.687442,-0.716658,0.0850998,0.0811349
42.7163,0.0627859,-0.0427637,0.0976002,0.687442,-0.716658,0.0850998,0.0811349
42.7214,0.0627859,-0.0427637,0.0976002,0.686988,-0.717093,0.0850234,0.0812148
42.7264,0.0627859,-0.0427637,0.0976002,0.687442,-0.716658,0.0850998,0.0811349
42.7314,0.0627859,-0.0427637,0.0976002,0.687442,-0.716658,0.0850998,0.0811349
42.7363,0.0627859,-0.0427637,0.0976002,0.686988,-0.717093,0.0850234,0.0812148
42.7414,0.0627859,-0.0427637,0.0976002,0.686988,-0.717093,0.0850234,0.0812148
42.7464,0.0627859,-0.0427637,0.0976002,0.687442,-0.716658,0.0850998,0.0811349
42.7513,0.0627859,-0.0427637,0.0976002,0.686988,-0.717093,0.0850234,0.0812148
42.7563,0.0627974,-0.0428024,0.0975638,0.686988,-0.717093,0.0850234,0.0812148
42.7614,0.0627974,-0.0428024,0.0975638,0.686988,-0.717093,0.0850234,0.0812148
42.7663,0.0627974,-0.0428024,0.0975638,0.686988,-0.717093,0.0850234,0.0812148
42.7713,0.0627974,-0.0428024,0.0975638,0.686988,-0.717093,0.0850234,0.0812148
42.7764,0.0627974,-0.0428024,0.0975638,0.686988,-0.717093,0.0850234,0.0812148
42.7814,0.0627974,-0.0428024,0.0975638,0.686988,-0.717093,0.0850234,0.0812148
42.7863,0.0627974,-0.0428024,0.0975638,0.686898,-0.717155,0.0855513,0.0808715
42.7914,0.0627974,-0.0428024,0.0975638,0.686988,-0.717093,0.0850234,0.0812148
42.7963,0.0627974,-0.0428024,0.0975638,0.686988,-0.717093,0.0850234,0.0812148
42.8013,0.0627974,-0.0428024,0.0975638,0.686988,-0.717093,0.0850234,0.0812148
42.8064,0.0627974,-0.0428024,0.0975638,0.686988,-0.717093,0.0850234,0.0812148
42.8113,0.0627974,-0.0428024,0.0975638,0.686988,-0.717093,0.0850234,0.0812148
42.8163,0.0627974,-0.0428024,0.0975638,0.686988,-0.717093,0.0850234,0.0812148
42.8213,0.0627974,-0.0428024,0.0975638,0.686988,-0.717093,0.0850234,0.0812148
42.8263,0.0627974,-0.0428024,0.0975638,0.686988,-0.717093,0.0850234,0.0812148
42.8314,0.0627974,-0.0428024,0.0975638,0.686988,-0.717093,0.0850234,0.0812148
42.8363,0.0627974,-0.0428024,0.0975638,0.686988,-0.717093,0.0850234,0.0812148
42.8413,0.062809,-0.0428412,0.0975274,0.686988,-0.717093,0.0850234,0.0812148
42.8463,0.062809,-0.0428412,0.0975274,0.686988,-0.717093,0.0850234,0.0812148
42.8513,0.0628061,-0.0428314,0.097474,0.687132,-0.716954,0.0850491,0.0811916
42.8564,0.0628061,-0.0428314,0.097474,0.687132,-0.716954,0.0850491,0.0811916
42.8613,0.0628061,-0.0428314,0.097474,0.687132,-0.716954,0.0850491,0.0811916
42.8663,0.0628061,-0.0428314,0.097474,0.687132,-0.716954,0.0850491,0.0811916
42.8713,0.0628176,-0.0428702,0.0974375,0.687132,-0.716954,0.0850491,0.0811916
42.8764,0.0629044,-0.0428443,0.0974375,0.687115,-0.716938,0.0851904,0.081339
42.8813,0.0629044,-0.0428443,0.0974375,0.687115,-0.716938,0.0851904,0.081339
42.8863,0.0629015,-0.0428346,0.0973842,0.68726,-0.716799,0.0852162,0.0813156
42.8914,0.0629015,-0.0428346,0.0973842,0.68726,-0.716799,0.0852162,0.0813156
42.8963,0.0629131,-0.0428733,0.0973477,0.686805,-0.717234,0.0851397,0.0813957
42.9013,0.0629131,-0.0428733,0.0973477,0.68726,-0.716799,0.0852162,0.0813156
42.9064,0.0629131,-0.0428733,0.0973477,0.686805,-0.717234,0.0851397,0.0813957
42.9114,0.062997,-0.0428376,0.0972943,0.686842,-0.71714,0.0858351,0.0811771
42.9163,0.0630085,-0.0428763,0.0972578,0.686932,-0.717078,0.0853068,0.0815198
42.9213,0.0630085,-0.0428763,0.0972578,0.686932,-0.717078,0.0853068,0.0815198
42.9263,0.0630085,-0.0428763,0.0972578,0.686932,-0.717078,0.0853068,0.0815198
42.9313,0.0630085,-0.0428763,0.0972578,0.686932,-0.717078,0.0853068,0.0815198
42.9364,0.0630056,-0.0428666,0.0972045,0.686987,-0.717001,0.085861,0.0811538
42.9414,0.063104,-0.0428793,0.097168,0.68706,-0.716922,0.0854739,0.0816438
42.9464,0.063104,-0.0428793,0.097168,0.68706,-0.716922,0.0854739,0.0816438
42.9513,0.063104,-0.0428793,0.097168,0.68706,-0.716922,0.0854739,0.0816438
42.9564,0.063104,-0.0428793,0.097168,0.68706,-0.716922,0.0854739,0.0816438
42.9614,0.063104,-0.0428793,0.097168,0.686605,-0.717358,0.0853971,0.081724
42.9663,0.063104,-0.0428793,0.097168,0.68706,-0.716922,0.0854739,0.0816438
42.9713,0.0631011,-0.0428695,0.0971146,0.68675,-0.717219,0.085423,0.0817006
42.9764,0.0631126,-0.0429081,0.0970781,0.687204,-0.716783,0.0854997,0.0816204
42.9813,0.0631126,-0.0429081,0.0970781,0.68675,-0.717219,0.085423,0.0817006
42.9863,0.0631126,-0.0429081,0.0970781,0.68675,-0.717219,0.085423,0.0817006
42.9914,0.0631126,-0.0429081,0.0970781,0.68675,-0.717219,0.085423,0.0817006
42.9963,0.0631126,-0.0429081,0.0970781,0.68675,-0.717219,0.085423,0.0817006
43.0013,0.0631126,-0.0429081,0.0970781,0.68675,-0.717219,0.085423,0.0817006
43.0064,0.0631126,-0.0429081,0.0970781,0.68675,-0.717219,0.085423,0.0817006
43.0113,0.0631212,-0.042937,0.0969882,0.686894,-0.71708,0.0854489,0.0816773
43.0164,0.0631212,-0.042937,0.0969882,0.686894,-0.71708,0.0854489,0.0816773
43.0213,0.0631212,-0.042937,0.0969882,0.686894,-0.71708,0.0854489,0.0816773
43.0264,0.0631183,-0.0429271,0.0969348,0.687039,-0.716941,0.0854748,0.0816539
43.0314,0.0631183,-0.0429271,0.0969348,0.687039,-0.716941,0.0854748,0.0816539
43.0364,0.0631298,-0.0429657,0.0968983,0.686494,-0.717438,0.0859271,0.0813925
43.0414,0.0631269,-0.0429559,0.0968449,0.686729,-0.717237,0.0854239,0.0817107
43.0464,0.0631269,-0.0429559,0.0968449,0.686729,-0.717237,0.0854239,0.0817107
43.0514,0.0631239,-0.042946,0.0967915,0.686784,-0.71716,0.085979,0.081346
43.0564,0.0631355,-0.0429846,0.096755,0.686874,-0.717098,0.0854498,0.0816873
43.0614,0.0631355,-0.0429846,0.096755,0.686784,-0.71716,0.085979,0.081346
43.0664,0.0631355,-0.0429846,0.096755,0.686784,-0.71716,0.085979,0.081346
43.0714,0.0631355,-0.0429846,0.096755,0.686329,-0.717595,0.0859025,0.0814265
43.0764,0.0631441,-0.0430133,0.0966651,0.686474,-0.717456,0.0859285,0.0814033
43.0814,0.0631441,-0.0430133,0.0966651,0.686474,-0.717456,0.0859285,0.0814033
43.0864,0.0631441,-0.0430133,0.0966651,0.686474,-0.717456,0.0859285,0.0814033
43.0914,0.0631441,-0.0430133,0.0966651,0.686474,-0.717456,0.0859285,0.0814033
43.0964,0.0631556,-0.0430519,0.0966285,0.686474,-0.717456,0.0859285,0.0814033
43.1014,0.0631556,-0.0430519,0.0966285,0.686474,-0.717456,0.0859285,0.0814033
43.1064,0.0632425,-0.0430259,0.0966285,0.686456,-0.717439,0.0860696,0.0815508
43.1114,0.063254,-0.0430645,0.0965918,0.686456,-0.717439,0.0860696,0.0815508
43.1164,0.0632511,-0.0430545,0.0965385,0.686601,-0.7173,0.0860956,0.0815275
43.1214,0.0632511,-0.0430545,0.0965385,0.686601,-0.7173,0.0860956,0.0815275
43.1264,0.0632511,-0.0430545,0.0965385,0.686601,-0.7173,0.0860956,0.0815275
43.1314,0.0632511,-0.0430545,0.0965385,0.686601,-0.7173,0.0860956,0.0815275
43.1364,0.0632481,-0.0430446,0.0964852,0.686291,-0.717596,0.0860449,0.0815848
43.1414,0.0632596,-0.0430831,0.0964485,0.686291,-0.717596,0.0860449,0.0815848
43.1464,0.0632596,-0.0430831,0.0964485,0.686291,-0.717596,0.0860449,0.0815848
43.1514,0.0632566,-0.0430732,0.0963952,0.686436,-0.717457,0.0860709,0.0815615
43.1564,0.0632566,-0.0430732,0.0963952,0.686436,-0.717457,0.0860709,0.0815615
43.1613,0.0632566,-0.0430732,0.0963952,0.686436,-0.717457,0.0860709,0.0815615
43.1663,0.0632652,-0.0431017,0.0963052,0.686581,-0.717318,0.0860969,0.0815382
43.1714,0.0632652,-0.0431017,0.0963052,0.686581,-0.717318,0.0860969,0.0815382
43.1764,0.0632652,-0.0431017,0.0963052,0.686581,-0.717318,0.0860969,0.0815382
43.1813,0.0632652,-0.0431017,0.0963052,0.686581,-0.717318,0.0860969,0.0815382
43.1864,0.0632622,-0.0430917,0.0962519,0.686726,-0.717179,0.0861229,0.0815149
43.1914,0.0632737,-0.0431303,0.0962152,0.686271,-0.717615,0.0860462,0.0815955
43.1964,0.0632737,-0.0431303,0.0962152,0.686271,-0.717615,0.0860462,0.0815955
43.2014,0.0632737,-0.0431303,0.0962152,0.686271,-0.717615,0.0860462,0.0815955
43.2064,0.0632852,-0.0431688,0.0961785,0.686271,-0.717615,0.0860462,0.0815955
43.2114,0.0632822,-0.0431587,0.0961252,0.686416,-0.717476,0.0860721,0.0815723
43.2163,0.0632822,-0.0431587,0.0961252,0.686416,-0.717476,0.0860721,0.0815723
43.2214,0.0632822,-0.0431587,0.0961252,0.686416,-0.717476,0.0860721,0.0815723
43.2264,0.0632938,-0.0431972,0.0960885,0.686416,-0.717476,0.0860721,0.0815723
43.2314,0.0632908,-0.0431872,0.0960352,0.68647,-0.717398,0.0866286,0.0812095
43.2364,0.0632908,-0.0431872,0.0960352,0.68647,-0.717398,0.0866286,0.0812095
43.2414,0.0632908,-0.0431872,0.0960352,0.68647,-0.717398,0.0866286,0.0812095
43.2464,0.0633023,-0.0432256,0.0959985,0.68647,-0.717398,0.0866286,0.0812095
43.2514,0.0632993,-0.0432156,0.0959452,0.686614,-0.717259,0.0866546,0.0811863
43.2564,0.0632993,-0.0432156,0.0959452,0.68616,-0.717694,0.0865782,0.0812673
43.2613,0.0632993,-0.0432156,0.0959452,0.68616,-0.717694,0.0865782,0.0812673
43.2663,0.0633108,-0.043254,0.0959084,0.68616,-0.717694,0.0865782,0.0812673
43.2714,0.0633108,-0.043254,0.0959084,0.68616,-0.717694,0.0865782,0.0812673
43.2764,0.0633077,-0.043244,0.0958551,0.686305,-0.717555,0.0866043,0.0812441
43.2814,0.0633077,-0.043244,0.0958551,0.686305,-0.717555,0.0866043,0.0812441
43.2863,0.0633077,-0.043244,0.0958551,0.686213,-0.717616,0.087135,0.0809052
43.2914,0.0633077,-0.043244,0.0958551,0.686305,-0.717555,0.0866043,0.0812441
43.2963,0.0633192,-0.0432824,0.0958184,0.686305,-0.717555,0.0866043,0.0812441
43.3014,0.0633192,-0.0432824,0.0958184,0.686213,-0.717616,0.087135,0.0809052
43.3065,0.0633162,-0.0432723,0.0957651,0.686449,-0.717416,0.0866303,0.0812209
43.3114,0.0633162,-0.0432723,0.0957651,0.686358,-0.717477,0.0871611,0.0808821
43.3164,0.0633277,-0.0433107,0.0957283,0.686358,-0.717477,0.0871611,0.0808821
43.3214,0.0633247,-0.0433006,0.095675,0.686503,-0.717338,0.0871872,0.080859
43.3264,0.0633247,-0.0433006,0.095675,0.686503,-0.717338,0.0871872,0.080859
43.3314,0.0633247,-0.0433006,0.095675,0.686503,-0.717338,0.0871872,0.080859
43.3363,0.0633362,-0.043339,0.0956382,0.686503,-0.717338,0.0871872,0.080859
43.3414,0.0633362,-0.043339,0.0956382,0.686048,-0.717773,0.087111,0.0809403
43.3464,0.0633362,-0.043339,0.0956382,0.686048,-0.717773,0.087111,0.0809403
43.3514,0.0633362,-0.043339,0.0956382,0.686048,-0.717773,0.087111,0.0809403
43.3564,0.0633477,-0.0433774,0.0956014,0.686048,-0.717773,0.087111,0.0809403
43.3613,0.0633446,-0.0433673,0.0955481,0.686193,-0.717634,0.0871371,0.0809173
43.3663,0.0633446,-0.0433673,0.0955481,0.686193,-0.717634,0.0871371,0.0809173
43.3714,0.0633561,-0.0434057,0.0955113,0.686193,-0.717634,0.0871371,0.0809173
43.3764,0.0633561,-0.0434057,0.0955113,0.686193,-0.717634,0.0871371,0.0809173
43.3814,0.0633531,-0.0433955,0.095458,0.686338,-0.717495,0.0871632,0.0808942
43.3864,0.0633531,-0.0433955,0.095458,0.686338,-0.717495,0.0871632,0.0808942
43.3914,0.0633646,-0.0434339,0.0954212,0.686338,-0.717495,0.0871632,0.0808942
43.3964,0.0633615,-0.0434237,0.0953679,0.686483,-0.717356,0.0871893,0.0808711
43.4014,0.0633615,-0.0434237,0.0953679,0.686483,-0.717356,0.0871893,0.0808711
43.4064,0.0633615,-0.0434237,0.0953679,0.686483,-0.717356,0.0871893,0.0808711
43.4114,0.063373,-0.043462,0.0953311,0.686391,-0.717417,0.0877206,0.080533
43.4164,0.0633699,-0.0434518,0.0952778,0.686627,-0.717217,0.0872154,0.080848
43.4214,0.0633699,-0.0434518,0.0952778,0.686627,-0.717217,0.0872154,0.080848
43.4264,0.0633699,-0.0434518,0.0952778,0.686536,-0.717278,0.0877468,0.0805101
43.4314,0.0633814,-0.0434902,0.0952409,0.686536,-0.717278,0.0877468,0.0805101
43.4364,0.0633814,-0.0434902,0.0952409,0.686536,-0.717278,0.0877468,0.0805101
43.4414,0.0633783,-0.0434799,0.0951876,0.686681,-0.717138,0.0877729,0.0804871
43.4464,0.0633783,-0.0434799,0.0951876,0.686681,-0.717138,0.0877729,0.0804871
43.4514,0.0633783,-0.0434799,0.0951876,0.686681,-0.717138,0.0877729,0.0804871
43.4564,0.0634739,-0.0434819,0.0950975,0.686807,-0.716983,0.0879403,0.0806115
43.4613,0.0634739,-0.0434819,0.0950975,0.686807,-0.716983,0.0879403,0.0806115
43.4664,0.0634739,-0.0434819,0.0950975,0.686715,-0.717043,0.0884717,0.0802737
43.4714,0.0634739,-0.0434819,0.0950975,0.686807,-0.716983,0.0879403,0.0806115
43.4764,0.0634823,-0.04351,0.0950073,0.68686,-0.716904,0.088498,0.0802508
43.4814,0.0634823,-0.04351,0.0950073,0.686497,-0.717279,0.0878905,0.0806703
43.4864,0.0634823,-0.04351,0.0950073,0.686406,-0.717339,0.0884221,0.080333
43.4914,0.0634823,-0.04351,0.0950073,0.686406,-0.717339,0.0884221,0.080333
43.4964,0.0634906,-0.043538,0.0949171,0.68655,-0.7172,0.0884484,0.0803101
43.5014,0.0634906,-0.043538,0.0949171,0.68655,-0.7172,0.0884484,0.0803101
43.5066,0.0634906,-0.043538,0.0949171,0.68655,-0.7172,0.0884484,0.0803101
43.5114,0.0635778,-0.0435118,0.0949171,0.686532,-0.717184,0.0885896,0.0804575
43.5164,0.0635862,-0.0435398,0.094827,0.686677,-0.717044,0.0886159,0.0804346
43.5214,0.0635862,-0.0435398,0.094827,0.686677,-0.717044,0.0886159,0.0804346
43.5264,0.0635831,-0.0435295,0.0947737,0.686821,-0.716905,0.0886421,0.0804117
43.5314,0.0635945,-0.0435677,0.0947368,0.686821,-0.716905,0.0886421,0.0804117
43.5364,0.0635914,-0.0435574,0.0946835,0.686966,-0.716766,0.0886684,0.0803888
43.5414,0.0635883,-0.043547,0.0946302,0.686656,-0.717062,0.0886188,0.0804481
43.5464,0.0636869,-0.0435591,0.0945933,0.686638,-0.717046,0.08876,0.0805955
43.5514,0.0636838,-0.0435487,0.09454,0.686783,-0.716906,0.0887863,0.0805726
43.5564,0.0636838,-0.0435487,0.09454,0.686783,-0.716906,0.0887863,0.0805726
43.5614,0.0636953,-0.0435869,0.0945031,0.686783,-0.716906,0.0887863,0.0805726
43.5664,0.0636922,-0.0435765,0.0944498,0.686473,-0.717202,0.0887366,0.0806319
43.5714,0.0636922,-0.0435765,0.0944498,0.686473,-0.717202,0.0887366,0.0806319
43.5764,0.0637037,-0.0436147,0.0944128,0.686473,-0.717202,0.0887366,0.0806319
43.5814,0.0637037,-0.0436147,0.0944128,0.686421,-0.717146,0.089195,0.0810707
43.5864,0.063712,-0.0436425,0.0943226,0.686617,-0.717063,0.0887629,0.080609
43.5914,0.063712,-0.0436425,0.0943226,0.686617,-0.717063,0.0887629,0.080609
43.5964,0.0637235,-0.0436807,0.0942856,0.686617,-0.717063,0.0887629,0.080609
43.6014,0.0637235,-0.0436807,0.0942856,0.686566,-0.717006,0.0892213,0.0810479
43.6063,0.0637203,-0.0436702,0.0942323,0.686762,-0.716924,0.0887893,0.080586
43.6114,0.0637318,-0.0437084,0.0941953,0.68671,-0.716867,0.0892475,0.081025
43.6164,0.0637318,-0.0437084,0.0941953,0.686308,-0.717359,0.0887132,0.0806684
43.6214,0.0637433,-0.0437465,0.0941582,0.686308,-0.717359,0.0887132,0.0806684
43.6264,0.0638305,-0.0437203,0.0941582,0.686289,-0.717343,0.0888543,0.0808158
43.6314,0.0638388,-0.043748,0.0940679,0.686434,-0.717204,0.0888807,0.0807929
43.6363,0.0638388,-0.043748,0.0940679,0.686434,-0.717204,0.0888807,0.0807929
43.6414,0.0638388,-0.043748,0.0940679,0.686434,-0.717204,0.0888807,0.0807929
43.6464,0.0638503,-0.0437861,0.0940308,0.686434,-0.717204,0.0888807,0.0807929
43.6514,0.0638471,-0.0437756,0.0939776,0.686579,-0.717065,0.0889069,0.0807699
43.6564,0.0638586,-0.0438137,0.0939405,0.686579,-0.717065,0.0889069,0.0807699
43.6614,0.0638586,-0.0438137,0.0939405,0.686579,-0.717065,0.0889069,0.0807699
43.6664,0.0638554,-0.0438032,0.0938873,0.686723,-0.716925,0.0889334,0.0807469
43.6714,0.0638669,-0.0438413,0.0938502,0.686269,-0.717361,0.0888572,0.0808293
43.6764,0.0638669,-0.0438413,0.0938502,0.686269,-0.717361,0.0888572,0.0808293
43.6814,0.0638637,-0.0438307,0.093797,0.686413,-0.717221,0.0888837,0.0808065
43.6863,0.0638752,-0.0438688,0.0937598,0.686413,-0.717221,0.0888837,0.0808065
43.6914,0.0638752,-0.0438688,0.0937598,0.686413,-0.717221,0.0888837,0.0808065
43.6964,0.0639593,-0.043832,0.0937066,0.68654,-0.717066,0.0890511,0.0809308
43.7013,0.0639707,-0.04387,0.0936695,0.68654,-0.717066,0.0890511,0.0809308
43.7064,0.0639676,-0.0438595,0.0936163,0.68654,-0.716929,0.0900692,0.0810124
43.7114,0.0639676,-0.0438595,0.0936163,0.686633,-0.716869,0.0895357,0.0813467
43.7164,0.0639758,-0.0438869,0.0935259,0.686829,-0.716787,0.0891039,0.0808848
43.7214,0.0639758,-0.0438869,0.0935259,0.686829,-0.716787,0.0891039,0.0808848
43.7264,0.0639726,-0.0438763,0.0934727,0.686427,-0.717143,0.0895878,0.0806106
43.7313,0.0639841,-0.0439143,0.0934355,0.686427,-0.717143,0.0895878,0.0806106
43.7364,0.0639809,-0.0439037,0.0933823,0.686664,-0.716944,0.0890804,0.0809213
43.7414,0.0639809,-0.0439037,0.0933823,0.686571,-0.717004,0.0896143,0.0805877
43.7464,0.0639891,-0.043931,0.0932919,0.686716,-0.716865,0.0896407,0.0805648
43.7514,0.0639891,-0.043931,0.0932919,0.686716,-0.716865,0.0896407,0.0805648
43.7564,0.0639974,-0.0439584,0.0932015,0.68686,-0.716726,0.0896671,0.0805419
43.7614,0.0640847,-0.043932,0.0932015,0.686842,-0.716709,0.0898084,0.0806893
43.7664,0.0640929,-0.0439593,0.0931111,0.686986,-0.71657,0.0898348,0.0806663
43.7714,0.0640929,-0.0439593,0.0931111,0.686532,-0.717005,0.0897587,0.0807493
43.7764,0.0641011,-0.0439866,0.0930207,0.686677,-0.716866,0.0897852,0.0807264
43.7814,0.0641011,-0.0439866,0.0930207,0.686677,-0.716866,0.0897852,0.0807264
43.7863,0.0641093,-0.0440138,0.0929303,0.686821,-0.716727,0.0898117,0.0807035
43.7914,0.0641093,-0.0440138,0.0929303,0.686821,-0.716727,0.0898117,0.0807035
43.7964,0.0642049,-0.0440146,0.0928398,0.686947,-0.716571,0.0899794,0.0808279
43.8014,0.0642016,-0.0440038,0.0927866,0.687092,-0.716432,0.0900058,0.0808049
43.8064,0.0642131,-0.0440417,0.0927493,0.687092,-0.716432,0.0900058,0.0808049
43.8114,0.0642098,-0.0440309,0.0926962,0.686782,-0.716728,0.0899562,0.080865
43.8164,0.064218,-0.044058,0.0926057,0.686927,-0.716589,0.0899826,0.0808421
43.8214,0.064218,-0.044058,0.0926057,0.686927,-0.716589,0.0899826,0.0808421
43.8264,0.0642262,-0.044085,0.0925153,0.687071,-0.716449,0.0900091,0.0808191
43.8314,0.0642262,-0.044085,0.0925153,0.687071,-0.716449,0.0900091,0.0808191
43.8364,0.0643217,-0.0440856,0.0924248,0.686743,-0.716729,0.0901006,0.0810266
43.8414,0.0643217,-0.0440856,0.0924248,0.686743,-0.716729,0.0901006,0.0810266
43.8464,0.0643217,-0.0440856,0.0924248,0.686743,-0.716729,0.0901006,0.0810266
43.8514,0.0643299,-0.0441126,0.0923343,0.686888,-0.71659,0.0901271,0.0810036
43.8564,0.0643299,-0.0441126,0.0923343,0.686888,-0.71659,0.0901271,0.0810036
43.8614,0.0643299,-0.0441126,0.0923343,0.686888,-0.71659,0.0901271,0.0810036
43.8664,0.064338,-0.0441395,0.0922437,0.686578,-0.716886,0.0900773,0.0810638
43.8714,0.064338,-0.0441395,0.0922437,0.686578,-0.716886,0.0900773,0.0810638
43.8764,0.0643495,-0.0441773,0.0922063,0.686578,-0.716886,0.0900773,0.0810638
43.8814,0.0643462,-0.0441664,0.0921532,0.686723,-0.716746,0.0901039,0.0810409
43.8864,0.0643576,-0.0442042,0.0921158,0.686723,-0.716746,0.0901039,0.0810409
43.8914,0.0643543,-0.0441933,0.0920627,0.686815,-0.716549,0.0905885,0.0814569
43.8964,0.0643657,-0.0442311,0.0920253,0.686867,-0.716607,0.0901304,0.0810179
43.9014,0.0643657,-0.0442311,0.0920253,0.686815,-0.716549,0.0905885,0.0814569
43.9065,0.0643657,-0.0442311,0.0920253,0.686867,-0.716607,0.0901304,0.0810179
43.9114,0.0643772,-0.0442689,0.0919878,0.686413,-0.717043,0.0900541,0.081101
43.9163,0.0643772,-0.0442689,0.0919878,0.686413,-0.717043,0.0900541,0.081101
43.9214,0.0643772,-0.0442689,0.0919878,0.686413,-0.717043,0.0900541,0.081101
43.9264,0.0643886,-0.0443066,0.0919503,0.686413,-0.717043,0.0900541,0.081101
43.9314,0.0643886,-0.0443066,0.0919503,0.686413,-0.717043,0.0900541,0.081101
43.9364,0.0643853,-0.0442957,0.0918972,0.686558,-0.716903,0.0900806,0.0810781
43.9414,0.0643967,-0.0443334,0.0918598,0.686558,-0.716903,0.0900806,0.0810781
43.9464,0.0643967,-0.0443334,0.0918598,0.686558,-0.716903,0.0900806,0.0810781
43.9514,0.0644081,-0.0443711,0.0918223,0.686506,-0.716846,0.0905388,0.0815169
43.9564,0.0644048,-0.0443602,0.0917691,0.686702,-0.716764,0.0901071,0.0810551
43.9614,0.0644048,-0.0443602,0.0917691,0.686609,-0.716823,0.0906431,0.080725
43.9664,0.0644048,-0.0443602,0.0917691,0.686609,-0.716823,0.0906431,0.080725
43.9714,0.0644129,-0.0443869,0.0916785,0.686753,-0.716684,0.0906697,0.0807022
43.9764,0.0644129,-0.0443869,0.0916785,0.686753,-0.716684,0.0906697,0.0807022
43.9814,0.0644243,-0.0444246,0.091641,0.686701,-0.716626,0.0911278,0.0811411
43.9864,0.064421,-0.0444136,0.0915879,0.686898,-0.716545,0.0906963,0.0806793
43.9914,0.064421,-0.0444136,0.0915879,0.686392,-0.716922,0.0910785,0.0812016
43.9964,0.064421,-0.0444136,0.0915879,0.686443,-0.71698,0.0906202,0.0807628
44.0014,0.0644291,-0.0444402,0.0914973,0.686588,-0.716841,0.0906468,0.08074
44.0064,0.0645132,-0.0444026,0.0914442,0.686714,-0.716685,0.0908145,0.0808644
44.0114,0.0645132,-0.0444026,0.0914442,0.68662,-0.716744,0.091351,0.0805352
44.0164,0.0645132,-0.0444026,0.0914442,0.68662,-0.716744,0.091351,0.0805352
44.0214,0.0645213,-0.0444292,0.0913535,0.686764,-0.716605,0.0913777,0.0805124
44.0264,0.0645213,-0.0444292,0.0913535,0.686259,-0.716982,0.0917599,0.081035
44.0314,0.0645213,-0.0444292,0.0913535,0.68631,-0.71704,0.0913017,0.0805963
44.0364,0.0645213,-0.0444292,0.0913535,0.68631,-0.71704,0.0913017,0.0805963
44.0418,0.0646054,-0.0443916,0.0913004,0.686436,-0.716884,0.0914695,0.0807209
44.0464,0.0646054,-0.0443916,0.0913004,0.686436,-0.716884,0.0914695,0.0807209
44.0514,0.0646168,-0.0444292,0.0912629,0.686384,-0.716826,0.0919277,0.0811597
44.0564,0.0646168,-0.0444292,0.0912629,0.686384,-0.716826,0.0919277,0.0811597
44.0614,0.0646168,-0.0444292,0.0912629,0.686436,-0.716884,0.0914695,0.0807209
44.0664,0.0646168,-0.0444292,0.0912629,0.686384,-0.716826,0.0919277,0.0811597
44.0714,0.0646168,-0.0444292,0.0912629,0.686436,-0.716884,0.0914695,0.0807209
44.0764,0.0646282,-0.0444669,0.0912253,0.686436,-0.716884,0.0914695,0.0807209
44.0814,0.0646282,-0.0444669,0.0912253,0.686436,-0.716884,0.0914695,0.0807209
44.0864,0.0646282,-0.0444669,0.0912253,0.686436,-0.716884,0.0914695,0.0807209
44.0914,0.0646282,-0.0444669,0.0912253,0.686436,-0.716884,0.0914695,0.0807209
44.0964,0.0647157,-0.0444403,0.0912253,0.686417,-0.716868,0.0916106,0.0808683
44.1014,0.0647157,-0.0444403,0.0912253,0.686417,-0.716868,0.0916106,0.0808683
44.1064,0.0647124,-0.0444291,0.0911722,0.686107,-0.717164,0.0915612,0.0809296
44.1114,0.0647124,-0.0444291,0.0911722,0.686107,-0.717164,0.0915612,0.0809296
44.1164,0.0647124,-0.0444291,0.0911722,0.686013,-0.717222,0.0920982,0.0806013
44.1214,0.0647124,-0.0444291,0.0911722,0.686107,-0.717164,0.0915612,0.0809296
44.1264,0.0647124,-0.0444291,0.0911722,0.686107,-0.717164,0.0915612,0.0809296
44.1314,0.0647238,-0.0444668,0.0911346,0.686107,-0.717164,0.0915612,0.0809296
44.1364,0.0647238,-0.0444668,0.0911346,0.686107,-0.717164,0.0915612,0.0809296
44.1414,0.0647238,-0.0444668,0.0911346,0.686107,-0.717164,0.0915612,0.0809296
44.1464,0.0647238,-0.0444668,0.0911346,0.686107,-0.717164,0.0915612,0.0809296
44.1514,0.0647238,-0.0444668,0.0911346,0.686107,-0.717164,0.0915612,0.0809296
44.1564,0.0647238,-0.0444668,0.0911346,0.686107,-0.717164,0.0915612,0.0809296
44.1614,0.0647238,-0.0444668,0.0911346,0.686107,-0.717164,0.0915612,0.0809296
44.1664,0.0647238,-0.0444668,0.0911346,0.686107,-0.717164,0.0915612,0.0809296
44.1714,0.0647238,-0.0444668,0.0911346,0.685961,-0.717163,0.0925566,0.0810398
44.1764,0.0647238,-0.0444668,0.0911346,0.686013,-0.717222,0.0920982,0.0806013
44.1814,0.0647238,-0.0444668,0.0911346,0.686107,-0.717164,0.0915612,0.0809296
44.1864,0.0647238,-0.0444668,0.0911346,0.686107,-0.717164,0.0915612,0.0809296
44.1914,0.0647238,-0.0444668,0.0911346,0.686107,-0.717164,0.0915612,0.0809296
44.1964,0.0647352,-0.0445044,0.091097,0.686013,-0.717222,0.0920982,0.0806013
44.2014,0.0647352,-0.0445044,0.091097,0.685653,-0.717598,0.0914849,0.0810137
44.2064,0.0647352,-0.0445044,0.091097,0.686107,-0.717164,0.0915612,0.0809296
44.2114,0.0647352,-0.0445044,0.091097,0.686107,-0.717164,0.0915612,0.0809296
44.2164,0.0647352,-0.0445044,0.091097,0.685653,-0.717598,0.0914849,0.0810137
44.2214,0.0647318,-0.0444932,0.0910439,0.686252,-0.717024,0.0915879,0.0809068
44.2264,0.0647318,-0.0444932,0.0910439,0.685703,-0.717518,0.092049,0.0806631
44.2314,0.0647318,-0.0444932,0.0910439,0.685797,-0.717459,0.0915118,0.0809909
44.2364,0.0647318,-0.0444932,0.0910439,0.685797,-0.717459,0.0915118,0.0809909
44.2414,0.0647399,-0.0445196,0.0909532,0.685847,-0.717379,0.0920758,0.0806404
44.2464,0.0647399,-0.0445196,0.0909532,0.685942,-0.71732,0.0915384,0.0809681
44.2514,0.0647399,-0.0445196,0.0909532,0.685847,-0.717379,0.0920758,0.0806404
44.2564,0.0647479,-0.044546,0.0908625,0.686087,-0.717181,0.0915652,0.0809453
44.2614,0.0647479,-0.044546,0.0908625,0.686087,-0.717181,0.0915652,0.0809453
44.2664,0.0647479,-0.044546,0.0908625,0.686087,-0.717181,0.0915652,0.0809453
44.2714,0.0647559,-0.0445724,0.0907717,0.686231,-0.717042,0.0915919,0.0809224
44.2764,0.0647559,-0.0445724,0.0907717,0.686231,-0.717042,0.0915919,0.0809224
44.2814,0.0647525,-0.0445611,0.0907187,0.685922,-0.717338,0.0915423,0.0809837
44.2864,0.0647639,-0.0445987,0.090681,0.685775,-0.717337,0.0925387,0.081095
44.2914,0.0647639,-0.0445987,0.090681,0.685922,-0.717338,0.0915423,0.0809837
44.2964,0.0647605,-0.0445874,0.0906279,0.686066,-0.717199,0.0915692,0.0809609
44.3014,0.0647719,-0.044625,0.0905902,0.686014,-0.71714,0.0920276,0.0813994
44.3064,0.0647833,-0.0446625,0.0905525,0.685971,-0.717257,0.092107,0.080634
44.3114,0.0647799,-0.0446512,0.0904995,0.686159,-0.717001,0.0920542,0.0813767
44.3164,0.0647913,-0.0446887,0.0904617,0.686116,-0.717118,0.0921338,0.0806112
44.3214,0.0647879,-0.0446774,0.0904087,0.686355,-0.71692,0.0916226,0.0809152
44.3264,0.0647958,-0.0447036,0.0903179,0.686405,-0.716839,0.0921874,0.0805658
44.3314,0.0648834,-0.0446769,0.0903179,0.685932,-0.717258,0.0922524,0.0807978
44.3364,0.0648914,-0.0447031,0.0902271,0.686076,-0.717119,0.0922793,0.080775
44.3414,0.0648879,-0.0446917,0.0901741,0.686316,-0.716921,0.0917677,0.0810783
44.3464,0.0648994,-0.0447292,0.0901363,0.686221,-0.716979,0.0923061,0.0807523
44.3514,0.0649073,-0.0447552,0.0900455,0.686365,-0.71684,0.0923329,0.0807295
44.3568,0.0649073,-0.0447552,0.0900455,0.685859,-0.717216,0.0927152,0.0812525
44.3614,0.0649152,-0.0447813,0.0899546,0.686056,-0.717136,0.0922836,0.0807914
44.3664,0.0649152,-0.0447813,0.0899546,0.686056,-0.717136,0.0922836,0.0807914
44.3714,0.0649231,-0.0448073,0.0898638,0.6862,-0.716997,0.0923104,0.0807686
44.3764,0.0649231,-0.0448073,0.0898638,0.6862,-0.716997,0.0923104,0.0807686
44.3814,0.064931,-0.0448332,0.0897729,0.68589,-0.717293,0.0922611,0.0808304
44.3864,0.0649424,-0.0448706,0.0897351,0.68589,-0.717293,0.0922611,0.0808304
44.3913,0.0649424,-0.0448706,0.0897351,0.68589,-0.717293,0.0922611,0.0808304
44.3964,0.0649503,-0.0448965,0.0896442,0.686035,-0.717153,0.092288,0.0808077
44.4014,0.0649503,-0.0448965,0.0896442,0.686035,-0.717153,0.092288,0.0808077
44.4064,0.0649582,-0.0449224,0.0895533,0.68618,-0.717014,0.0923148,0.080785
44.4115,0.0649696,-0.0449597,0.0895154,0.685725,-0.717449,0.0922386,0.0808695
44.4164,0.0649661,-0.0449482,0.0894624,0.68587,-0.71731,0.0922655,0.0808468
44.4214,0.0650616,-0.0449473,0.0893715,0.685995,-0.717154,0.0924333,0.0809715
44.4264,0.065073,-0.0449846,0.0893335,0.685995,-0.717154,0.0924333,0.0809715
44.4314,0.0650695,-0.0449731,0.0892806,0.686088,-0.716956,0.0929185,0.0813873
44.4364,0.0650809,-0.0450103,0.0892426,0.685686,-0.71745,0.0923839,0.0810334
44.4414,0.0650887,-0.0450361,0.0891517,0.685735,-0.717369,0.0929506,0.0806871
44.4464,0.0650887,-0.0450361,0.0891517,0.685735,-0.717369,0.0929506,0.0806871
44.4514,0.0650965,-0.0450617,0.0890607,0.685879,-0.717229,0.0929775,0.0806645
44.4564,0.0650965,-0.0450617,0.0890607,0.685879,-0.717229,0.0929775,0.0806645
44.4614,0.0651044,-0.0450874,0.0889697,0.686024,-0.71709,0.0930045,0.0806418
44.4664,0.0651044,-0.0450874,0.0889697,0.686024,-0.71709,0.0930045,0.0806418
44.4714,0.0651122,-0.045113,0.0888787,0.685714,-0.717386,0.0929553,0.0807042
44.4764,0.0651122,-0.045113,0.0888787,0.685714,-0.717386,0.0929553,0.0807042
44.4814,0.06512,-0.0451386,0.0887877,0.685859,-0.717247,0.0929822,0.0806815
44.4864,0.06512,-0.0451386,0.0887877,0.685763,-0.717304,0.0935225,0.0803587
44.4914,0.0651278,-0.0451641,0.0886967,0.685453,-0.7176,0.0934736,0.0804216
44.4965,0.0651242,-0.0451524,0.0886438,0.685598,-0.71746,0.0935006,0.080399
44.5014,0.0652234,-0.0451628,0.0886057,0.685578,-0.717444,0.0936416,0.0805465
44.5064,0.0652198,-0.0451511,0.0885528,0.685723,-0.717305,0.0936686,0.080524
44.5114,0.0652275,-0.0451765,0.0884618,0.685868,-0.717166,0.0936955,0.0805013
44.5164,0.0652275,-0.0451765,0.0884618,0.685413,-0.7176,0.0936196,0.0805869
44.5215,0.0652389,-0.0452137,0.0884237,0.685413,-0.7176,0.0936196,0.0805869
44.5264,0.0652353,-0.0452019,0.0883707,0.685461,-0.717518,0.0941876,0.0802427
44.5314,0.0652467,-0.0452391,0.0883326,0.685558,-0.717461,0.0936467,0.0805643
44.5364,0.0652467,-0.0452391,0.0883326,0.685461,-0.717518,0.0941876,0.0802427
44.5414,0.0652431,-0.0452273,0.0882797,0.685606,-0.717379,0.0942147,0.0802203
44.5464,0.0652544,-0.0452644,0.0882415,0.685606,-0.717379,0.0942147,0.0802203
44.5513,0.0653422,-0.0452376,0.0882415,0.685132,-0.717797,0.0942798,0.0804537
44.5564,0.0653386,-0.0452258,0.0881886,0.685277,-0.717658,0.0943069,0.0804312
44.5614,0.06535,-0.0452629,0.0881505,0.685277,-0.717658,0.0943069,0.0804312
44.5664,0.0653464,-0.0452511,0.0880975,0.685421,-0.717519,0.094334,0.0804087
44.5714,0.0653577,-0.0452882,0.0880594,0.684967,-0.717953,0.0942581,0.0804946
44.5764,0.0653577,-0.0452882,0.0880594,0.684967,-0.717953,0.0942581,0.0804946
44.5814,0.0653577,-0.0452882,0.0880594,0.684967,-0.717953,0.0942581,0.0804946
44.5864,0.0653541,-0.0452764,0.0880065,0.685111,-0.717814,0.0942852,0.0804721
44.5914,0.0653654,-0.0453134,0.0879683,0.685111,-0.717814,0.0942852,0.0804721
44.5964,0.0653654,-0.0453134,0.0879683,0.685015,-0.717871,0.0948268,0.0801517
44.6015,0.0653654,-0.0453134,0.0879683,0.685015,-0.717871,0.0948268,0.0801517
44.6065,0.0653654,-0.0453134,0.0879683,0.685015,-0.717871,0.0948268,0.0801517
44.6114,0.0653731,-0.0453386,0.0878772,0.685159,-0.717732,0.094854,0.0801293
44.6164,0.0653731,-0.0453386,0.0878772,0.684704,-0.718166,0.0947783,0.0802155
44.6215,0.0653731,-0.0453386,0.0878772,0.684704,-0.718166,0.0947783,0.0802155
44.6265,0.0653731,-0.0453386,0.0878772,0.684704,-0.718166,0.0947783,0.0802155
44.6315,0.0653808,-0.0453638,0.0877861,0.684849,-0.718027,0.0948055,0.0801932
44.6364,0.0653808,-0.0453638,0.0877861,0.684849,-0.718027,0.0948055,0.0801932
44.6414,0.0654687,-0.0453369,0.0877861,0.68483,-0.71801,0.0949463,0.0803408
44.6464,0.0654687,-0.0453369,0.0877861,0.68483,-0.71801,0.0949463,0.0803408
44.6514,0.0654651,-0.045325,0.0877332,0.684519,-0.718305,0.0948978,0.0804047
44.6564,0.0654764,-0.045362,0.0876949,0.684519,-0.718305,0.0948978,0.0804047
44.6614,0.0654764,-0.045362,0.0876949,0.684519,-0.718305,0.0948978,0.0804047
44.6664,0.0654764,-0.045362,0.0876949,0.684422,-0.718362,0.0954398,0.0800853
44.6714,0.0654764,-0.045362,0.0876949,0.684519,-0.718305,0.0948978,0.0804047
44.6764,0.0654764,-0.045362,0.0876949,0.684519,-0.718305,0.0948978,0.0804047
44.6814,0.0654764,-0.045362,0.0876949,0.684519,-0.718305,0.0948978,0.0804047
44.6864,0.0654764,-0.045362,0.0876949,0.684422,-0.718362,0.0954398,0.0800853
44.6914,0.0654764,-0.045362,0.0876949,0.684422,-0.718362,0.0954398,0.0800853
44.6964,0.0654764,-0.045362,0.0876949,0.684519,-0.718305,0.0948978,0.0804047
44.7014,0.0654764,-0.045362,0.0876949,0.684519,-0.718305,0.0948978,0.0804047
44.7064,0.0654764,-0.045362,0.0876949,0.684519,-0.718305,0.0948978,0.0804047
44.7115,0.0654764,-0.045362,0.0876949,0.684519,-0.718305,0.0948978,0.0804047
44.7164,0.0654764,-0.045362,0.0876949,0.684519,-0.718305,0.0948978,0.0804047
44.7214,0.0654764,-0.045362,0.0876949,0.684064,-0.718739,0.0948218,0.080491
44.7265,0.0654764,-0.045362,0.0876949,0.684519,-0.718305,0.0948978,0.0804047
44.7314,0.0654764,-0.045362,0.0876949,0.684519,-0.718305,0.0948978,0.0804047
44.7364,0.0654878,-0.045399,0.0876567,0.684519,-0.718305,0.0948978,0.0804047
44.7415,0.0654878,-0.045399,0.0876567,0.684519,-0.718305,0.0948978,0.0804047
44.7464,0.0654878,-0.045399,0.0876567,0.684064,-0.718739,0.0948218,0.080491
44.7514,0.0654878,-0.045399,0.0876567,0.684064,-0.718739,0.0948218,0.080491
44.7564,0.0654841,-0.0453871,0.0876038,0.684209,-0.7186,0.094849,0.0804686
44.7614,0.0654841,-0.0453871,0.0876038,0.684112,-0.718657,0.0953914,0.0801497
44.7664,0.0654841,-0.0453871,0.0876038,0.684112,-0.718657,0.0953914,0.0801497
44.7714,0.0654954,-0.0454241,0.0875656,0.684209,-0.7186,0.094849,0.0804686
44.7764,0.0654918,-0.0454122,0.0875127,0.684354,-0.718461,0.0948763,0.0804463
44.7814,0.0654918,-0.0454122,0.0875127,0.684354,-0.718461,0.0948763,0.0804463
44.7864,0.0654918,-0.0454122,0.0875127,0.684257,-0.718518,0.0954187,0.0801274
44.7914,0.0654881,-0.0454003,0.0874598,0.684499,-0.718322,0.0949035,0.0804239
44.7964,0.0654881,-0.0454003,0.0874598,0.684401,-0.718379,0.095446,0.0801052
44.8014,0.0654958,-0.0454253,0.0873686,0.684643,-0.718183,0.0949307,0.0804015
44.8064,0.0655837,-0.0453983,0.0873686,0.684624,-0.718167,0.0950714,0.0805492
44.8114,0.0655837,-0.0453983,0.0873686,0.684071,-0.718657,0.0955383,0.0803173
44.8164,0.065595,-0.0454353,0.0873303,0.684169,-0.718601,0.0949955,0.0806356
44.8214,0.0655914,-0.0454233,0.0872775,0.684216,-0.718518,0.0955656,0.080295
44.8264,0.0655914,-0.0454233,0.0872775,0.684313,-0.718462,0.0950227,0.0806132
44.8314,0.0656027,-0.0454602,0.0872392,0.684216,-0.718518,0.0955656,0.080295
44.8364,0.0656027,-0.0454602,0.0872392,0.684216,-0.718518,0.0955656,0.080295
44.8414,0.0656906,-0.0454332,0.0872392,0.684197,-0.718501,0.0957063,0.0804427
44.8464,0.0656906,-0.0454332,0.0872392,0.684197,-0.718501,0.0957063,0.0804427
44.8514,0.065702,-0.0454702,0.0872008,0.684197,-0.718501,0.0957063,0.0804427
44.8566,0.065702,-0.0454702,0.0872008,0.684197,-0.718501,0.0957063,0.0804427
44.8614,0.065702,-0.0454702,0.0872008,0.684197,-0.718501,0.0957063,0.0804427
44.8664,0.065702,-0.0454702,0.0872008,0.684197,-0.718501,0.0957063,0.0804427
44.8714,0.065702,-0.0454702,0.0872008,0.684197,-0.718501,0.0957063,0.0804427
44.8764,0.0657133,-0.0455071,0.0871625,0.684197,-0.718501,0.0957063,0.0804427
44.8814,0.0657096,-0.0454951,0.0871096,0.684341,-0.718362,0.0957337,0.0804204
44.8864,0.0657096,-0.0454951,0.0871096,0.684341,-0.718362,0.0957337,0.0804204
44.8914,0.0657096,-0.0454951,0.0871096,0.684341,-0.718362,0.0957337,0.0804204
44.8964,0.0657096,-0.0454951,0.0871096,0.684341,-0.718362,0.0957337,0.0804204
44.9014,0.0657059,-0.045483,0.0870568,0.684486,-0.718223,0.0957609,0.0803981
44.9064,0.0657172,-0.0455199,0.0870184,0.684486,-0.718223,0.0957609,0.0803981
44.9114,0.0657135,-0.0455079,0.0869656,0.684631,-0.718084,0.0957882,0.0803758
44.9164,0.0658015,-0.0454808,0.0869656,0.684611,-0.718068,0.095929,0.0805234
44.9214,0.0658015,-0.0454808,0.0869656,0.684611,-0.718068,0.095929,0.0805234
44.9265,0.0657978,-0.0454688,0.0869127,0.684756,-0.717929,0.0959563,0.0805011
44.9314,0.0657978,-0.0454688,0.0869127,0.684756,-0.717929,0.0959563,0.0805011
44.9364,0.0658091,-0.0455056,0.0868743,0.684807,-0.71799,0.0954974,0.0800634
44.9414,0.0658054,-0.0454936,0.0868215,0.6849,-0.71779,0.0959837,0.0804787
44.9464,0.0658054,-0.0454936,0.0868215,0.6849,-0.71779,0.0959837,0.0804787
44.9514,0.0658167,-0.0455304,0.0867831,0.684802,-0.717846,0.0965268,0.0801611
44.9564,0.065813,-0.0455183,0.0867303,0.685045,-0.717651,0.096011,0.0804564
44.9614,0.065813,-0.0455183,0.0867303,0.684998,-0.717768,0.0960954,0.0797011
44.9664,0.0658206,-0.045543,0.086639,0.685091,-0.717567,0.0965817,0.0801166
44.9714,0.0659086,-0.0455159,0.086639,0.685123,-0.717613,0.0962638,0.0798263
44.9764,0.0659048,-0.0455038,0.0865862,0.685267,-0.717473,0.0962913,0.0798039
44.9815,0.0659162,-0.0455406,0.0865478,0.685267,-0.717473,0.0962913,0.0798039
44.9864,0.0659124,-0.0455285,0.0864949,0.684808,-0.717763,0.097245,0.0799902
44.9914,0.0659238,-0.0455653,0.0864565,0.684859,-0.717825,0.0967862,0.0795525
44.9964,0.06592,-0.0455531,0.0864037,0.685003,-0.717685,0.0968139,0.0795302
45.0014,0.0659313,-0.0455899,0.0863652,0.685003,-0.717685,0.0968139,0.0795302
45.0066,0.0659313,-0.0455899,0.0863652,0.685003,-0.717685,0.0968139,0.0795302
45.0114,0.0660269,-0.0455873,0.086274,0.685128,-0.71753,0.0969823,0.0796555
45.0164,0.0660269,-0.0455873,0.086274,0.685128,-0.71753,0.0969823,0.0796555
45.0214,0.0660382,-0.0456241,0.0862355,0.685128,-0.71753,0.0969823,0.0796555
45.0265,0.0660345,-0.0456118,0.0861827,0.684818,-0.717825,0.0969339,0.0797213
45.0314,0.0660345,-0.0456118,0.0861827,0.684818,-0.717825,0.0969339,0.0797213
45.0364,0.0660458,-0.0456486,0.0861442,0.684818,-0.717825,0.0969339,0.0797213
45.0415,0.0660458,-0.0456486,0.0861442,0.684818,-0.717825,0.0969339,0.0797213
45.0465,0.0660534,-0.0456731,0.0860529,0.684963,-0.717686,0.0969615,0.0796991
45.0514,0.0660534,-0.0456731,0.0860529,0.684864,-0.717741,0.0975054,0.0793831
45.0564,0.0660534,-0.0456731,0.0860529,0.684864,-0.717741,0.0975054,0.0793831
45.0615,0.0660609,-0.0456975,0.0859615,0.684554,-0.718036,0.0974573,0.0794494
45.0664,0.0660609,-0.0456975,0.0859615,0.684554,-0.718036,0.0974573,0.0794494
45.0714,0.0660684,-0.0457219,0.0858702,0.684698,-0.717897,0.097485,0.0794272
45.0764,0.0660684,-0.0457219,0.0858702,0.684749,-0.717959,0.0970261,0.0789896
45.0815,0.066076,-0.0457463,0.0857789,0.684843,-0.717758,0.0975127,0.0794051
45.0865,0.066076,-0.0457463,0.0857789,0.684893,-0.71782,0.0970539,0.0789673
45.0914,0.0660835,-0.0457706,0.0856875,0.684583,-0.718115,0.0970056,0.0790338
45.0964,0.0660835,-0.0457706,0.0856875,0.684583,-0.718115,0.0970056,0.0790338
45.1015,0.0660797,-0.0457583,0.0856347,0.684628,-0.718032,0.0975779,0.0786969
45.1064,0.066179,-0.0457677,0.0855961,0.684608,-0.718015,0.0977187,0.0788445
45.1114,0.066179,-0.0457677,0.0855961,0.684154,-0.718449,0.0976427,0.0789337
45.1164,0.0661865,-0.045792,0.0855048,0.684298,-0.71831,0.0976706,0.0789116
45.1214,0.0661865,-0.045792,0.0855048,0.684298,-0.71831,0.0976706,0.0789116
45.1264,0.0661865,-0.045792,0.0855048,0.684298,-0.71831,0.0976706,0.0789116
45.1314,0.0662859,-0.0458014,0.0854661,0.684278,-0.718294,0.0978112,0.0790592
45.1364,0.0662859,-0.0458014,0.0854661,0.683823,-0.718727,0.0977352,0.0791485
45.1414,0.0662859,-0.0458014,0.0854661,0.683823,-0.718727,0.0977352,0.0791485
45.1464,0.0662859,-0.0458014,0.0854661,0.683823,-0.718727,0.0977352,0.0791485
45.1514,0.0662972,-0.045838,0.0854275,0.683874,-0.71879,0.0972757,0.0787114
45.1564,0.0662972,-0.045838,0.0854275,0.683874,-0.71879,0.0972757,0.0787114
45.1614,0.0662972,-0.045838,0.0854275,0.683874,-0.71879,0.0972757,0.0787114
45.1664,0.0662934,-0.0458256,0.0853747,0.684018,-0.718651,0.0973037,0.0786892
45.1715,0.0662934,-0.0458256,0.0853747,0.684018,-0.718651,0.0973037,0.0786892
45.1764,0.0662934,-0.0458256,0.0853747,0.684018,-0.718651,0.0973037,0.0786892
45.1814,0.0662934,-0.0458256,0.0853747,0.684018,-0.718651,0.0973037,0.0786892
45.1864,0.0662934,-0.0458256,0.0853747,0.684069,-0.718713,0.0968444,0.0782519
45.1914,0.0662934,-0.0458256,0.0853747,0.683614,-0.719146,0.0967677,0.0783418
45.1964,0.0662934,-0.0458256,0.0853747,0.683564,-0.719084,0.0972273,0.0787787
45.2014,0.0662934,-0.0458256,0.0853747,0.683564,-0.719084,0.0972273,0.0787787
45.2064,0.0662934,-0.0458256,0.0853747,0.683614,-0.719146,0.0967677,0.0783418
45.2115,0.0662934,-0.0458256,0.0853747,0.683614,-0.719146,0.0967677,0.0783418
45.2164,0.0662934,-0.0458256,0.0853747,0.683614,-0.719146,0.0967677,0.0783418
45.2214,0.0662934,-0.0458256,0.0853747,0.683614,-0.719146,0.0967677,0.0783418
45.2265,0.0662934,-0.0458256,0.0853747,0.683614,-0.719146,0.0967677,0.0783418
45.2314,0.0662934,-0.0458256,0.0853747,0.683614,-0.719146,0.0967677,0.0783418
45.2364,0.0662934,-0.0458256,0.0853747,0.683614,-0.719146,0.0967677,0.0783418
45.2414,0.0662934,-0.0458256,0.0853747,0.683614,-0.719146,0.0967677,0.0783418
45.2464,0.0662934,-0.0458256,0.0853747,0.683614,-0.719146,0.0967677,0.0783418
45.2514,0.0662934,-0.0458256,0.0853747,0.683614,-0.719146,0.0967677,0.0783418
45.2564,0.0662934,-0.0458256,0.0853747,0.683614,-0.719146,0.0967677,0.0783418
45.2614,0.0662934,-0.0458256,0.0853747,0.683614,-0.719146,0.0967677,0.0783418
45.2664,0.0662934,-0.0458256,0.0853747,0.683614,-0.719146,0.0967677,0.0783418
45.2714,0.0662934,-0.0458256,0.0853747,0.683614,-0.719146,0.0967677,0.0783418
45.2764,0.0663815,-0.0457983,0.0853747,0.683594,-0.71913,0.0969082,0.0784896
45.2814,0.0663815,-0.0457983,0.0853747,0.683594,-0.71913,0.0969082,0.0784896
45.2864,0.0663815,-0.0457983,0.0853747,0.683594,-0.71913,0.0969082,0.0784896
45.2914,0.0663776,-0.0457859,0.085322,0.683738,-0.718991,0.0969363,0.0784672
45.2964,0.0663776,-0.0457859,0.085322,0.683738,-0.718991,0.0969363,0.0784672
45.3014,0.0663776,-0.0457859,0.085322,0.683738,-0.718991,0.0969363,0.0784672
45.3064,0.0663776,-0.0457859,0.085322,0.683738,-0.718991,0.0969363,0.0784672
45.3114,0.0663738,-0.0457735,0.0852692,0.683883,-0.718852,0.0969644,0.0784449
45.3164,0.0663738,-0.0457735,0.0852692,0.683883,-0.718852,0.0969644,0.0784449
45.3214,0.0663738,-0.0457735,0.0852692,0.683883,-0.718852,0.0969644,0.0784449
45.3264,0.0663699,-0.045761,0.0852165,0.684028,-0.718713,0.0969925,0.0784225
45.3314,0.0663699,-0.045761,0.0852165,0.684028,-0.718713,0.0969925,0.0784225
45.3364,0.0663812,-0.0457976,0.0851778,0.684028,-0.718713,0.0969925,0.0784225
45.3414,0.0663774,-0.0457851,0.0851251,0.684172,-0.718574,0.0970206,0.0784001
45.3464,0.0663887,-0.0458217,0.0850864,0.684172,-0.718574,0.0970206,0.0784001
45.3514,0.0663887,-0.0458217,0.0850864,0.683718,-0.719007,0.0969439,0.07849
45.3564,0.0663848,-0.0458092,0.0850336,0.684317,-0.718435,0.0970487,0.0783777
45.3614,0.0663962,-0.0458458,0.084995,0.683862,-0.718868,0.096972,0.0784677
45.3664,0.0663962,-0.0458458,0.084995,0.683862,-0.718868,0.096972,0.0784677
45.3714,0.0663923,-0.0458333,0.0849422,0.684007,-0.718729,0.0970001,0.0784453
45.3764,0.0664036,-0.0458698,0.0849035,0.684007,-0.718729,0.0970001,0.0784453
45.3815,0.0663997,-0.0458573,0.0848508,0.684151,-0.71859,0.0970282,0.0784229
45.3864,0.0663958,-0.0458447,0.0847981,0.684296,-0.718451,0.0970562,0.0784005
45.3914,0.0664072,-0.0458812,0.0847594,0.684296,-0.718451,0.0970562,0.0784005
45.3964,0.0664033,-0.0458687,0.0847066,0.68444,-0.718312,0.0970844,0.0783781
45.4014,0.0664033,-0.0458687,0.0847066,0.68444,-0.718312,0.0970844,0.0783781
45.4064,0.0664107,-0.0458926,0.0846152,0.68413,-0.718607,0.0970356,0.0784457
45.4115,0.0664068,-0.04588,0.0845625,0.684275,-0.718468,0.0970637,0.0784233
45.4164,0.0664068,-0.04588,0.0845625,0.684275,-0.718468,0.0970637,0.0784233
45.4214,0.0664142,-0.0459038,0.084471,0.68442,-0.718329,0.0970918,0.0784009
45.4265,0.0664102,-0.0458912,0.0844183,0.684564,-0.71819,0.0971199,0.0783785
45.4314,0.0664102,-0.0458912,0.0844183,0.684564,-0.71819,0.0971199,0.0783785
45.4364,0.0664063,-0.0458785,0.0843656,0.684254,-0.718484,0.0970712,0.0784461
45.4414,0.0664176,-0.045915,0.0843269,0.684254,-0.718484,0.0970712,0.0784461
45.4464,0.0664137,-0.0459023,0.0842742,0.684399,-0.718345,0.0970993,0.0784238
45.4514,0.0664137,-0.0459023,0.0842742,0.684399,-0.718345,0.0970993,0.0784238
45.4564,0.0664097,-0.0458895,0.0842215,0.684089,-0.71864,0.0970505,0.0784914
45.4614,0.066421,-0.045926,0.0841827,0.684089,-0.71864,0.0970505,0.0784914
45.4664,0.0664171,-0.0459133,0.0841301,0.684233,-0.718501,0.0970786,0.078469
45.4714,0.0664284,-0.0459497,0.0840913,0.684233,-0.718501,0.0970786,0.078469
45.4765,0.0664284,-0.0459497,0.0840913,0.684233,-0.718501,0.0970786,0.078469
45.4815,0.0664244,-0.045937,0.0840386,0.684378,-0.718362,0.0971067,0.0784466
45.4864,0.0664244,-0.045937,0.0840386,0.683923,-0.718795,0.0970299,0.0785366
45.4915,0.0664318,-0.0459606,0.0839471,0.684068,-0.718656,0.097058,0.0785142
45.4965,0.0665199,-0.0459333,0.0839471,0.684048,-0.71864,0.0971986,0.078662
45.5015,0.0665159,-0.0459205,0.0838944,0.684192,-0.718501,0.0972267,0.0786396
45.5064,0.0665272,-0.0459569,0.0838556,0.684192,-0.718501,0.0972267,0.0786396
45.5114,0.0665272,-0.0459569,0.0838556,0.683738,-0.718934,0.0971498,0.0787297
45.5164,0.0665272,-0.0459569,0.0838556,0.683738,-0.718934,0.0971498,0.0787297
45.5214,0.0665345,-0.0459805,0.0837641,0.683882,-0.718795,0.0971779,0.0787073
45.5265,0.0665345,-0.0459805,0.0837641,0.683882,-0.718795,0.0971779,0.0787073
45.5314,0.0665345,-0.0459805,0.0837641,0.683882,-0.718795,0.0971779,0.0787073
45.5364,0.0665458,-0.0460168,0.0837253,0.683781,-0.718851,0.0977255,0.0783984
45.5414,0.0665458,-0.0460168,0.0837253,0.683781,-0.718851,0.0977255,0.0783984
45.5464,0.0665458,-0.0460168,0.0837253,0.683326,-0.719284,0.0976488,0.0784888
45.5514,0.0665458,-0.0460168,0.0837253,0.683326,-0.719284,0.0976488,0.0784888
45.5564,0.0665571,-0.0460532,0.0836864,0.683326,-0.719284,0.0976488,0.0784888
45.5616,0.0665571,-0.0460532,0.0836864,0.683326,-0.719284,0.0976488,0.0784888
45.5665,0.0665571,-0.0460532,0.0836864,0.683427,-0.719229,0.0971009,0.0787973
45.5714,0.0665571,-0.0460532,0.0836864,0.683427,-0.719229,0.0971009,0.0787973
45.5765,0.0665571,-0.0460532,0.0836864,0.683326,-0.719284,0.0976488,0.0784888
45.5814,0.0665571,-0.0460532,0.0836864,0.683427,-0.719229,0.0971009,0.0787973
45.5864,0.0665571,-0.0460532,0.0836864,0.683427,-0.719229,0.0971009,0.0787973
45.5914,0.0665571,-0.0460532,0.0836864,0.683326,-0.719284,0.0976488,0.0784888
45.5964,0.0665571,-0.0460532,0.0836864,0.683427,-0.719229,0.0971009,0.0787973
45.6014,0.0665684,-0.0460896,0.0836475,0.683326,-0.719284,0.0976488,0.0784888
45.6064,0.0665684,-0.0460896,0.0836475,0.683326,-0.719284,0.0976488,0.0784888
45.6115,0.0665684,-0.0460896,0.0836475,0.683326,-0.719284,0.0976488,0.0784888
45.6165,0.0665684,-0.0460896,0.0836475,0.683326,-0.719284,0.0976488,0.0784888
45.6214,0.0665644,-0.0460767,0.0835949,0.683471,-0.719145,0.097677,0.0784665
45.6264,0.0665644,-0.0460767,0.0835949,0.683471,-0.719145,0.097677,0.0784665
45.6314,0.0666526,-0.0460493,0.0835949,0.683451,-0.719129,0.0978175,0.0786144
45.6364,0.0666526,-0.0460493,0.0835949,0.683451,-0.719129,0.0978175,0.0786144
45.6414,0.0666639,-0.0460857,0.083556,0.683552,-0.719073,0.0972696,0.0789228
45.6465,0.0666639,-0.0460857,0.083556,0.683451,-0.719129,0.0978175,0.0786144
45.6515,0.0666639,-0.0460857,0.083556,0.683451,-0.719129,0.0978175,0.0786144
45.6564,0.0666639,-0.0460857,0.083556,0.683451,-0.719129,0.0978175,0.0786144
45.6614,0.0666639,-0.0460857,0.083556,0.683451,-0.719129,0.0978175,0.0786144
45.6664,0.0666639,-0.0460857,0.083556,0.683501,-0.719191,0.0973578,0.0781775
45.6714,0.0666639,-0.0460857,0.083556,0.683501,-0.719191,0.0973578,0.0781775
45.6764,0.0666639,-0.0460857,0.083556,0.683501,-0.719191,0.0973578,0.0781775
45.6814,0.0666599,-0.0460728,0.0835033,0.683191,-0.719485,0.0973089,0.0782459
45.6865,0.0666712,-0.0461091,0.0834644,0.683191,-0.719485,0.0973089,0.0782459
45.6914,0.0666712,-0.0461091,0.0834644,0.683191,-0.719485,0.0973089,0.0782459
45.6965,0.0666712,-0.0461091,0.0834644,0.683191,-0.719485,0.0973089,0.0782459
45.7015,0.0666712,-0.0461091,0.0834644,0.683191,-0.719485,0.0973089,0.0782459
45.7064,0.0666672,-0.0460962,0.0834118,0.683335,-0.719346,0.0973373,0.0782235
45.7114,0.0666784,-0.0461325,0.0833728,0.683335,-0.719346,0.0973373,0.0782235
45.7164,0.0666784,-0.0461325,0.0833728,0.683335,-0.719346,0.0973373,0.0782235
45.7214,0.0666784,-0.0461325,0.0833728,0.683335,-0.719346,0.0973373,0.0782235
45.7265,0.0666897,-0.0461688,0.0833339,0.683335,-0.719346,0.0973373,0.0782235
45.7315,0.0666857,-0.0461559,0.0832813,0.68348,-0.719208,0.0973655,0.0782011
45.7365,0.0666857,-0.0461559,0.0832813,0.68348,-0.719208,0.0973655,0.0782011
45.7415,0.066697,-0.0461922,0.0832423,0.68348,-0.719208,0.0973655,0.0782011
45.7465,0.066697,-0.0461922,0.0832423,0.68348,-0.719208,0.0973655,0.0782011
45.7515,0.066697,-0.0461922,0.0832423,0.68348,-0.719208,0.0973655,0.0782011
45.7564,0.0667083,-0.0462284,0.0832033,0.68348,-0.719208,0.0973655,0.0782011
45.7615,0.0667965,-0.046201,0.0832033,0.68346,-0.719192,0.097506,0.078349
45.7664,0.0668078,-0.0462372,0.0831643,0.68351,-0.719254,0.0970463,0.0779121
45.7714,0.0668078,-0.0462372,0.0831643,0.68346,-0.719192,0.097506,0.078349
45.7765,0.0668078,-0.0462372,0.0831643,0.68346,-0.719192,0.097506,0.078349
45.7815,0.066819,-0.0462734,0.0831253,0.683055,-0.719686,0.0969688,0.0780033
45.7865,0.066819,-0.0462734,0.0831253,0.68351,-0.719254,0.0970463,0.0779121
45.7914,0.066819,-0.0462734,0.0831253,0.683408,-0.71931,0.0975945,0.0776046
45.7965,0.0668263,-0.0462967,0.0830337,0.683098,-0.719603,0.0975456,0.0776737
45.8014,0.0668263,-0.0462967,0.0830337,0.683553,-0.719171,0.0976229,0.0775822
45.8064,0.0668376,-0.0463329,0.0829946,0.683098,-0.719603,0.0975456,0.0776737
45.8115,0.0669258,-0.0463054,0.0829946,0.683078,-0.719587,0.0976861,0.0778216
45.8165,0.0669331,-0.0463286,0.0829029,0.683222,-0.719449,0.0977146,0.0777992
45.8214,0.0669331,-0.0463286,0.0829029,0.683222,-0.719449,0.0977146,0.0777992
45.8264,0.0669331,-0.0463286,0.0829029,0.683222,-0.719449,0.0977146,0.0777992
45.8315,0.0669403,-0.0463518,0.0828112,0.683367,-0.71931,0.097743,0.0777768
45.8365,0.0669403,-0.0463518,0.0828112,0.683367,-0.71931,0.097743,0.0777768
45.8414,0.0669403,-0.0463518,0.0828112,0.683367,-0.71931,0.097743,0.0777768
45.8465,0.0670245,-0.0463113,0.0827586,0.683389,-0.719211,0.0984606,0.0775954
45.8515,0.0670358,-0.0463475,0.0827196,0.683389,-0.719211,0.0984606,0.0775954
45.8564,0.0670358,-0.0463475,0.0827196,0.683389,-0.719211,0.0984606,0.0775954
45.8617,0.0670471,-0.0463836,0.0826804,0.683389,-0.719211,0.0984606,0.0775954
45.8664,0.067043,-0.0463706,0.0826278,0.683534,-0.719072,0.0984892,0.0775731
45.8714,0.067043,-0.0463706,0.0826278,0.683079,-0.719504,0.0984118,0.0776652
45.8765,0.0670543,-0.0464067,0.0825887,0.683079,-0.719504,0.0984118,0.0776652
45.8815,0.0670543,-0.0464067,0.0825887,0.683079,-0.719504,0.0984118,0.0776652
45.8865,0.0671385,-0.0463661,0.0825361,0.683203,-0.71935,0.0985809,0.0777907
45.8914,0.0671385,-0.0463661,0.0825361,0.683203,-0.71935,0.0985809,0.0777907
45.8965,0.0671498,-0.0464022,0.082497,0.683253,-0.719412,0.0981211,0.077354
45.9014,0.0671457,-0.0463891,0.0824444,0.683397,-0.719274,0.0981498,0.0773315
45.9064,0.0671457,-0.0463891,0.0824444,0.683397,-0.719274,0.0981498,0.0773315
45.9115,0.067157,-0.0464252,0.0824052,0.682943,-0.719706,0.0980721,0.077424
45.9165,0.0671529,-0.0464121,0.0823527,0.683542,-0.719135,0.0981785,0.0773091
45.9214,0.0671529,-0.0464121,0.0823527,0.683087,-0.719567,0.0981008,0.0774015
45.9264,0.0671642,-0.0464482,0.0823135,0.683087,-0.719567,0.0981008,0.0774015
45.9315,0.0671642,-0.0464482,0.0823135,0.683087,-0.719567,0.0981008,0.0774015
45.9365,0.0671714,-0.0464711,0.0822217,0.683232,-0.719429,0.0981295,0.0773791
45.9414,0.0671714,-0.0464711,0.0822217,0.683232,-0.719429,0.0981295,0.0773791
45.9465,0.0672597,-0.0464435,0.0822217,0.683212,-0.719413,0.0982698,0.077527
45.9515,0.0672669,-0.0464664,0.08213,0.683356,-0.719274,0.0982987,0.0775045
45.9564,0.0672669,-0.0464664,0.08213,0.682951,-0.719769,0.0977608,0.0771605
45.9615,0.0672669,-0.0464664,0.08213,0.683253,-0.719329,0.0988478,0.0771992
45.9664,0.0672741,-0.0464893,0.0820382,0.683046,-0.719568,0.0982496,0.0775745
45.9714,0.0672741,-0.0464893,0.0820382,0.682943,-0.719623,0.098799,0.0772697
45.9764,0.0673624,-0.0464616,0.0820382,0.683026,-0.719552,0.09839,0.0777225
45.9815,0.0673696,-0.0464845,0.0819464,0.68322,-0.719476,0.0979589,0.0772633
45.9864,0.0673696,-0.0464845,0.0819464,0.683116,-0.719531,0.0985084,0.0769586
45.9914,0.0673808,-0.0465204,0.0819071,0.683116,-0.719531,0.0985084,0.0769586
45.9964,0.0673767,-0.0465073,0.0818546,0.683261,-0.719393,0.0985372,0.0769361
46.0015,0.0673767,-0.0465073,0.0818546,0.683261,-0.719393,0.0985372,0.0769361
46.0064,0.067388,-0.0465432,0.0818153,0.683261,-0.719393,0.0985372,0.0769361
46.0115,0.067388,-0.0465432,0.0818153,0.683261,-0.719393,0.0985372,0.0769361
46.0165,0.0673839,-0.0465301,0.0817628,0.682951,-0.719686,0.0984881,0.0770069
46.0214,0.0673951,-0.046566,0.0817235,0.682951,-0.719686,0.0984881,0.0770069
46.0264,0.067391,-0.0465528,0.0816709,0.682992,-0.719603,0.0990668,0.0766804
46.0315,0.067391,-0.0465528,0.0816709,0.682992,-0.719603,0.0990668,0.0766804
46.0365,0.0674906,-0.046561,0.0816317,0.682971,-0.719587,0.0992072,0.0768283
46.0415,0.0674865,-0.0465478,0.0815791,0.683116,-0.719448,0.0992362,0.0768059
46.0465,0.0674865,-0.0465478,0.0815791,0.683116,-0.719448,0.0992362,0.0768059
46.0515,0.0674978,-0.0465837,0.0815398,0.683116,-0.719448,0.0992362,0.0768059
46.0564,0.0674936,-0.0465705,0.0814873,0.68326,-0.71931,0.0992652,0.0767835
46.0615,0.0675933,-0.0465786,0.081448,0.682681,-0.719781,0.0998777,0.0767218
46.0664,0.0675891,-0.0465653,0.0813954,0.68293,-0.719587,0.0993567,0.0770028
46.0715,0.0675891,-0.0465653,0.0813954,0.682825,-0.719643,0.0999068,0.0766995
46.0765,0.0676004,-0.0466012,0.0813561,0.682825,-0.719643,0.0999068,0.0766995
46.0815,0.0675962,-0.0465879,0.0813036,0.682515,-0.719936,0.099858,0.0767713
46.0864,0.0676075,-0.0466238,0.0812642,0.683019,-0.719567,0.099476,0.0762406
46.0915,0.0676075,-0.0466238,0.0812642,0.682515,-0.719936,0.099858,0.0767713
46.0965,0.0676075,-0.0466238,0.0812642,0.682564,-0.72,0.0993979,0.0763351
46.1015,0.0676187,-0.0466596,0.0812248,0.682564,-0.72,0.0993979,0.0763351
46.1065,0.0676187,-0.0466596,0.0812248,0.682564,-0.72,0.0993979,0.0763351
46.1115,0.0676187,-0.0466596,0.0812248,0.682564,-0.72,0.0993979,0.0763351
46.1164,0.06763,-0.0466954,0.0811855,0.682564,-0.72,0.0993979,0.0763351
46.1215,0.0676258,-0.0466821,0.0811329,0.682709,-0.719861,0.099427,0.0763127
46.1264,0.0676258,-0.0466821,0.0811329,0.682709,-0.719861,0.099427,0.0763127
46.1315,0.0676371,-0.0467179,0.0810936,0.682709,-0.719861,0.099427,0.0763127
46.1365,0.0676371,-0.0467179,0.0810936,0.682254,-0.720293,0.0993489,0.0764071
46.1415,0.0676371,-0.0467179,0.0810936,0.682709,-0.719861,0.099427,0.0763127
46.1465,0.0676483,-0.0467537,0.0810541,0.682709,-0.719861,0.099427,0.0763127
46.1515,0.0676483,-0.0467537,0.0810541,0.682254,-0.720293,0.0993489,0.0764071
46.1564,0.0676441,-0.0467404,0.0810016,0.682398,-0.720154,0.0993781,0.0763847
46.1615,0.0676441,-0.0467404,0.0810016,0.682398,-0.720154,0.0993781,0.0763847
46.1665,0.0676554,-0.0467762,0.0809622,0.682398,-0.720154,0.0993781,0.0763847
46.1714,0.0676512,-0.0467628,0.0809097,0.682543,-0.720015,0.0994072,0.0763623
46.1765,0.0676512,-0.0467628,0.0809097,0.682543,-0.720015,0.0994072,0.0763623
46.1815,0.067647,-0.0467495,0.0808572,0.682687,-0.719877,0.0994364,0.0763399
46.1865,0.0677312,-0.0467083,0.0808047,0.682812,-0.719722,0.0996059,0.0764655
46.1915,0.0677312,-0.0467083,0.0808047,0.682812,-0.719722,0.0996059,0.0764655
46.1965,0.0677312,-0.0467083,0.0808047,0.682707,-0.719777,0.100157,0.0761636
46.2015,0.0677425,-0.046744,0.0807652,0.682707,-0.719777,0.100157,0.0761636
46.2065,0.0677383,-0.0467306,0.0807128,0.682851,-0.719639,0.100186,0.0761413
46.2115,0.0677383,-0.0467306,0.0807128,0.682956,-0.719583,0.0996351,0.0764431
46.2165,0.0677495,-0.0467664,0.0806733,0.682956,-0.719583,0.0996351,0.0764431
46.2214,0.0677453,-0.046753,0.0806208,0.682996,-0.7195,0.100215,0.0761189
46.2265,0.067845,-0.0467608,0.0805813,0.682975,-0.719484,0.100356,0.0762669
46.2315,0.0678408,-0.0467474,0.0805289,0.683119,-0.719345,0.100385,0.0762445
46.2364,0.0678408,-0.0467474,0.0805289,0.683119,-0.719345,0.100385,0.0762445
46.2414,0.0678478,-0.0467696,0.0804369,0.683264,-0.719206,0.100414,0.0762222
46.2465,0.0678478,-0.0467696,0.0804369,0.683369,-0.719151,0.0998632,0.0765236
46.2514,0.0678591,-0.0468053,0.0803974,0.683264,-0.719206,0.100414,0.0762222
46.2564,0.0678548,-0.0467918,0.0803449,0.683513,-0.719012,0.0998924,0.0765011
46.2615,0.0678548,-0.0467918,0.0803449,0.683513,-0.719012,0.0998924,0.0765011
46.2665,0.0678661,-0.0468275,0.0803054,0.683408,-0.719067,0.100443,0.0761998
46.2715,0.0678661,-0.0468275,0.0803054,0.683513,-0.719012,0.0998924,0.0765011
46.2765,0.0678731,-0.0468497,0.0802134,0.683204,-0.719306,0.0998433,0.0765733
46.2815,0.0678731,-0.0468497,0.0802134,0.683204,-0.719306,0.0998433,0.0765733
46.2864,0.0678731,-0.0468497,0.0802134,0.683553,-0.718928,0.100473,0.0761774
46.2915,0.0678843,-0.0468853,0.0801739,0.683098,-0.719361,0.100395,0.0762725
46.2965,0.06788,-0.0468718,0.0801214,0.683802,-0.718734,0.0999508,0.0764561
46.3015,0.0678913,-0.0469074,0.0800818,0.683348,-0.719167,0.0998725,0.0765509
46.3065,0.0678913,-0.0469074,0.0800818,0.683348,-0.719167,0.0998725,0.0765509
46.3115,0.0679755,-0.046866,0.0800294,0.683367,-0.719067,0.100594,0.0763756
46.3164,0.0679867,-0.0469016,0.0799898,0.683367,-0.719067,0.100594,0.0763756
46.3214,0.0679825,-0.046888,0.0799374,0.683511,-0.718928,0.100623,0.0763532
46.3265,0.0679937,-0.0469236,0.0798978,0.683511,-0.718928,0.100623,0.0763532
46.3315,0.0679894,-0.04691,0.0798453,0.683761,-0.718734,0.100101,0.0766312
46.3365,0.0679894,-0.04691,0.0798453,0.683761,-0.718734,0.100101,0.0766312
46.3414,0.0679894,-0.04691,0.0798453,0.683761,-0.718734,0.100101,0.0766312
46.3465,0.0679964,-0.046932,0.0797533,0.683345,-0.719083,0.100603,0.0764036
46.3514,0.0679964,-0.046932,0.0797533,0.683345,-0.719083,0.100603,0.0764036
46.3564,0.0679964,-0.046932,0.0797533,0.683345,-0.719083,0.100603,0.0764036
46.3615,0.0680033,-0.0469539,0.0796612,0.683595,-0.718889,0.100081,0.076681
46.3665,0.0680033,-0.0469539,0.0796612,0.68349,-0.718944,0.100633,0.0763812
46.3715,0.0680033,-0.0469539,0.0796612,0.683595,-0.718889,0.100081,0.076681
46.3765,0.0680102,-0.0469759,0.0795692,0.68374,-0.71875,0.10011,0.0766585
46.3815,0.0680102,-0.0469759,0.0795692,0.68374,-0.71875,0.10011,0.0766585
46.3865,0.0680171,-0.0469977,0.0794771,0.68343,-0.719044,0.100061,0.0767309
46.3915,0.0681057,-0.0469697,0.0794771,0.683304,-0.719083,0.100753,0.0765795
46.3965,0.0681169,-0.0470053,0.0794374,0.683304,-0.719083,0.100753,0.0765795
46.4015,0.0681126,-0.0469916,0.079385,0.683554,-0.718889,0.10023,0.0768562
46.4065,0.0681126,-0.0469916,0.079385,0.683448,-0.718944,0.100783,0.0765571
46.4115,0.0681238,-0.0470271,0.0793453,0.683448,-0.718944,0.100783,0.0765571
46.4165,0.0681238,-0.0470271,0.0793453,0.683448,-0.718944,0.100783,0.0765571
46.4215,0.0681238,-0.0470271,0.0793453,0.683554,-0.718889,0.10023,0.0768562
46.4265,0.0681238,-0.0470271,0.0793453,0.683497,-0.719008,0.100323,0.0761202
46.4316,0.0681307,-0.0470489,0.0792532,0.683641,-0.718869,0.100353,0.0760977
46.4365,0.0681307,-0.0470489,0.0792532,0.683641,-0.718869,0.100353,0.0760977
46.4415,0.0681307,-0.0470489,0.0792532,0.683641,-0.718869,0.100353,0.0760977
46.4465,0.0681419,-0.0470843,0.0792135,0.683641,-0.718869,0.100353,0.0760977
46.4515,0.0681419,-0.0470843,0.0792135,0.683641,-0.718869,0.100353,0.0760977
46.4565,0.0681419,-0.0470843,0.0792135,0.683187,-0.719302,0.100274,0.0761933
46.4615,0.0681376,-0.0470706,0.0791611,0.683331,-0.719163,0.100303,0.0761708
46.4665,0.0681376,-0.0470706,0.0791611,0.683331,-0.719163,0.100303,0.0761708
46.4714,0.0681488,-0.047106,0.0791214,0.683331,-0.719163,0.100303,0.0761708
46.4765,0.0681488,-0.047106,0.0791214,0.683331,-0.719163,0.100303,0.0761708
46.4815,0.0681444,-0.0470923,0.079069,0.683476,-0.719024,0.100333,0.0761483
46.4865,0.0681444,-0.0470923,0.079069,0.683476,-0.719024,0.100333,0.0761483
46.4915,0.0681444,-0.0470923,0.079069,0.683476,-0.719024,0.100333,0.0761483
46.4965,0.0681444,-0.0470923,0.079069,0.683476,-0.719024,0.100333,0.0761483
46.5015,0.0681556,-0.0471277,0.0790292,0.683476,-0.719024,0.100333,0.0761483
46.5065,0.0681513,-0.047114,0.0789768,0.683669,-0.718949,0.0999026,0.0756888
46.5115,0.0681513,-0.047114,0.0789768,0.683215,-0.719381,0.0998237,0.0757847
46.5165,0.0681513,-0.047114,0.0789768,0.683215,-0.719381,0.0998237,0.0757847
46.5215,0.0682399,-0.047086,0.0789768,0.683194,-0.719366,0.0999641,0.0759326
46.5265,0.0682399,-0.047086,0.0789768,0.6833,-0.71931,0.0994114,0.0762304
46.5315,0.0682399,-0.047086,0.0789768,0.6833,-0.71931,0.0994114,0.0762304
46.5365,0.0682399,-0.047086,0.0789768,0.683194,-0.719366,0.0999641,0.0759326
46.5415,0.0682399,-0.047086,0.0789768,0.683194,-0.719366,0.0999641,0.0759326
46.5465,0.0682467,-0.0471076,0.0788847,0.683338,-0.719227,0.0999937,0.07591
46.5515,0.0682467,-0.0471076,0.0788847,0.683338,-0.719227,0.0999937,0.07591
46.5565,0.0682467,-0.0471076,0.0788847,0.683338,-0.719227,0.0999937,0.07591
46.5615,0.0682467,-0.0471076,0.0788847,0.683338,-0.719227,0.0999937,0.07591
46.5665,0.0682467,-0.0471076,0.0788847,0.683338,-0.719227,0.0999937,0.07591
46.5715,0.0682424,-0.0470938,0.0788323,0.683483,-0.719088,0.100023,0.0758873
46.5765,0.0682536,-0.0471292,0.0787925,0.683483,-0.719088,0.100023,0.0758873
46.5815,0.0682492,-0.0471154,0.0787402,0.683627,-0.718949,0.100053,0.0758647
46.5865,0.0682492,-0.0471154,0.0787402,0.683627,-0.718949,0.100053,0.0758647
46.5915,0.0682492,-0.0471154,0.0787402,0.683173,-0.719382,0.0999737,0.0759607
46.5965,0.0682448,-0.0471015,0.0786878,0.683317,-0.719243,0.100003,0.0759381
46.6014,0.0682448,-0.0471015,0.0786878,0.683317,-0.719243,0.100003,0.0759381
46.6065,0.0682448,-0.0471015,0.0786878,0.683317,-0.719243,0.100003,0.0759381
46.6115,0.0682448,-0.0471015,0.0786878,0.683211,-0.719298,0.100556,0.0756411
46.6165,0.0682404,-0.0470877,0.0786355,0.683462,-0.719104,0.100033,0.0759155
46.6215,0.0682404,-0.0470877,0.0786355,0.683462,-0.719104,0.100033,0.0759155
46.6265,0.0682404,-0.0470877,0.0786355,0.683462,-0.719104,0.100033,0.0759155
46.6315,0.0682404,-0.0470877,0.0786355,0.683462,-0.719104,0.100033,0.0759155
46.6365,0.0682516,-0.0471231,0.0785957,0.683462,-0.719104,0.100033,0.0759155
46.6415,0.0683402,-0.047095,0.0785957,0.682881,-0.719576,0.100647,0.0758628
46.6465,0.0683402,-0.047095,0.0785957,0.682987,-0.71952,0.100094,0.0761593
46.6515,0.0683402,-0.047095,0.0785957,0.682987,-0.71952,0.100094,0.0761593
46.6565,0.0683358,-0.0470811,0.0785433,0.683025,-0.719437,0.100677,0.0758403
46.6615,0.0683358,-0.0470811,0.0785433,0.683025,-0.719437,0.100677,0.0758403
46.6665,0.0683314,-0.0470672,0.078491,0.683276,-0.719243,0.100153,0.0761141
46.6715,0.0683427,-0.0471026,0.0784512,0.683276,-0.719243,0.100153,0.0761141
46.6765,0.0683382,-0.0470887,0.0783988,0.68342,-0.719104,0.100183,0.0760914
46.6815,0.0683382,-0.0470887,0.0783988,0.68342,-0.719104,0.100183,0.0760914
46.6865,0.0683338,-0.0470747,0.0783465,0.683565,-0.718965,0.100212,0.0760688
46.6915,0.0683294,-0.0470608,0.0782942,0.683709,-0.718826,0.100242,0.0760461
46.6965,0.068325,-0.0470468,0.0782418,0.683853,-0.718687,0.100271,0.0760235
46.7015,0.068325,-0.0470468,0.0782418,0.683853,-0.718687,0.100271,0.0760235
46.7065,0.0684091,-0.0470047,0.0781895,0.683977,-0.718532,0.100441,0.0761486
46.7115,0.0684046,-0.0469907,0.0781372,0.684121,-0.718393,0.100471,0.0761259
46.7165,0.0684046,-0.0469907,0.0781372,0.684121,-0.718393,0.100471,0.0761259
46.7215,0.0684002,-0.0469767,0.0780849,0.684265,-0.718254,0.1005,0.0761032
46.7264,0.0683957,-0.0469626,0.0780326,0.683956,-0.718548,0.100451,0.0761767
46.7315,0.0683912,-0.0469485,0.0779803,0.6841,-0.718409,0.10048,0.076154
46.7365,0.0683912,-0.0469485,0.0779803,0.6841,-0.718409,0.10048,0.076154
46.7415,0.0683868,-0.0469344,0.077928,0.684351,-0.718215,0.0999554,0.0764261
46.7465,0.0683868,-0.0469344,0.077928,0.683897,-0.718647,0.0998761,0.076522
46.7515,0.0683823,-0.0469203,0.0778757,0.684041,-0.718508,0.0999055,0.0764992
46.7565,0.0683823,-0.0469203,0.0778757,0.684147,-0.718453,0.0993509,0.0767934
46.7615,0.0683823,-0.0469203,0.0778757,0.684147,-0.718453,0.0993509,0.0767934
46.7665,0.0683823,-0.0469203,0.0778757,0.684147,-0.718453,0.0993509,0.0767934
46.7715,0.0683935,-0.0469557,0.0778359,0.684253,-0.718397,0.0987963,0.0770877
46.7764,0.068389,-0.0469415,0.0777836,0.683944,-0.718691,0.0987458,0.0771598
46.7815,0.068389,-0.0469415,0.0777836,0.684398,-0.718258,0.0988256,0.0770646
46.7865,0.0684775,-0.0469134,0.0777836,0.683924,-0.718675,0.0988864,0.0773075
46.7915,0.0684775,-0.0469134,0.0777836,0.683924,-0.718675,0.0988864,0.0773075
46.7965,0.0684775,-0.0469134,0.0777836,0.684029,-0.718619,0.0983315,0.0776013
46.8015,0.0684775,-0.0469134,0.0777836,0.684029,-0.718619,0.0983315,0.0776013
46.8065,0.0684888,-0.0469487,0.0777438,0.684483,-0.718186,0.0984116,0.0775064
46.8115,0.0684888,-0.0469487,0.0777438,0.684029,-0.718619,0.0983315,0.0776013
46.8165,0.0684888,-0.0469487,0.0777438,0.684029,-0.718619,0.0983315,0.0776013
46.8215,0.0684843,-0.0469346,0.0776915,0.684174,-0.71848,0.0983608,0.0775781
46.8265,0.0684843,-0.0469346,0.0776915,0.684279,-0.718423,0.0978058,0.0778717
46.8315,0.0684843,-0.0469346,0.0776915,0.684279,-0.718423,0.0978058,0.0778717
46.8365,0.0684798,-0.0469204,0.0776393,0.684877,-0.717851,0.0979153,0.0777538
46.8415,0.0684798,-0.0469204,0.0776393,0.684877,-0.717851,0.0979153,0.0777538
46.8465,0.0685683,-0.0468922,0.0776393,0.684857,-0.717835,0.0980561,0.0779014
46.8515,0.0685683,-0.0468922,0.0776393,0.684857,-0.717835,0.0980561,0.0779014
46.8565,0.0685683,-0.0468922,0.0776393,0.684962,-0.717778,0.0975012,0.0781952
46.8615,0.0685683,-0.0468922,0.0776393,0.684962,-0.717778,0.0975012,0.0781952
46.8665,0.0685683,-0.0468922,0.0776393,0.684962,-0.717778,0.0975012,0.0781952
46.8714,0.0685683,-0.0468922,0.0776393,0.685067,-0.717721,0.0969462,0.0784889
46.8765,0.0685795,-0.0469275,0.0775994,0.685067,-0.717721,0.0969462,0.0784889
46.8815,0.0685795,-0.0469275,0.0775994,0.685067,-0.717721,0.0969462,0.0784889
46.8865,0.068668,-0.0468993,0.0775994,0.6855,-0.717272,0.0971679,0.0785424
46.8915,0.0686635,-0.0468851,0.0775472,0.685645,-0.717133,0.0971969,0.0785188
46.8965,0.0686635,-0.0468851,0.0775472,0.685645,-0.717133,0.0971969,0.0785188
46.9015,0.0686635,-0.0468851,0.0775472,0.685645,-0.717133,0.0971969,0.0785188
46.9065,0.0686635,-0.0468851,0.0775472,0.686202,-0.716641,0.0967231,0.078719
46.9115,0.0686635,-0.0468851,0.0775472,0.686202,-0.716641,0.0967231,0.078719
46.9164,0.0686635,-0.0468851,0.0775472,0.686655,-0.716207,0.096804,0.0786252
46.9215,0.0686635,-0.0468851,0.0775472,0.686655,-0.716207,0.096804,0.0786252
46.9265,0.0686635,-0.0468851,0.0775472,0.686655,-0.716207,0.096804,0.0786252
46.9315,0.0686635,-0.0468851,0.0775472,0.686655,-0.716207,0.096804,0.0786252
46.9365,0.0686635,-0.0468851,0.0775472,0.687107,-0.715773,0.0968849,0.0785314
46.9415,0.0686635,-0.0468851,0.0775472,0.687211,-0.715715,0.0963306,0.0788264
46.9465,0.0686635,-0.0468851,0.0775472,0.687211,-0.715715,0.0963306,0.0788264
46.9515,0.0686635,-0.0468851,0.0775472,0.687211,-0.715715,0.0963306,0.0788264
46.9565,0.0686748,-0.0469204,0.0775073,0.687211,-0.715715,0.0963306,0.0788264
46.9615,0.0686748,-0.0469204,0.0775073,0.687663,-0.71528,0.0964116,0.0787329
46.9665,0.0686748,-0.0469204,0.0775073,0.687663,-0.71528,0.0964116,0.0787329
46.9714,0.0687633,-0.0468921,0.0775073,0.687643,-0.715264,0.096553,0.07888
46.9765,0.0687633,-0.0468921,0.0775073,0.687643,-0.715264,0.096553,0.07888
46.9815,0.0687633,-0.0468921,0.0775073,0.687643,-0.715264,0.096553,0.07888
46.9865,0.0687587,-0.0468779,0.077455,0.687892,-0.715066,0.0960278,0.0791512
46.9915,0.0687587,-0.0468779,0.077455,0.687892,-0.715066,0.0960278,0.0791512
46.9965,0.0687587,-0.0468779,0.077455,0.687892,-0.715066,0.0960278,0.0791512
47.0015,0.0687587,-0.0468779,0.077455,0.687892,-0.715066,0.0960278,0.0791512
47.0064,0.0687587,-0.0468779,0.077455,0.687892,-0.715066,0.0960278,0.0791512
47.0115,0.0687587,-0.0468779,0.077455,0.68744,-0.715501,0.0959465,0.0792445
47.0164,0.0687587,-0.0468779,0.077455,0.68744,-0.715501,0.0959465,0.0792445
47.0215,0.0687587,-0.0468779,0.077455,0.68744,-0.715501,0.0959465,0.0792445
47.0265,0.0687587,-0.0468779,0.077455,0.68744,-0.715501,0.0959465,0.0792445
47.0315,0.0687587,-0.0468779,0.077455,0.68744,-0.715501,0.0959465,0.0792445
47.0365,0.0687587,-0.0468779,0.077455,0.686988,-0.715935,0.0958652,0.0793377
47.0415,0.0687542,-0.0468637,0.0774028,0.687132,-0.715796,0.0958942,0.0793137
47.0465,0.0687542,-0.0468637,0.0774028,0.687132,-0.715796,0.0958942,0.0793137
47.0515,0.0687542,-0.0468637,0.0774028,0.687132,-0.715796,0.0958942,0.0793137
47.0565,0.0687655,-0.046899,0.0773629,0.686679,-0.71623,0.0958128,0.0794068
47.0615,0.0687655,-0.046899,0.0773629,0.686679,-0.71623,0.0958128,0.0794068
47.0665,0.0687655,-0.046899,0.0773629,0.686679,-0.71623,0.0958128,0.0794068
47.0715,0.0687655,-0.046899,0.0773629,0.686679,-0.71623,0.0958128,0.0794068
47.0765,0.0687655,-0.046899,0.0773629,0.686679,-0.71623,0.0958128,0.0794068
47.0814,0.0687655,-0.046899,0.0773629,0.686227,-0.716665,0.0957314,0.0795
47.0865,0.0687655,-0.046899,0.0773629,0.686227,-0.716665,0.0957314,0.0795
47.0915,0.068854,-0.0468707,0.0773629,0.686207,-0.716648,0.0958725,0.0796473
47.0965,0.068854,-0.0468707,0.0773629,0.686207,-0.716648,0.0958725,0.0796473
47.1015,0.068854,-0.0468707,0.0773629,0.686207,-0.716648,0.0958725,0.0796473
47.1065,0.068854,-0.0468707,0.0773629,0.686207,-0.716648,0.0958725,0.0796473
47.1115,0.068854,-0.0468707,0.0773629,0.686207,-0.716648,0.0958725,0.0796473
47.1165,0.068854,-0.0468707,0.0773629,0.685754,-0.717082,0.095791,0.0797405
47.1215,0.0688494,-0.0468564,0.0773107,0.686351,-0.716509,0.0959016,0.0796233
47.1265,0.0688494,-0.0468564,0.0773107,0.685898,-0.716943,0.0958201,0.0797165
47.1315,0.0688494,-0.0468564,0.0773107,0.685949,-0.717004,0.0953618,0.0792781
47.1365,0.0688607,-0.0468917,0.0772708,0.685898,-0.716943,0.0958201,0.0797165
47.1415,0.0688607,-0.0468917,0.0772708,0.685898,-0.716943,0.0958201,0.0797165
47.1465,0.0688607,-0.0468917,0.0772708,0.685496,-0.717438,0.0952799,0.0793716
47.1515,0.0688607,-0.0468917,0.0772708,0.685496,-0.717438,0.0952799,0.0793716
47.1565,0.0688561,-0.0468774,0.0772185,0.68564,-0.717299,0.0953091,0.0793475
47.1615,0.0689446,-0.0468491,0.0772185,0.685621,-0.717282,0.09545,0.079495
47.1665,0.0689559,-0.0468843,0.0771786,0.685621,-0.717282,0.09545,0.079495
47.1715,0.0689513,-0.04687,0.0771264,0.685765,-0.717143,0.0954792,0.0794709
47.1765,0.0689513,-0.04687,0.0771264,0.685312,-0.717577,0.0953973,0.0795644
47.1815,0.0689467,-0.0468557,0.0770742,0.685456,-0.717438,0.0954264,0.0795403
47.1864,0.0689467,-0.0468557,0.0770742,0.685456,-0.717438,0.0954264,0.0795403
47.1914,0.0689467,-0.0468557,0.0770742,0.685003,-0.717871,0.0953444,0.0796339
47.1965,0.0689534,-0.0468766,0.076982,0.685147,-0.717732,0.0953736,0.0796098
47.2015,0.0689534,-0.0468766,0.076982,0.685147,-0.717732,0.0953736,0.0796098
47.2065,0.0689534,-0.0468766,0.076982,0.685147,-0.717732,0.0953736,0.0796098
47.2115,0.0689534,-0.0468766,0.076982,0.685147,-0.717732,0.0953736,0.0796098
47.2165,0.0689488,-0.0468622,0.0769298,0.684838,-0.718027,0.0953208,0.0796792
47.2215,0.0689488,-0.0468622,0.0769298,0.684838,-0.718027,0.0953208,0.0796792
47.2265,0.0689601,-0.0468974,0.0768899,0.684838,-0.718027,0.0953208,0.0796792
47.2315,0.0689601,-0.0468974,0.0768899,0.684838,-0.718027,0.0953208,0.0796792
47.2365,0.0689555,-0.046883,0.0768377,0.684529,-0.718321,0.0952679,0.0797486
47.2415,0.0689668,-0.0469182,0.0767977,0.684982,-0.717888,0.09535,0.0796551
47.2465,0.0689668,-0.0469182,0.0767977,0.684424,-0.718379,0.0958244,0.079458
47.2515,0.0689622,-0.0469038,0.0767455,0.684673,-0.718182,0.0952971,0.0797246
47.2565,0.0689734,-0.046939,0.0767056,0.684673,-0.718182,0.0952971,0.0797246
47.2615,0.0689688,-0.0469246,0.0766534,0.684817,-0.718043,0.0953263,0.0797005
47.2665,0.0689801,-0.0469597,0.0766134,0.684712,-0.718101,0.0958829,0.0794101
47.2715,0.0689754,-0.0469453,0.0765612,0.684857,-0.717962,0.0959121,0.0793862
47.2765,0.0689867,-0.0469804,0.0765212,0.684857,-0.717962,0.0959121,0.0793862
47.2815,0.0689933,-0.0470011,0.076429,0.684547,-0.718257,0.0958595,0.0794561
47.2865,0.0689887,-0.0469866,0.0763768,0.684692,-0.718118,0.0958887,0.0794321
47.2915,0.0689999,-0.0470217,0.0763368,0.684586,-0.718176,0.0964457,0.0791424
47.2965,0.0690065,-0.0470423,0.0762446,0.684171,-0.718527,0.0969505,0.0789236
47.3015,0.0690019,-0.0470278,0.0761924,0.684316,-0.718388,0.0969798,0.0788999
47.3064,0.0690084,-0.0470483,0.0761002,0.683901,-0.718739,0.0974851,0.078682
47.3115,0.069015,-0.0470688,0.076008,0.684045,-0.7186,0.0975145,0.0786584
47.3165,0.0690216,-0.0470893,0.0759158,0.683629,-0.718951,0.0980203,0.0784416
47.3214,0.0690169,-0.0470747,0.0758636,0.683667,-0.718868,0.0986075,0.0781301
47.3265,0.0690234,-0.0470951,0.0757714,0.683357,-0.719162,0.098556,0.0782023
47.3315,0.0690187,-0.0470805,0.0757193,0.682941,-0.719511,0.0990627,0.0779874
47.3365,0.0690253,-0.0471008,0.075627,0.683135,-0.719436,0.0986325,0.0775276
47.3415,0.0690365,-0.0471358,0.0755869,0.682574,-0.719923,0.0991097,0.0773372
47.3465,0.0690318,-0.0471211,0.0755348,0.682718,-0.719785,0.0991394,0.077314
47.3515,0.0690383,-0.0471414,0.0754425,0.682301,-0.720133,0.0996468,0.0771013
47.3565,0.0690383,-0.0471414,0.0754425,0.682301,-0.720133,0.0996468,0.0771013
47.3615,0.0690448,-0.0471617,0.0753503,0.681932,-0.720545,0.099694,0.0764536
47.3665,0.06904,-0.0471469,0.0752982,0.682076,-0.720406,0.0997241,0.0764306
47.3715,0.06904,-0.0471469,0.0752982,0.681968,-0.720462,0.100283,0.0761451
47.3765,0.0690465,-0.0471671,0.0752059,0.681658,-0.720754,0.100232,0.0762201
47.3815,0.0690577,-0.047202,0.0751657,0.681658,-0.720754,0.100232,0.0762201
47.3865,0.0691416,-0.0471588,0.0751136,0.681218,-0.721086,0.100881,0.0761588
47.3915,0.0691416,-0.0471588,0.0751136,0.681218,-0.721086,0.100881,0.0761588
47.3965,0.069148,-0.047179,0.0750214,0.680908,-0.721378,0.10083,0.0762343
47.4015,0.069148,-0.047179,0.0750214,0.680908,-0.721378,0.10083,0.0762343
47.4065,0.0692431,-0.0471706,0.0749291,0.681032,-0.721224,0.101,0.0763598
47.4115,0.0692431,-0.0471706,0.0749291,0.681032,-0.721224,0.101,0.0763598
47.4165,0.0692543,-0.0472054,0.0748888,0.681032,-0.721224,0.101,0.0763598
47.4215,0.0692495,-0.0471906,0.0748368,0.68077,-0.72158,0.100488,0.0760002
47.4264,0.0693494,-0.047197,0.0747965,0.68075,-0.721565,0.100628,0.0761486
47.4315,0.0693494,-0.047197,0.0747965,0.68075,-0.721565,0.100628,0.0761486
47.4365,0.0693558,-0.047217,0.0747042,0.680785,-0.721481,0.101218,0.0758423
47.4415,0.0693558,-0.047217,0.0747042,0.680894,-0.721426,0.100658,0.0761256
47.4465,0.069351,-0.0472021,0.0746521,0.680474,-0.721773,0.101167,0.0759186
47.4515,0.0693622,-0.0472369,0.0746118,0.680584,-0.721718,0.100607,0.0762015
47.4565,0.0693622,-0.0472369,0.0746118,0.680584,-0.721718,0.100607,0.0762015
47.4615,0.0693574,-0.047222,0.0745598,0.680619,-0.721635,0.101198,0.0758958
47.4665,0.0694573,-0.0472283,0.0745195,0.680598,-0.721619,0.101338,0.0760442
47.4715,0.0694573,-0.0472283,0.0745195,0.680708,-0.721564,0.100778,0.0763269
47.4764,0.0694637,-0.0472481,0.0744272,0.680853,-0.721426,0.100808,0.0763039
47.4815,0.0694637,-0.0472481,0.0744272,0.680853,-0.721426,0.100808,0.0763039
47.4865,0.0695523,-0.0472196,0.0744272,0.680377,-0.72184,0.100866,0.0765512
47.4915,0.0695587,-0.0472394,0.0743348,0.680521,-0.721702,0.100897,0.0765282
47.4965,0.0695587,-0.0472394,0.0743348,0.680521,-0.721702,0.100897,0.0765282
47.5015,0.0695587,-0.0472394,0.0743348,0.680631,-0.721647,0.100336,0.0768102
47.5065,0.0696474,-0.0472108,0.0743348,0.68061,-0.721631,0.100476,0.0769586
47.5115,0.0696586,-0.0472455,0.0742944,0.68072,-0.721576,0.0999161,0.0772407
47.5164,0.0696586,-0.0472455,0.0742944,0.68072,-0.721576,0.0999161,0.0772407
47.5215,0.0696538,-0.0472306,0.0742424,0.680864,-0.721437,0.0999464,0.0772174
47.5265,0.0697536,-0.0472366,0.0742021,0.680953,-0.721366,0.0995258,0.0776476
47.5315,0.0697536,-0.0472366,0.0742021,0.680953,-0.721366,0.0995258,0.0776476
47.5365,0.06976,-0.0472564,0.0741097,0.681098,-0.721227,0.099556,0.0776242
47.5415,0.06976,-0.0472564,0.0741097,0.681207,-0.721171,0.0989955,0.0779059
47.5465,0.0698487,-0.0472277,0.0741097,0.681186,-0.721155,0.0991356,0.0780542
47.5515,0.0698551,-0.0472474,0.0740173,0.681331,-0.721017,0.0991657,0.0780306
47.5565,0.0698551,-0.0472474,0.0740173,0.68144,-0.720961,0.0986051,0.0783122
47.5615,0.0698551,-0.0472474,0.0740173,0.68139,-0.720897,0.099066,0.0787477
47.5665,0.0699501,-0.0472383,0.0739249,0.681564,-0.720806,0.0987754,0.0784367
47.5715,0.0699501,-0.0472383,0.0739249,0.681218,-0.72118,0.0981318,0.0788153
47.5765,0.0699501,-0.0472383,0.0739249,0.681218,-0.72118,0.0981318,0.0788153
47.5816,0.0699452,-0.0472233,0.0738729,0.681363,-0.721042,0.0981619,0.0787915
47.5866,0.0699565,-0.0472579,0.0738325,0.681471,-0.720985,0.0976009,0.0790724
47.5915,0.0699565,-0.0472579,0.0738325,0.68142,-0.720922,0.0980617,0.0795079
47.5965,0.0699516,-0.0472429,0.0737805,0.681616,-0.720846,0.0976309,0.0790484
47.6015,0.0699516,-0.0472429,0.0737805,0.681724,-0.720789,0.0970699,0.0793292
47.6065,0.0699628,-0.0472775,0.07374,0.681673,-0.720727,0.0975306,0.0797649
47.6115,0.0699628,-0.0472775,0.07374,0.681724,-0.720789,0.0970699,0.0793292
47.6165,0.0700466,-0.0472337,0.073688,0.681798,-0.720572,0.0977006,0.0798891
47.6215,0.0700578,-0.0472683,0.0736476,0.681848,-0.720635,0.09724,0.0794533
47.6265,0.0700578,-0.0472683,0.0736476,0.681502,-0.721008,0.0965953,0.0798301
47.6315,0.0700529,-0.0472532,0.0735956,0.681595,-0.720808,0.097086,0.0802416
47.6365,0.0700642,-0.0472878,0.0735552,0.681595,-0.720808,0.097086,0.0802416
47.6415,0.0701528,-0.047259,0.0735552,0.681575,-0.720791,0.0972261,0.0803898
47.6465,0.0701528,-0.047259,0.0735552,0.681626,-0.720853,0.0967654,0.0799541
47.6515,0.0701528,-0.047259,0.0735552,0.681626,-0.720853,0.0967654,0.0799541
47.6565,0.0702478,-0.0472496,0.0734627,0.6817,-0.720636,0.0973961,0.0805138
47.6615,0.0702478,-0.0472496,0.0734627,0.6817,-0.720636,0.0973961,0.0805138
47.6665,0.0702591,-0.0472842,0.0734222,0.681859,-0.720641,0.0963741,0.080358
47.6715,0.0703478,-0.0472553,0.0734222,0.681788,-0.720562,0.0969749,0.080942
47.6765,0.0703428,-0.0472401,0.0733703,0.681984,-0.720486,0.0965442,0.0804818
47.6815,0.0703428,-0.0472401,0.0733703,0.681932,-0.720424,0.0970047,0.0809177
47.6865,0.0704428,-0.0472457,0.0733297,0.681565,-0.72078,0.0964993,0.0814412
47.6915,0.0704428,-0.0472457,0.0733297,0.681509,-0.7209,0.0966003,0.0807261
47.6966,0.0705265,-0.0472016,0.0732778,0.68169,-0.720625,0.0966693,0.0815649
47.7015,0.0705265,-0.0472016,0.0732778,0.681742,-0.720687,0.0962087,0.0811292
47.7065,0.0705265,-0.0472016,0.0732778,0.681742,-0.720687,0.0962087,0.0811292
47.7116,0.0706264,-0.0472071,0.0732373,0.681722,-0.72067,0.0963489,0.0812774
47.7165,0.0706264,-0.0472071,0.0732373,0.68183,-0.720611,0.0957872,0.0815566
47.7215,0.0706264,-0.0472071,0.0732373,0.68183,-0.720611,0.0957872,0.0815566
47.7265,0.0707101,-0.0471629,0.0731853,0.681955,-0.720457,0.0959573,0.08168
47.7315,0.0707101,-0.0471629,0.0731853,0.681955,-0.720457,0.0959573,0.08168
47.7365,0.0707987,-0.0471338,0.0731853,0.682043,-0.720381,0.0955357,0.0821072
47.7415,0.0707987,-0.0471338,0.0731853,0.682043,-0.720381,0.0955357,0.0821072
47.7465,0.0708873,-0.0471047,0.0731853,0.682024,-0.720364,0.095676,0.0822553
47.7515,0.0708873,-0.0471047,0.0731853,0.682131,-0.720304,0.0951142,0.0825343
47.7564,0.0708823,-0.0470895,0.0731334,0.682276,-0.720166,0.0951441,0.0825093
47.7615,0.0709709,-0.0470604,0.0731334,0.682256,-0.720149,0.0952844,0.0826574
47.7665,0.0709659,-0.0470452,0.0730814,0.682508,-0.719951,0.0947525,0.0829111
47.7715,0.0709609,-0.04703,0.0730295,0.682199,-0.720244,0.0946966,0.0829808
47.7765,0.0709609,-0.04703,0.0730295,0.682306,-0.720184,0.0941344,0.0832591
47.7815,0.0709559,-0.0470148,0.0729776,0.68245,-0.720046,0.0941642,0.0832338
47.7865,0.0709672,-0.0470492,0.072937,0.68245,-0.720046,0.0941642,0.0832338
47.7915,0.0709672,-0.0470492,0.072937,0.682397,-0.719986,0.0946244,0.08367
47.7965,0.0709672,-0.0470492,0.072937,0.682557,-0.719986,0.0936019,0.0835119
47.8015,0.0709672,-0.0470492,0.072937,0.682557,-0.719986,0.0936019,0.0835119
47.8065,0.0709672,-0.0470492,0.072937,0.682557,-0.719986,0.0936019,0.0835119
47.8115,0.0709672,-0.0470492,0.072937,0.682504,-0.719926,0.0940621,0.0839481
47.8165,0.0709672,-0.0470492,0.072937,0.682557,-0.719986,0.0936019,0.0835119
47.8215,0.0709672,-0.0470492,0.072937,0.682557,-0.719986,0.0936019,0.0835119
47.8265,0.0709672,-0.0470492,0.072937,0.682557,-0.719986,0.0936019,0.0835119
47.8315,0.0709786,-0.0470837,0.0728965,0.682557,-0.719986,0.0936019,0.0835119
47.8365,0.0709786,-0.0470837,0.0728965,0.682664,-0.719925,0.0930396,0.0837899
47.8415,0.0709786,-0.0470837,0.0728965,0.682103,-0.720417,0.0935159,0.0836061
47.8466,0.0709735,-0.0470685,0.0728446,0.682809,-0.719787,0.0930693,0.0837644
47.8515,0.0709735,-0.0470685,0.0728446,0.682354,-0.720218,0.0929831,0.0838583
47.8565,0.0709735,-0.0470685,0.0728446,0.682702,-0.719848,0.0936317,0.0834865
47.8616,0.0709735,-0.0470685,0.0728446,0.682248,-0.720279,0.0935456,0.0835807
47.8665,0.0709849,-0.0471029,0.072804,0.682702,-0.719848,0.0936317,0.0834865
47.8715,0.0709799,-0.0470877,0.0727521,0.682339,-0.720081,0.0940357,0.0839915
47.8765,0.0709799,-0.0470877,0.0727521,0.682392,-0.720141,0.0935754,0.0835553
47.8815,0.0709799,-0.0470877,0.0727521,0.682793,-0.71965,0.0941214,0.0838975
47.8865,0.0709912,-0.0471221,0.0727115,0.682392,-0.720141,0.0935754,0.0835553
47.8915,0.0709912,-0.0471221,0.0727115,0.682686,-0.71971,0.0946839,0.0836196
47.8965,0.0709862,-0.0471068,0.0726596,0.682831,-0.719572,0.0947136,0.0835944
47.9015,0.0709862,-0.0471068,0.0726596,0.68243,-0.720063,0.0941678,0.0832525
47.9065,0.0709975,-0.0471412,0.072619,0.682377,-0.720003,0.094628,0.0836887
47.9115,0.0709975,-0.0471412,0.072619,0.682724,-0.719631,0.095276,0.0833165
47.9165,0.0709975,-0.0471412,0.072619,0.682323,-0.720123,0.0947304,0.0829751
47.9215,0.0710038,-0.0471603,0.0725265,0.682414,-0.719924,0.0952204,0.0833862
47.9265,0.0710038,-0.0471603,0.0725265,0.682414,-0.719924,0.0952204,0.0833862
47.9315,0.0710038,-0.0471603,0.0725265,0.682414,-0.719924,0.0952204,0.0833862
47.9365,0.0710101,-0.0471794,0.072434,0.682612,-0.719847,0.0947901,0.0829248
47.9415,0.0710101,-0.0471794,0.072434,0.682559,-0.719786,0.0952502,0.0833611
47.9465,0.071005,-0.047164,0.0723821,0.682596,-0.719707,0.0958427,0.0830588
47.9515,0.071005,-0.047164,0.0723821,0.682596,-0.719707,0.0958427,0.0830588
47.9565,0.0710163,-0.0471984,0.0723414,0.682596,-0.719707,0.0958427,0.0830588
47.9615,0.0710113,-0.047183,0.0722896,0.682339,-0.720061,0.0953271,0.0826928
47.9665,0.0710062,-0.0471677,0.0722377,0.682431,-0.719862,0.0958171,0.083104
47.9715,0.0710062,-0.0471677,0.0722377,0.682431,-0.719862,0.0958171,0.083104
47.9765,0.0710062,-0.0471677,0.0722377,0.682484,-0.719923,0.095357,0.0826677
47.9815,0.0710012,-0.0471523,0.0721858,0.682628,-0.719785,0.0953869,0.0826427
47.9865,0.0710125,-0.0471866,0.0721452,0.682066,-0.720275,0.0958646,0.082462
47.9915,0.0710074,-0.0471712,0.0720933,0.682266,-0.720016,0.0957916,0.0831491
47.9965,0.0710074,-0.0471712,0.0720933,0.682158,-0.720075,0.0963549,0.0828731
48.0015,0.0710187,-0.0472055,0.0720526,0.682158,-0.720075,0.0963549,0.0828731
48.0065,0.0710187,-0.0472055,0.0720526,0.682158,-0.720075,0.0963549,0.0828731
48.0115,0.0710187,-0.0472055,0.0720526,0.681703,-0.720506,0.0962698,0.0829685
48.0165,0.07103,-0.0472398,0.072012,0.681595,-0.720564,0.0968333,0.0826928
48.0215,0.0710249,-0.0472244,0.0719601,0.68174,-0.720426,0.0968632,0.0826681
48.0265,0.0710362,-0.0472587,0.0719194,0.681632,-0.720484,0.0974267,0.0823925
48.0315,0.0710362,-0.0472587,0.0719194,0.681632,-0.720484,0.0974267,0.0823925
48.0365,0.0710362,-0.0472587,0.0719194,0.681632,-0.720484,0.0974267,0.0823925
48.0415,0.0710362,-0.0472587,0.0719194,0.681576,-0.720604,0.0975296,0.0816812
48.0465,0.0710475,-0.047293,0.0718787,0.681121,-0.721035,0.0974447,0.081778
48.0515,0.0710475,-0.047293,0.0718787,0.681069,-0.720972,0.0979056,0.0822133
48.0565,0.0710424,-0.0472775,0.0718268,0.681213,-0.720834,0.0979356,0.0821888
48.0616,0.0710537,-0.0473118,0.0717861,0.681213,-0.720834,0.0979356,0.0821888
48.0665,0.0710537,-0.0473118,0.0717861,0.681104,-0.720892,0.0984993,0.0819136
48.0715,0.0710537,-0.0473118,0.0717861,0.681104,-0.720892,0.0984993,0.0819136
48.0765,0.0710537,-0.0473118,0.0717861,0.681104,-0.720892,0.0984993,0.0819136
48.0815,0.0710537,-0.0473118,0.0717861,0.681104,-0.720892,0.0984993,0.0819136
48.0865,0.071065,-0.047346,0.0717454,0.681104,-0.720892,0.0984993,0.0819136
48.0915,0.071065,-0.047346,0.0717454,0.680649,-0.721322,0.0984149,0.0820104
48.0966,0.071065,-0.047346,0.0717454,0.680649,-0.721322,0.0984149,0.0820104
48.1015,0.0710599,-0.0473305,0.0716935,0.680794,-0.721184,0.098445,0.0819861
48.1065,0.0710599,-0.0473305,0.0716935,0.680794,-0.721184,0.098445,0.0819861
48.1115,0.0710599,-0.0473305,0.0716935,0.680685,-0.721241,0.0990088,0.0817113
48.1165,0.0710599,-0.0473305,0.0716935,0.680685,-0.721241,0.0990088,0.0817113
48.1215,0.0710599,-0.0473305,0.0716935,0.680794,-0.721184,0.098445,0.0819861
48.1265,0.0711599,-0.0473355,0.0716528,0.680774,-0.721167,0.098585,0.0821344
48.1315,0.0711599,-0.0473355,0.0716528,0.680774,-0.721167,0.098585,0.0821344
48.1366,0.0711599,-0.0473355,0.0716528,0.680883,-0.72111,0.0980211,0.0824091
48.1415,0.0711599,-0.0473355,0.0716528,0.680935,-0.721172,0.0975602,0.0819738
48.1465,0.0712486,-0.0473063,0.0716528,0.680972,-0.721035,0.0975972,0.082832
48.1515,0.0712486,-0.0473063,0.0716528,0.680972,-0.721035,0.0975972,0.082832
48.1565,0.0712434,-0.0472908,0.0716009,0.681225,-0.720839,0.0970633,0.0830818
48.1615,0.0713321,-0.0472615,0.0716009,0.681313,-0.720763,0.0966395,0.0835045
48.1665,0.0713321,-0.0472615,0.0716009,0.681421,-0.720705,0.0960754,0.0837789
48.1715,0.0713321,-0.0472615,0.0716009,0.681421,-0.720705,0.0960754,0.0837789
48.1765,0.0713434,-0.0472957,0.0715602,0.681421,-0.720705,0.0960754,0.0837789
48.1815,0.0713383,-0.0472802,0.0715083,0.681674,-0.720508,0.0955412,0.0840282
48.1865,0.0713383,-0.0472802,0.0715083,0.681674,-0.720508,0.0955412,0.0840282
48.1915,0.0713445,-0.0472988,0.0714157,0.681819,-0.72037,0.095571,0.084003
48.1965,0.0713445,-0.0472988,0.0714157,0.681926,-0.720311,0.0950068,0.0842772
48.2015,0.0713445,-0.0472988,0.0714157,0.681926,-0.720311,0.0950068,0.0842772
48.2066,0.0713445,-0.0472988,0.0714157,0.681926,-0.720311,0.0950068,0.0842772
48.2115,0.0713445,-0.0472988,0.0714157,0.681926,-0.720311,0.0950068,0.0842772
48.2165,0.0713558,-0.047333,0.0713749,0.682034,-0.720251,0.0944426,0.0845512
48.2215,0.0713558,-0.047333,0.0713749,0.682034,-0.720251,0.0944426,0.0845512
48.2267,0.0713558,-0.047333,0.0713749,0.682034,-0.720251,0.0944426,0.0845512
48.2315,0.0713619,-0.0473516,0.0712823,0.682178,-0.720113,0.0944723,0.0845259
48.2365,0.0713619,-0.0473516,0.0712823,0.682071,-0.720173,0.0950366,0.0842519
48.2415,0.0713681,-0.0473702,0.0711897,0.682216,-0.720035,0.0950664,0.0842266
48.2466,0.0713681,-0.0473702,0.0711897,0.682216,-0.720035,0.0950664,0.0842266
48.2515,0.0713742,-0.0473887,0.071097,0.682253,-0.719956,0.0956606,0.0839276
48.2565,0.0713742,-0.0473887,0.071097,0.682253,-0.719956,0.0956606,0.0839276
48.2615,0.0713803,-0.0474072,0.0710044,0.68229,-0.719877,0.0962547,0.0836286
48.2665,0.0713803,-0.0474072,0.0710044,0.68229,-0.719877,0.0962547,0.0836286
48.2715,0.0713751,-0.0473916,0.0709526,0.682434,-0.719738,0.0962847,0.0836037
48.2765,0.0713864,-0.0474257,0.0709117,0.682326,-0.719797,0.0968491,0.0833301
48.2815,0.0713812,-0.04741,0.0708599,0.68247,-0.719659,0.0968791,0.0833051
48.2865,0.0713812,-0.04741,0.0708599,0.68247,-0.719659,0.0968791,0.0833051
48.2915,0.0713925,-0.0474441,0.070819,0.682362,-0.719717,0.0974435,0.0830316
48.2965,0.0713873,-0.0474284,0.0707673,0.682507,-0.719579,0.0974735,0.0830068
48.3016,0.0713986,-0.0474625,0.0707263,0.682507,-0.719579,0.0974735,0.0830068
48.3065,0.0713934,-0.0474468,0.0706746,0.682542,-0.719498,0.098068,0.0827086
48.3115,0.0714047,-0.0474808,0.0706337,0.682542,-0.719498,0.098068,0.0827086
48.3165,0.0714047,-0.0474808,0.0706337,0.682433,-0.719556,0.0986325,0.0824353
48.3215,0.0713995,-0.0474651,0.0705819,0.682578,-0.719418,0.0986626,0.0824107
48.3265,0.0714107,-0.0474991,0.070541,0.682468,-0.719475,0.0992271,0.0821374
48.3315,0.0714055,-0.0474834,0.0704892,0.682613,-0.719337,0.0992572,0.0821129
48.3365,0.0714055,-0.0474834,0.0704892,0.682613,-0.719337,0.0992572,0.0821129
48.3415,0.0714168,-0.0475174,0.0704483,0.682503,-0.719394,0.0998217,0.0818397
48.3465,0.0714116,-0.0475017,0.0703965,0.682648,-0.719255,0.0998519,0.0818153
48.3515,0.0714063,-0.0474859,0.0703448,0.682844,-0.71918,0.0994224,0.0813545
48.3565,0.0714176,-0.0475199,0.0703038,0.682228,-0.719605,0.100362,0.0816159
48.3615,0.0715064,-0.0474905,0.0703038,0.682662,-0.719157,0.100587,0.0816657
48.3665,0.0715011,-0.0474747,0.0702521,0.682352,-0.719449,0.100533,0.0817396
48.3715,0.0715124,-0.0475087,0.0702111,0.682352,-0.719449,0.100533,0.0817396
48.3767,0.0715124,-0.0475087,0.0702111,0.682352,-0.719449,0.100533,0.0817396
48.3815,0.0715071,-0.0474929,0.0701594,0.682386,-0.719367,0.101128,0.0814429
48.3865,0.0715184,-0.0475269,0.0701184,0.682386,-0.719367,0.101128,0.0814429
48.3915,0.0715132,-0.047511,0.0700667,0.68242,-0.719285,0.101723,0.0811464
48.3966,0.0715132,-0.047511,0.0700667,0.68242,-0.719285,0.101723,0.0811464
48.4015,0.0715191,-0.0475291,0.0699739,0.682564,-0.719146,0.101754,0.0811223
48.4065,0.0715191,-0.0475291,0.0699739,0.682564,-0.719146,0.101754,0.0811223
48.4115,0.0715251,-0.0475472,0.0698812,0.682598,-0.719063,0.102349,0.0808261
48.4166,0.0715199,-0.0475313,0.0698295,0.682742,-0.718925,0.102379,0.0808022
48.4215,0.0715311,-0.0475652,0.0697885,0.682742,-0.718925,0.102379,0.0808022
48.4265,0.0715258,-0.0475493,0.0697368,0.682886,-0.718786,0.10241,0.0807782
48.4315,0.0715318,-0.0475673,0.0696441,0.68303,-0.718648,0.10244,0.0807543
48.4365,0.0715318,-0.0475673,0.0696441,0.682466,-0.719134,0.102922,0.080582
48.4415,0.0715377,-0.0475852,0.0695513,0.68261,-0.718996,0.102952,0.0805582
48.4468,0.0715377,-0.0475852,0.0695513,0.68261,-0.718996,0.102952,0.0805582
48.4516,0.0715437,-0.0476031,0.0694586,0.682754,-0.718857,0.102983,0.0805344
48.4565,0.0715437,-0.0476031,0.0694586,0.682643,-0.718912,0.103548,0.0802631
48.4615,0.0715496,-0.047621,0.0693658,0.682445,-0.71915,0.10293,0.0806101
48.4665,0.0715496,-0.047621,0.0693658,0.682333,-0.719205,0.103495,0.0803393
48.4715,0.0715555,-0.0476388,0.069273,0.682478,-0.719066,0.103526,0.0803156
48.4765,0.0715555,-0.0476388,0.069273,0.682478,-0.719066,0.103526,0.0803156
48.4816,0.0716555,-0.0476432,0.0692319,0.682456,-0.71905,0.103666,0.0804635
48.4865,0.0716614,-0.0476609,0.0691391,0.682601,-0.718911,0.103696,0.0804397
48.4915,0.0716614,-0.0476609,0.0691391,0.682489,-0.718966,0.104262,0.0801691
48.4966,0.0716726,-0.0476947,0.069098,0.682489,-0.718966,0.104262,0.0801691
48.5015,0.0716673,-0.0476787,0.0690463,0.682179,-0.719258,0.104209,0.0802459
48.5066,0.0716785,-0.0477125,0.0690051,0.682633,-0.718827,0.104293,0.0801455
48.5115,0.0716785,-0.0477125,0.0690051,0.682179,-0.719258,0.104209,0.0802459
48.5166,0.0716785,-0.0477125,0.0690051,0.682179,-0.719258,0.104209,0.0802459
48.5215,0.0716844,-0.0477301,0.0689123,0.682324,-0.719119,0.10424,0.0802223
48.5265,0.0716844,-0.0477301,0.0689123,0.682324,-0.719119,0.10424,0.0802223
48.5315,0.0716955,-0.0477639,0.0688711,0.682324,-0.719119,0.10424,0.0802223
48.5365,0.0716902,-0.0477478,0.0688195,0.682468,-0.718981,0.104271,0.0801987
48.5415,0.0717014,-0.0477815,0.0687783,0.682468,-0.718981,0.104271,0.0801987
48.5466,0.0717014,-0.0477815,0.0687783,0.682468,-0.718981,0.104271,0.0801987
48.5515,0.0717126,-0.0478152,0.0687371,0.682468,-0.718981,0.104271,0.0801987
48.5565,0.0718015,-0.0477857,0.0687371,0.682446,-0.718964,0.104411,0.0803465
48.5616,0.0718073,-0.0478033,0.0686442,0.682591,-0.718826,0.104442,0.0803229
48.5665,0.0718185,-0.0478369,0.0686029,0.682591,-0.718826,0.104442,0.0803229
48.5715,0.0718185,-0.0478369,0.0686029,0.682591,-0.718826,0.104442,0.0803229
48.5765,0.0718185,-0.0478369,0.0686029,0.682591,-0.718826,0.104442,0.0803229
48.5815,0.0719186,-0.047841,0.0685617,0.682116,-0.71924,0.104498,0.0805712
48.5865,0.0719186,-0.047841,0.0685617,0.682116,-0.71924,0.104498,0.0805712
48.5915,0.0719244,-0.0478585,0.0684688,0.682713,-0.71867,0.104613,0.080447
48.5966,0.0719244,-0.0478585,0.0684688,0.682713,-0.71867,0.104613,0.080447
48.6016,0.0719356,-0.0478922,0.0684275,0.682713,-0.71867,0.104613,0.080447
48.6066,0.0719302,-0.047876,0.0683759,0.682404,-0.718963,0.10456,0.0805239
48.6115,0.071936,-0.0478934,0.0682829,0.682548,-0.718824,0.10459,0.0805002
48.6165,0.071936,-0.0478934,0.0682829,0.682436,-0.718879,0.105157,0.0802312
48.6216,0.0720361,-0.0478974,0.0682416,0.682414,-0.718862,0.105297,0.080379
48.6265,0.0720307,-0.0478812,0.06819,0.682671,-0.718669,0.104761,0.0806243
48.6316,0.0720307,-0.0478812,0.06819,0.682671,-0.718669,0.104761,0.0806243
48.6366,0.0720307,-0.0478812,0.06819,0.682671,-0.718669,0.104761,0.0806243
48.6416,0.0720365,-0.0478986,0.0680971,0.682815,-0.71853,0.104792,0.0806006
48.6466,0.0720365,-0.0478986,0.0680971,0.682815,-0.71853,0.104792,0.0806006
48.6516,0.0720365,-0.0478986,0.0680971,0.682702,-0.718585,0.105358,0.0803318
48.6566,0.0720365,-0.0478986,0.0680971,0.682815,-0.71853,0.104792,0.0806006
48.6616,0.0721254,-0.047869,0.0680971,0.682793,-0.718514,0.104932,0.0807483
48.6666,0.0721254,-0.047869,0.0680971,0.682793,-0.718514,0.104932,0.0807483
48.6715,0.0721312,-0.0478863,0.0680042,0.682937,-0.718375,0.104963,0.0807246
48.6766,0.0721312,-0.0478863,0.0680042,0.682937,-0.718375,0.104963,0.0807246
48.6815,0.0721312,-0.0478863,0.0680042,0.682937,-0.718375,0.104963,0.0807246
48.6866,0.0721258,-0.0478701,0.0679526,0.682969,-0.718291,0.10556,0.0804323
48.6915,0.0721258,-0.0478701,0.0679526,0.683081,-0.718236,0.104994,0.0807008
48.6966,0.0721203,-0.0478538,0.067901,0.683225,-0.718097,0.105025,0.0806772
48.7016,0.0721203,-0.0478538,0.067901,0.682773,-0.718529,0.104941,0.0807779
48.7065,0.0721261,-0.047871,0.0678081,0.683369,-0.717959,0.105055,0.0806533
48.7116,0.0721261,-0.047871,0.0678081,0.682917,-0.71839,0.104972,0.0807542
48.7166,0.0721261,-0.047871,0.0678081,0.682917,-0.71839,0.104972,0.0807542
48.7215,0.0722096,-0.0478251,0.0677565,0.683039,-0.718235,0.105143,0.0808781
48.7265,0.0722208,-0.0478586,0.0677151,0.683039,-0.718235,0.105143,0.0808781
48.7316,0.0722153,-0.0478423,0.0676636,0.683183,-0.718096,0.105173,0.0808543
48.7366,0.0722153,-0.0478423,0.0676636,0.683183,-0.718096,0.105173,0.0808543
48.7415,0.0723042,-0.0478126,0.0676636,0.683161,-0.718079,0.105314,0.0810021
48.7465,0.0723099,-0.0478297,0.0675707,0.683305,-0.717941,0.105345,0.0809782
48.7515,0.0723099,-0.0478297,0.0675707,0.683305,-0.717941,0.105345,0.0809782
48.7565,0.0723099,-0.0478297,0.0675707,0.683305,-0.717941,0.105345,0.0809782
48.7616,0.0723045,-0.0478134,0.0675191,0.682997,-0.718233,0.105291,0.0810554
48.7666,0.0723933,-0.0477836,0.0675191,0.683428,-0.717785,0.105516,0.0811019
48.7716,0.0724046,-0.0478171,0.0674777,0.682975,-0.718217,0.105432,0.0812031
48.7766,0.0724046,-0.0478171,0.0674777,0.683428,-0.717785,0.105516,0.0811019
48.7815,0.0723991,-0.0478007,0.0674262,0.683119,-0.718078,0.105463,0.0811792
48.7866,0.0724103,-0.0478341,0.0673848,0.683119,-0.718078,0.105463,0.0811792
48.7915,0.0724103,-0.0478341,0.0673848,0.683119,-0.718078,0.105463,0.0811792
48.7965,0.0724103,-0.0478341,0.0673848,0.683119,-0.718078,0.105463,0.0811792
48.8015,0.0724048,-0.0478178,0.0673333,0.683263,-0.717939,0.105493,0.0811554
48.8065,0.0724048,-0.0478178,0.0673333,0.683263,-0.717939,0.105493,0.0811554
48.8115,0.072416,-0.0478512,0.0672918,0.683263,-0.717939,0.105493,0.0811554
48.8165,0.072416,-0.0478512,0.0672918,0.683263,-0.717939,0.105493,0.0811554
48.8215,0.0724105,-0.0478348,0.0672403,0.683407,-0.7178,0.105524,0.0811316
48.8265,0.0724105,-0.0478348,0.0672403,0.683407,-0.7178,0.105524,0.0811316
48.8315,0.0725106,-0.0478384,0.0671988,0.683385,-0.717784,0.105665,0.0812792
48.8365,0.0725106,-0.0478384,0.0671988,0.683385,-0.717784,0.105665,0.0812792
48.8415,0.0725051,-0.047822,0.0671473,0.683529,-0.717645,0.105696,0.0812553
48.8465,0.0725051,-0.047822,0.0671473,0.683642,-0.71759,0.105128,0.0815219
48.8515,0.0725051,-0.047822,0.0671473,0.683189,-0.718022,0.105044,0.0816228
48.8565,0.0725051,-0.047822,0.0671473,0.683189,-0.718022,0.105044,0.0816228
48.8615,0.0725163,-0.0478554,0.0671059,0.683189,-0.718022,0.105044,0.0816228
48.8665,0.0725107,-0.0478389,0.0670544,0.683333,-0.717883,0.105075,0.0815988
48.8715,0.0725107,-0.0478389,0.0670544,0.683333,-0.717883,0.105075,0.0815988
48.8765,0.0725107,-0.0478389,0.0670544,0.683333,-0.717883,0.105075,0.0815988
48.8815,0.0725164,-0.0478558,0.0669614,0.683477,-0.717744,0.105106,0.0815748
48.8866,0.0725164,-0.0478558,0.0669614,0.68359,-0.71769,0.104538,0.0818408
48.8915,0.0725164,-0.0478558,0.0669614,0.683477,-0.717744,0.105106,0.0815748
48.8965,0.0725109,-0.0478393,0.0669099,0.683734,-0.717551,0.104569,0.0818167
48.9015,0.0725221,-0.0478727,0.0668684,0.683734,-0.717551,0.104569,0.0818167
48.9065,0.0725165,-0.0478562,0.0668169,0.683878,-0.717412,0.104599,0.0817926
48.9116,0.0725165,-0.0478562,0.0668169,0.683878,-0.717412,0.104599,0.0817926
48.9165,0.072511,-0.0478397,0.0667655,0.684022,-0.717273,0.10463,0.0817684
48.9215,0.0725166,-0.0478565,0.0666725,0.684166,-0.717134,0.104661,0.0817443
48.9266,0.0725166,-0.0478565,0.0666725,0.683713,-0.717566,0.104576,0.0818449
48.9315,0.0725111,-0.0478399,0.066621,0.683857,-0.717427,0.104607,0.0818208
48.9365,0.0725223,-0.0478732,0.0665795,0.68397,-0.717372,0.104039,0.0820858
48.9415,0.0725167,-0.0478566,0.0665281,0.684114,-0.717234,0.10407,0.0820615
48.9466,0.0726168,-0.0478601,0.0664865,0.684092,-0.717217,0.10421,0.082209
48.9516,0.0726112,-0.0478435,0.0664351,0.684236,-0.717078,0.104241,0.0821848
48.9565,0.0726224,-0.0478768,0.0663935,0.684236,-0.717078,0.104241,0.0821848
48.9616,0.0726224,-0.0478768,0.0663935,0.683784,-0.71751,0.104156,0.082285
48.9666,0.0726224,-0.0478768,0.0663935,0.683896,-0.717455,0.103588,0.0825494
48.9716,0.072628,-0.0478935,0.0663005,0.68404,-0.717316,0.103618,0.082525
48.9766,0.072628,-0.0478935,0.0663005,0.68404,-0.717316,0.103618,0.082525
48.9815,0.072628,-0.0478935,0.0663005,0.68404,-0.717316,0.103618,0.082525
48.9865,0.0726392,-0.0479267,0.0662589,0.68404,-0.717316,0.103618,0.082525
48.9916,0.0726336,-0.0479101,0.0662075,0.684184,-0.717177,0.103649,0.0825007
48.9966,0.0726336,-0.0479101,0.0662075,0.684184,-0.717177,0.103649,0.0825007
49.0015,0.0726447,-0.0479433,0.0661659,0.684184,-0.717177,0.103649,0.0825007
49.0065,0.0726391,-0.0479267,0.0661145,0.684328,-0.717038,0.10368,0.0824763
49.0116,0.0726391,-0.0479267,0.0661145,0.684328,-0.717038,0.10368,0.0824763
49.0165,0.0726503,-0.0479599,0.0660729,0.683875,-0.71747,0.103595,0.0825762
49.0215,0.0726503,-0.0479599,0.0660729,0.683875,-0.71747,0.103595,0.0825762
49.0265,0.0726447,-0.0479432,0.0660215,0.684019,-0.717332,0.103625,0.0825519
49.0315,0.0726558,-0.0479764,0.0659798,0.684019,-0.717332,0.103625,0.0825519
49.0365,0.0726558,-0.0479764,0.0659798,0.684019,-0.717332,0.103625,0.0825519
49.0415,0.0727448,-0.0479465,0.0659798,0.683998,-0.717315,0.103766,0.0826993
49.0466,0.0727392,-0.0479298,0.0659284,0.684254,-0.71712,0.103228,0.0829383
49.0516,0.0727392,-0.0479298,0.0659284,0.684254,-0.71712,0.103228,0.0829383
49.0565,0.0727503,-0.047963,0.0658868,0.684254,-0.71712,0.103228,0.0829383
49.0616,0.0727503,-0.047963,0.0658868,0.684254,-0.71712,0.103228,0.0829383
49.0665,0.0727447,-0.0479463,0.0658354,0.684398,-0.716982,0.103258,0.0829138
49.0715,0.0727559,-0.0479795,0.0657937,0.684398,-0.716982,0.103258,0.0829138
49.0766,0.0727559,-0.0479795,0.0657937,0.68451,-0.716926,0.102689,0.083177
49.0816,0.0727502,-0.0479627,0.0657423,0.684654,-0.716787,0.10272,0.0831523
49.0865,0.0727502,-0.0479627,0.0657423,0.684654,-0.716787,0.10272,0.0831523
49.0915,0.0727446,-0.047946,0.0656909,0.684345,-0.717081,0.102665,0.083227
49.0965,0.0727558,-0.0479791,0.0656493,0.684345,-0.717081,0.102665,0.083227
49.1016,0.0727501,-0.0479623,0.0655979,0.684601,-0.716886,0.102126,0.0834648
49.1065,0.0727501,-0.0479623,0.0655979,0.684601,-0.716886,0.102126,0.0834648
49.1116,0.0727613,-0.0479955,0.0655562,0.684601,-0.716886,0.102126,0.0834648
49.1166,0.0727556,-0.0479787,0.0655049,0.684745,-0.716747,0.102157,0.0834401
49.1216,0.0727556,-0.0479787,0.0655049,0.684745,-0.716747,0.102157,0.0834401
49.1265,0.0727611,-0.047995,0.0654118,0.684889,-0.716608,0.102187,0.0834153
49.1316,0.0727611,-0.047995,0.0654118,0.685,-0.716552,0.101618,0.0836775
49.1365,0.0727666,-0.0480113,0.0653187,0.685032,-0.716469,0.102217,0.0833906
49.1415,0.0727666,-0.0480113,0.0653187,0.684692,-0.716846,0.101562,0.0837512
49.1466,0.072772,-0.0480275,0.0652256,0.684724,-0.716763,0.102162,0.0834648
49.1516,0.072861,-0.0479976,0.0652256,0.684815,-0.71669,0.101733,0.0838737
49.1566,0.072861,-0.0479976,0.0652256,0.684815,-0.71669,0.101733,0.0838737
49.1615,0.0728665,-0.0480138,0.0651326,0.684959,-0.716551,0.101764,0.0838488
49.1666,0.0728665,-0.0480138,0.0651326,0.684959,-0.716551,0.101764,0.0838488
49.1716,0.0728665,-0.0480138,0.0651326,0.684959,-0.716551,0.101764,0.0838488
49.1765,0.0728719,-0.0480299,0.0650395,0.685102,-0.716412,0.101794,0.0838239
49.1815,0.0729609,-0.0479999,0.0650395,0.685082,-0.716395,0.101935,0.0839712
49.1865,0.0729609,-0.0479999,0.0650395,0.685082,-0.716395,0.101935,0.0839712
49.1915,0.0729663,-0.0480161,0.0649464,0.685225,-0.716256,0.101966,0.0839463
49.1966,0.0729663,-0.0480161,0.0649464,0.685225,-0.716256,0.101966,0.0839463
49.2016,0.0729606,-0.0479991,0.0648951,0.684917,-0.71655,0.10191,0.0840202
49.2065,0.0729717,-0.0480321,0.0648533,0.684917,-0.71655,0.10191,0.0840202
49.2116,0.0729717,-0.0480321,0.0648533,0.684917,-0.71655,0.10191,0.0840202
49.2165,0.072966,-0.0480152,0.064802,0.685061,-0.716411,0.101941,0.0839953
49.2215,0.0730661,-0.0480182,0.0647602,0.68504,-0.716393,0.102081,0.0841425
49.2265,0.0730661,-0.0480182,0.0647602,0.68504,-0.716393,0.102081,0.0841425
49.2316,0.0730604,-0.0480012,0.0647089,0.685184,-0.716255,0.102112,0.0841176
49.2366,0.0730715,-0.0480342,0.064667,0.685295,-0.716198,0.101542,0.084378
49.2416,0.0731547,-0.0479871,0.0646158,0.684966,-0.716475,0.101627,0.0845988
49.2466,0.0731659,-0.0480201,0.0645739,0.684966,-0.716475,0.101627,0.0845988
49.2516,0.0731659,-0.0480201,0.0645739,0.684966,-0.716475,0.101627,0.0845988
49.2565,0.0731659,-0.0480201,0.0645739,0.684966,-0.716475,0.101627,0.0845988
49.2616,0.0731601,-0.0480031,0.0645226,0.68511,-0.716336,0.101657,0.0845737
49.2666,0.0732603,-0.0480059,0.0644808,0.685089,-0.716318,0.101798,0.084721
49.2716,0.0732603,-0.0480059,0.0644808,0.684637,-0.716751,0.101712,0.0848197
49.2765,0.0732545,-0.0479889,0.0644295,0.684781,-0.716612,0.101742,0.0847946
49.2816,0.0733546,-0.0479917,0.0643876,0.68476,-0.716595,0.101883,0.0849419
49.2866,0.0733546,-0.0479917,0.0643876,0.68476,-0.716595,0.101883,0.0849419
49.2916,0.0733488,-0.0479746,0.0643364,0.684904,-0.716456,0.101913,0.0849167
49.2966,0.0733488,-0.0479746,0.0643364,0.684904,-0.716456,0.101913,0.0849167
49.3016,0.0733488,-0.0479746,0.0643364,0.685016,-0.716399,0.101343,0.0851759
49.3066,0.0733488,-0.0479746,0.0643364,0.684904,-0.716456,0.101913,0.0849167
49.3116,0.0734432,-0.0479603,0.0642432,0.685027,-0.7163,0.102085,0.0850389
49.3166,0.0734432,-0.0479603,0.0642432,0.685027,-0.7163,0.102085,0.0850389
49.3216,0.0734374,-0.0479432,0.064192,0.685171,-0.716161,0.102115,0.0850137
49.3266,0.0734374,-0.0479432,0.064192,0.685171,-0.716161,0.102115,0.0850137
49.3316,0.0734485,-0.0479761,0.0641501,0.685282,-0.716104,0.101544,0.0852726
49.3366,0.0735375,-0.0479459,0.0641501,0.68515,-0.716143,0.102256,0.0851609
49.3415,0.0735317,-0.0479288,0.0640988,0.684842,-0.716437,0.1022,0.0852347
49.3466,0.0735317,-0.0479288,0.0640988,0.685293,-0.716004,0.102287,0.0851357
49.3515,0.073537,-0.0479445,0.0640057,0.685097,-0.716242,0.101659,0.0854678
49.3566,0.073537,-0.0479445,0.0640057,0.685097,-0.716242,0.101659,0.0854678
49.3616,0.073537,-0.0479445,0.0640057,0.685097,-0.716242,0.101659,0.0854678
49.3666,0.0735312,-0.0479274,0.0639545,0.685241,-0.716103,0.10169,0.0854425
49.3716,0.0735312,-0.0479274,0.0639545,0.685241,-0.716103,0.10169,0.0854425
49.3766,0.0735312,-0.0479274,0.0639545,0.685241,-0.716103,0.10169,0.0854425
49.3816,0.0735365,-0.0479431,0.0638613,0.685385,-0.715964,0.10172,0.0854172
49.3865,0.0735365,-0.0479431,0.0638613,0.685385,-0.715964,0.10172,0.0854172
49.3916,0.0736196,-0.0478957,0.0638101,0.685508,-0.715808,0.101892,0.0855389
49.3966,0.0736196,-0.0478957,0.0638101,0.685619,-0.715751,0.101321,0.0857969
49.4016,0.0736249,-0.0479113,0.063717,0.685312,-0.716045,0.101264,0.0858698
49.4066,0.0736249,-0.0479113,0.063717,0.685763,-0.715612,0.101351,0.0857714
49.4116,0.0736302,-0.0479269,0.0636238,0.685455,-0.715906,0.101294,0.0858443
49.4166,0.0736302,-0.0479269,0.0636238,0.685455,-0.715906,0.101294,0.0858443
49.4215,0.0736414,-0.0479597,0.0635819,0.685455,-0.715906,0.101294,0.0858443
49.4266,0.0736355,-0.0479424,0.0635307,0.685599,-0.715767,0.101325,0.0858188
49.4316,0.0737245,-0.0479122,0.0635307,0.685578,-0.715749,0.101466,0.085966
49.4366,0.0737298,-0.0479277,0.0634375,0.685722,-0.71561,0.101496,0.0859405
49.4415,0.0737298,-0.0479277,0.0634375,0.68527,-0.716043,0.101409,0.086039
49.4466,0.073735,-0.0479432,0.0633443,0.685414,-0.715904,0.10144,0.0860135
49.4516,0.073735,-0.0479432,0.0633443,0.685414,-0.715904,0.10144,0.0860135
49.4566,0.0737403,-0.0479586,0.0632511,0.685558,-0.715766,0.10147,0.085988
49.4616,0.0737403,-0.0479586,0.0632511,0.685558,-0.715766,0.10147,0.085988
49.4666,0.0737456,-0.047974,0.063158,0.685701,-0.715627,0.101501,0.0859625
49.4715,0.0737456,-0.047974,0.063158,0.68525,-0.71606,0.101413,0.0860609
49.4766,0.0737567,-0.0480067,0.0631159,0.68525,-0.71606,0.101413,0.0860609
49.4816,0.0738398,-0.0479591,0.0630648,0.685373,-0.715903,0.101585,0.0861826
49.4866,0.0738398,-0.0479591,0.0630648,0.685373,-0.715903,0.101585,0.0861826
49.4916,0.0738509,-0.0479917,0.0630227,0.685373,-0.715903,0.101585,0.0861826
49.4966,0.073845,-0.0479744,0.0629716,0.685065,-0.716197,0.101528,0.0862557
49.5016,0.0738561,-0.0480071,0.0629295,0.685065,-0.716197,0.101528,0.0862557
49.5066,0.0738561,-0.0480071,0.0629295,0.685065,-0.716197,0.101528,0.0862557
49.5116,0.0738614,-0.0480224,0.0628363,0.685209,-0.716058,0.101558,0.0862301
49.5166,0.0738614,-0.0480224,0.0628363,0.685209,-0.716058,0.101558,0.0862301
49.5216,0.0738666,-0.0480376,0.0627431,0.685352,-0.715919,0.101589,0.0862046
49.5265,0.0738666,-0.0480376,0.0627431,0.685352,-0.715919,0.101589,0.0862046
49.5315,0.0738606,-0.0480202,0.062692,0.685496,-0.715781,0.101619,0.0861791
49.5365,0.0738658,-0.0480354,0.0625987,0.68564,-0.715642,0.10165,0.0861536
49.5416,0.0738769,-0.048068,0.0625566,0.68564,-0.715642,0.10165,0.0861536
49.5466,0.0738769,-0.048068,0.0625566,0.685188,-0.716074,0.101563,0.0862521
49.5515,0.0738821,-0.0480832,0.0624634,0.685332,-0.715936,0.101593,0.0862266
49.5565,0.0738873,-0.0480983,0.0623701,0.685476,-0.715797,0.101624,0.0862011
49.5616,0.0738813,-0.0480808,0.062319,0.685619,-0.715658,0.101654,0.0861756
49.5666,0.0739814,-0.0480829,0.0622769,0.685598,-0.71564,0.101795,0.0863227
49.5716,0.0739866,-0.048098,0.0621836,0.685742,-0.715501,0.101826,0.0862971
49.5766,0.0739866,-0.048098,0.0621836,0.685742,-0.715501,0.101826,0.0862971
49.5816,0.0739917,-0.048113,0.0620903,0.685886,-0.715362,0.101856,0.0862716
49.5866,0.0739968,-0.0481279,0.0619971,0.685578,-0.715657,0.101799,0.0863447
49.5915,0.0740858,-0.0480975,0.0619971,0.685557,-0.715639,0.10194,0.0864919
49.5966,0.0740909,-0.0481124,0.0619038,0.685701,-0.7155,0.101971,0.0864663
49.6016,0.074096,-0.0481273,0.0618105,0.685844,-0.715361,0.102001,0.0864407
49.6066,0.074096,-0.0481273,0.0618105,0.685393,-0.715794,0.101914,0.0865395
49.6116,0.0741011,-0.0481421,0.0617172,0.685537,-0.715655,0.101944,0.0865139
49.6166,0.0741011,-0.0481421,0.0617172,0.685537,-0.715655,0.101944,0.0865139
49.6215,0.0741062,-0.048157,0.0616239,0.68568,-0.715516,0.101975,0.0864883
49.6266,0.0741952,-0.0481265,0.0616239,0.685659,-0.715498,0.102116,0.0866354
49.6316,0.0742003,-0.0481413,0.0615306,0.685352,-0.715792,0.102059,0.0867087
49.6365,0.0742003,-0.0481413,0.0615306,0.685352,-0.715792,0.102059,0.0867087
49.6416,0.0742114,-0.0481736,0.0614883,0.685352,-0.715792,0.102059,0.0867087
49.6466,0.0742053,-0.048156,0.0614373,0.685495,-0.715654,0.102089,0.0866831
49.6516,0.0742053,-0.048156,0.0614373,0.685383,-0.71571,0.102663,0.0864311
49.6566,0.0742164,-0.0481884,0.061395,0.685495,-0.715654,0.102089,0.0866831
49.6616,0.0742994,-0.0481402,0.0613439,0.685618,-0.715497,0.102261,0.0868046
49.6666,0.0742994,-0.0481402,0.0613439,0.685505,-0.715553,0.102835,0.0865527
49.6716,0.0742994,-0.0481402,0.0613439,0.685054,-0.715986,0.102747,0.0866521
49.6766,0.0743044,-0.0481548,0.0612506,0.685198,-0.715847,0.102778,0.0866266
49.6816,0.0743044,-0.0481548,0.0612506,0.685198,-0.715847,0.102778,0.0866266
49.6866,0.0743044,-0.0481548,0.0612506,0.685198,-0.715847,0.102778,0.0866266
49.6915,0.0742983,-0.0481371,0.0611996,0.685341,-0.715708,0.102808,0.086601
49.6966,0.0742983,-0.0481371,0.0611996,0.68489,-0.716141,0.102721,0.0867003
49.7015,0.0742983,-0.0481371,0.0611996,0.68489,-0.716141,0.102721,0.0867003
49.7066,0.0742983,-0.0481371,0.0611996,0.68489,-0.716141,0.102721,0.0867003
49.7116,0.0742983,-0.0481371,0.0611996,0.684777,-0.716197,0.103295,0.0864495
49.7166,0.0743033,-0.0481517,0.0611063,0.68492,-0.716058,0.103326,0.0864241
49.7216,0.0743033,-0.0481517,0.0611063,0.68492,-0.716058,0.103326,0.0864241
49.7266,0.0743033,-0.0481517,0.0611063,0.684469,-0.71649,0.103238,0.0865237
49.7316,0.0743033,-0.0481517,0.0611063,0.684469,-0.71649,0.103238,0.0865237
49.7365,0.0743033,-0.0481517,0.0611063,0.684469,-0.71649,0.103238,0.0865237
49.7416,0.0743924,-0.0481212,0.0611063,0.684447,-0.716472,0.103379,0.0866711
49.7466,0.0743924,-0.0481212,0.0611063,0.684447,-0.716472,0.103379,0.0866711
49.7516,0.0743924,-0.0481212,0.0611063,0.684447,-0.716472,0.103379,0.0866711
49.7566,0.0743863,-0.0481034,0.0610553,0.684591,-0.716334,0.10341,0.0866456
49.7616,0.0743974,-0.0481357,0.061013,0.684591,-0.716334,0.10341,0.0866456
49.7666,0.0743974,-0.0481357,0.061013,0.684591,-0.716334,0.10341,0.0866456
49.7716,0.0743974,-0.0481357,0.061013,0.684139,-0.716766,0.103322,0.0867454
49.7766,0.0743974,-0.0481357,0.061013,0.684139,-0.716766,0.103322,0.0867454
49.7816,0.0743913,-0.048118,0.060962,0.684283,-0.716627,0.103353,0.08672
49.7866,0.0743913,-0.048118,0.060962,0.684283,-0.716627,0.103353,0.08672
49.7916,0.0743913,-0.048118,0.060962,0.684283,-0.716627,0.103353,0.08672
49.7966,0.0743913,-0.048118,0.060962,0.684283,-0.716627,0.103353,0.08672
49.8016,0.0743913,-0.048118,0.060962,0.684283,-0.716627,0.103353,0.08672
49.8065,0.0743963,-0.0481325,0.0608686,0.684427,-0.716488,0.103384,0.0866946
49.8116,0.0743963,-0.0481325,0.0608686,0.684427,-0.716488,0.103384,0.0866946
49.8166,0.0743901,-0.0481147,0.0608177,0.684571,-0.71635,0.103414,0.0866692
49.8216,0.0744012,-0.048147,0.0607753,0.684571,-0.71635,0.103414,0.0866692
49.8266,0.0743951,-0.0481292,0.0607243,0.684714,-0.716211,0.103445,0.0866438
49.8316,0.074389,-0.0481113,0.0606734,0.684407,-0.716504,0.103388,0.0867181
49.8366,0.0744001,-0.0481436,0.060631,0.684407,-0.716504,0.103388,0.0867181
49.8415,0.0743989,-0.0481401,0.0604867,0.684694,-0.716227,0.10345,0.0866673
49.8466,0.0743989,-0.0481401,0.0604867,0.684694,-0.716227,0.10345,0.0866673
49.8516,0.0744038,-0.0481544,0.0603934,0.684838,-0.716088,0.103481,0.0866419
49.8566,0.0743976,-0.0481365,0.0603425,0.684981,-0.715949,0.103511,0.0866165
49.8616,0.0744025,-0.0481508,0.0602491,0.684674,-0.716243,0.103454,0.0866908
49.8666,0.0744136,-0.048183,0.0602067,0.684674,-0.716243,0.103454,0.0866908
49.8715,0.0744185,-0.0481972,0.0601133,0.684817,-0.716104,0.103485,0.0866654
49.8765,0.0744123,-0.0481792,0.0600624,0.684961,-0.715965,0.103516,0.08664
49.8816,0.0745062,-0.0481628,0.0599691,0.684632,-0.716241,0.1036,0.0868617
49.8865,0.0745173,-0.0481949,0.0599266,0.684632,-0.716241,0.1036,0.0868617
49.8915,0.0745221,-0.0482091,0.0598332,0.684662,-0.716157,0.104206,0.0865891
49.8966,0.0745159,-0.048191,0.0597823,0.684919,-0.715963,0.103661,0.0868109
49.9016,0.074616,-0.0481925,0.0597398,0.684898,-0.715946,0.103802,0.086958
49.9066,0.0746209,-0.0482065,0.0596464,0.684476,-0.716294,0.104321,0.086786
49.9116,0.0746257,-0.0482205,0.059553,0.684734,-0.7161,0.103776,0.087007
49.9166,0.0746257,-0.0482205,0.059553,0.68462,-0.716155,0.104352,0.0867606
49.9216,0.0746305,-0.0482345,0.0594596,0.684764,-0.716017,0.104383,0.0867353
49.9266,0.0746353,-0.0482484,0.0593662,0.684907,-0.715878,0.104413,0.0867099
49.9316,0.0746464,-0.0482805,0.0593237,0.684456,-0.71631,0.104326,0.0868103
49.9365,0.0746464,-0.0482805,0.0593237,0.684456,-0.71631,0.104326,0.0868103
49.9416,0.0747402,-0.0482636,0.0592302,0.684578,-0.716154,0.104497,0.0869322
49.9466,0.0747513,-0.0482956,0.0591876,0.684578,-0.716154,0.104497,0.0869322
49.9515,0.0747513,-0.0482956,0.0591876,0.684126,-0.716586,0.10441,0.0870326
49.9566,0.0747623,-0.0483276,0.059145,0.684126,-0.716586,0.10441,0.0870326
49.9616,0.0747623,-0.0483276,0.059145,0.684126,-0.716586,0.10441,0.0870326
49.9666,0.0748624,-0.0483288,0.0591024,0.684105,-0.716568,0.10455,0.0871799
49.9716,0.0748562,-0.0483107,0.0590516,0.684249,-0.716429,0.104581,0.0871545
49.9766,0.0748672,-0.0483426,0.0590089,0.684249,-0.716429,0.104581,0.0871545
49.9816,0.0748672,-0.0483426,0.0590089,0.684134,-0.716484,0.105158,0.0869093
49.9866,0.0748672,-0.0483426,0.0590089,0.684249,-0.716429,0.104581,0.0871545
49.9916,0.074872,-0.0483564,0.0589154,0.684278,-0.716345,0.105189,0.0868841
49.9966,0.074872,-0.0483564,0.0589154,0.684278,-0.716345,0.105189,0.0868841
50.0016,0.074883,-0.0483883,0.0588728,0.684278,-0.716345,0.105189,0.0868841
50.0066,0.0748767,-0.0483701,0.0588219,0.684422,-0.716206,0.10522,0.0868588
50.0116,0.0748767,-0.0483701,0.0588219,0.684422,-0.716206,0.10522,0.0868588
50.0166,0.0748814,-0.0483838,0.0587285,0.684114,-0.716499,0.105163,0.0869344
50.0216,0.0749705,-0.048353,0.0587285,0.684544,-0.716049,0.105391,0.0869807
50.0266,0.0749642,-0.0483347,0.0586777,0.684687,-0.715911,0.105422,0.0869554
50.0316,0.0749516,-0.0482982,0.0585761,0.684523,-0.716065,0.105396,0.0870058
50.0366,0.0749516,-0.0482982,0.0585761,0.68486,-0.715687,0.106061,0.0866603
50.0416,0.0750343,-0.0482491,0.0585253,0.684982,-0.71553,0.106233,0.0867822
50.0466,0.0750343,-0.0482491,0.0585253,0.684982,-0.71553,0.106233,0.0867822
50.0516,0.0750343,-0.0482491,0.0585253,0.684982,-0.71553,0.106233,0.0867822
50.0566,0.0750343,-0.0482491,0.0585253,0.684982,-0.71553,0.106233,0.0867822
50.0616,0.0750343,-0.0482491,0.0585253,0.684982,-0.71553,0.106233,0.0867822
50.0666,0.075028,-0.0482308,0.0584745,0.685576,-0.714959,0.106351,0.0866554
50.0716,0.075039,-0.0482627,0.0584318,0.685576,-0.714959,0.106351,0.0866554
50.0766,0.075039,-0.0482627,0.0584318,0.685576,-0.714959,0.106351,0.0866554
50.0816,0.075039,-0.0482627,0.0584318,0.685576,-0.714959,0.106351,0.0866554
50.0866,0.075039,-0.0482627,0.0584318,0.685576,-0.714959,0.106351,0.0866554
50.0916,0.075039,-0.0482627,0.0584318,0.686027,-0.714526,0.106439,0.0865537
50.0966,0.0750501,-0.0482945,0.0583891,0.686027,-0.714526,0.106439,0.0865537
50.1016,0.0751392,-0.0482637,0.0583891,0.686005,-0.714508,0.10658,0.0867007
50.1066,0.0751392,-0.0482637,0.0583891,0.686005,-0.714508,0.10658,0.0867007
50.1116,0.0751392,-0.0482637,0.0583891,0.686455,-0.714074,0.106668,0.0865991
50.1165,0.0751392,-0.0482637,0.0583891,0.686455,-0.714074,0.106668,0.0865991
50.1216,0.0751438,-0.0482772,0.0582956,0.686598,-0.713935,0.106699,0.0865737
50.1266,0.0751438,-0.0482772,0.0582956,0.686598,-0.713935,0.106699,0.0865737
50.1316,0.0751438,-0.0482772,0.0582956,0.686598,-0.713935,0.106699,0.0865737
50.1366,0.0751438,-0.0482772,0.0582956,0.687048,-0.713501,0.106786,0.086472
50.1416,0.0751438,-0.0482772,0.0582956,0.686933,-0.713556,0.107362,0.0862263
50.1466,0.0751485,-0.0482906,0.0582021,0.687191,-0.713362,0.106817,0.0864467
50.1516,0.0751485,-0.0482906,0.0582021,0.687076,-0.713416,0.107393,0.0862011
50.1566,0.0751485,-0.0482906,0.0582021,0.687191,-0.713362,0.106817,0.0864467
50.1616,0.0751485,-0.0482906,0.0582021,0.687525,-0.712982,0.107481,0.086099
50.1666,0.0751596,-0.0483224,0.0581594,0.687641,-0.712928,0.106905,0.0863449
50.1716,0.0751596,-0.0483224,0.0581594,0.687641,-0.712928,0.106905,0.0863449
50.1766,0.0752486,-0.0482915,0.0581594,0.687503,-0.712965,0.107622,0.0862456
50.1816,0.0752423,-0.0482732,0.0581086,0.687646,-0.712825,0.107653,0.0862203
50.1866,0.0752423,-0.0482732,0.0581086,0.687646,-0.712825,0.107653,0.0862203
50.1916,0.0752423,-0.0482732,0.0581086,0.687646,-0.712825,0.107653,0.0862203
50.1966,0.0752423,-0.0482732,0.0581086,0.687646,-0.712825,0.107653,0.0862203
50.2016,0.0752469,-0.0482866,0.0580151,0.687789,-0.712685,0.107684,0.0861951
50.2066,0.0752469,-0.0482866,0.0580151,0.687789,-0.712685,0.107684,0.0861951
50.2116,0.0752469,-0.0482866,0.0580151,0.687789,-0.712685,0.107684,0.0861951
50.2166,0.0752469,-0.0482866,0.0580151,0.687789,-0.712685,0.107684,0.0861951
50.2216,0.0752516,-0.0482999,0.0579216,0.687932,-0.712546,0.107715,0.0861698
50.2266,0.0752516,-0.0482999,0.0579216,0.687932,-0.712546,0.107715,0.0861698
50.2316,0.0752516,-0.0482999,0.0579216,0.687932,-0.712546,0.107715,0.0861698
50.2366,0.0752516,-0.0482999,0.0579216,0.687932,-0.712546,0.107715,0.0861698
50.2416,0.0752516,-0.0482999,0.0579216,0.687932,-0.712546,0.107715,0.0861698
50.2466,0.0752516,-0.0482999,0.0579216,0.687932,-0.712546,0.107715,0.0861698
50.2516,0.0752562,-0.0483133,0.0578281,0.688075,-0.712406,0.107746,0.0861446
50.2566,0.0752562,-0.0483133,0.0578281,0.688075,-0.712406,0.107746,0.0861446
50.2616,0.0752562,-0.0483133,0.0578281,0.688075,-0.712406,0.107746,0.0861446
50.2666,0.0753563,-0.048314,0.0577853,0.688053,-0.712389,0.107888,0.086291
50.2716,0.0753563,-0.048314,0.0577853,0.688053,-0.712389,0.107888,0.086291
50.2766,0.0753563,-0.048314,0.0577853,0.688053,-0.712389,0.107888,0.086291
50.2816,0.0753609,-0.0483273,0.0576918,0.688196,-0.712249,0.107919,0.0862657
50.2866,0.0753609,-0.0483273,0.0576918,0.687747,-0.712683,0.107831,0.0863681
50.2916,0.075372,-0.048359,0.0576489,0.687747,-0.712683,0.107831,0.0863681
50.2966,0.075372,-0.048359,0.0576489,0.687747,-0.712683,0.107831,0.0863681
50.3015,0.075372,-0.048359,0.0576489,0.687747,-0.712683,0.107831,0.0863681
50.3066,0.0753766,-0.0483722,0.0575554,0.68789,-0.712544,0.107862,0.0863429
50.3116,0.0753766,-0.0483722,0.0575554,0.68744,-0.712978,0.107775,0.0864452
50.3166,0.0753876,-0.0484039,0.0575125,0.68744,-0.712978,0.107775,0.0864452
50.3216,0.0753876,-0.0484039,0.0575125,0.68744,-0.712978,0.107775,0.0864452
50.3266,0.0753811,-0.0483854,0.0574618,0.687583,-0.712839,0.107806,0.08642
50.3316,0.0753921,-0.048417,0.057419,0.687583,-0.712839,0.107806,0.08642
50.3366,0.0753921,-0.048417,0.057419,0.687583,-0.712839,0.107806,0.08642
50.3416,0.0753967,-0.0484302,0.0573254,0.687277,-0.713133,0.107749,0.0864971
50.3466,0.0753967,-0.0484302,0.0573254,0.687277,-0.713133,0.107749,0.0864971
50.3516,0.0754077,-0.0484618,0.0572825,0.687277,-0.713133,0.107749,0.0864971
50.3566,0.0754013,-0.0484433,0.0572318,0.68742,-0.712994,0.107781,0.0864718
50.3616,0.0754123,-0.0484749,0.0571889,0.68742,-0.712994,0.107781,0.0864718
50.3666,0.0754058,-0.0484563,0.0571382,0.687113,-0.713288,0.107724,0.0865489
50.3716,0.0754058,-0.0484563,0.0571382,0.687113,-0.713288,0.107724,0.0865489
50.3766,0.0754168,-0.0484879,0.0570953,0.687113,-0.713288,0.107724,0.0865489
50.3816,0.0754103,-0.0484694,0.0570446,0.687256,-0.713149,0.107755,0.0865236
50.3866,0.0754213,-0.0485009,0.0570017,0.686807,-0.713583,0.107667,0.086626
50.3916,0.0754213,-0.0485009,0.0570017,0.686807,-0.713583,0.107667,0.086626
50.3966,0.0754323,-0.0485325,0.0569587,0.686807,-0.713583,0.107667,0.086626
50.4016,0.0754323,-0.0485325,0.0569587,0.686807,-0.713583,0.107667,0.086626
50.4066,0.0754368,-0.0485454,0.0568651,0.68695,-0.713443,0.107699,0.0866007
50.4116,0.0754368,-0.0485454,0.0568651,0.68695,-0.713443,0.107699,0.0866007
50.4166,0.0754368,-0.0485454,0.0568651,0.6865,-0.713877,0.107611,0.086703
50.4216,0.0754478,-0.0485769,0.0568221,0.6865,-0.713877,0.107611,0.086703
50.4266,0.0754413,-0.0485584,0.0567714,0.686527,-0.713791,0.10822,0.0864356
50.4316,0.0754522,-0.0485898,0.0567284,0.686527,-0.713791,0.10822,0.0864356
50.4366,0.0754458,-0.0485712,0.0566778,0.68667,-0.713652,0.108251,0.0864105
50.4416,0.0754567,-0.0486027,0.0566348,0.68667,-0.713652,0.108251,0.0864105
50.4466,0.0754502,-0.0485841,0.0565842,0.686813,-0.713512,0.108282,0.0863854
50.4516,0.0754612,-0.0486156,0.0565411,0.686364,-0.713946,0.108194,0.0864881
50.4566,0.0755439,-0.0485659,0.0564905,0.686484,-0.713789,0.108367,0.0866097
50.4616,0.0755439,-0.0485659,0.0564905,0.686368,-0.713842,0.108944,0.0863682
50.4679,0.0755484,-0.0485786,0.0563968,0.686511,-0.713703,0.108976,0.0863432
50.4716,0.0755484,-0.0485786,0.0563968,0.686061,-0.714136,0.108888,0.0864464
50.4767,0.0755528,-0.0485914,0.0563032,0.686204,-0.713997,0.108919,0.0864213
50.4816,0.0755528,-0.0485914,0.0563032,0.686204,-0.713997,0.108919,0.0864213
50.4866,0.0755572,-0.0486041,0.0562095,0.686348,-0.713857,0.108951,0.0863963
50.4916,0.0755572,-0.0486041,0.0562095,0.685898,-0.714291,0.108863,0.0864995
50.4966,0.0755507,-0.0485854,0.0561589,0.686041,-0.714151,0.108894,0.0864744
50.5016,0.0755507,-0.0485854,0.0561589,0.685924,-0.714204,0.109473,0.0862342
50.5066,0.0755616,-0.0486168,0.0561158,0.685924,-0.714204,0.109473,0.0862342
50.5116,0.0755616,-0.0486168,0.0561158,0.685474,-0.714637,0.109385,0.0863376
50.5166,0.0755616,-0.0486168,0.0561158,0.685474,-0.714637,0.109385,0.0863376
50.5215,0.0756443,-0.0485669,0.0560653,0.685595,-0.71448,0.109557,0.0864597
50.5266,0.0756552,-0.0485983,0.0560222,0.685595,-0.71448,0.109557,0.0864597
50.5316,0.0756552,-0.0485983,0.0560222,0.685595,-0.71448,0.109557,0.0864597
50.5365,0.0756552,-0.0485983,0.0560222,0.685027,-0.714965,0.110049,0.0863238
50.5416,0.0756552,-0.0485983,0.0560222,0.685477,-0.714533,0.110136,0.0862198
50.5466,0.0756552,-0.0485983,0.0560222,0.685477,-0.714533,0.110136,0.0862198
50.5516,0.0756596,-0.0486109,0.0559285,0.68517,-0.714826,0.11008,0.086299
50.5566,0.0756596,-0.0486109,0.0559285,0.68517,-0.714826,0.11008,0.086299
50.5616,0.0756596,-0.0486109,0.0559285,0.68517,-0.714826,0.11008,0.086299
50.5666,0.0756596,-0.0486109,0.0559285,0.68517,-0.714826,0.11008,0.086299
50.5716,0.0756596,-0.0486109,0.0559285,0.68517,-0.714826,0.11008,0.086299
50.5765,0.0756596,-0.0486109,0.0559285,0.68517,-0.714826,0.11008,0.086299
50.5816,0.0756596,-0.0486109,0.0559285,0.68517,-0.714826,0.11008,0.086299
50.5866,0.0756596,-0.0486109,0.0559285,0.68517,-0.714826,0.11008,0.086299
50.5917,0.0756531,-0.0485921,0.0558779,0.685314,-0.714687,0.110111,0.0862742
50.5966,0.075664,-0.0486234,0.0558348,0.685314,-0.714687,0.110111,0.0862742
50.6016,0.075664,-0.0486234,0.0558348,0.685314,-0.714687,0.110111,0.0862742
50.6066,0.075664,-0.0486234,0.0558348,0.685314,-0.714687,0.110111,0.0862742
50.6116,0.075664,-0.0486234,0.0558348,0.685314,-0.714687,0.110111,0.0862742
50.6167,0.075664,-0.0486234,0.0558348,0.685314,-0.714687,0.110111,0.0862742
50.6216,0.0756749,-0.0486548,0.0557917,0.685314,-0.714687,0.110111,0.0862742
50.6266,0.0756749,-0.0486548,0.0557917,0.685314,-0.714687,0.110111,0.0862742
50.6316,0.0756684,-0.048636,0.0557411,0.68534,-0.7146,0.110721,0.0860103
50.6366,0.0756684,-0.048636,0.0557411,0.68534,-0.7146,0.110721,0.0860103
50.6416,0.0756684,-0.048636,0.0557411,0.685007,-0.71498,0.110055,0.0863533
50.6466,0.0756793,-0.0486673,0.0556979,0.68534,-0.7146,0.110721,0.0860103
50.6516,0.0756793,-0.0486673,0.0556979,0.685007,-0.71498,0.110055,0.0863533
50.6566,0.0756793,-0.0486673,0.0556979,0.684889,-0.715032,0.110634,0.0861146
50.6617,0.0756902,-0.0486986,0.0556548,0.684889,-0.715032,0.110634,0.0861146
50.6667,0.0756902,-0.0486986,0.0556548,0.684889,-0.715032,0.110634,0.0861146
50.6716,0.0756902,-0.0486986,0.0556548,0.684889,-0.715032,0.110634,0.0861146
50.6766,0.0756836,-0.0486797,0.0556042,0.685032,-0.714893,0.110665,0.0860899
50.6816,0.0756945,-0.048711,0.0555611,0.685032,-0.714893,0.110665,0.0860899
50.6866,0.0756945,-0.048711,0.0555611,0.685032,-0.714893,0.110665,0.0860899
50.6916,0.075688,-0.0486922,0.0555105,0.685176,-0.714754,0.110697,0.0860652
50.6966,0.0756989,-0.0487234,0.0554673,0.685176,-0.714754,0.110697,0.0860652
50.7016,0.0756989,-0.0487234,0.0554673,0.685176,-0.714754,0.110697,0.0860652
50.7066,0.0757032,-0.0487358,0.0553736,0.685319,-0.714615,0.110728,0.0860406
50.7116,0.0757032,-0.0487358,0.0553736,0.685319,-0.714615,0.110728,0.0860406
50.7166,0.0757141,-0.048767,0.0553304,0.685319,-0.714615,0.110728,0.0860406
50.7216,0.0757141,-0.048767,0.0553304,0.685319,-0.714615,0.110728,0.0860406
50.7266,0.0757184,-0.0487793,0.0552366,0.685462,-0.714475,0.11076,0.0860159
50.7316,0.0757184,-0.0487793,0.0552366,0.685462,-0.714475,0.11076,0.0860159
50.7366,0.0757293,-0.0488105,0.0551934,0.685462,-0.714475,0.11076,0.0860159
50.7416,0.0757293,-0.0488105,0.0551934,0.685462,-0.714475,0.11076,0.0860159
50.7466,0.0757227,-0.0487916,0.0551428,0.685605,-0.714336,0.110791,0.0859912
50.7516,0.0758228,-0.0487916,0.0550996,0.685583,-0.714318,0.110932,0.0861381
50.7565,0.0758271,-0.0488039,0.0550058,0.685726,-0.714179,0.110963,0.0861134
50.7616,0.0758271,-0.0488039,0.0550058,0.685726,-0.714179,0.110963,0.0861134
50.7666,0.0758314,-0.0488161,0.054912,0.685869,-0.71404,0.110995,0.0860886
50.7716,0.0758422,-0.0488472,0.0548687,0.685869,-0.71404,0.110995,0.0860886
50.7766,0.0758356,-0.0488283,0.0548182,0.686012,-0.7139,0.111026,0.0860639
50.7816,0.0758398,-0.0488404,0.0547244,0.685705,-0.714194,0.11097,0.0861437
50.7866,0.07594,-0.0488403,0.0546811,0.685682,-0.714176,0.111111,0.0862905
50.7916,0.0759334,-0.0488213,0.0546306,0.685826,-0.714037,0.111143,0.0862658
50.7966,0.0759442,-0.0488523,0.0545873,0.685826,-0.714037,0.111143,0.0862658
50.8016,0.0759484,-0.0488644,0.0544935,0.685969,-0.713898,0.111174,0.086241
50.8066,0.0759484,-0.0488644,0.0544935,0.685519,-0.714331,0.111087,0.0863456
50.8116,0.076042,-0.0488451,0.0543997,0.685639,-0.714174,0.111259,0.0864677
50.8166,0.076042,-0.0488451,0.0543997,0.685639,-0.714174,0.111259,0.0864677
50.8216,0.0760461,-0.0488571,0.0543058,0.685782,-0.714034,0.111291,0.0864429
50.8266,0.076057,-0.0488881,0.0542624,0.685782,-0.714034,0.111291,0.0864429
50.8316,0.0761463,-0.0488568,0.0542624,0.685309,-0.714449,0.111344,0.0866944
50.8366,0.0761505,-0.0488687,0.0541686,0.685452,-0.71431,0.111375,0.0866697
50.8416,0.0761505,-0.0488687,0.0541686,0.685334,-0.714361,0.111955,0.0864337
50.8466,0.0761613,-0.0488996,0.0541252,0.685334,-0.714361,0.111955,0.0864337
50.8516,0.0762548,-0.0488801,0.0540313,0.685004,-0.714637,0.11204,0.0866611
50.8566,0.0762548,-0.0488801,0.0540313,0.685004,-0.714637,0.11204,0.0866611
50.8616,0.0762481,-0.0488611,0.0539809,0.685147,-0.714498,0.112072,0.0866364
50.8666,0.076259,-0.048892,0.0539374,0.685147,-0.714498,0.112072,0.0866364
50.8716,0.076259,-0.048892,0.0539374,0.684697,-0.71493,0.111984,0.0867415
50.8766,0.0762631,-0.0489038,0.0538435,0.68484,-0.714791,0.112016,0.0867168
50.8817,0.0762631,-0.0489038,0.0538435,0.68484,-0.714791,0.112016,0.0867168
50.8866,0.0762631,-0.0489038,0.0538435,0.68484,-0.714791,0.112016,0.0867168
50.8916,0.0762564,-0.0488846,0.0537931,0.684984,-0.714652,0.112047,0.0866922
50.8966,0.0762672,-0.0489155,0.0537497,0.684533,-0.715084,0.11196,0.0867973
50.9016,0.0762672,-0.0489155,0.0537497,0.684533,-0.715084,0.11196,0.0867973
50.9066,0.0762605,-0.0488964,0.0536992,0.684677,-0.714945,0.111991,0.0867726
50.9116,0.0762713,-0.0489272,0.0536558,0.684677,-0.714945,0.111991,0.0867726
50.9166,0.0763607,-0.0488958,0.0536558,0.684654,-0.714927,0.112132,0.0869196
50.9216,0.076354,-0.0488767,0.0536054,0.684346,-0.71522,0.112076,0.0870002
50.9266,0.076354,-0.0488767,0.0536054,0.684346,-0.71522,0.112076,0.0870002
50.9316,0.076358,-0.0488883,0.0535115,0.68449,-0.715081,0.112107,0.0869755
50.9366,0.076358,-0.0488883,0.0535115,0.68449,-0.715081,0.112107,0.0869755
50.9415,0.0763513,-0.0488691,0.0534611,0.684633,-0.714942,0.112139,0.0869508
50.9466,0.0763513,-0.0488691,0.0534611,0.684633,-0.714942,0.112139,0.0869508
50.9516,0.0763621,-0.0488999,0.0534176,0.684633,-0.714942,0.112139,0.0869508
50.9566,0.0763554,-0.0488807,0.0533672,0.684776,-0.714803,0.112171,0.0869261
50.9616,0.0763554,-0.0488807,0.0533672,0.684326,-0.715235,0.112083,0.0870313
50.9666,0.0763486,-0.0488615,0.0533169,0.684469,-0.715096,0.112114,0.0870066
50.9716,0.0763594,-0.0488923,0.0532733,0.684469,-0.715096,0.112114,0.0870066
50.9766,0.0764488,-0.0488609,0.0532733,0.684446,-0.715078,0.112255,0.0871536
50.9816,0.0764528,-0.0488724,0.0531794,0.684589,-0.714939,0.112287,0.0871289
50.9866,0.0764528,-0.0488724,0.0531794,0.684589,-0.714939,0.112287,0.0871289
50.9916,0.076446,-0.0488531,0.0531291,0.684282,-0.715232,0.112231,0.0872095
50.9966,0.0764501,-0.0488646,0.0530352,0.684426,-0.715093,0.112262,0.0871848
51.0016,0.0764501,-0.0488646,0.0530352,0.684426,-0.715093,0.112262,0.0871848
51.0066,0.0764433,-0.0488453,0.0529849,0.684569,-0.714954,0.112294,0.08716
51.0116,0.0764541,-0.048876,0.0529413,0.684569,-0.714954,0.112294,0.08716
51.0166,0.0764473,-0.0488567,0.052891,0.684712,-0.714814,0.112325,0.0871353
51.0216,0.0764405,-0.0488373,0.0528407,0.684405,-0.715108,0.112269,0.0872159
51.0266,0.0764513,-0.048868,0.0527971,0.684405,-0.715108,0.112269,0.0872159
51.0316,0.0764553,-0.0488794,0.0527032,0.684548,-0.714968,0.112301,0.0871912
51.0366,0.0764553,-0.0488794,0.0527032,0.684548,-0.714968,0.112301,0.0871912
51.0416,0.0765378,-0.0488285,0.0526529,0.684218,-0.715243,0.112385,0.0874189
51.0466,0.0765486,-0.0488592,0.0526093,0.684218,-0.715243,0.112385,0.0874189
51.0516,0.0765486,-0.0488592,0.0526093,0.684218,-0.715243,0.112385,0.0874189
51.0567,0.0765526,-0.0488705,0.0525154,0.684361,-0.715104,0.112417,0.0873942
51.0616,0.0765526,-0.0488705,0.0525154,0.684361,-0.715104,0.112417,0.0873942
51.0666,0.0765457,-0.0488511,0.0524651,0.684505,-0.714965,0.112448,0.0873694
51.0716,0.0765565,-0.0488817,0.0524215,0.684505,-0.714965,0.112448,0.0873694
51.0766,0.0765497,-0.0488623,0.0523712,0.684197,-0.715258,0.112392,0.0874501
51.0816,0.0765605,-0.0488929,0.0523276,0.684197,-0.715258,0.112392,0.0874501
51.0866,0.0765536,-0.0488735,0.0522773,0.684341,-0.715119,0.112424,0.0874254
51.0916,0.0765644,-0.0489041,0.0522336,0.684341,-0.715119,0.112424,0.0874254
51.0966,0.0765575,-0.0488846,0.0521834,0.684484,-0.71498,0.112455,0.0874006
51.1016,0.0765683,-0.0489152,0.0521397,0.684034,-0.715412,0.112367,0.087506
51.1066,0.0766508,-0.0488642,0.0520895,0.684154,-0.715255,0.112539,0.0876284
51.1116,0.0766616,-0.0488948,0.0520458,0.684034,-0.715305,0.113122,0.087399
51.1166,0.0766723,-0.0489254,0.0520021,0.684034,-0.715305,0.113122,0.087399
51.1216,0.0766655,-0.0489058,0.0519519,0.684297,-0.715116,0.112571,0.0876036
51.1266,0.0766762,-0.0489364,0.0519081,0.684297,-0.715116,0.112571,0.0876036
51.1316,0.0766693,-0.0489169,0.0518579,0.683871,-0.715459,0.113097,0.0874556
51.1366,0.0766801,-0.0489474,0.0518142,0.683871,-0.715459,0.113097,0.0874556
51.1416,0.0766732,-0.0489278,0.051764,0.684133,-0.71527,0.112546,0.0876596
51.1466,0.0766771,-0.0489388,0.05167,0.684277,-0.715131,0.112578,0.0876348
51.1516,0.0766878,-0.0489693,0.0516263,0.684277,-0.715131,0.112578,0.0876348
51.1566,0.0766809,-0.0489497,0.0515761,0.684301,-0.715042,0.113192,0.0873817
51.1617,0.0766848,-0.0489605,0.0514821,0.684113,-0.715284,0.112553,0.0876908
51.1666,0.0766886,-0.0489714,0.0513881,0.684137,-0.715195,0.113168,0.0874383
51.1716,0.0766886,-0.0489714,0.0513881,0.684137,-0.715195,0.113168,0.0874383
51.1766,0.0766924,-0.0489822,0.0512942,0.68428,-0.715056,0.113199,0.0874137
51.1816,0.0767031,-0.0490126,0.0512504,0.68428,-0.715056,0.113199,0.0874137
51.1866,0.0767069,-0.0490234,0.0511564,0.684423,-0.714917,0.113231,0.087389
51.1916,0.0767,-0.0490037,0.0511062,0.684116,-0.71521,0.113175,0.0874703
51.1966,0.0767107,-0.0490341,0.0510624,0.684116,-0.71521,0.113175,0.0874703
51.2016,0.0767107,-0.0490341,0.0510624,0.684116,-0.71521,0.113175,0.0874703
51.2066,0.0768039,-0.0490132,0.0509684,0.684236,-0.715053,0.113347,0.0875927
51.2117,0.0768039,-0.0490132,0.0509684,0.684236,-0.715053,0.113347,0.0875927
51.2166,0.0768076,-0.0490238,0.0508744,0.68438,-0.714914,0.113379,0.087568
51.2216,0.0768183,-0.0490542,0.0508305,0.68438,-0.714914,0.113379,0.087568
51.2266,0.0768114,-0.0490344,0.0507804,0.683953,-0.715256,0.113906,0.0874231
51.2317,0.0768221,-0.0490647,0.0507365,0.684072,-0.715207,0.113322,0.0876494
51.2367,0.0769045,-0.0490134,0.0506864,0.684072,-0.715099,0.114078,0.0875455
51.2416,0.0769152,-0.0490437,0.0506425,0.684072,-0.715099,0.114078,0.0875455
51.2466,0.0769259,-0.049074,0.0505986,0.684072,-0.715099,0.114078,0.0875455
51.2516,0.0769259,-0.049074,0.0505986,0.684072,-0.715099,0.114078,0.0875455
51.2566,0.0769296,-0.0490845,0.0505046,0.683765,-0.715392,0.114022,0.0876274
51.2616,0.0769296,-0.0490845,0.0505046,0.683765,-0.715392,0.114022,0.0876274
51.2667,0.0770227,-0.0490633,0.0504105,0.683885,-0.715235,0.114194,0.0877499
51.2716,0.0770227,-0.0490633,0.0504105,0.683885,-0.715235,0.114194,0.0877499
51.2767,0.0770227,-0.0490633,0.0504105,0.683434,-0.715666,0.114106,0.0878566
51.2816,0.0770264,-0.0490737,0.0503165,0.684028,-0.715096,0.114226,0.0877253
51.2866,0.0770264,-0.0490737,0.0503165,0.683578,-0.715527,0.114138,0.0878319
51.2916,0.0770194,-0.0490538,0.0502664,0.683721,-0.715388,0.11417,0.0878073
51.2967,0.0770301,-0.0490841,0.0502224,0.683721,-0.715388,0.11417,0.0878073
51.3017,0.0770231,-0.0490642,0.0501723,0.683865,-0.715249,0.114202,0.0877827
51.3066,0.077016,-0.0490443,0.0501222,0.684008,-0.71511,0.114233,0.0877581
51.3117,0.077016,-0.0490443,0.0501222,0.684008,-0.71511,0.114233,0.0877581
51.3166,0.077009,-0.0490244,0.0500722,0.683701,-0.715403,0.114177,0.0878401
51.3216,0.0770197,-0.0490546,0.0500282,0.683701,-0.715403,0.114177,0.0878401
51.3267,0.0770126,-0.0490347,0.0499781,0.683844,-0.715264,0.114209,0.0878155
51.3316,0.0770126,-0.0490347,0.0499781,0.683844,-0.715264,0.114209,0.0878155
51.3366,0.0770126,-0.0490347,0.0499781,0.683844,-0.715264,0.114209,0.0878155
51.3416,0.0770126,-0.0490347,0.0499781,0.683844,-0.715264,0.114209,0.0878155
51.3466,0.0770126,-0.0490347,0.0499781,0.683393,-0.715695,0.11412,0.087922
51.3517,0.0770233,-0.0490649,0.0499342,0.683393,-0.715695,0.11412,0.087922
51.3566,0.0770233,-0.0490649,0.0499342,0.683393,-0.715695,0.11412,0.087922
51.3616,0.0770233,-0.0490649,0.0499342,0.683393,-0.715695,0.11412,0.087922
51.3666,0.0770233,-0.0490649,0.0499342,0.683393,-0.715695,0.11412,0.087922
51.3717,0.0770162,-0.0490449,0.0498841,0.683537,-0.715556,0.114152,0.0878975
51.3766,0.0770162,-0.0490449,0.0498841,0.683537,-0.715556,0.114152,0.0878975
51.3816,0.0770199,-0.0490552,0.0497901,0.68368,-0.715417,0.114184,0.0878729
51.3866,0.0771093,-0.0490235,0.0497901,0.683657,-0.715399,0.114325,0.08802
51.3916,0.0771022,-0.0490035,0.04974,0.6838,-0.71526,0.114356,0.0879953
51.3967,0.0770951,-0.0489835,0.04969,0.683943,-0.715121,0.114388,0.0879707
51.4016,0.0771058,-0.0490136,0.049646,0.683943,-0.715121,0.114388,0.0879707
51.4066,0.0770987,-0.0489936,0.049596,0.684087,-0.714982,0.11442,0.0879461
51.4117,0.0770916,-0.0489736,0.049546,0.68378,-0.715275,0.114363,0.0880281
51.4166,0.0771809,-0.0489419,0.049546,0.683756,-0.715256,0.114504,0.0881752
51.4216,0.0771845,-0.048952,0.049452,0.683899,-0.715117,0.114536,0.0881506
51.4266,0.0771774,-0.0489319,0.049402,0.684043,-0.714978,0.114568,0.0881259
51.4316,0.0771774,-0.0489319,0.049402,0.683592,-0.71541,0.114479,0.0882327
51.4367,0.0771809,-0.0489419,0.0493079,0.683735,-0.715271,0.114511,0.0882081
51.4416,0.0772631,-0.0488901,0.049258,0.683855,-0.715114,0.114683,0.0883304
51.4466,0.0772631,-0.0488901,0.049258,0.683976,-0.715064,0.114098,0.0885522
51.4517,0.077256,-0.0488699,0.049208,0.684119,-0.714925,0.11413,0.0885274
51.4566,0.0772667,-0.0489,0.049164,0.683669,-0.715357,0.114041,0.0886338
51.4616,0.0772667,-0.0489,0.049164,0.683548,-0.715406,0.114627,0.0884126
51.4666,0.0772595,-0.0488799,0.049114,0.683812,-0.715218,0.114073,0.0886091
51.4716,0.0772702,-0.04891,0.0490699,0.683812,-0.715218,0.114073,0.0886091
51.4766,0.0772702,-0.04891,0.0490699,0.683691,-0.715267,0.114659,0.088388
51.4816,0.0773595,-0.0488782,0.0490699,0.683217,-0.71568,0.11471,0.0886419
51.4866,0.0773524,-0.048858,0.04902,0.683361,-0.715541,0.114742,0.0886173
51.4916,0.0773631,-0.0488881,0.0489759,0.683481,-0.715492,0.114157,0.0888379
51.4966,0.0773631,-0.0488881,0.0489759,0.683481,-0.715492,0.114157,0.0888379
51.5016,0.0773631,-0.0488881,0.0489759,0.683481,-0.715492,0.114157,0.0888379
51.5066,0.0773631,-0.0488881,0.0489759,0.68303,-0.715924,0.114068,0.0889444
51.5117,0.0773631,-0.0488881,0.0489759,0.68291,-0.715973,0.114654,0.0887242
51.5166,0.0773631,-0.0488881,0.0489759,0.68291,-0.715973,0.114654,0.0887242
51.5216,0.0773631,-0.0488881,0.0489759,0.68303,-0.715924,0.114068,0.0889444
51.5266,0.0773631,-0.0488881,0.0489759,0.68291,-0.715973,0.114654,0.0887242
51.5317,0.0773631,-0.0488881,0.0489759,0.68303,-0.715924,0.114068,0.0889444
51.5367,0.0774559,-0.0488661,0.0488819,0.68315,-0.715767,0.11424,0.0890668
51.5416,0.0774559,-0.0488661,0.0488819,0.68315,-0.715767,0.11424,0.0890668
51.5466,0.0774559,-0.0488661,0.0488819,0.68315,-0.715767,0.11424,0.0890668
51.5516,0.0774559,-0.0488661,0.0488819,0.682699,-0.716198,0.114151,0.0891734
51.5566,0.0774559,-0.0488661,0.0488819,0.682699,-0.716198,0.114151,0.0891734
51.5617,0.0774559,-0.0488661,0.0488819,0.682699,-0.716198,0.114151,0.0891734
51.5667,0.0774559,-0.0488661,0.0488819,0.682699,-0.716198,0.114151,0.0891734
51.5717,0.0774559,-0.0488661,0.0488819,0.682699,-0.716198,0.114151,0.0891734
51.5766,0.0774559,-0.0488661,0.0488819,0.682699,-0.716198,0.114151,0.0891734
51.5816,0.0774559,-0.0488661,0.0488819,0.682699,-0.716198,0.114151,0.0891734
51.5866,0.0774559,-0.0488661,0.0488819,0.682699,-0.716198,0.114151,0.0891734
51.5916,0.0774559,-0.0488661,0.0488819,0.682699,-0.716198,0.114151,0.0891734
51.5966,0.0774559,-0.0488661,0.0488819,0.682699,-0.716198,0.114151,0.0891734
51.6016,0.0775452,-0.0488342,0.0488819,0.682676,-0.716179,0.114291,0.0893206
51.6066,0.0775559,-0.0488642,0.0488378,0.682676,-0.716179,0.114291,0.0893206
51.6116,0.0775559,-0.0488642,0.0488378,0.682676,-0.716179,0.114291,0.0893206
51.6166,0.0775559,-0.0488642,0.0488378,0.682676,-0.716179,0.114291,0.0893206
51.6217,0.0775559,-0.0488642,0.0488378,0.682676,-0.716179,0.114291,0.0893206
51.6266,0.0775559,-0.0488642,0.0488378,0.682676,-0.716179,0.114291,0.0893206
51.6316,0.0775559,-0.0488642,0.0488378,0.682676,-0.716179,0.114291,0.0893206
51.6367,0.0775559,-0.0488642,0.0488378,0.682676,-0.716179,0.114291,0.0893206
51.6416,0.0775487,-0.048844,0.0487878,0.68282,-0.71604,0.114323,0.0892958
51.6466,0.0775487,-0.048844,0.0487878,0.68282,-0.71604,0.114323,0.0892958
51.6517,0.077638,-0.0488121,0.0487878,0.682796,-0.716022,0.114464,0.089443
51.6566,0.077638,-0.0488121,0.0487878,0.682796,-0.716022,0.114464,0.089443
51.6616,0.0776308,-0.0487919,0.0487379,0.682939,-0.715883,0.114496,0.0894181
51.6666,0.0776415,-0.0488219,0.0486938,0.682939,-0.715883,0.114496,0.0894181
51.6716,0.0776343,-0.0488017,0.0486439,0.683083,-0.715744,0.114528,0.0893932
51.6766,0.0776343,-0.0488017,0.0486439,0.682632,-0.716175,0.114438,0.0895
51.6817,0.0776343,-0.0488017,0.0486439,0.683083,-0.715744,0.114528,0.0893932
51.6868,0.077627,-0.0487814,0.048594,0.683226,-0.715605,0.11456,0.0893683
51.6916,0.077627,-0.0487814,0.048594,0.683226,-0.715605,0.11456,0.0893683
51.6967,0.077627,-0.0487814,0.048594,0.683226,-0.715605,0.11456,0.0893683
51.7017,0.0776198,-0.0487612,0.0485441,0.682919,-0.715898,0.114502,0.0894503
51.7068,0.0776305,-0.0487912,0.0485,0.682919,-0.715898,0.114502,0.0894503
51.7117,0.0776233,-0.0487709,0.0484501,0.683062,-0.715759,0.114534,0.0894254
51.7167,0.0776233,-0.0487709,0.0484501,0.683062,-0.715759,0.114534,0.0894254
51.7218,0.0776267,-0.0487805,0.0483561,0.683206,-0.71562,0.114566,0.0894005
51.7267,0.0776267,-0.0487805,0.0483561,0.683206,-0.71562,0.114566,0.0894005
51.7317,0.0776194,-0.0487602,0.0483062,0.683349,-0.715481,0.114598,0.0893756
51.7367,0.0776194,-0.0487602,0.0483062,0.683349,-0.715481,0.114598,0.0893756
51.7417,0.0776229,-0.0487698,0.0482122,0.683493,-0.715342,0.11463,0.0893507
51.7467,0.0776229,-0.0487698,0.0482122,0.683042,-0.715773,0.114541,0.0894576
51.7516,0.0776156,-0.0487494,0.0481623,0.683185,-0.715634,0.114573,0.0894327
51.7572,0.0777156,-0.0487474,0.0481182,0.683162,-0.715616,0.114713,0.0895798
51.7617,0.0777156,-0.0487474,0.0481182,0.683162,-0.715616,0.114713,0.0895798
51.7666,0.0777083,-0.048727,0.0480683,0.683305,-0.715477,0.114745,0.0895549
51.7716,0.077719,-0.0487569,0.0480241,0.682854,-0.715908,0.114656,0.0896618
51.7767,0.077719,-0.0487569,0.0480241,0.683305,-0.715477,0.114745,0.0895549
51.7816,0.0777117,-0.0487365,0.0479743,0.682998,-0.715769,0.114688,0.0896369
51.7867,0.0777224,-0.0487664,0.0479301,0.682998,-0.715769,0.114688,0.0896369
51.7916,0.0777224,-0.0487664,0.0479301,0.682998,-0.715769,0.114688,0.0896369
51.7966,0.0777224,-0.0487664,0.0479301,0.682998,-0.715769,0.114688,0.0896369
51.8016,0.0777331,-0.0487963,0.0478859,0.682998,-0.715769,0.114688,0.0896369
51.8066,0.0777331,-0.0487963,0.0478859,0.682998,-0.715769,0.114688,0.0896369
51.8117,0.0777258,-0.0487759,0.0478361,0.683141,-0.71563,0.11472,0.089612
51.8167,0.0777365,-0.0488057,0.0477919,0.683141,-0.71563,0.11472,0.089612
51.8216,0.0777365,-0.0488057,0.0477919,0.683141,-0.71563,0.11472,0.089612
51.8267,0.0777365,-0.0488057,0.0477919,0.683141,-0.71563,0.11472,0.089612
51.8316,0.0777291,-0.0487853,0.0477421,0.683285,-0.715492,0.114752,0.0895871
51.8366,0.0777291,-0.0487853,0.0477421,0.683285,-0.715492,0.114752,0.0895871
51.8416,0.0777398,-0.0488151,0.0476978,0.682834,-0.715923,0.114662,0.089694
51.8466,0.0777398,-0.0488151,0.0476978,0.683285,-0.715492,0.114752,0.0895871
51.8516,0.0777398,-0.0488151,0.0476978,0.683285,-0.715492,0.114752,0.0895871
51.8567,0.0777398,-0.0488151,0.0476978,0.682834,-0.715923,0.114662,0.089694
51.8616,0.0777398,-0.0488151,0.0476978,0.683285,-0.715492,0.114752,0.0895871
51.8666,0.0778291,-0.0487831,0.0476978,0.683261,-0.715473,0.114892,0.0897342
51.8716,0.0778291,-0.0487831,0.0476978,0.68281,-0.715904,0.114803,0.0898412
51.8767,0.0778291,-0.0487831,0.0476978,0.68281,-0.715904,0.114803,0.0898412
51.8816,0.0778291,-0.0487831,0.0476978,0.68281,-0.715904,0.114803,0.0898412
51.8867,0.0778291,-0.0487831,0.0476978,0.683261,-0.715473,0.114892,0.0897342
51.8916,0.0778291,-0.0487831,0.0476978,0.68281,-0.715904,0.114803,0.0898412
51.8967,0.0778291,-0.0487831,0.0476978,0.68281,-0.715904,0.114803,0.0898412
51.9017,0.0778291,-0.0487831,0.0476978,0.68281,-0.715904,0.114803,0.0898412
51.9067,0.0778291,-0.0487831,0.0476978,0.68281,-0.715904,0.114803,0.0898412
51.9117,0.0778291,-0.0487831,0.0476978,0.68281,-0.715904,0.114803,0.0898412
51.9166,0.0778291,-0.0487831,0.0476978,0.68281,-0.715904,0.114803,0.0898412
51.9217,0.0778291,-0.0487831,0.0476978,0.68281,-0.715904,0.114803,0.0898412
51.9267,0.0778291,-0.0487831,0.0476978,0.68281,-0.715904,0.114803,0.0898412
51.9317,0.0778291,-0.0487831,0.0476978,0.68281,-0.715904,0.114803,0.0898412
51.9366,0.0778291,-0.0487831,0.0476978,0.68281,-0.715904,0.114803,0.0898412
51.9416,0.0778398,-0.048813,0.0476536,0.68281,-0.715904,0.114803,0.0898412
51.9467,0.0778398,-0.048813,0.0476536,0.68281,-0.715904,0.114803,0.0898412
51.9517,0.0778398,-0.048813,0.0476536,0.68281,-0.715904,0.114803,0.0898412
51.9566,0.0778398,-0.048813,0.0476536,0.68281,-0.715904,0.114803,0.0898412
51.9616,0.0778398,-0.048813,0.0476536,0.68281,-0.715904,0.114803,0.0898412
51.9666,0.0778398,-0.048813,0.0476536,0.68281,-0.715904,0.114803,0.0898412
51.9717,0.0778325,-0.0487925,0.0476038,0.682954,-0.715765,0.114835,0.0898163
51.9766,0.0778325,-0.0487925,0.0476038,0.682954,-0.715765,0.114835,0.0898163
51.9817,0.0778325,-0.0487925,0.0476038,0.682954,-0.715765,0.114835,0.0898163
51.9866,0.0778325,-0.0487925,0.0476038,0.682954,-0.715765,0.114835,0.0898163
51.9917,0.0778325,-0.0487925,0.0476038,0.682954,-0.715765,0.114835,0.0898163
51.9967,0.0778325,-0.0487925,0.0476038,0.682954,-0.715765,0.114835,0.0898163
52.0016,0.0778325,-0.0487925,0.0476038,0.682954,-0.715765,0.114835,0.0898163
52.0067,0.0778325,-0.0487925,0.0476038,0.682954,-0.715765,0.114835,0.0898163
52.0117,0.0778325,-0.0487925,0.0476038,0.682954,-0.715765,0.114835,0.0898163
52.0167,0.0778325,-0.0487925,0.0476038,0.682954,-0.715765,0.114835,0.0898163
52.0216,0.0778325,-0.0487925,0.0476038,0.682954,-0.715765,0.114835,0.0898163
52.0266,0.0778325,-0.0487925,0.0476038,0.682954,-0.715765,0.114835,0.0898163
52.0317,0.0778325,-0.0487925,0.0476038,0.682954,-0.715765,0.114835,0.0898163
52.0367,0.0778325,-0.0487925,0.0476038,0.682954,-0.715765,0.114835,0.0898163
52.0416,0.0778431,-0.0488223,0.0475595,0.682954,-0.715765,0.114835,0.0898163
52.0467,0.0778431,-0.0488223,0.0475595,0.682954,-0.715765,0.114835,0.0898163
52.0517,0.0778431,-0.0488223,0.0475595,0.682954,-0.715765,0.114835,0.0898163
52.0566,0.0778431,-0.0488223,0.0475595,0.682954,-0.715765,0.114835,0.0898163
52.0617,0.0778431,-0.0488223,0.0475595,0.682954,-0.715765,0.114835,0.0898163
52.0666,0.0778538,-0.0488521,0.0475152,0.682954,-0.715765,0.114835,0.0898163
52.0717,0.0778538,-0.0488521,0.0475152,0.682954,-0.715765,0.114835,0.0898163
52.0766,0.0778538,-0.0488521,0.0475152,0.682954,-0.715765,0.114835,0.0898163
52.0817,0.0779431,-0.04882,0.0475152,0.68293,-0.715747,0.114975,0.0899635
52.0866,0.0779431,-0.04882,0.0475152,0.68293,-0.715747,0.114975,0.0899635
52.0917,0.0779431,-0.04882,0.0475152,0.68293,-0.715747,0.114975,0.0899635
52.0967,0.0779431,-0.04882,0.0475152,0.683052,-0.715698,0.114388,0.0901798
52.1016,0.0779431,-0.04882,0.0475152,0.683052,-0.715698,0.114388,0.0901798
52.1066,0.0779431,-0.04882,0.0475152,0.683052,-0.715698,0.114388,0.0901798
52.1116,0.0779431,-0.04882,0.0475152,0.68293,-0.715747,0.114975,0.0899635
52.1166,0.0779431,-0.04882,0.0475152,0.683052,-0.715698,0.114388,0.0901798
52.1217,0.0779431,-0.04882,0.0475152,0.683052,-0.715698,0.114388,0.0901798
52.1267,0.0779431,-0.04882,0.0475152,0.68293,-0.715747,0.114975,0.0899635
52.1317,0.0779431,-0.04882,0.0475152,0.683052,-0.715698,0.114388,0.0901798
52.1367,0.0779538,-0.0488498,0.047471,0.683052,-0.715698,0.114388,0.0901798
52.1416,0.0779538,-0.0488498,0.047471,0.683052,-0.715698,0.114388,0.0901798
52.1467,0.0779538,-0.0488498,0.047471,0.683502,-0.715267,0.114478,0.090073
52.1517,0.0779538,-0.0488498,0.047471,0.683052,-0.715698,0.114388,0.0901798
52.1567,0.0779538,-0.0488498,0.047471,0.683052,-0.715698,0.114388,0.0901798
52.1617,0.0779538,-0.0488498,0.047471,0.683502,-0.715267,0.114478,0.090073
52.1666,0.0779538,-0.0488498,0.047471,0.683052,-0.715698,0.114388,0.0901798
52.1716,0.0779538,-0.0488498,0.047471,0.683502,-0.715267,0.114478,0.090073
52.1767,0.0779538,-0.0488498,0.047471,0.683502,-0.715267,0.114478,0.090073
52.1817,0.0779465,-0.0488293,0.0474212,0.683195,-0.715559,0.11442,0.0901547
52.1866,0.0779571,-0.0488591,0.0473769,0.683195,-0.715559,0.11442,0.0901547
52.1916,0.0779498,-0.0488386,0.0473271,0.683338,-0.71542,0.114452,0.0901296
52.1967,0.0779498,-0.0488386,0.0473271,0.683338,-0.71542,0.114452,0.0901296
52.2017,0.0779604,-0.0488683,0.0472828,0.683789,-0.714989,0.114542,0.0900228
52.2066,0.0779531,-0.0488478,0.047233,0.683932,-0.71485,0.114573,0.0899977
52.2117,0.0779637,-0.0488775,0.0471887,0.683932,-0.71485,0.114573,0.0899977
52.2166,0.0779637,-0.0488775,0.0471887,0.683482,-0.715281,0.114484,0.0901045
52.2216,0.0779564,-0.048857,0.0471389,0.684075,-0.714711,0.114605,0.0899726
52.2267,0.077967,-0.0488867,0.0470946,0.683746,-0.715093,0.113928,0.0902952
52.2317,0.077967,-0.0488867,0.0470946,0.683625,-0.715142,0.114516,0.0900794
52.2367,0.077967,-0.0488867,0.0470946,0.684196,-0.714661,0.114018,0.0901889
52.2417,0.0779703,-0.0488958,0.0470005,0.684219,-0.714572,0.114637,0.0899475
52.2466,0.0780596,-0.0488637,0.0470005,0.683745,-0.714985,0.114688,0.0902013
52.2517,0.0780596,-0.0488637,0.0470005,0.683745,-0.714985,0.114688,0.0902013
52.2566,0.0780703,-0.0488934,0.0469561,0.683745,-0.714985,0.114688,0.0902013
52.2617,0.0780735,-0.0489024,0.046862,0.684009,-0.714797,0.114133,0.0903917
52.2666,0.0780735,-0.0489024,0.046862,0.684009,-0.714797,0.114133,0.0903917
52.2717,0.0780842,-0.0489321,0.0468176,0.684009,-0.714797,0.114133,0.0903917
52.2766,0.0780768,-0.0489115,0.0467678,0.684153,-0.714658,0.114165,0.0903664
52.2816,0.0780874,-0.0489411,0.0467234,0.684153,-0.714658,0.114165,0.0903664
52.2867,0.0780874,-0.0489411,0.0467234,0.684153,-0.714658,0.114165,0.0903664
52.2917,0.0780874,-0.0489411,0.0467234,0.684153,-0.714658,0.114165,0.0903664
52.2966,0.0780981,-0.0489707,0.046679,0.684153,-0.714658,0.114165,0.0903664
52.3017,0.0781087,-0.0490002,0.0466346,0.684153,-0.714658,0.114165,0.0903664
52.3066,0.0781087,-0.0490002,0.0466346,0.684031,-0.714707,0.114752,0.0901511
52.3116,0.0781087,-0.0490002,0.0466346,0.684031,-0.714707,0.114752,0.0901511
52.3167,0.0781193,-0.0490298,0.0465902,0.684153,-0.714658,0.114165,0.0903664
52.3216,0.0781119,-0.0490092,0.0465404,0.684296,-0.714519,0.114197,0.0903412
52.3266,0.0781119,-0.0490092,0.0465404,0.684296,-0.714519,0.114197,0.0903412
52.3317,0.0781225,-0.0490387,0.046496,0.684296,-0.714519,0.114197,0.0903412
52.3366,0.0781151,-0.0490181,0.0464462,0.684439,-0.714379,0.114229,0.090316
52.3417,0.0781151,-0.0490181,0.0464462,0.684439,-0.714379,0.114229,0.090316
52.3467,0.0781257,-0.0490476,0.0464018,0.684439,-0.714379,0.114229,0.090316
52.3517,0.0781183,-0.049027,0.0463521,0.684582,-0.71424,0.114261,0.0902907
52.3567,0.0781289,-0.0490565,0.0463076,0.684582,-0.71424,0.114261,0.0902907
52.3617,0.0781215,-0.0490358,0.0462579,0.684604,-0.71415,0.11488,0.0900505
52.3667,0.0781246,-0.0490446,0.0461637,0.684869,-0.713962,0.114324,0.0902402
52.3717,0.0781172,-0.0490239,0.046114,0.685012,-0.713823,0.114356,0.0902149
52.3767,0.0781278,-0.0490534,0.0460695,0.684562,-0.714255,0.114266,0.0903215
52.3817,0.0781203,-0.0490327,0.0460198,0.684705,-0.714116,0.114298,0.0902962
52.3867,0.0781309,-0.0490621,0.0459753,0.684584,-0.714165,0.114886,0.090082
52.3916,0.0781341,-0.0490708,0.0458811,0.684848,-0.713977,0.11433,0.090271
52.3967,0.0781341,-0.0490708,0.0458811,0.684848,-0.713977,0.11433,0.090271
52.4017,0.0782266,-0.0490473,0.0457869,0.684846,-0.713868,0.115091,0.0901785
52.4066,0.0782191,-0.0490266,0.0457372,0.685111,-0.71368,0.114535,0.0903672
52.4116,0.0782297,-0.049056,0.0456927,0.685111,-0.71368,0.114535,0.0903672
52.4167,0.0783116,-0.049003,0.045643,0.68523,-0.713522,0.114708,0.0904886
52.4217,0.0783222,-0.0490323,0.0455985,0.684781,-0.713954,0.114617,0.0905954
52.4267,0.0783147,-0.0490116,0.0455488,0.684924,-0.713815,0.114649,0.09057
52.4317,0.0784146,-0.0490087,0.0455043,0.6849,-0.713796,0.11479,0.0907168
52.4366,0.0784177,-0.0490172,0.04541,0.685043,-0.713657,0.114822,0.0906914
52.4416,0.0784995,-0.0489641,0.0453604,0.685163,-0.713499,0.114995,0.0908128
52.4467,0.0785101,-0.0489934,0.0453158,0.685163,-0.713499,0.114995,0.0908128
52.4516,0.0785026,-0.0489725,0.0452662,0.685306,-0.71336,0.115027,0.0907874
52.4567,0.0785056,-0.048981,0.045172,0.684999,-0.713653,0.114969,0.090869
52.4616,0.0785087,-0.0489894,0.0450778,0.685142,-0.713514,0.115001,0.0908436
52.4667,0.0785905,-0.0489361,0.0450282,0.685262,-0.713356,0.115174,0.0909649
52.4717,0.0785829,-0.0489152,0.0449786,0.685526,-0.713168,0.114617,0.0911513
52.4767,0.0785859,-0.0489235,0.0448844,0.685669,-0.713028,0.114649,0.0911258
52.4817,0.0785707,-0.0488816,0.0447853,0.685506,-0.713182,0.114622,0.0911814
52.4867,0.0785631,-0.0488606,0.0447358,0.685649,-0.713043,0.114654,0.0911559
52.4917,0.0785661,-0.0488688,0.0446416,0.685792,-0.712904,0.114686,0.0911303
52.4967,0.0785585,-0.0488478,0.0445921,0.685935,-0.712765,0.114718,0.0911048
52.5017,0.0785615,-0.0488559,0.0444979,0.686078,-0.712625,0.11475,0.0910792
52.5066,0.0785615,-0.0488559,0.0444979,0.685629,-0.713058,0.11466,0.091186
52.5117,0.0785644,-0.048864,0.0444037,0.685772,-0.712919,0.114692,0.0911604
52.5167,0.0785673,-0.0488721,0.0443095,0.685914,-0.712779,0.114724,0.0911349
52.5217,0.0785673,-0.0488721,0.0443095,0.685914,-0.712779,0.114724,0.0911349
52.5267,0.0785702,-0.0488802,0.0442153,0.686057,-0.71264,0.114755,0.0911094
52.5317,0.0785626,-0.0488591,0.0441659,0.685751,-0.712934,0.114697,0.0911906
52.5366,0.0785731,-0.0488882,0.0441211,0.685751,-0.712934,0.114697,0.0911906
52.5417,0.078576,-0.0488962,0.0440269,0.685894,-0.712794,0.114729,0.091165
52.5467,0.0785684,-0.048875,0.0439775,0.686037,-0.712655,0.114761,0.0911395
52.5517,0.0785789,-0.0489041,0.0439327,0.685588,-0.713088,0.11467,0.0912463
52.5566,0.0785712,-0.0488829,0.0438833,0.685731,-0.712948,0.114702,0.0912207
52.5617,0.0785741,-0.0488908,0.0437891,0.685874,-0.712809,0.114734,0.0911952
52.5667,0.0785664,-0.0488696,0.0437397,0.686017,-0.71267,0.114766,0.0911696
52.5716,0.0785769,-0.0488987,0.0436949,0.686017,-0.71267,0.114766,0.0911696
52.5767,0.0785797,-0.0489065,0.0436007,0.685711,-0.712963,0.114707,0.0912509
52.5817,0.0785721,-0.0488852,0.0435513,0.685854,-0.712824,0.114739,0.0912253
52.5867,0.0785826,-0.0489143,0.0435065,0.685854,-0.712824,0.114739,0.0912253
52.5917,0.0785749,-0.048893,0.0434571,0.685996,-0.712684,0.114771,0.0911999
52.5967,0.0785749,-0.048893,0.0434571,0.685875,-0.712733,0.115361,0.0909921
52.6016,0.0785854,-0.048922,0.0434123,0.685996,-0.712684,0.114771,0.0911999
52.6066,0.0785777,-0.0489007,0.0433629,0.686018,-0.712593,0.115393,0.0909667
52.6117,0.0785882,-0.0489297,0.0433181,0.685569,-0.713026,0.115303,0.0910739
52.6167,0.0785882,-0.0489297,0.0433181,0.685569,-0.713026,0.115303,0.0910739
52.6217,0.0785909,-0.0489374,0.0432239,0.685833,-0.712839,0.114745,0.0912555
52.6267,0.0785909,-0.0489374,0.0432239,0.685833,-0.712839,0.114745,0.0912555
52.6316,0.0786014,-0.0489664,0.043179,0.685712,-0.712887,0.115335,0.0910484
52.6367,0.0785937,-0.048945,0.0431297,0.685854,-0.712748,0.115367,0.091023
52.6417,0.0786042,-0.048974,0.0430848,0.685854,-0.712748,0.115367,0.091023
52.6467,0.0785964,-0.0489526,0.0430354,0.685997,-0.712608,0.115399,0.0909976
52.6517,0.0785964,-0.0489526,0.0430354,0.685997,-0.712608,0.115399,0.0909976
52.6566,0.0786069,-0.0489816,0.0429906,0.685997,-0.712608,0.115399,0.0909976
52.6617,0.0786069,-0.0489816,0.0429906,0.685997,-0.712608,0.115399,0.0909976
52.6667,0.0786174,-0.0490105,0.0429457,0.685548,-0.713041,0.115308,0.0911048
52.6717,0.0786096,-0.0489891,0.0428963,0.685691,-0.712902,0.11534,0.0910794
52.6766,0.0786096,-0.0489891,0.0428963,0.685691,-0.712902,0.11534,0.0910794
52.6817,0.0786201,-0.049018,0.0428514,0.685691,-0.712902,0.11534,0.0910794
52.6867,0.0786124,-0.0489966,0.0428021,0.685712,-0.71281,0.115963,0.0908477
52.6917,0.0786124,-0.0489966,0.0428021,0.685834,-0.712762,0.115372,0.0910539
52.6967,0.0786228,-0.0490255,0.0427572,0.685712,-0.71281,0.115963,0.0908477
52.7017,0.0786151,-0.0490041,0.0427079,0.685855,-0.712671,0.115995,0.0908224
52.7066,0.0786151,-0.0490041,0.0427079,0.685855,-0.712671,0.115995,0.0908224
52.7117,0.0786255,-0.049033,0.0426629,0.685855,-0.712671,0.115995,0.0908224
52.7167,0.0786177,-0.0490115,0.0426136,0.685998,-0.712531,0.116027,0.0907971
52.7217,0.0786177,-0.0490115,0.0426136,0.685549,-0.712964,0.115937,0.0909047
52.7267,0.0786282,-0.0490404,0.0425687,0.685549,-0.712964,0.115937,0.0909047
52.7317,0.0786282,-0.0490404,0.0425687,0.685549,-0.712964,0.115937,0.0909047
52.7366,0.0786204,-0.049019,0.0425194,0.685569,-0.712872,0.116559,0.0906738
52.7416,0.0786309,-0.0490478,0.0424744,0.685569,-0.712872,0.116559,0.0906738
52.7467,0.0786309,-0.0490478,0.0424744,0.685569,-0.712872,0.116559,0.0906738
52.7517,0.0786309,-0.0490478,0.0424744,0.685569,-0.712872,0.116559,0.0906738
52.7567,0.0786309,-0.0490478,0.0424744,0.685447,-0.712919,0.11715,0.0904682
52.7617,0.0786231,-0.0490263,0.0424251,0.68559,-0.71278,0.117182,0.0904432
52.7666,0.0786335,-0.0490551,0.0423802,0.68559,-0.71278,0.117182,0.0904432
52.7716,0.0786335,-0.0490551,0.0423802,0.68559,-0.71278,0.117182,0.0904432
52.7767,0.0786335,-0.0490551,0.0423802,0.68559,-0.71278,0.117182,0.0904432
52.7817,0.0786257,-0.0490336,0.0423309,0.685733,-0.71264,0.117214,0.0904181
52.7867,0.0786257,-0.0490336,0.0423309,0.68561,-0.712687,0.117805,0.0902128
52.7917,0.0786284,-0.0490409,0.0422366,0.685752,-0.712548,0.117837,0.0901878
52.7967,0.0786284,-0.0490409,0.0422366,0.685304,-0.71298,0.117747,0.0902965
52.8017,0.0786284,-0.0490409,0.0422366,0.685304,-0.71298,0.117747,0.0902965
52.8066,0.0787282,-0.0490374,0.0421916,0.685279,-0.712962,0.117888,0.0904431
52.8117,0.0787204,-0.0490158,0.0421423,0.685422,-0.712822,0.11792,0.0904182
52.8167,0.0787204,-0.0490158,0.0421423,0.685422,-0.712822,0.11792,0.0904182
52.8217,0.0787204,-0.0490158,0.0421423,0.685299,-0.712869,0.118511,0.0902134
52.8267,0.0787204,-0.0490158,0.0421423,0.685299,-0.712869,0.118511,0.0902134
52.8317,0.0787204,-0.0490158,0.0421423,0.685299,-0.712869,0.118511,0.0902134
52.8367,0.0787308,-0.0490446,0.0420973,0.685299,-0.712869,0.118511,0.0902134
52.8417,0.0787308,-0.0490446,0.0420973,0.685299,-0.712869,0.118511,0.0902134
52.8468,0.0787308,-0.0490446,0.0420973,0.685299,-0.712869,0.118511,0.0902134
52.8517,0.0787308,-0.0490446,0.0420973,0.685299,-0.712869,0.118511,0.0902134
52.8567,0.0787308,-0.0490446,0.0420973,0.685299,-0.712869,0.118511,0.0902134
52.8617,0.078723,-0.0490231,0.0420481,0.685442,-0.712729,0.118544,0.0901886
52.8666,0.0787334,-0.0490518,0.0420031,0.685442,-0.712729,0.118544,0.0901886
52.8718,0.0787334,-0.0490518,0.0420031,0.685442,-0.712729,0.118544,0.0901886
52.8767,0.0787334,-0.0490518,0.0420031,0.685442,-0.712729,0.118544,0.0901886
52.8817,0.0787334,-0.0490518,0.0420031,0.685442,-0.712729,0.118544,0.0901886
52.8867,0.0787334,-0.0490518,0.0420031,0.685442,-0.712729,0.118544,0.0901886
52.8917,0.0787334,-0.0490518,0.0420031,0.685318,-0.712776,0.119135,0.0899839
52.8967,0.0787256,-0.0490302,0.0419538,0.685461,-0.712636,0.119167,0.0899591
52.9017,0.0787256,-0.0490302,0.0419538,0.685461,-0.712636,0.119167,0.0899591
52.9067,0.078736,-0.049059,0.0419088,0.685461,-0.712636,0.119167,0.0899591
52.9117,0.0787282,-0.0490374,0.0418595,0.685604,-0.712496,0.119199,0.0899344
52.9167,0.0787282,-0.0490374,0.0418595,0.685604,-0.712496,0.119199,0.0899344
52.9217,0.0787282,-0.0490374,0.0418595,0.685604,-0.712496,0.119199,0.0899344
52.9267,0.0787386,-0.0490661,0.0418145,0.685604,-0.712496,0.119199,0.0899344
52.9317,0.0787308,-0.0490445,0.0417653,0.685746,-0.712357,0.119231,0.0899097
52.9367,0.0787308,-0.0490445,0.0417653,0.685746,-0.712357,0.119231,0.0899097
52.9417,0.0787308,-0.0490445,0.0417653,0.685746,-0.712357,0.119231,0.0899097
52.9467,0.0787412,-0.0490732,0.0417202,0.685298,-0.712789,0.119141,0.0900193
52.9517,0.0787412,-0.0490732,0.0417202,0.685746,-0.712357,0.119231,0.0899097
52.9567,0.0787412,-0.0490732,0.0417202,0.685298,-0.712789,0.119141,0.0900193
52.9617,0.0787412,-0.0490732,0.0417202,0.685298,-0.712789,0.119141,0.0900193
52.9666,0.0787437,-0.0490803,0.0416259,0.685441,-0.71265,0.119174,0.0899946
52.9716,0.0787437,-0.0490803,0.0416259,0.685564,-0.712604,0.118582,0.0901984
52.9767,0.0787437,-0.0490803,0.0416259,0.685441,-0.71265,0.119174,0.0899946
52.982,0.0787437,-0.0490803,0.0416259,0.685564,-0.712604,0.118582,0.0901984
52.9867,0.0787541,-0.0491089,0.0415809,0.685441,-0.71265,0.119174,0.0899946
52.9917,0.0787541,-0.0491089,0.0415809,0.685564,-0.712604,0.118582,0.0901984
52.9967,0.0787541,-0.0491089,0.0415809,0.685441,-0.71265,0.119174,0.0899946
53.0016,0.0787541,-0.0491089,0.0415809,0.685564,-0.712604,0.118582,0.0901984
53.0067,0.0787566,-0.0491159,0.0414866,0.685707,-0.712464,0.118615,0.0901736
53.0117,0.0787566,-0.0491159,0.0414866,0.685707,-0.712464,0.118615,0.0901736
53.0167,0.0787566,-0.0491159,0.0414866,0.685707,-0.712464,0.118615,0.0901736
53.0217,0.0787566,-0.0491159,0.0414866,0.685707,-0.712464,0.118615,0.0901736
53.0267,0.0787488,-0.0490943,0.0414373,0.685401,-0.712757,0.118557,0.0902579
53.0317,0.0787592,-0.0491229,0.0413923,0.685401,-0.712757,0.118557,0.0902579
53.0367,0.0787592,-0.0491229,0.0413923,0.685401,-0.712757,0.118557,0.0902579
53.0416,0.0787592,-0.0491229,0.0413923,0.685401,-0.712757,0.118557,0.0902579
53.0467,0.0787617,-0.0491298,0.0412979,0.68542,-0.712664,0.119181,0.09003
53.0517,0.0787617,-0.0491298,0.0412979,0.685544,-0.712618,0.118589,0.0902331
53.0567,0.0787617,-0.0491298,0.0412979,0.685544,-0.712618,0.118589,0.0902331
53.0617,0.078772,-0.0491584,0.0412528,0.68542,-0.712664,0.119181,0.09003
53.0667,0.078772,-0.0491584,0.0412528,0.685544,-0.712618,0.118589,0.0902331
53.0717,0.0787824,-0.049187,0.0412077,0.68542,-0.712664,0.119181,0.09003
53.0767,0.0787745,-0.0491653,0.0411585,0.685563,-0.712524,0.119213,0.0900053
53.0817,0.0787745,-0.0491653,0.0411585,0.685563,-0.712524,0.119213,0.0900053
53.0867,0.0787745,-0.0491653,0.0411585,0.685114,-0.712957,0.119123,0.0901149
53.0917,0.0787745,-0.0491653,0.0411585,0.685114,-0.712957,0.119123,0.0901149
53.0967,0.0787849,-0.0491939,0.0411133,0.685114,-0.712957,0.119123,0.0901149
53.1017,0.078777,-0.0491721,0.0410642,0.685257,-0.712817,0.119155,0.0900902
53.1067,0.078777,-0.0491721,0.0410642,0.685257,-0.712817,0.119155,0.0900902
53.1117,0.078777,-0.0491721,0.0410642,0.685257,-0.712817,0.119155,0.0900902
53.1167,0.0787691,-0.0491504,0.041015,0.685276,-0.712723,0.119779,0.0898631
53.1216,0.0787794,-0.049179,0.0409698,0.6854,-0.712678,0.119187,0.0900655
53.1267,0.0787716,-0.0491572,0.0409207,0.685419,-0.712584,0.119811,0.0898385
53.1317,0.0787716,-0.0491572,0.0409207,0.685419,-0.712584,0.119811,0.0898385
53.1367,0.078861,-0.0491248,0.0409207,0.684945,-0.712998,0.119862,0.0900951
53.1417,0.0788531,-0.049103,0.0408715,0.685088,-0.712858,0.119895,0.0900705
53.1467,0.0788635,-0.0491315,0.0408263,0.685088,-0.712858,0.119895,0.0900705
53.1517,0.0788635,-0.0491315,0.0408263,0.685088,-0.712858,0.119895,0.0900705
53.1566,0.0788635,-0.0491315,0.0408263,0.685088,-0.712858,0.119895,0.0900705
53.1617,0.0788635,-0.0491315,0.0408263,0.685088,-0.712858,0.119895,0.0900705
53.1667,0.0788659,-0.0491383,0.040732,0.685231,-0.712719,0.119927,0.0900459
53.1717,0.0788659,-0.0491383,0.040732,0.685231,-0.712719,0.119927,0.0900459
53.1767,0.0788659,-0.0491383,0.040732,0.685231,-0.712719,0.119927,0.0900459
53.1817,0.0788659,-0.0491383,0.040732,0.685231,-0.712719,0.119927,0.0900459
53.1867,0.0788683,-0.0491449,0.0406377,0.685374,-0.712579,0.119959,0.0900212
53.1917,0.0788683,-0.0491449,0.0406377,0.684925,-0.713012,0.119869,0.0901313
53.1967,0.0788604,-0.0491231,0.0405886,0.685068,-0.712872,0.119902,0.0901067
53.2017,0.0788707,-0.0491516,0.0405433,0.685068,-0.712872,0.119902,0.0901067
53.2067,0.0788628,-0.0491297,0.0404942,0.685211,-0.712732,0.119934,0.0900821
53.2117,0.0788731,-0.0491582,0.040449,0.685211,-0.712732,0.119934,0.0900821
53.2167,0.0789546,-0.0491039,0.0403999,0.685329,-0.712574,0.120107,0.090204
53.2217,0.0789649,-0.0491323,0.0403547,0.685204,-0.712619,0.120699,0.0900032
53.2267,0.078957,-0.0491104,0.0403056,0.685347,-0.71248,0.120732,0.0899787
53.2317,0.0789673,-0.0491388,0.0402603,0.685347,-0.71248,0.120732,0.0899787
53.2367,0.0789594,-0.0491169,0.0402112,0.68549,-0.71234,0.120764,0.0899541
53.2417,0.0789697,-0.0491453,0.040166,0.68549,-0.71234,0.120764,0.0899541
53.2467,0.0789617,-0.0491234,0.0401169,0.685184,-0.712633,0.120707,0.0900402
53.2517,0.0789617,-0.0491234,0.0401169,0.685184,-0.712633,0.120707,0.0900402
53.2566,0.078964,-0.0491299,0.0400226,0.685326,-0.712493,0.120739,0.0900158
53.2617,0.0789743,-0.0491582,0.0399773,0.685326,-0.712493,0.120739,0.0900158
53.2668,0.0790558,-0.0491038,0.0399282,0.685444,-0.712335,0.120912,0.0901376
53.2717,0.0790661,-0.0491321,0.0398829,0.685444,-0.712335,0.120912,0.0901376
53.2767,0.0790581,-0.0491101,0.0398339,0.685014,-0.712673,0.121447,0.0900244
53.2817,0.0790581,-0.0491101,0.0398339,0.685139,-0.712628,0.120855,0.0902237
53.2867,0.0790684,-0.0491385,0.0397886,0.685139,-0.712628,0.120855,0.0902237
53.2917,0.0790604,-0.0491165,0.0397395,0.685156,-0.712533,0.12148,0.09
53.2968,0.0790604,-0.0491165,0.0397395,0.685156,-0.712533,0.12148,0.09
53.3017,0.0790707,-0.0491448,0.0396942,0.685156,-0.712533,0.12148,0.09
53.3067,0.0790627,-0.0491228,0.0396452,0.685299,-0.712393,0.121512,0.0899756
53.3117,0.079073,-0.0491511,0.0395998,0.684851,-0.712826,0.121422,0.0900866
53.3167,0.0791624,-0.0491185,0.0395998,0.684826,-0.712807,0.121563,0.0902332
53.3217,0.0791544,-0.0490965,0.0395508,0.684968,-0.712668,0.121595,0.0902087
53.3266,0.0791647,-0.0491248,0.0395055,0.684968,-0.712668,0.121595,0.0902087
53.3317,0.0791567,-0.0491027,0.0394565,0.685111,-0.712528,0.121628,0.0901843
53.3367,0.0791669,-0.049131,0.0394111,0.685111,-0.712528,0.121628,0.0901843
53.3417,0.0791669,-0.049131,0.0394111,0.685111,-0.712528,0.121628,0.0901843
53.3467,0.0791589,-0.0491089,0.0393621,0.684805,-0.712821,0.12157,0.090271
53.3517,0.0791589,-0.0491089,0.0393621,0.684805,-0.712821,0.12157,0.090271
53.3567,0.0791612,-0.0491151,0.0392677,0.684948,-0.712681,0.121603,0.0902465
53.3617,0.0791531,-0.049093,0.0392188,0.685091,-0.712542,0.121635,0.0902221
53.3667,0.0792528,-0.0490886,0.0391734,0.684492,-0.712999,0.122279,0.0902825
53.3717,0.0792447,-0.0490665,0.0391244,0.68476,-0.712816,0.121718,0.0904553
53.3767,0.0792367,-0.0490444,0.0390754,0.684903,-0.712676,0.121751,0.0904309
53.3817,0.0792367,-0.0490444,0.0390754,0.684903,-0.712676,0.121751,0.0904309
53.3867,0.0792389,-0.0490504,0.0389811,0.685045,-0.712537,0.121783,0.0904064
53.3917,0.0792389,-0.0490504,0.0389811,0.684597,-0.712969,0.121693,0.0905176
53.3967,0.0792308,-0.0490282,0.0389321,0.684739,-0.712829,0.121726,0.0904932
53.4016,0.0792308,-0.0490282,0.0389321,0.684739,-0.712829,0.121726,0.0904932
53.4067,0.079233,-0.0490342,0.0388378,0.684882,-0.71269,0.121758,0.0904687
53.4117,0.079233,-0.0490342,0.0388378,0.684434,-0.713122,0.121668,0.0905799
53.4167,0.079233,-0.0490342,0.0388378,0.684434,-0.713122,0.121668,0.0905799
53.4218,0.0792249,-0.049012,0.0387889,0.684576,-0.712982,0.1217,0.0905556
53.4267,0.0793245,-0.0490076,0.0387435,0.684551,-0.712964,0.121841,0.0907021
53.4317,0.0793245,-0.0490076,0.0387435,0.684551,-0.712964,0.121841,0.0907021
53.4367,0.0793245,-0.0490076,0.0387435,0.684102,-0.713396,0.121751,0.0908134
53.4417,0.0793348,-0.0490357,0.038698,0.684102,-0.713396,0.121751,0.0908134
53.4467,0.0793267,-0.0490135,0.0386491,0.684245,-0.713256,0.121784,0.0907889
53.4518,0.0793267,-0.0490135,0.0386491,0.684245,-0.713256,0.121784,0.0907889
53.4567,0.0793369,-0.0490416,0.0386037,0.684245,-0.713256,0.121784,0.0907889
53.4617,0.0793369,-0.0490416,0.0386037,0.683796,-0.713688,0.121693,0.0909002
53.4667,0.0793369,-0.0490416,0.0386037,0.683796,-0.713688,0.121693,0.0909002
53.4717,0.0793288,-0.0490193,0.0385548,0.683814,-0.713592,0.12232,0.0906809
53.4766,0.0793288,-0.0490193,0.0385548,0.683939,-0.713549,0.121726,0.0908757
53.4817,0.0793288,-0.0490193,0.0385548,0.683939,-0.713549,0.121726,0.0908757
53.4867,0.0793391,-0.0490474,0.0385093,0.683814,-0.713592,0.12232,0.0906809
53.4917,0.0793391,-0.0490474,0.0385093,0.683939,-0.713549,0.121726,0.0908757
53.4967,0.079331,-0.0490252,0.0384604,0.683633,-0.713841,0.121668,0.0909625
53.5017,0.079331,-0.0490252,0.0384604,0.683507,-0.713884,0.122262,0.0907682
53.5067,0.079331,-0.0490252,0.0384604,0.683507,-0.713884,0.122262,0.0907682
53.5117,0.0793412,-0.0490533,0.0384149,0.683633,-0.713841,0.121668,0.0909625
53.5166,0.0793412,-0.0490533,0.0384149,0.683507,-0.713884,0.122262,0.0907682
53.5217,0.0793412,-0.0490533,0.0384149,0.683633,-0.713841,0.121668,0.0909625
53.5267,0.0793331,-0.049031,0.0383661,0.68365,-0.713745,0.122295,0.0907438
53.5317,0.0793433,-0.0490591,0.0383206,0.683201,-0.714176,0.122205,0.0908555
53.5367,0.0793433,-0.0490591,0.0383206,0.683327,-0.714133,0.12161,0.0910493
53.5416,0.0793433,-0.0490591,0.0383206,0.683201,-0.714176,0.122205,0.0908555
53.5468,0.0793536,-0.0490871,0.0382751,0.683201,-0.714176,0.122205,0.0908555
53.5517,0.0793536,-0.0490871,0.0382751,0.683201,-0.714176,0.122205,0.0908555
53.5567,0.0793556,-0.0490928,0.0381807,0.683344,-0.714037,0.122237,0.0908311
53.5617,0.0793556,-0.0490928,0.0381807,0.683344,-0.714037,0.122237,0.0908311
53.5667,0.0793475,-0.0490705,0.0381318,0.683487,-0.713898,0.12227,0.0908068
53.5717,0.0793577,-0.0490985,0.0380863,0.683487,-0.713898,0.12227,0.0908068
53.5767,0.0793577,-0.0490985,0.0380863,0.683487,-0.713898,0.12227,0.0908068
53.5817,0.0793598,-0.0491042,0.0379919,0.68363,-0.713758,0.122302,0.0907825
53.5867,0.0793598,-0.0491042,0.0379919,0.68363,-0.713758,0.122302,0.0907825
53.5917,0.0793618,-0.0491098,0.0378976,0.683324,-0.71405,0.122244,0.0908698
53.5967,0.079372,-0.0491378,0.037852,0.683324,-0.71405,0.122244,0.0908698
53.6017,0.079372,-0.0491378,0.037852,0.683324,-0.71405,0.122244,0.0908698
53.6067,0.0793822,-0.0491657,0.0378064,0.683324,-0.71405,0.122244,0.0908698
53.6117,0.0793741,-0.0491433,0.0377576,0.683467,-0.713911,0.122277,0.0908454
53.6167,0.0793843,-0.0491713,0.037712,0.683467,-0.713911,0.122277,0.0908454
53.6217,0.0793945,-0.0491992,0.0376665,0.683467,-0.713911,0.122277,0.0908454
53.6267,0.0793945,-0.0491992,0.0376665,0.683467,-0.713911,0.122277,0.0908454
53.6317,0.0794046,-0.0492271,0.0376209,0.683017,-0.714342,0.122187,0.0909571
53.6367,0.0793965,-0.0492047,0.037572,0.683034,-0.714246,0.122814,0.0907404
53.6417,0.0794066,-0.0492325,0.0375264,0.68316,-0.714203,0.122219,0.0909327
53.6467,0.0794168,-0.0492604,0.0374808,0.683034,-0.714246,0.122814,0.0907404
53.6517,0.0794086,-0.049238,0.037432,0.683177,-0.714107,0.122846,0.0907162
53.6566,0.0794188,-0.0492658,0.0373863,0.683177,-0.714107,0.122846,0.0907162
53.6617,0.0794289,-0.0492936,0.0373407,0.683177,-0.714107,0.122846,0.0907162
53.6666,0.0794309,-0.049299,0.0372462,0.683194,-0.71401,0.123474,0.0904998
53.6717,0.0794309,-0.049299,0.0372462,0.683194,-0.71401,0.123474,0.0904998
53.6767,0.0794328,-0.0493044,0.0371517,0.683337,-0.71387,0.123506,0.0904757
53.6818,0.079443,-0.0493321,0.0371061,0.683337,-0.71387,0.123506,0.0904757
53.6867,0.0794348,-0.0493097,0.0370573,0.68348,-0.713731,0.123539,0.0904516
53.6917,0.0794449,-0.0493374,0.0370116,0.68348,-0.713731,0.123539,0.0904516
53.6967,0.0794449,-0.0493374,0.0370116,0.68348,-0.713731,0.123539,0.0904516
53.7017,0.0794468,-0.0493427,0.0369171,0.683174,-0.714023,0.123482,0.09054
53.7067,0.0794569,-0.0493704,0.0368714,0.683174,-0.714023,0.123482,0.09054
53.7117,0.0794569,-0.0493704,0.0368714,0.683174,-0.714023,0.123482,0.09054
53.7167,0.0794588,-0.0493756,0.0367769,0.683317,-0.713883,0.123514,0.0905159
53.7217,0.0794588,-0.0493756,0.0367769,0.683317,-0.713883,0.123514,0.0905159
53.7267,0.0794689,-0.0494032,0.0367311,0.683317,-0.713883,0.123514,0.0905159
53.7317,0.0794607,-0.0493807,0.0366824,0.68346,-0.713744,0.123547,0.0904918
53.7367,0.0794708,-0.0494084,0.0366366,0.68346,-0.713744,0.123547,0.0904918
53.7417,0.0794809,-0.049436,0.0365908,0.68346,-0.713744,0.123547,0.0904918
53.7467,0.0794727,-0.0494135,0.0365421,0.683476,-0.713647,0.124174,0.0902766
53.7517,0.0794827,-0.0494411,0.0364963,0.683476,-0.713647,0.124174,0.0902766
53.7567,0.0794928,-0.0494687,0.0364505,0.683476,-0.713647,0.124174,0.0902766
53.7617,0.0794846,-0.0494462,0.0364018,0.683619,-0.713507,0.124207,0.0902527
53.7668,0.0794947,-0.0494738,0.036356,0.68317,-0.713939,0.124117,0.0903655
53.7717,0.0794864,-0.0494512,0.0363072,0.683313,-0.713799,0.12415,0.0903415
53.7767,0.0794965,-0.0494788,0.0362614,0.683313,-0.713799,0.12415,0.0903415
53.7817,0.0794965,-0.0494788,0.0362614,0.683313,-0.713799,0.12415,0.0903415
53.7868,0.0795879,-0.049451,0.0361669,0.68343,-0.713641,0.124323,0.0904643
53.7917,0.0795879,-0.049451,0.0361669,0.68343,-0.713641,0.124323,0.0904643
53.7967,0.0795796,-0.0494284,0.0361182,0.683446,-0.713543,0.124951,0.0902501
53.8017,0.0795897,-0.0494559,0.0360723,0.683124,-0.713933,0.124265,0.0905532
53.8067,0.0795814,-0.0494333,0.0360236,0.68314,-0.713835,0.124894,0.0903395
53.8117,0.0795814,-0.0494333,0.0360236,0.68314,-0.713835,0.124894,0.0903395
53.8167,0.0795814,-0.0494333,0.0360236,0.68314,-0.713835,0.124894,0.0903395
53.8217,0.0795914,-0.0494608,0.0359778,0.68314,-0.713835,0.124894,0.0903395
53.8267,0.0795832,-0.0494382,0.0359291,0.683283,-0.713696,0.124926,0.0903156
53.8317,0.0795832,-0.0494382,0.0359291,0.682833,-0.714127,0.124836,0.090429
53.8368,0.0795832,-0.0494382,0.0359291,0.682833,-0.714127,0.124836,0.090429
53.8418,0.0795832,-0.0494382,0.0359291,0.682833,-0.714127,0.124836,0.090429
53.8468,0.0795932,-0.0494657,0.0358832,0.682833,-0.714127,0.124836,0.090429
53.8517,0.0795932,-0.0494657,0.0358832,0.682833,-0.714127,0.124836,0.090429
53.8567,0.0796828,-0.0494329,0.0358832,0.682808,-0.714108,0.124977,0.0905758
53.8617,0.0796745,-0.0494103,0.0358345,0.682951,-0.713969,0.125009,0.0905519
53.8667,0.0796845,-0.0494377,0.0357887,0.682951,-0.713969,0.125009,0.0905519
53.8718,0.0796845,-0.0494377,0.0357887,0.682951,-0.713969,0.125009,0.0905519
53.8767,0.0796845,-0.0494377,0.0357887,0.682951,-0.713969,0.125009,0.0905519
53.8818,0.0796762,-0.0494151,0.03574,0.683094,-0.713829,0.125042,0.090528
53.8867,0.0796762,-0.0494151,0.03574,0.682966,-0.713871,0.125638,0.090339
53.8917,0.0796762,-0.0494151,0.03574,0.682644,-0.71426,0.124952,0.0906414
53.8968,0.0796679,-0.0493924,0.0356913,0.682787,-0.714121,0.124985,0.0906175
53.9017,0.0796679,-0.0493924,0.0356913,0.68266,-0.714162,0.125581,0.090429
53.9067,0.0796679,-0.0493924,0.0356913,0.682787,-0.714121,0.124985,0.0906175
53.9117,0.0796679,-0.0493924,0.0356913,0.682787,-0.714121,0.124985,0.0906175
53.9167,0.0796697,-0.0493971,0.0355968,0.68293,-0.713982,0.125017,0.0905936
53.9217,0.0796697,-0.0493971,0.0355968,0.682481,-0.714412,0.124927,0.090707
53.9267,0.0796697,-0.0493971,0.0355968,0.682481,-0.714412,0.124927,0.090707
53.932,0.0796697,-0.0493971,0.0355968,0.682481,-0.714412,0.124927,0.090707
53.9367,0.0796697,-0.0493971,0.0355968,0.682481,-0.714412,0.124927,0.090707
53.9418,0.0796697,-0.0493971,0.0355968,0.682354,-0.714454,0.125523,0.0905189
53.9467,0.0796697,-0.0493971,0.0355968,0.682481,-0.714412,0.124927,0.090707
53.9517,0.0796697,-0.0493971,0.0355968,0.681904,-0.714884,0.125433,0.0906327
53.9566,0.0796697,-0.0493971,0.0355968,0.681904,-0.714884,0.125433,0.0906327
53.9618,0.0796697,-0.0493971,0.0355968,0.681904,-0.714884,0.125433,0.0906327
53.9667,0.0796697,-0.0493971,0.0355968,0.682031,-0.714843,0.124837,0.0908203
53.9717,0.0796697,-0.0493971,0.0355968,0.681904,-0.714884,0.125433,0.0906327
53.9767,0.0796697,-0.0493971,0.0355968,0.682031,-0.714843,0.124837,0.0908203
53.9817,0.0796697,-0.0493971,0.0355968,0.682031,-0.714843,0.124837,0.0908203
53.9867,0.0796697,-0.0493971,0.0355968,0.681904,-0.714884,0.125433,0.0906327
53.9917,0.0796697,-0.0493971,0.0355968,0.682031,-0.714843,0.124837,0.0908203
53.9967,0.0796797,-0.0494245,0.0355509,0.681904,-0.714884,0.125433,0.0906327
54.0017,0.0796797,-0.0494245,0.0355509,0.681581,-0.715273,0.124747,0.0909338
54.0067,0.0796714,-0.0494018,0.0355022,0.682047,-0.714745,0.125466,0.090609
54.012,0.0796714,-0.0494018,0.0355022,0.682047,-0.714745,0.125466,0.090609
54.0167,0.0796714,-0.0494018,0.0355022,0.681597,-0.715175,0.125376,0.0907227
54.0217,0.0796714,-0.0494018,0.0355022,0.681597,-0.715175,0.125376,0.0907227
54.0267,0.0796814,-0.0494292,0.0354563,0.681725,-0.715134,0.12478,0.0909098
54.0317,0.0796814,-0.0494292,0.0354563,0.681597,-0.715175,0.125376,0.0907227
54.0367,0.0796731,-0.0494065,0.0354077,0.681868,-0.714995,0.124812,0.090886
54.0417,0.0796831,-0.0494339,0.0353618,0.681868,-0.714995,0.124812,0.090886
54.0467,0.0796748,-0.0494111,0.0353131,0.682011,-0.714856,0.124845,0.0908621
54.0517,0.0796848,-0.0494385,0.0352672,0.682011,-0.714856,0.124845,0.0908621
54.0567,0.0796765,-0.0494157,0.0352186,0.682154,-0.714717,0.124878,0.0908382
54.0617,0.0796781,-0.0494203,0.035124,0.682297,-0.714577,0.12491,0.0908144
54.0668,0.0796698,-0.0493974,0.0350754,0.68244,-0.714438,0.124943,0.0907905
54.0717,0.0796798,-0.0494248,0.0350295,0.681991,-0.714869,0.124853,0.0909038
54.0767,0.0796814,-0.0494293,0.0349349,0.682134,-0.714729,0.124886,0.09088
54.0817,0.0796814,-0.0494293,0.0349349,0.682134,-0.714729,0.124886,0.09088
54.0868,0.0796831,-0.0494337,0.0348404,0.682149,-0.714631,0.125515,0.0906703
54.0917,0.0796831,-0.0494337,0.0348404,0.682277,-0.71459,0.124918,0.0908561
54.0968,0.0796847,-0.0494381,0.0347458,0.681843,-0.714922,0.125458,0.0907603
54.1017,0.0796947,-0.0494654,0.0346998,0.681843,-0.714922,0.125458,0.0907603
54.1067,0.0796863,-0.0494425,0.0346512,0.681986,-0.714783,0.12549,0.0907366
54.1117,0.0796879,-0.0494469,0.0345567,0.682129,-0.714643,0.125523,0.0907128
54.1168,0.0796978,-0.0494741,0.0345107,0.682129,-0.714643,0.125523,0.0907128
54.1217,0.0796895,-0.0494512,0.0344621,0.682272,-0.714504,0.125556,0.0906891
54.1267,0.0796994,-0.0494784,0.0344161,0.681822,-0.714935,0.125466,0.0908028
54.1317,0.079691,-0.0494554,0.0343676,0.681966,-0.714795,0.125498,0.0907791
54.1367,0.0796926,-0.0494597,0.034273,0.682109,-0.714656,0.125531,0.0907554
54.1417,0.0797025,-0.0494869,0.0342269,0.681981,-0.714696,0.126128,0.090571
54.1467,0.0797837,-0.0494311,0.0341784,0.681776,-0.714928,0.125614,0.0909924
54.1517,0.0797936,-0.0494583,0.0341323,0.681648,-0.714969,0.126211,0.0908085
54.1567,0.0797951,-0.0494624,0.0340378,0.681792,-0.714829,0.126244,0.0907849
54.1618,0.0797867,-0.0494394,0.0339893,0.681935,-0.71469,0.126276,0.0907613
54.1667,0.0797882,-0.0494435,0.0338947,0.682078,-0.714551,0.126309,0.0907376
54.1717,0.0797897,-0.0494475,0.0338001,0.681771,-0.714842,0.126252,0.0908282
54.1767,0.0797812,-0.0494244,0.0337517,0.681914,-0.714702,0.126285,0.0908046
54.1817,0.0798722,-0.0493956,0.0336571,0.682031,-0.714544,0.126458,0.0909279
54.1867,0.0798737,-0.0493996,0.0335625,0.682046,-0.714445,0.127088,0.0907215
54.1917,0.0798751,-0.0494035,0.0334679,0.68174,-0.714736,0.127031,0.0908127
54.1967,0.0798666,-0.0493803,0.0334195,0.681883,-0.714597,0.127063,0.0907892
54.2017,0.079868,-0.0493842,0.033325,0.682026,-0.714457,0.127096,0.0907656
54.2067,0.079868,-0.0493842,0.033325,0.682026,-0.714457,0.127096,0.0907656
54.2117,0.0798695,-0.049388,0.0332304,0.681719,-0.714748,0.127039,0.0908569
54.2168,0.0798609,-0.0493648,0.033182,0.681862,-0.714609,0.127072,0.0908333
54.2217,0.0798623,-0.0493686,0.0330875,0.682005,-0.714469,0.127104,0.0908099
54.2267,0.0798623,-0.0493686,0.0330875,0.681427,-0.714939,0.127612,0.0907437
54.2317,0.0798637,-0.0493723,0.0329929,0.68157,-0.7148,0.127645,0.0907203
54.2367,0.0798736,-0.0493993,0.0329467,0.68157,-0.7148,0.127645,0.0907203
54.2417,0.0798651,-0.049376,0.0328983,0.681264,-0.71509,0.127588,0.090812
54.2468,0.0798749,-0.049403,0.0328521,0.681264,-0.71509,0.127588,0.090812
54.2517,0.0799658,-0.0493738,0.0327575,0.681252,-0.714971,0.128359,0.0907555
54.2567,0.0799658,-0.0493738,0.0327575,0.680802,-0.715401,0.128269,0.0908711
54.2617,0.0799671,-0.0493774,0.032663,0.680945,-0.715262,0.128302,0.0908478
54.2668,0.0799586,-0.0493541,0.0326146,0.681088,-0.715122,0.128335,0.0908245
54.2717,0.0799685,-0.049381,0.0325684,0.680638,-0.715552,0.128245,0.09094
54.2767,0.0799599,-0.0493576,0.0325201,0.680781,-0.715413,0.128278,0.0909168
54.2817,0.0800507,-0.0493283,0.0324255,0.680898,-0.715255,0.128451,0.0910405
54.2867,0.0800507,-0.0493283,0.0324255,0.680448,-0.715685,0.12836,0.0911562
54.2917,0.080052,-0.0493318,0.0323309,0.680591,-0.715545,0.128393,0.0911329
54.2967,0.080052,-0.0493318,0.0323309,0.680591,-0.715545,0.128393,0.0911329
54.3017,0.0800619,-0.0493586,0.0322846,0.680141,-0.715975,0.128303,0.0912485
54.3068,0.0800619,-0.0493586,0.0322846,0.680141,-0.715975,0.128303,0.0912485
54.3117,0.0800533,-0.0493352,0.0322364,0.680285,-0.715836,0.128336,0.0912252
54.3168,0.0800533,-0.0493352,0.0322364,0.680285,-0.715836,0.128336,0.0912252
54.3217,0.0800631,-0.049362,0.0321901,0.679834,-0.716265,0.128246,0.0913407
54.3267,0.0800631,-0.049362,0.0321901,0.679834,-0.716265,0.128246,0.0913407
54.3318,0.0800545,-0.0493386,0.0321418,0.679848,-0.716164,0.128878,0.0911401
54.3369,0.0800644,-0.0493654,0.0320955,0.679978,-0.716126,0.128278,0.0913175
54.3417,0.0800644,-0.0493654,0.0320955,0.679848,-0.716164,0.128878,0.0911401
54.3468,0.0800644,-0.0493654,0.0320955,0.679527,-0.716555,0.128188,0.091433
54.3517,0.0800644,-0.0493654,0.0320955,0.679398,-0.716593,0.128787,0.0912561
54.3567,0.0800644,-0.0493654,0.0320955,0.679398,-0.716593,0.128787,0.0912561
54.3618,0.0800557,-0.049342,0.0320472,0.679541,-0.716454,0.12882,0.0912329
54.3668,0.0800656,-0.0493688,0.0320009,0.679541,-0.716454,0.12882,0.0912329
54.3717,0.0800656,-0.0493688,0.0320009,0.679541,-0.716454,0.12882,0.0912329
54.3767,0.0800656,-0.0493688,0.0320009,0.679541,-0.716454,0.12882,0.0912329
54.3818,0.0800656,-0.0493688,0.0320009,0.679541,-0.716454,0.12882,0.0912329
54.3868,0.0800656,-0.0493688,0.0320009,0.679541,-0.716454,0.12882,0.0912329
54.3917,0.0800668,-0.0493721,0.0319063,0.679684,-0.716315,0.128853,0.0912098
54.3968,0.0800668,-0.0493721,0.0319063,0.679234,-0.716744,0.128763,0.0913257
54.4017,0.0800668,-0.0493721,0.0319063,0.679234,-0.716744,0.128763,0.0913257
54.4067,0.0800668,-0.0493721,0.0319063,0.679234,-0.716744,0.128763,0.0913257
54.4118,0.080068,-0.0493754,0.0318117,0.679377,-0.716605,0.128796,0.0913026
54.4168,0.080068,-0.0493754,0.0318117,0.679377,-0.716605,0.128796,0.0913026
54.4218,0.0800594,-0.0493519,0.0317635,0.679391,-0.716503,0.129428,0.0911033
54.4267,0.0800692,-0.0493787,0.0317171,0.679391,-0.716503,0.129428,0.0911033
54.4318,0.0800692,-0.0493787,0.0317171,0.679391,-0.716503,0.129428,0.0911033
54.4367,0.0800692,-0.0493787,0.0317171,0.67894,-0.716932,0.129338,0.0912196
54.4417,0.0800606,-0.0493552,0.0316689,0.679084,-0.716793,0.129371,0.0911966
54.4467,0.0800606,-0.0493552,0.0316689,0.679084,-0.716793,0.129371,0.0911966
54.4517,0.0800704,-0.0493819,0.0316225,0.679084,-0.716793,0.129371,0.0911966
54.4567,0.0800704,-0.0493819,0.0316225,0.679084,-0.716793,0.129371,0.0911966
54.4618,0.0800704,-0.0493819,0.0316225,0.679084,-0.716793,0.129371,0.0911966
54.4667,0.0800618,-0.0493584,0.0315743,0.679227,-0.716654,0.129404,0.0911736
54.4717,0.0800716,-0.0493851,0.0315279,0.679227,-0.716654,0.129404,0.0911736
54.4767,0.0800716,-0.0493851,0.0315279,0.679227,-0.716654,0.129404,0.0911736
54.4818,0.0800814,-0.0494117,0.0314815,0.679227,-0.716654,0.129404,0.0911736
54.4867,0.0800727,-0.0493882,0.0314333,0.67937,-0.716515,0.129437,0.0911506
54.4917,0.0800826,-0.0494149,0.0313869,0.67937,-0.716515,0.129437,0.0911506
54.4968,0.0800739,-0.0493913,0.0313387,0.679063,-0.716804,0.12938,0.0912439
54.5017,0.080075,-0.0493944,0.0312441,0.679207,-0.716665,0.129413,0.0912209
54.5067,0.0800848,-0.049421,0.0311977,0.679527,-0.716274,0.130103,0.0909294
54.5117,0.0800761,-0.0493974,0.0311495,0.67922,-0.716563,0.130045,0.0910232
54.5167,0.0800859,-0.049424,0.0311031,0.67922,-0.716563,0.130045,0.0910232
54.5217,0.080087,-0.049427,0.0310085,0.679363,-0.716424,0.130078,0.0910004
54.5268,0.080087,-0.049427,0.0310085,0.679363,-0.716424,0.130078,0.0910004
54.5318,0.0800881,-0.04943,0.0309139,0.679507,-0.716285,0.130111,0.0909774
54.5368,0.0800892,-0.0494329,0.0308193,0.67965,-0.716146,0.130144,0.0909545
54.5417,0.0800902,-0.0494357,0.0307246,0.679663,-0.716044,0.130777,0.0907574
54.5468,0.0800902,-0.0494357,0.0307246,0.679663,-0.716044,0.130777,0.0907574
54.5518,0.0800913,-0.0494386,0.03063,0.679806,-0.715904,0.13081,0.0907347
54.5568,0.0800826,-0.0494149,0.0305819,0.67995,-0.715765,0.130843,0.0907118
54.5617,0.0800836,-0.0494177,0.0304873,0.679643,-0.716055,0.130786,0.0908062
54.5668,0.0800846,-0.0494204,0.0303927,0.679786,-0.715916,0.130819,0.0907835
54.5718,0.0800856,-0.0494231,0.0302981,0.679929,-0.715777,0.130852,0.0907607
54.5767,0.0800866,-0.0494258,0.0302035,0.679623,-0.716066,0.130795,0.0908551
54.5818,0.0800875,-0.0494284,0.0301089,0.679635,-0.715963,0.131429,0.0906597
54.5868,0.0800788,-0.0494046,0.0300608,0.679778,-0.715824,0.131462,0.0906371
54.5917,0.0800894,-0.0494336,0.0299196,0.679472,-0.716114,0.131405,0.090732
54.5967,0.0800807,-0.0494097,0.0298716,0.679615,-0.715975,0.131438,0.0907093
54.6018,0.0801711,-0.0493793,0.029777,0.679731,-0.715817,0.13161,0.0908338
54.6067,0.080172,-0.0493818,0.0296824,0.679293,-0.716142,0.132154,0.0907576
54.6118,0.080172,-0.0493818,0.0296824,0.679293,-0.716142,0.132154,0.0907576
54.6168,0.0802625,-0.0493512,0.0295878,0.679409,-0.715984,0.132327,0.0908823
54.6217,0.0802633,-0.0493536,0.0294932,0.679552,-0.715845,0.13236,0.0908597
54.6267,0.0802642,-0.049356,0.0293986,0.679246,-0.716134,0.132303,0.0909553
54.6317,0.0802642,-0.049356,0.0293986,0.679114,-0.716169,0.132904,0.0907848
54.6368,0.0803546,-0.0493253,0.0293039,0.67923,-0.716012,0.133077,0.0909095
54.6417,0.0803457,-0.0493013,0.029256,0.678923,-0.716301,0.13302,0.0910057
54.6467,0.0803466,-0.0493036,0.0291614,0.679066,-0.716162,0.133053,0.0909832
54.6518,0.0803563,-0.0493299,0.0291147,0.679066,-0.716162,0.133053,0.0909832
54.6567,0.0803474,-0.0493059,0.0290668,0.67921,-0.716023,0.133086,0.0909607
54.6618,0.0803571,-0.0493321,0.0290201,0.678759,-0.716451,0.132996,0.0910793
54.6667,0.0803482,-0.0493081,0.0289722,0.678903,-0.716312,0.133029,0.0910568
54.6717,0.0804377,-0.049275,0.0289722,0.678875,-0.716293,0.133169,0.0912041
54.6767,0.0804385,-0.0492772,0.0288776,0.678887,-0.716189,0.133803,0.0910126
54.6817,0.0804385,-0.0492772,0.0288776,0.678887,-0.716189,0.133803,0.0910126
54.6867,0.0804296,-0.0492531,0.0288297,0.67858,-0.716478,0.133746,0.0911093
54.6917,0.0804393,-0.0492793,0.028783,0.67858,-0.716478,0.133746,0.0911093
54.6967,0.0804304,-0.0492552,0.0287351,0.678723,-0.716339,0.133779,0.091087
54.7017,0.0804304,-0.0492552,0.0287351,0.678723,-0.716339,0.133779,0.091087
54.7067,0.0804215,-0.0492311,0.0286872,0.678866,-0.7162,0.133812,0.0910646
54.7117,0.0804126,-0.049207,0.0286393,0.678427,-0.716523,0.134357,0.0909935
54.7167,0.0804037,-0.0491829,0.0285915,0.67857,-0.716384,0.13439,0.0909713
54.7217,0.0804037,-0.0491829,0.0285915,0.67857,-0.716384,0.13439,0.0909713
54.7267,0.0804044,-0.0491849,0.0284969,0.678714,-0.716245,0.134423,0.090949
54.7318,0.0804939,-0.0491518,0.0284969,0.678686,-0.716226,0.134563,0.0910963
54.7367,0.0804849,-0.0491277,0.028449,0.678379,-0.716515,0.134506,0.0911936
54.7417,0.0804849,-0.0491277,0.028449,0.678379,-0.716515,0.134506,0.0911936
54.7472,0.0804849,-0.0491277,0.028449,0.678379,-0.716515,0.134506,0.0911936
54.7518,0.080476,-0.0491035,0.0284012,0.678523,-0.716376,0.134539,0.0911713
54.7568,0.080476,-0.0491035,0.0284012,0.678072,-0.716804,0.134449,0.0912909
54.7617,0.080476,-0.0491035,0.0284012,0.678072,-0.716804,0.134449,0.0912909
54.7667,0.080476,-0.0491035,0.0284012,0.678072,-0.716804,0.134449,0.0912909
54.7717,0.080467,-0.0490793,0.0283534,0.678216,-0.716665,0.134482,0.0912686
54.7768,0.080467,-0.0490793,0.0283534,0.678216,-0.716665,0.134482,0.0912686
54.7818,0.0805564,-0.0490462,0.0283534,0.677737,-0.717074,0.134531,0.0915356
54.7868,0.0805474,-0.049022,0.0283056,0.677881,-0.716935,0.134565,0.0915133
54.7917,0.0805474,-0.049022,0.0283056,0.677881,-0.716935,0.134565,0.0915133
54.7968,0.0805481,-0.0490239,0.0282111,0.678024,-0.716796,0.134598,0.091491
54.8017,0.0805481,-0.0490239,0.0282111,0.677573,-0.717223,0.134508,0.0916107
54.8067,0.0805481,-0.0490239,0.0282111,0.677573,-0.717223,0.134508,0.0916107
54.8118,0.0805392,-0.0489996,0.0281633,0.677717,-0.717084,0.134541,0.0915884
54.8167,0.0805392,-0.0489996,0.0281633,0.677266,-0.717512,0.13445,0.091708
54.8218,0.0805392,-0.0489996,0.0281633,0.677266,-0.717512,0.13445,0.091708
54.8267,0.0805392,-0.0489996,0.0281633,0.677266,-0.717512,0.13445,0.091708
54.8318,0.0805392,-0.0489996,0.0281633,0.677266,-0.717512,0.13445,0.091708
54.8368,0.0805302,-0.0489753,0.0281155,0.676959,-0.7178,0.134393,0.0918053
54.8417,0.0805302,-0.0489753,0.0281155,0.676959,-0.7178,0.134393,0.0918053
54.8467,0.0805302,-0.0489753,0.0281155,0.676959,-0.7178,0.134393,0.0918053
54.8517,0.0805302,-0.0489753,0.0281155,0.676959,-0.7178,0.134393,0.0918053
54.8567,0.0805302,-0.0489753,0.0281155,0.676959,-0.7178,0.134393,0.0918053
54.8617,0.0805302,-0.0489753,0.0281155,0.676507,-0.718227,0.134303,0.0919249
54.8668,0.0805302,-0.0489753,0.0281155,0.676507,-0.718227,0.134303,0.0919249
54.8718,0.0805302,-0.0489753,0.0281155,0.676507,-0.718227,0.134303,0.0919249
54.8767,0.0805302,-0.0489753,0.0281155,0.676507,-0.718227,0.134303,0.0919249
54.8818,0.0805302,-0.0489753,0.0281155,0.676507,-0.718227,0.134303,0.0919249
54.8867,0.0805302,-0.0489753,0.0281155,0.676507,-0.718227,0.134303,0.0919249
54.8918,0.0805302,-0.0489753,0.0281155,0.676507,-0.718227,0.134303,0.0919249
54.8968,0.0805398,-0.0490015,0.0280688,0.676507,-0.718227,0.134303,0.0919249
54.9017,0.0805398,-0.0490015,0.0280688,0.676507,-0.718227,0.134303,0.0919249
54.9068,0.0805398,-0.0490015,0.0280688,0.676056,-0.718654,0.134212,0.0920443
54.9117,0.0805398,-0.0490015,0.0280688,0.676056,-0.718654,0.134212,0.0920443
54.9167,0.0805398,-0.0490015,0.0280688,0.676056,-0.718654,0.134212,0.0920443
54.9217,0.0805398,-0.0490015,0.0280688,0.676056,-0.718654,0.134212,0.0920443
54.9267,0.0805398,-0.0490015,0.0280688,0.676056,-0.718654,0.134212,0.0920443
54.9318,0.0805398,-0.0490015,0.0280688,0.676056,-0.718654,0.134212,0.0920443
54.9367,0.0805398,-0.0490015,0.0280688,0.676056,-0.718654,0.134212,0.0920443
54.9417,0.0805398,-0.0490015,0.0280688,0.676056,-0.718654,0.134212,0.0920443
54.9467,0.0805398,-0.0490015,0.0280688,0.676056,-0.718654,0.134212,0.0920443
54.9518,0.0805398,-0.0490015,0.0280688,0.676056,-0.718654,0.134212,0.0920443
54.9567,0.0805398,-0.0490015,0.0280688,0.676056,-0.718654,0.134212,0.0920443
54.9617,0.0805308,-0.0489772,0.028021,0.676199,-0.718515,0.134245,0.0920222
54.9667,0.0805308,-0.0489772,0.028021,0.676199,-0.718515,0.134245,0.0920222
54.9717,0.0805218,-0.0489529,0.0279732,0.676343,-0.718377,0.134279,0.0919999
54.9768,0.0805218,-0.0489529,0.0279732,0.676343,-0.718377,0.134279,0.0919999
54.9817,0.0805315,-0.048979,0.0279265,0.676343,-0.718377,0.134279,0.0919999
54.9868,0.0805315,-0.048979,0.0279265,0.676343,-0.718377,0.134279,0.0919999
54.9917,0.0805315,-0.048979,0.0279265,0.676024,-0.71877,0.133585,0.0922823
54.9967,0.0805315,-0.048979,0.0279265,0.675891,-0.718803,0.134188,0.0921195
55.0018,0.0805315,-0.048979,0.0279265,0.675891,-0.718803,0.134188,0.0921195
55.0067,0.0805225,-0.0489547,0.0278787,0.676619,-0.718205,0.133709,0.0921409
55.0118,0.0805322,-0.0489807,0.027832,0.676035,-0.718665,0.134221,0.0920972
55.0168,0.0806215,-0.0489476,0.027832,0.676008,-0.718646,0.13436,0.0922449
55.0217,0.0806215,-0.0489476,0.027832,0.676008,-0.718646,0.13436,0.0922449
55.0267,0.0806125,-0.0489233,0.0277842,0.676284,-0.718474,0.133791,0.0923854
55.0317,0.0806125,-0.0489233,0.0277842,0.676151,-0.718507,0.134394,0.0922227
55.0367,0.0806125,-0.0489233,0.0277842,0.676284,-0.718474,0.133791,0.0923854
55.0417,0.0806035,-0.0488989,0.0277365,0.676428,-0.718335,0.133824,0.092363
55.0468,0.0806131,-0.048925,0.0276898,0.676428,-0.718335,0.133824,0.092363
55.0517,0.0806131,-0.048925,0.0276898,0.676428,-0.718335,0.133824,0.092363
55.0567,0.0806041,-0.0489006,0.027642,0.676572,-0.718196,0.133857,0.0923406
55.0618,0.0806041,-0.0489006,0.027642,0.676572,-0.718196,0.133857,0.0923406
55.0668,0.0806041,-0.0489006,0.027642,0.676572,-0.718196,0.133857,0.0923406
55.0718,0.0806041,-0.0489006,0.027642,0.676572,-0.718196,0.133857,0.0923406
55.0767,0.0806041,-0.0489006,0.027642,0.676572,-0.718196,0.133857,0.0923406
55.0818,0.0806041,-0.0489006,0.027642,0.676572,-0.718196,0.133857,0.0923406
55.0868,0.0806041,-0.0489006,0.027642,0.676572,-0.718196,0.133857,0.0923406
55.0917,0.0806041,-0.0489006,0.027642,0.676572,-0.718196,0.133857,0.0923406
55.0967,0.0806041,-0.0489006,0.027642,0.676572,-0.718196,0.133857,0.0923406
55.1017,0.0806041,-0.0489006,0.027642,0.676572,-0.718196,0.133857,0.0923406
55.1067,0.0806041,-0.0489006,0.027642,0.67612,-0.718623,0.133767,0.0924598
55.1117,0.0806041,-0.0489006,0.027642,0.676572,-0.718196,0.133857,0.0923406
55.1167,0.0806041,-0.0489006,0.027642,0.676572,-0.718196,0.133857,0.0923406
55.1217,0.0806041,-0.0489006,0.027642,0.67612,-0.718623,0.133767,0.0924598
55.1268,0.0806041,-0.0489006,0.027642,0.676252,-0.71859,0.133164,0.0926218
55.1318,0.0806041,-0.0489006,0.027642,0.676252,-0.71859,0.133164,0.0926218
55.1368,0.0806041,-0.0489006,0.027642,0.676252,-0.71859,0.133164,0.0926218
55.1418,0.0806041,-0.0489006,0.027642,0.676252,-0.71859,0.133164,0.0926218
55.1467,0.0806041,-0.0489006,0.027642,0.676252,-0.71859,0.133164,0.0926218
55.1517,0.0806041,-0.0489006,0.027642,0.676252,-0.71859,0.133164,0.0926218
55.1567,0.0806041,-0.0489006,0.027642,0.676385,-0.718556,0.13256,0.0927838
55.1618,0.0806137,-0.0489267,0.0275953,0.676385,-0.718556,0.13256,0.0927838
55.1668,0.0806137,-0.0489267,0.0275953,0.676385,-0.718556,0.13256,0.0927838
55.1718,0.0806137,-0.0489267,0.0275953,0.676385,-0.718556,0.13256,0.0927838
55.1768,0.0806137,-0.0489267,0.0275953,0.676385,-0.718556,0.13256,0.0927838
55.1817,0.0806137,-0.0489267,0.0275953,0.676516,-0.718522,0.131957,0.0929457
55.1867,0.0806137,-0.0489267,0.0275953,0.676516,-0.718522,0.131957,0.0929457
55.1918,0.0806137,-0.0489267,0.0275953,0.676516,-0.718522,0.131957,0.0929457
55.1968,0.0806137,-0.0489267,0.0275953,0.676648,-0.718488,0.131354,0.0931075
55.2018,0.0806137,-0.0489267,0.0275953,0.6771,-0.718061,0.131445,0.0929899
55.2067,0.0806137,-0.0489267,0.0275953,0.676779,-0.718453,0.130751,0.0932694
55.2117,0.0806137,-0.0489267,0.0275953,0.676779,-0.718453,0.130751,0.0932694
55.2168,0.0806137,-0.0489267,0.0275953,0.676779,-0.718453,0.130751,0.0932694
55.2218,0.0806137,-0.0489267,0.0275953,0.676779,-0.718453,0.130751,0.0932694
55.2268,0.0806137,-0.0489267,0.0275953,0.67691,-0.718418,0.130148,0.0934312
55.2318,0.0806137,-0.0489267,0.0275953,0.67691,-0.718418,0.130148,0.0934312
55.2368,0.0806137,-0.0489267,0.0275953,0.67691,-0.718418,0.130148,0.0934312
55.2417,0.0806137,-0.0489267,0.0275953,0.67691,-0.718418,0.130148,0.0934312
55.2467,0.0806137,-0.0489267,0.0275953,0.67691,-0.718418,0.130148,0.0934312
55.2518,0.0806137,-0.0489267,0.0275953,0.677041,-0.718383,0.129544,0.0935929
55.2567,0.0806137,-0.0489267,0.0275953,0.677041,-0.718383,0.129544,0.0935929
55.2618,0.0806234,-0.0489527,0.0275485,0.677041,-0.718383,0.129544,0.0935929
55.2667,0.0806234,-0.0489527,0.0275485,0.677041,-0.718383,0.129544,0.0935929
55.2717,0.0806234,-0.0489527,0.0275485,0.677041,-0.718383,0.129544,0.0935929
55.2768,0.0806234,-0.0489527,0.0275485,0.677041,-0.718383,0.129544,0.0935929
55.2817,0.0806234,-0.0489527,0.0275485,0.677041,-0.718383,0.129544,0.0935929
55.2867,0.0806234,-0.0489527,0.0275485,0.677041,-0.718383,0.129544,0.0935929
55.2917,0.0806234,-0.0489527,0.0275485,0.677041,-0.718383,0.129544,0.0935929
55.2968,0.0806234,-0.0489527,0.0275485,0.677041,-0.718383,0.129544,0.0935929
55.3017,0.0806331,-0.0489787,0.0275017,0.677172,-0.718347,0.128941,0.0937547
55.3067,0.0806331,-0.0489787,0.0275017,0.677172,-0.718347,0.128941,0.0937547
55.3118,0.0806331,-0.0489787,0.0275017,0.677172,-0.718347,0.128941,0.0937547
55.3167,0.080624,-0.0489543,0.027454,0.677316,-0.718209,0.128974,0.0937313
55.3217,0.0806337,-0.0489803,0.0274071,0.677316,-0.718209,0.128974,0.0937313
55.3268,0.0806337,-0.0489803,0.0274071,0.677316,-0.718209,0.128974,0.0937313
55.3318,0.0806246,-0.0489559,0.0273594,0.677399,-0.717988,0.129466,0.0941409
55.3367,0.0806252,-0.0489574,0.0272649,0.677603,-0.717932,0.12904,0.0936846
55.3418,0.0806252,-0.0489574,0.0272649,0.677603,-0.717932,0.12904,0.0936846
55.3468,0.0806161,-0.048933,0.0272173,0.677747,-0.717793,0.129073,0.0936612
55.3518,0.0806161,-0.048933,0.0272173,0.677747,-0.717793,0.129073,0.0936612
55.3568,0.0806167,-0.0489345,0.0271228,0.677439,-0.718082,0.129014,0.093754
55.3618,0.0806076,-0.04891,0.0270751,0.677583,-0.717943,0.129047,0.0937306
55.3667,0.0806076,-0.04891,0.0270751,0.677583,-0.717943,0.129047,0.0937306
55.3717,0.0805985,-0.0488855,0.0270275,0.677727,-0.717805,0.12908,0.0937072
55.3767,0.0805894,-0.048861,0.0269798,0.67787,-0.717666,0.129113,0.0936838
55.3818,0.080599,-0.0488869,0.026933,0.67787,-0.717666,0.129113,0.0936838
55.3868,0.0805899,-0.0488624,0.0268854,0.678014,-0.717528,0.129146,0.0936605
55.3917,0.0805808,-0.0488378,0.0268378,0.678158,-0.717389,0.129179,0.0936371
55.3967,0.0805808,-0.0488378,0.0268378,0.677707,-0.717817,0.129087,0.0937532
55.4017,0.0805904,-0.0488638,0.0267909,0.677707,-0.717817,0.129087,0.0937532
55.4067,0.0805813,-0.0488392,0.0267433,0.67785,-0.717678,0.12912,0.0937299
55.4118,0.0805909,-0.0488651,0.0266964,0.67785,-0.717678,0.12912,0.0937299
55.4168,0.0805818,-0.0488405,0.0266488,0.677994,-0.717539,0.129153,0.0937065
55.4218,0.0805914,-0.0488664,0.026602,0.677543,-0.717967,0.129061,0.0938227
55.4268,0.080601,-0.0488922,0.0265551,0.677543,-0.717967,0.129061,0.0938227
55.4318,0.080601,-0.0488922,0.0265551,0.677543,-0.717967,0.129061,0.0938227
55.4368,0.0806106,-0.0489181,0.0265082,0.677543,-0.717967,0.129061,0.0938227
55.4418,0.0806202,-0.0489439,0.0264612,0.677543,-0.717967,0.129061,0.0938227
55.4468,0.0806297,-0.0489697,0.0264143,0.677543,-0.717967,0.129061,0.0938227
55.4518,0.0806297,-0.0489697,0.0264143,0.677543,-0.717967,0.129061,0.0938227
55.4568,0.0806393,-0.0489955,0.0263674,0.677543,-0.717967,0.129061,0.0938227
55.4618,0.0806393,-0.0489955,0.0263674,0.677543,-0.717967,0.129061,0.0938227
55.4667,0.0806397,-0.0489967,0.0262729,0.677686,-0.717828,0.129094,0.0937994
55.4718,0.0806493,-0.0490225,0.0262259,0.677686,-0.717828,0.129094,0.0937994
55.4768,0.0806493,-0.0490225,0.0262259,0.677235,-0.718256,0.129002,0.0939155
55.4818,0.0806497,-0.0490236,0.0261314,0.677379,-0.718117,0.129035,0.0938922
55.4868,0.0806497,-0.0490236,0.0261314,0.677379,-0.718117,0.129035,0.0938922
55.4918,0.0806501,-0.0490247,0.0260368,0.677522,-0.717979,0.129068,0.0938688
55.4968,0.0806501,-0.0490247,0.0260368,0.677522,-0.717979,0.129068,0.0938688
55.5018,0.0806597,-0.0490504,0.0259898,0.677522,-0.717979,0.129068,0.0938688
55.5067,0.0806505,-0.0490257,0.0259423,0.677666,-0.71784,0.129101,0.0938454
55.5118,0.0806505,-0.0490257,0.0259423,0.677666,-0.71784,0.129101,0.0938454
55.5167,0.08066,-0.0490514,0.0258953,0.677666,-0.71784,0.129101,0.0938454
55.5218,0.08066,-0.0490514,0.0258953,0.677536,-0.717875,0.129706,0.0936872
55.5268,0.0806509,-0.0490267,0.0258477,0.67781,-0.717701,0.129134,0.0938221
55.5317,0.0806604,-0.0490524,0.0258007,0.67781,-0.717701,0.129134,0.0938221
55.5367,0.0806604,-0.0490524,0.0258007,0.67781,-0.717701,0.129134,0.0938221
55.5418,0.0806604,-0.0490524,0.0258007,0.67781,-0.717701,0.129134,0.0938221
55.547,0.0806604,-0.0490524,0.0258007,0.67781,-0.717701,0.129134,0.0938221
55.5518,0.0806608,-0.0490533,0.0257062,0.677502,-0.71799,0.129075,0.0939149
55.5568,0.0806608,-0.0490533,0.0257062,0.677954,-0.717563,0.129167,0.0937987
55.5617,0.0806608,-0.0490533,0.0257062,0.677954,-0.717563,0.129167,0.0937987
55.5667,0.0806608,-0.0490533,0.0257062,0.677502,-0.71799,0.129075,0.0939149
55.5717,0.0806608,-0.0490533,0.0257062,0.677502,-0.71799,0.129075,0.0939149
55.5768,0.0806703,-0.049079,0.0256591,0.677954,-0.717563,0.129167,0.0937987
55.5818,0.0806703,-0.049079,0.0256591,0.677502,-0.71799,0.129075,0.0939149
55.5868,0.0806703,-0.049079,0.0256591,0.677954,-0.717563,0.129167,0.0937987
55.5918,0.0806703,-0.049079,0.0256591,0.677502,-0.71799,0.129075,0.0939149
55.5967,0.0806703,-0.049079,0.0256591,0.677502,-0.71799,0.129075,0.0939149
55.6017,0.0806703,-0.049079,0.0256591,0.677502,-0.71799,0.129075,0.0939149
55.6067,0.0806703,-0.049079,0.0256591,0.677502,-0.71799,0.129075,0.0939149
55.6118,0.0806703,-0.049079,0.0256591,0.677954,-0.717563,0.129167,0.0937987
55.6168,0.0806798,-0.0491046,0.0256121,0.677372,-0.718025,0.12968,0.0937573
55.6217,0.0806798,-0.0491046,0.0256121,0.677502,-0.71799,0.129075,0.0939149
55.6268,0.0806798,-0.0491046,0.0256121,0.677954,-0.717563,0.129167,0.0937987
55.6318,0.0806798,-0.0491046,0.0256121,0.677954,-0.717563,0.129167,0.0937987
55.6367,0.0806893,-0.0491302,0.025565,0.677502,-0.71799,0.129075,0.0939149
55.6417,0.0806893,-0.0491302,0.025565,0.677954,-0.717563,0.129167,0.0937987
55.6468,0.0806893,-0.0491302,0.025565,0.677502,-0.71799,0.129075,0.0939149
55.6518,0.0806988,-0.0491558,0.0255179,0.677502,-0.71799,0.129075,0.0939149
55.6568,0.0806988,-0.0491558,0.0255179,0.677502,-0.71799,0.129075,0.0939149
55.6618,0.0806988,-0.0491558,0.0255179,0.677502,-0.71799,0.129075,0.0939149
55.6668,0.0807082,-0.0491814,0.0254709,0.677502,-0.71799,0.129075,0.0939149
55.6717,0.0807082,-0.0491814,0.0254709,0.677502,-0.71799,0.129075,0.0939149
55.6767,0.0807082,-0.0491814,0.0254709,0.677502,-0.71799,0.129075,0.0939149
55.6818,0.0807082,-0.0491814,0.0254709,0.677502,-0.71799,0.129075,0.0939149
55.6868,0.0807082,-0.0491814,0.0254709,0.677502,-0.71799,0.129075,0.0939149
55.6917,0.0807177,-0.0492069,0.0254238,0.677502,-0.71799,0.129075,0.0939149
55.6968,0.0807177,-0.0492069,0.0254238,0.677502,-0.71799,0.129075,0.0939149
55.7018,0.0807177,-0.0492069,0.0254238,0.677502,-0.71799,0.129075,0.0939149
55.7067,0.0807177,-0.0492069,0.0254238,0.677502,-0.71799,0.129075,0.0939149
55.712,0.0807177,-0.0492069,0.0254238,0.677502,-0.71799,0.129075,0.0939149
55.7167,0.0807272,-0.0492324,0.0253766,0.677502,-0.71799,0.129075,0.0939149
55.7217,0.0807272,-0.0492324,0.0253766,0.677502,-0.71799,0.129075,0.0939149
55.7268,0.0807272,-0.0492324,0.0253766,0.677502,-0.71799,0.129075,0.0939149
55.7318,0.080718,-0.0492077,0.0253291,0.677646,-0.717852,0.129108,0.0938915
55.7368,0.080718,-0.0492077,0.0253291,0.677646,-0.717852,0.129108,0.0938915
55.7418,0.080718,-0.0492077,0.0253291,0.677646,-0.717852,0.129108,0.0938915
55.7468,0.080718,-0.0492077,0.0253291,0.677646,-0.717852,0.129108,0.0938915
55.7518,0.080718,-0.0492077,0.0253291,0.677646,-0.717852,0.129108,0.0938915
55.7568,0.080718,-0.0492077,0.0253291,0.677646,-0.717852,0.129108,0.0938915
55.7618,0.080718,-0.0492077,0.0253291,0.677646,-0.717852,0.129108,0.0938915
55.7668,0.080718,-0.0492077,0.0253291,0.677646,-0.717852,0.129108,0.0938915
55.7717,0.080718,-0.0492077,0.0253291,0.677646,-0.717852,0.129108,0.0938915
55.7767,0.080718,-0.0492077,0.0253291,0.677646,-0.717852,0.129108,0.0938915
55.7818,0.0807183,-0.0492085,0.0252345,0.67779,-0.717713,0.129141,0.0938682
55.7868,0.0807183,-0.0492085,0.0252345,0.67779,-0.717713,0.129141,0.0938682
55.7918,0.0807183,-0.0492085,0.0252345,0.677338,-0.718141,0.129049,0.0939844
55.7967,0.0807183,-0.0492085,0.0252345,0.677338,-0.718141,0.129049,0.0939844
55.8018,0.0807183,-0.0492085,0.0252345,0.677338,-0.718141,0.129049,0.0939844
55.8067,0.0807183,-0.0492085,0.0252345,0.677338,-0.718141,0.129049,0.0939844
55.8118,0.0807186,-0.0492092,0.0251399,0.677482,-0.718002,0.129082,0.093961
55.8168,0.0807186,-0.0492092,0.0251399,0.677482,-0.718002,0.129082,0.093961
55.8218,0.0807186,-0.0492092,0.0251399,0.677482,-0.718002,0.129082,0.093961
55.8267,0.0807186,-0.0492092,0.0251399,0.677612,-0.717967,0.128477,0.0941177
55.8317,0.080728,-0.0492347,0.0250928,0.67703,-0.718429,0.12899,0.0940773
55.8367,0.080728,-0.0492347,0.0250928,0.677612,-0.717967,0.128477,0.0941177
55.8418,0.0807375,-0.0492601,0.0250456,0.677161,-0.718395,0.128385,0.0942335
55.8468,0.0807375,-0.0492601,0.0250456,0.67703,-0.718429,0.12899,0.0940773
55.8518,0.0807375,-0.0492601,0.0250456,0.677161,-0.718395,0.128385,0.0942335
55.8568,0.0807375,-0.0492601,0.0250456,0.677161,-0.718395,0.128385,0.0942335
55.8618,0.0807469,-0.0492856,0.0249984,0.677161,-0.718395,0.128385,0.0942335
55.8668,0.0807469,-0.0492856,0.0249984,0.677161,-0.718395,0.128385,0.0942335
55.8718,0.0807469,-0.0492856,0.0249984,0.677161,-0.718395,0.128385,0.0942335
55.8768,0.0807469,-0.0492856,0.0249984,0.677161,-0.718395,0.128385,0.0942335
55.8818,0.0807563,-0.049311,0.0249513,0.677161,-0.718395,0.128385,0.0942335
55.8868,0.0807472,-0.0492862,0.0249038,0.677305,-0.718256,0.128418,0.09421
55.8918,0.0807472,-0.0492862,0.0249038,0.677305,-0.718256,0.128418,0.09421
55.8968,0.0807472,-0.0492862,0.0249038,0.677305,-0.718256,0.128418,0.09421
55.9017,0.0807566,-0.0493116,0.0248566,0.677305,-0.718256,0.128418,0.09421
55.9068,0.0807566,-0.0493116,0.0248566,0.677305,-0.718256,0.128418,0.09421
55.9117,0.0807566,-0.0493116,0.0248566,0.677305,-0.718256,0.128418,0.09421
55.9167,0.0807566,-0.0493116,0.0248566,0.676853,-0.718683,0.128326,0.0943258
55.9217,0.080766,-0.049337,0.0248094,0.676853,-0.718683,0.128326,0.0943258
55.9268,0.080766,-0.049337,0.0248094,0.676853,-0.718683,0.128326,0.0943258
55.9318,0.0807568,-0.0493122,0.0247619,0.676997,-0.718545,0.128359,0.0943023
55.9368,0.0807568,-0.0493122,0.0247619,0.677127,-0.71851,0.127754,0.094458
55.9417,0.0807476,-0.0492874,0.0247145,0.67714,-0.718406,0.128392,0.094279
55.9468,0.080757,-0.0493128,0.0246673,0.67714,-0.718406,0.128392,0.094279
55.9518,0.0807478,-0.0492879,0.0246198,0.677284,-0.718268,0.128425,0.0942554
55.9568,0.0807478,-0.0492879,0.0246198,0.677284,-0.718268,0.128425,0.0942554
55.9618,0.080748,-0.0492884,0.0245252,0.676976,-0.718557,0.128366,0.0943477
55.9668,0.080748,-0.0492884,0.0245252,0.677106,-0.718522,0.127761,0.0945026
55.9718,0.0807388,-0.0492636,0.0244777,0.67712,-0.718418,0.128399,0.0943243
55.9768,0.0807388,-0.0492636,0.0244777,0.67712,-0.718418,0.128399,0.0943243
55.9818,0.0807389,-0.049264,0.0243831,0.677394,-0.718245,0.127826,0.0944555
55.9868,0.0807389,-0.049264,0.0243831,0.677264,-0.71828,0.128432,0.0943008
55.9918,0.0807391,-0.0492644,0.0242885,0.677408,-0.718141,0.128465,0.0942773
55.9968,0.0807391,-0.0492644,0.0242885,0.676956,-0.718568,0.128372,0.0943932
56.0018,0.0807298,-0.0492395,0.0242411,0.67723,-0.718395,0.1278,0.0945237
56.0068,0.0807392,-0.0492648,0.0241938,0.6771,-0.71843,0.128405,0.0943696
56.0118,0.0807392,-0.0492648,0.0241938,0.6771,-0.71843,0.128405,0.0943696
56.0168,0.08073,-0.0492399,0.0241464,0.677374,-0.718257,0.127833,0.0945001
56.0217,0.0807301,-0.0492402,0.0240518,0.677388,-0.718153,0.128471,0.0943227
56.0268,0.0807301,-0.0492402,0.0240518,0.677066,-0.718546,0.127773,0.0945919
56.0318,0.0807302,-0.0492405,0.0239572,0.67721,-0.718407,0.127806,0.0945683
56.0368,0.0807209,-0.0492155,0.0239098,0.677354,-0.718269,0.127839,0.0945447
56.0418,0.0807303,-0.0492407,0.0238625,0.677224,-0.718303,0.128445,0.0943916
56.047,0.080721,-0.0492157,0.0238152,0.677498,-0.71813,0.127872,0.0945211
56.0518,0.0807211,-0.0492159,0.0237206,0.677642,-0.717992,0.127905,0.0944975
56.0568,0.0807304,-0.0492411,0.0236733,0.67706,-0.718454,0.128418,0.0944604
56.0618,0.0807211,-0.0492161,0.0236259,0.677334,-0.718281,0.127845,0.0945894
56.0668,0.0807212,-0.0492162,0.0235313,0.677478,-0.718142,0.127878,0.0945658
56.0718,0.0807212,-0.0492163,0.0234367,0.677492,-0.718038,0.128517,0.0943901
56.0768,0.0807212,-0.0492163,0.0233421,0.677314,-0.718293,0.127851,0.094634
56.0818,0.0807212,-0.0492163,0.0232475,0.677328,-0.718189,0.12849,0.094459
56.0868,0.0807212,-0.0492163,0.0232475,0.677328,-0.718189,0.12849,0.094459
56.0917,0.0807212,-0.0492163,0.0231528,0.677472,-0.71805,0.128523,0.0944355
56.0968,0.0807212,-0.0492162,0.0230582,0.677615,-0.717912,0.128556,0.094412
56.1018,0.0807212,-0.0492161,0.0229636,0.677629,-0.717807,0.129195,0.0942374
56.1067,0.0807211,-0.049216,0.022869,0.677321,-0.718096,0.129136,0.0943303
56.1118,0.080721,-0.0492158,0.0227743,0.677334,-0.717991,0.129775,0.0941564
56.1168,0.0807117,-0.0491906,0.0227271,0.677478,-0.717852,0.129808,0.0941332
56.1218,0.0807209,-0.0492154,0.0225851,0.677622,-0.717714,0.129841,0.09411
56.1268,0.0807209,-0.0492154,0.0225851,0.67704,-0.718174,0.130356,0.0940766
56.1318,0.0808102,-0.0491819,0.0224905,0.677157,-0.718016,0.130528,0.0942012
56.1368,0.0808101,-0.0491816,0.0223958,0.6773,-0.717878,0.130561,0.0941781
56.1418,0.08081,-0.0491813,0.0223012,0.677313,-0.717772,0.1312,0.0940053
56.1467,0.0808098,-0.0491809,0.0222066,0.677457,-0.717633,0.131233,0.0939823
56.152,0.0808097,-0.0491804,0.022112,0.677017,-0.717955,0.131781,0.0939278
56.1567,0.0808097,-0.0491804,0.022112,0.677017,-0.717955,0.131781,0.0939278
56.1618,0.0808093,-0.0491795,0.0219227,0.677173,-0.717709,0.132453,0.0937333
56.1668,0.0808093,-0.0491795,0.0219227,0.676722,-0.718136,0.132362,0.0938516
56.1718,0.0808984,-0.0491451,0.0217335,0.67685,-0.717872,0.133174,0.0938055
56.1768,0.0808889,-0.0491197,0.0216864,0.676994,-0.717733,0.133207,0.0937829
56.1818,0.0808979,-0.0491439,0.0215443,0.677137,-0.717594,0.13324,0.0937602
56.1868,0.0809871,-0.0491099,0.0214496,0.676802,-0.717863,0.13332,0.094004
56.192,0.0809963,-0.0491347,0.0214021,0.67667,-0.717895,0.133927,0.0938565
56.1968,0.0809868,-0.0491092,0.021355,0.676362,-0.718183,0.133868,0.0939532
56.2017,0.0810759,-0.0490752,0.0212604,0.676478,-0.718025,0.134041,0.0940783
56.2067,0.0810757,-0.0490744,0.0211658,0.676622,-0.717886,0.134074,0.0940557
56.2119,0.0810661,-0.0490489,0.0211187,0.676633,-0.717778,0.134714,0.0938866
56.2167,0.0811647,-0.0490402,0.0210711,0.676287,-0.718155,0.134154,0.0943002
56.2219,0.0811552,-0.0490147,0.0210241,0.676298,-0.718047,0.134794,0.0941315
56.2268,0.0811644,-0.0490394,0.0209765,0.676298,-0.718047,0.134794,0.0941315
56.2318,0.0811549,-0.0490138,0.0209295,0.67599,-0.718335,0.134735,0.0942288
56.2368,0.0811549,-0.0490138,0.0209295,0.67599,-0.718335,0.134735,0.0942288
56.2418,0.0811545,-0.0490129,0.0208349,0.676134,-0.718196,0.134769,0.0942064
56.2467,0.0811545,-0.0490129,0.0208349,0.675682,-0.718623,0.134677,0.0943262
56.2517,0.0812531,-0.0490041,0.0207873,0.675654,-0.718603,0.134816,0.0944739
56.2567,0.0812436,-0.0489786,0.0207403,0.675798,-0.718465,0.134849,0.0944515
56.2618,0.0812436,-0.0489786,0.0207403,0.675798,-0.718465,0.134849,0.0944515
56.2668,0.0812436,-0.0489786,0.0207403,0.675213,-0.718921,0.135364,0.0944267
56.2717,0.0812528,-0.0490032,0.0206927,0.675213,-0.718921,0.135364,0.0944267
56.2767,0.0812528,-0.0490032,0.0206927,0.675213,-0.718921,0.135364,0.0944267
56.2818,0.0812528,-0.0490032,0.0206927,0.675213,-0.718921,0.135364,0.0944267
56.2868,0.0812528,-0.0490032,0.0206927,0.675213,-0.718921,0.135364,0.0944267
56.2917,0.0812528,-0.0490032,0.0206927,0.674761,-0.719347,0.135272,0.0945469
56.2968,0.0812528,-0.0490032,0.0206927,0.674761,-0.719347,0.135272,0.0945469
56.3018,0.0813421,-0.0489697,0.0206927,0.674733,-0.719328,0.135411,0.0946948
56.3067,0.0813421,-0.0489697,0.0206927,0.674733,-0.719328,0.135411,0.0946948
56.3118,0.0813421,-0.0489697,0.0206927,0.674733,-0.719328,0.135411,0.0946948
56.3168,0.0813421,-0.0489697,0.0206927,0.674733,-0.719328,0.135411,0.0946948
56.3217,0.0813421,-0.0489697,0.0206927,0.674733,-0.719328,0.135411,0.0946948
56.3268,0.0813421,-0.0489697,0.0206927,0.674733,-0.719328,0.135411,0.0946948
56.3318,0.0813421,-0.0489697,0.0206927,0.674733,-0.719328,0.135411,0.0946948
56.3368,0.0813421,-0.0489697,0.0206927,0.674281,-0.719753,0.135318,0.0948151
56.3418,0.0813421,-0.0489697,0.0206927,0.674281,-0.719753,0.135318,0.0948151
56.3468,0.0813421,-0.0489697,0.0206927,0.674281,-0.719753,0.135318,0.0948151
56.3518,0.0813421,-0.0489697,0.0206927,0.674281,-0.719753,0.135318,0.0948151
56.3568,0.0813421,-0.0489697,0.0206927,0.674281,-0.719753,0.135318,0.0948151
56.3618,0.0813421,-0.0489697,0.0206927,0.674281,-0.719753,0.135318,0.0948151
56.3668,0.0813421,-0.0489697,0.0206927,0.674281,-0.719753,0.135318,0.0948151
56.3717,0.0813421,-0.0489697,0.0206927,0.674281,-0.719753,0.135318,0.0948151
56.3768,0.0813421,-0.0489697,0.0206927,0.674281,-0.719753,0.135318,0.0948151
56.3818,0.0813421,-0.0489697,0.0206927,0.674281,-0.719753,0.135318,0.0948151
56.3868,0.0813421,-0.0489697,0.0206927,0.674281,-0.719753,0.135318,0.0948151
56.3918,0.0813421,-0.0489697,0.0206927,0.674281,-0.719753,0.135318,0.0948151
56.3968,0.0813421,-0.0489697,0.0206927,0.674281,-0.719753,0.135318,0.0948151
56.4018,0.0813421,-0.0489697,0.0206927,0.674281,-0.719753,0.135318,0.0948151
56.4067,0.0813513,-0.0489943,0.020645,0.674281,-0.719753,0.135318,0.0948151
56.4118,0.0813513,-0.0489943,0.020645,0.674281,-0.719753,0.135318,0.0948151
56.4168,0.0813513,-0.0489943,0.020645,0.674281,-0.719753,0.135318,0.0948151
56.4217,0.0813513,-0.0489943,0.020645,0.674281,-0.719753,0.135318,0.0948151
56.4268,0.0813418,-0.0489687,0.0205981,0.674425,-0.719615,0.135352,0.0947928
56.4318,0.0813418,-0.0489687,0.0205981,0.673972,-0.72004,0.135259,0.094913
56.4368,0.0813418,-0.0489687,0.0205981,0.673972,-0.72004,0.135259,0.094913
56.4418,0.0814403,-0.0489599,0.0205504,0.674397,-0.719595,0.13549,0.0949407
56.4468,0.0814307,-0.0489342,0.0205034,0.674089,-0.719882,0.135431,0.0950387
56.4518,0.0814307,-0.0489342,0.0205034,0.674089,-0.719882,0.135431,0.0950387
56.4568,0.0814399,-0.0489588,0.0204558,0.674223,-0.719852,0.134824,0.0951818
56.4618,0.0814303,-0.0489332,0.0204088,0.674233,-0.719744,0.135465,0.0950163
56.4668,0.0814299,-0.0489321,0.0203142,0.674377,-0.719605,0.135498,0.094994
56.4718,0.0814299,-0.0489321,0.0203142,0.674377,-0.719605,0.135498,0.094994
56.4768,0.0814295,-0.0489309,0.0202196,0.674521,-0.719467,0.135531,0.0949716
56.4818,0.0814295,-0.0489309,0.0202196,0.674655,-0.719437,0.134924,0.0951144
56.4868,0.081429,-0.0489297,0.020125,0.674665,-0.719329,0.135565,0.0949492
56.4918,0.0814286,-0.0489285,0.0200304,0.674809,-0.71919,0.135598,0.0949268
56.4968,0.0814286,-0.0489285,0.0200304,0.674809,-0.71919,0.135598,0.0949268
56.5018,0.0814281,-0.0489273,0.0199357,0.674501,-0.719477,0.135539,0.0950248
56.5068,0.0814281,-0.0489273,0.0199357,0.674501,-0.719477,0.135539,0.0950248
56.5118,0.0814373,-0.0489517,0.019888,0.674501,-0.719477,0.135539,0.0950248
56.5168,0.0814276,-0.048926,0.0198411,0.674645,-0.719339,0.135572,0.0950025
56.5217,0.0814368,-0.0489504,0.0197934,0.674645,-0.719339,0.135572,0.0950025
56.5268,0.0814271,-0.0489247,0.0197465,0.674789,-0.719201,0.135605,0.0949801
56.5318,0.0814363,-0.0489491,0.0196988,0.674789,-0.719201,0.135605,0.0949801
56.5368,0.0814358,-0.0489477,0.0196041,0.674933,-0.719062,0.135639,0.0949577
56.5418,0.0814358,-0.0489477,0.0196041,0.674481,-0.719488,0.135546,0.0950781
56.5468,0.0814352,-0.0489463,0.0195095,0.674625,-0.719349,0.13558,0.0950557
56.5518,0.0814444,-0.0489706,0.0194617,0.674625,-0.719349,0.13558,0.0950557
56.5568,0.0814438,-0.0489692,0.0193671,0.674769,-0.719211,0.135613,0.0950334
56.5618,0.0814438,-0.0489692,0.0193671,0.674769,-0.719211,0.135613,0.0950334
56.5668,0.0814433,-0.0489677,0.0192725,0.674913,-0.719073,0.135646,0.095011
56.5717,0.0814427,-0.0489661,0.0191778,0.675057,-0.718934,0.135679,0.0949886
56.5769,0.0814518,-0.0489904,0.01913,0.675057,-0.718934,0.135679,0.0949886
56.5818,0.0814512,-0.0489888,0.0190354,0.675201,-0.718796,0.135713,0.0949662
56.5868,0.0814415,-0.0489629,0.0189886,0.675345,-0.718657,0.135746,0.0949439
56.5918,0.0814409,-0.0489613,0.0188939,0.675037,-0.718944,0.135687,0.0950419
56.5968,0.0814402,-0.0489596,0.0187993,0.675181,-0.718806,0.13572,0.0950195
56.6018,0.0814396,-0.0489579,0.0187047,0.675325,-0.718667,0.135753,0.0949972
56.6068,0.0814486,-0.0489821,0.0186568,0.675325,-0.718667,0.135753,0.0949972
56.6118,0.081448,-0.0489803,0.0185622,0.675469,-0.718529,0.135787,0.0949748
56.6168,0.0814382,-0.0489543,0.0185154,0.675161,-0.718816,0.135727,0.0950729
56.6218,0.0814473,-0.0489785,0.0184675,0.675161,-0.718816,0.135727,0.0950729
56.6268,0.0814466,-0.0489766,0.0183729,0.675305,-0.718678,0.135761,0.0950505
56.6318,0.0814459,-0.0489747,0.0182782,0.674997,-0.718965,0.135701,0.0951486
56.6368,0.0814459,-0.0489747,0.0182782,0.674997,-0.718965,0.135701,0.0951486
56.6418,0.0814549,-0.0489988,0.0182303,0.674997,-0.718965,0.135701,0.0951486
56.6468,0.0814452,-0.0489728,0.0181836,0.675141,-0.718827,0.135735,0.0951262
56.6518,0.0814445,-0.0489709,0.018089,0.675285,-0.718688,0.135768,0.0951038
56.6568,0.0814535,-0.0489949,0.018041,0.675151,-0.718717,0.136377,0.0949656
56.6618,0.0814527,-0.0489929,0.0179464,0.674843,-0.719004,0.136318,0.0950642
56.6668,0.0814527,-0.0489929,0.0179464,0.674843,-0.719004,0.136318,0.0950642
56.6718,0.0814519,-0.0489909,0.0178517,0.674987,-0.718866,0.136351,0.0950419
56.6768,0.0814519,-0.0489909,0.0178517,0.674987,-0.718866,0.136351,0.0950419
56.6818,0.0814512,-0.0489888,0.0177571,0.675131,-0.718727,0.136384,0.0950197
56.6868,0.0814414,-0.0489627,0.0177105,0.674823,-0.719015,0.136325,0.0951183
56.6918,0.0814504,-0.0489867,0.0176624,0.674689,-0.719043,0.136934,0.0949813
56.6968,0.0814406,-0.0489605,0.0176158,0.674833,-0.718905,0.136967,0.0949591
56.7018,0.0814496,-0.0489845,0.0175678,0.674833,-0.718905,0.136967,0.0949591
56.7067,0.0814398,-0.0489584,0.0175212,0.674976,-0.718766,0.137,0.0949371
56.7118,0.0814487,-0.0489823,0.0174732,0.674525,-0.719192,0.136908,0.0950583
56.7168,0.0814487,-0.0489823,0.0174732,0.674525,-0.719192,0.136908,0.0950583
56.7218,0.0814479,-0.0489801,0.0173785,0.674669,-0.719053,0.136941,0.0950362
56.7268,0.0814479,-0.0489801,0.0173785,0.674803,-0.719025,0.136332,0.0951724
56.7318,0.0814479,-0.0489801,0.0173785,0.674217,-0.719479,0.136849,0.0951573
56.7368,0.0814471,-0.0489778,0.0172839,0.674361,-0.71934,0.136882,0.0951353
56.7418,0.081456,-0.0490017,0.0172358,0.674361,-0.71934,0.136882,0.0951353
56.7468,0.081456,-0.0490017,0.0172358,0.674361,-0.71934,0.136882,0.0951353
56.7518,0.0814551,-0.0489994,0.0171412,0.674505,-0.719202,0.136915,0.0951132
56.7568,0.0814551,-0.0489994,0.0171412,0.674505,-0.719202,0.136915,0.0951132
56.7618,0.0814641,-0.0490232,0.0170931,0.674505,-0.719202,0.136915,0.0951132
56.7668,0.0814641,-0.0490232,0.0170931,0.674505,-0.719202,0.136915,0.0951132
56.7718,0.081473,-0.0490471,0.017045,0.674053,-0.719627,0.136823,0.0952344
56.7768,0.0814632,-0.0490209,0.0169985,0.674197,-0.719489,0.136856,0.0952124
56.7818,0.0814721,-0.0490447,0.0169504,0.674197,-0.719489,0.136856,0.0952124
56.7868,0.0814623,-0.0490185,0.0169038,0.674341,-0.71935,0.13689,0.0951903
56.7917,0.0814712,-0.0490423,0.0168557,0.674341,-0.71935,0.13689,0.0951903
56.7968,0.0814614,-0.049016,0.0168092,0.674424,-0.719124,0.137382,0.0955993
56.8018,0.0814604,-0.0490135,0.0167145,0.674629,-0.719073,0.136956,0.095146
56.8068,0.0814604,-0.0490135,0.0167145,0.674629,-0.719073,0.136956,0.095146
56.8118,0.0814595,-0.049011,0.0166199,0.674186,-0.719388,0.137506,0.095111
56.8168,0.0814585,-0.0490085,0.0165252,0.67433,-0.719249,0.13754,0.095089
56.8218,0.0814576,-0.0490059,0.0164306,0.674474,-0.719111,0.137573,0.095067
56.8268,0.0814576,-0.0490059,0.0164306,0.674474,-0.719111,0.137573,0.095067
56.8318,0.0814566,-0.0490032,0.0163359,0.674166,-0.719398,0.137514,0.0951667
56.8368,0.0814556,-0.0490006,0.0162413,0.67431,-0.719259,0.137547,0.0951447
56.8418,0.0814556,-0.0490006,0.0162413,0.67431,-0.719259,0.137547,0.0951447
56.8468,0.0814645,-0.0490243,0.0161931,0.67431,-0.719259,0.137547,0.0951447
56.8518,0.0814645,-0.0490243,0.0161931,0.673858,-0.719685,0.137455,0.0952663
56.8568,0.0814546,-0.0489979,0.0161466,0.674002,-0.719546,0.137488,0.0952444
56.8618,0.0814634,-0.0490215,0.0160984,0.673867,-0.719573,0.138098,0.0951116
56.8668,0.0814634,-0.0490215,0.0160984,0.674002,-0.719546,0.137488,0.0952444
56.8718,0.0814634,-0.0490215,0.0160984,0.67355,-0.719971,0.137395,0.095366
56.8768,0.0814634,-0.0490215,0.0160984,0.673415,-0.719998,0.138005,0.0952335
56.8818,0.0814723,-0.0490452,0.0160502,0.673415,-0.719998,0.138005,0.0952335
56.8868,0.0814723,-0.0490452,0.0160502,0.673415,-0.719998,0.138005,0.0952335
56.8918,0.0814723,-0.0490452,0.0160502,0.673415,-0.719998,0.138005,0.0952335
56.8968,0.0814723,-0.0490452,0.0160502,0.673415,-0.719998,0.138005,0.0952335
56.9018,0.0814812,-0.0490688,0.016002,0.673415,-0.719998,0.138005,0.0952335
56.9068,0.0814812,-0.0490688,0.016002,0.673415,-0.719998,0.138005,0.0952335
56.9118,0.0814812,-0.0490688,0.016002,0.672962,-0.720423,0.137913,0.0953555
56.9168,0.0814812,-0.0490688,0.016002,0.672962,-0.720423,0.137913,0.0953555
56.9218,0.0814812,-0.0490688,0.016002,0.672962,-0.720423,0.137913,0.0953555
56.9268,0.08149,-0.0490924,0.0159538,0.672962,-0.720423,0.137913,0.0953555
56.9318,0.08149,-0.0490924,0.0159538,0.672962,-0.720423,0.137913,0.0953555
56.9368,0.08149,-0.0490924,0.0159538,0.672962,-0.720423,0.137913,0.0953555
56.9418,0.08149,-0.0490924,0.0159538,0.672962,-0.720423,0.137913,0.0953555
56.9468,0.08149,-0.0490924,0.0159538,0.672962,-0.720423,0.137913,0.0953555
56.9518,0.08149,-0.0490924,0.0159538,0.672962,-0.720423,0.137913,0.0953555
56.9569,0.08149,-0.0490924,0.0159538,0.672962,-0.720423,0.137913,0.0953555
56.9618,0.08149,-0.0490924,0.0159538,0.672962,-0.720423,0.137913,0.0953555
56.9668,0.08149,-0.0490924,0.0159538,0.672962,-0.720423,0.137913,0.0953555
56.9718,0.08149,-0.0490924,0.0159538,0.672962,-0.720423,0.137913,0.0953555
56.9768,0.08149,-0.0490924,0.0159538,0.672962,-0.720423,0.137913,0.0953555
56.9818,0.08149,-0.0490924,0.0159538,0.672962,-0.720423,0.137913,0.0953555
56.9868,0.08149,-0.0490924,0.0159538,0.672962,-0.720423,0.137913,0.0953555
56.9918,0.08149,-0.0490924,0.0159538,0.672962,-0.720423,0.137913,0.0953555
56.9968,0.08149,-0.0490924,0.0159538,0.672962,-0.720423,0.137913,0.0953555
57.0018,0.08149,-0.0490924,0.0159538,0.672962,-0.720423,0.137913,0.0953555
57.0068,0.08149,-0.0490924,0.0159538,0.672962,-0.720423,0.137913,0.0953555
57.0118,0.08149,-0.0490924,0.0159538,0.672962,-0.720423,0.137913,0.0953555
57.0168,0.08149,-0.0490924,0.0159538,0.672962,-0.720423,0.137913,0.0953555
57.0218,0.08149,-0.0490924,0.0159538,0.672962,-0.720423,0.137913,0.0953555
57.0268,0.08149,-0.0490924,0.0159538,0.672962,-0.720423,0.137913,0.0953555
57.0318,0.08149,-0.0490924,0.0159538,0.67251,-0.720847,0.13782,0.0954774
57.0368,0.08149,-0.0490924,0.0159538,0.672962,-0.720423,0.137913,0.0953555
57.0418,0.08149,-0.0490924,0.0159538,0.672962,-0.720423,0.137913,0.0953555
57.0468,0.08149,-0.0490924,0.0159538,0.672962,-0.720423,0.137913,0.0953555
57.0518,0.0814988,-0.049116,0.0159056,0.672962,-0.720423,0.137913,0.0953555
57.0568,0.0814988,-0.049116,0.0159056,0.672962,-0.720423,0.137913,0.0953555
57.0618,0.0814988,-0.049116,0.0159056,0.672962,-0.720423,0.137913,0.0953555
57.0668,0.0814988,-0.049116,0.0159056,0.67251,-0.720847,0.13782,0.0954774
57.0718,0.0814988,-0.049116,0.0159056,0.672962,-0.720423,0.137913,0.0953555
57.0768,0.0814988,-0.049116,0.0159056,0.67251,-0.720847,0.13782,0.0954774
57.0818,0.0814988,-0.049116,0.0159056,0.672962,-0.720423,0.137913,0.0953555
57.0868,0.0814988,-0.049116,0.0159056,0.672962,-0.720423,0.137913,0.0953555
57.0918,0.0814988,-0.049116,0.0159056,0.672962,-0.720423,0.137913,0.0953555
57.0968,0.0815077,-0.0491396,0.0158573,0.672901,-0.720335,0.138373,0.0957856
57.1018,0.0815077,-0.0491396,0.0158573,0.672962,-0.720423,0.137913,0.0953555
57.1068,0.0815077,-0.0491396,0.0158573,0.672962,-0.720423,0.137913,0.0953555
57.1118,0.0815165,-0.0491631,0.0158091,0.672962,-0.720423,0.137913,0.0953555
57.1168,0.0815165,-0.0491631,0.0158091,0.672962,-0.720423,0.137913,0.0953555
57.1218,0.0816148,-0.0491531,0.0157608,0.672481,-0.720828,0.137958,0.0956256
57.1268,0.0816049,-0.0491267,0.0157144,0.673078,-0.720265,0.138084,0.0954818
57.1318,0.0816137,-0.0491502,0.0156661,0.673017,-0.720177,0.138545,0.095912
57.1368,0.0816038,-0.0491238,0.0156196,0.673222,-0.720127,0.138118,0.0954599
57.1418,0.0816126,-0.0491473,0.0155714,0.673222,-0.720127,0.138118,0.0954599
57.1468,0.0816027,-0.0491209,0.0155249,0.673367,-0.719988,0.138151,0.0954381
57.1517,0.0816115,-0.0491443,0.0154766,0.672914,-0.720413,0.138058,0.0955601
57.1568,0.0816104,-0.0491413,0.0153819,0.673058,-0.720275,0.138092,0.0955383
57.1618,0.0816004,-0.0491149,0.0153355,0.673203,-0.720136,0.138125,0.0955165
57.1668,0.0816092,-0.0491383,0.0152872,0.673203,-0.720136,0.138125,0.0955165
57.1718,0.0816081,-0.0491353,0.0151925,0.673211,-0.720025,0.138769,0.0953637
57.1768,0.0816081,-0.0491353,0.0151925,0.673347,-0.719998,0.138158,0.0954946
57.1818,0.0816069,-0.0491322,0.0150978,0.673356,-0.719886,0.138802,0.095342
57.1867,0.0816157,-0.0491555,0.0150494,0.673356,-0.719886,0.138802,0.095342
57.1917,0.0816244,-0.0491789,0.0150011,0.673356,-0.719886,0.138802,0.095342
57.1968,0.0816145,-0.0491524,0.0149547,0.6735,-0.719748,0.138835,0.0953202
57.2018,0.0816233,-0.0491757,0.0149063,0.6735,-0.719748,0.138835,0.0953202
57.2068,0.081622,-0.0491725,0.0148116,0.673644,-0.719609,0.138869,0.0952985
57.2121,0.0816308,-0.0491958,0.0147632,0.673508,-0.719636,0.139479,0.0951679
57.2168,0.0816208,-0.0491693,0.0147168,0.673652,-0.719497,0.139512,0.0951463
57.2218,0.0816196,-0.049166,0.0146221,0.673796,-0.719359,0.139546,0.0951247
57.2268,0.0816283,-0.0491893,0.0145737,0.673796,-0.719359,0.139546,0.0951247
57.2318,0.0816171,-0.0491593,0.0144326,0.674084,-0.719082,0.139612,0.0950815
57.2368,0.0816258,-0.0491825,0.0143842,0.674084,-0.719082,0.139612,0.0950815
57.2418,0.0816145,-0.0491525,0.0142432,0.674372,-0.718804,0.139679,0.0950382
57.2468,0.0816232,-0.0491757,0.0141947,0.67392,-0.71923,0.139587,0.0951612
57.2518,0.0816119,-0.0491455,0.0140537,0.674147,-0.718863,0.140113,0.0955489
57.2568,0.0816106,-0.049142,0.013959,0.674216,-0.71884,0.140297,0.0949672
57.2618,0.0816093,-0.0491384,0.0138643,0.67436,-0.718701,0.14033,0.0949457
57.2668,0.0816179,-0.0491616,0.0138158,0.673909,-0.719126,0.140238,0.0950691
57.2718,0.0816166,-0.0491579,0.0137211,0.674053,-0.718988,0.140271,0.0950475
57.2768,0.0816152,-0.0491543,0.0136263,0.674136,-0.718759,0.140764,0.095457
57.2818,0.0816138,-0.0491506,0.0135316,0.67434,-0.71871,0.140338,0.0950046
57.2868,0.0816124,-0.0491468,0.0134369,0.674033,-0.718997,0.140279,0.0951065
57.2918,0.0816211,-0.0491699,0.0133884,0.674033,-0.718997,0.140279,0.0951065
57.2968,0.0816196,-0.0491661,0.0132936,0.674177,-0.718858,0.140312,0.095085
57.3018,0.0816182,-0.0491623,0.0131989,0.674321,-0.71872,0.140345,0.0950635
57.3068,0.0816081,-0.0491354,0.0131527,0.674013,-0.719006,0.140286,0.0951654
57.3118,0.0816067,-0.0491315,0.013058,0.674021,-0.718893,0.140931,0.095017
57.3168,0.0816153,-0.0491545,0.0130094,0.674021,-0.718893,0.140931,0.095017
57.3218,0.0816138,-0.0491506,0.0129147,0.674165,-0.718754,0.140964,0.0949957
57.3268,0.0816123,-0.0491466,0.01282,0.674309,-0.718615,0.140997,0.0949743
57.3323,0.0816108,-0.0491426,0.0127253,0.674001,-0.718902,0.140938,0.0950768
57.3368,0.0816108,-0.0491426,0.0127253,0.674001,-0.718902,0.140938,0.0950768
57.3418,0.0816093,-0.0491386,0.0126305,0.674145,-0.718763,0.140971,0.0950554
57.3468,0.0816179,-0.0491614,0.0125819,0.674145,-0.718763,0.140971,0.0950554
57.3518,0.0816264,-0.0491843,0.0125333,0.674145,-0.718763,0.140971,0.0950554
57.3568,0.0816163,-0.0491573,0.0124872,0.673837,-0.719049,0.140912,0.0951578
57.3618,0.0816249,-0.0491801,0.0124385,0.673837,-0.719049,0.140912,0.0951578
57.3668,0.0816148,-0.0491532,0.0123924,0.673981,-0.718911,0.140946,0.0951365
57.3718,0.0816234,-0.049176,0.0123438,0.673981,-0.718911,0.140946,0.0951365
57.3768,0.0816218,-0.0491718,0.0122491,0.673989,-0.718797,0.14159,0.0949898
57.3818,0.0816218,-0.0491718,0.0122491,0.673989,-0.718797,0.14159,0.0949898
57.3868,0.0816303,-0.0491946,0.0122004,0.673989,-0.718797,0.14159,0.0949898
57.3918,0.0816202,-0.0491676,0.0121543,0.674269,-0.718633,0.141012,0.0950938
57.3968,0.0816287,-0.0491903,0.0121056,0.674132,-0.718658,0.141624,0.0949687
57.4018,0.0816287,-0.0491903,0.0121056,0.674132,-0.718658,0.141624,0.0949687
57.4068,0.0816186,-0.0491633,0.0120596,0.674276,-0.718519,0.141657,0.0949474
57.4118,0.0816271,-0.049186,0.0120109,0.674276,-0.718519,0.141657,0.0949474
57.4168,0.0816271,-0.049186,0.0120109,0.674276,-0.718519,0.141657,0.0949474
57.4218,0.0816271,-0.049186,0.0120109,0.674276,-0.718519,0.141657,0.0949474
57.4268,0.0816357,-0.0492088,0.0119622,0.674276,-0.718519,0.141657,0.0949474
57.4318,0.0816357,-0.0492088,0.0119622,0.673825,-0.718944,0.141564,0.0950716
57.4368,0.0816255,-0.0491817,0.0119161,0.673969,-0.718806,0.141598,0.0950504
57.4418,0.0816255,-0.0491817,0.0119161,0.673969,-0.718806,0.141598,0.0950504
57.4468,0.0816255,-0.0491817,0.0119161,0.673969,-0.718806,0.141598,0.0950504
57.4518,0.0816255,-0.0491817,0.0119161,0.673969,-0.718806,0.141598,0.0950504
57.4568,0.0816255,-0.0491817,0.0119161,0.673969,-0.718806,0.141598,0.0950504
57.4618,0.0817235,-0.0491708,0.0118674,0.673803,-0.71881,0.142348,0.0950737
57.4668,0.0817235,-0.0491708,0.0118674,0.673803,-0.71881,0.142348,0.0950737
57.4718,0.0817235,-0.0491708,0.0118674,0.673803,-0.71881,0.142348,0.0950737
57.4769,0.0817235,-0.0491708,0.0118674,0.673803,-0.71881,0.142348,0.0950737
57.4818,0.0817235,-0.0491708,0.0118674,0.673803,-0.71881,0.142348,0.0950737
57.4868,0.0817133,-0.0491438,0.0118214,0.673947,-0.718671,0.142381,0.0950526
57.4918,0.0817133,-0.0491438,0.0118214,0.673947,-0.718671,0.142381,0.0950526
57.4968,0.0817133,-0.0491438,0.0118214,0.673947,-0.718671,0.142381,0.0950526
57.5018,0.0817133,-0.0491438,0.0118214,0.673947,-0.718671,0.142381,0.0950526
57.5068,0.0817133,-0.0491438,0.0118214,0.673947,-0.718671,0.142381,0.0950526
57.5118,0.0817133,-0.0491438,0.0118214,0.673947,-0.718671,0.142381,0.0950526
57.5168,0.0818027,-0.0491102,0.0118214,0.673917,-0.718652,0.14252,0.0952003
57.5218,0.0818027,-0.0491102,0.0118214,0.673917,-0.718652,0.14252,0.0952003
57.5268,0.0818027,-0.0491102,0.0118214,0.673917,-0.718652,0.14252,0.0952003
57.5318,0.0818027,-0.0491102,0.0118214,0.673917,-0.718652,0.14252,0.0952003
57.5368,0.0818027,-0.0491102,0.0118214,0.673917,-0.718652,0.14252,0.0952003
57.5418,0.0818027,-0.0491102,0.0118214,0.673917,-0.718652,0.14252,0.0952003
57.5468,0.0817926,-0.0490831,0.0117754,0.674061,-0.718513,0.142553,0.0951792
57.5518,0.0817926,-0.0490831,0.0117754,0.674061,-0.718513,0.142553,0.0951792
57.5568,0.0817926,-0.0490831,0.0117754,0.674061,-0.718513,0.142553,0.0951792
57.5618,0.0817926,-0.0490831,0.0117754,0.674061,-0.718513,0.142553,0.0951792
57.5668,0.0817926,-0.0490831,0.0117754,0.674061,-0.718513,0.142553,0.0951792
57.5718,0.0817926,-0.0490831,0.0117754,0.674061,-0.718513,0.142553,0.0951792
57.5768,0.0817926,-0.0490831,0.0117754,0.674061,-0.718513,0.142553,0.0951792
57.5818,0.0817926,-0.0490831,0.0117754,0.674061,-0.718513,0.142553,0.0951792
57.5868,0.0817926,-0.0490831,0.0117754,0.674061,-0.718513,0.142553,0.0951792
57.5918,0.0817926,-0.0490831,0.0117754,0.674061,-0.718513,0.142553,0.0951792
57.597,0.0817926,-0.0490831,0.0117754,0.674061,-0.718513,0.142553,0.0951792
57.6018,0.0817926,-0.0490831,0.0117754,0.674061,-0.718513,0.142553,0.0951792
57.6068,0.0817926,-0.0490831,0.0117754,0.674061,-0.718513,0.142553,0.0951792
57.6118,0.0817926,-0.0490831,0.0117754,0.674061,-0.718513,0.142553,0.0951792
57.6168,0.0818011,-0.0491058,0.0117267,0.674061,-0.718513,0.142553,0.0951792
57.6218,0.0818011,-0.0491058,0.0117267,0.674061,-0.718513,0.142553,0.0951792
57.6268,0.0818011,-0.0491058,0.0117267,0.674061,-0.718513,0.142553,0.0951792
57.6318,0.0818011,-0.0491058,0.0117267,0.674061,-0.718513,0.142553,0.0951792
57.6368,0.0818011,-0.0491058,0.0117267,0.674061,-0.718513,0.142553,0.0951792
57.6418,0.0818011,-0.0491058,0.0117267,0.674061,-0.718513,0.142553,0.0951792
57.6468,0.0818096,-0.0491284,0.0116779,0.674061,-0.718513,0.142553,0.0951792
57.6518,0.0818096,-0.0491284,0.0116779,0.674061,-0.718513,0.142553,0.0951792
57.6568,0.0818096,-0.0491284,0.0116779,0.674061,-0.718513,0.142553,0.0951792
57.6618,0.0818096,-0.0491284,0.0116779,0.674061,-0.718513,0.142553,0.0951792
57.6668,0.0818079,-0.049124,0.0115832,0.674205,-0.718374,0.142586,0.095158
57.6718,0.0818079,-0.049124,0.0115832,0.674205,-0.718374,0.142586,0.095158
57.6768,0.0818079,-0.049124,0.0115832,0.674205,-0.718374,0.142586,0.095158
57.6818,0.0818079,-0.049124,0.0115832,0.674205,-0.718374,0.142586,0.095158
57.6868,0.0818079,-0.049124,0.0115832,0.674205,-0.718374,0.142586,0.095158
57.6918,0.0818164,-0.0491466,0.0115344,0.674205,-0.718374,0.142586,0.095158
57.6968,0.0818164,-0.0491466,0.0115344,0.674205,-0.718374,0.142586,0.095158
57.7018,0.0818164,-0.0491466,0.0115344,0.674205,-0.718374,0.142586,0.095158
57.7068,0.0818164,-0.0491466,0.0115344,0.674205,-0.718374,0.142586,0.095158
57.7118,0.0818164,-0.0491466,0.0115344,0.674205,-0.718374,0.142586,0.095158
57.7168,0.0818164,-0.0491466,0.0115344,0.674205,-0.718374,0.142586,0.095158
57.7218,0.0818249,-0.0491692,0.0114857,0.674205,-0.718374,0.142586,0.095158
57.7268,0.0818249,-0.0491692,0.0114857,0.674205,-0.718374,0.142586,0.095158
57.7318,0.0818249,-0.0491692,0.0114857,0.674205,-0.718374,0.142586,0.095158
57.7368,0.0818232,-0.0491647,0.0113909,0.674349,-0.718235,0.14262,0.0951368
57.7418,0.0818232,-0.0491647,0.0113909,0.674349,-0.718235,0.14262,0.0951368
57.7468,0.0818317,-0.0491873,0.0113421,0.674349,-0.718235,0.14262,0.0951368
57.7518,0.0818215,-0.0491601,0.0112961,0.674493,-0.718097,0.142653,0.0951156
57.7568,0.08183,-0.0491827,0.0112474,0.674493,-0.718097,0.142653,0.0951156
57.7618,0.0818198,-0.0491556,0.0112014,0.674636,-0.717958,0.142687,0.0950945
57.7668,0.0818283,-0.0491781,0.0111526,0.674636,-0.717958,0.142687,0.0950945
57.7718,0.0818181,-0.0491509,0.0111066,0.674329,-0.718244,0.142627,0.0951981
57.7768,0.0818163,-0.0491463,0.0110119,0.674924,-0.71768,0.142753,0.0950521
57.7818,0.0818248,-0.0491688,0.0109631,0.674473,-0.718105,0.142661,0.0951769
57.7868,0.0818248,-0.0491688,0.0109631,0.674473,-0.718105,0.142661,0.0951769
57.7918,0.081823,-0.0491641,0.0108683,0.674617,-0.717967,0.142694,0.0951558
57.7968,0.081823,-0.0491641,0.0108683,0.674617,-0.717967,0.142694,0.0951558
57.8018,0.0818212,-0.0491593,0.0107735,0.67476,-0.717828,0.142728,0.0951346
57.8068,0.0818212,-0.0491593,0.0107735,0.67476,-0.717828,0.142728,0.0951346
57.8118,0.0818297,-0.0491817,0.0107247,0.67476,-0.717828,0.142728,0.0951346
57.8168,0.0818381,-0.0492041,0.0106758,0.67476,-0.717828,0.142728,0.0951346
57.8217,0.0818279,-0.0491769,0.0106299,0.674904,-0.717689,0.142761,0.0951134
57.8268,0.0818363,-0.0491993,0.010581,0.674904,-0.717689,0.142761,0.0951134
57.8318,0.0818363,-0.0491993,0.010581,0.674904,-0.717689,0.142761,0.0951134
57.8368,0.0818447,-0.0492217,0.0105322,0.674453,-0.718114,0.142668,0.0952382
57.8418,0.0818344,-0.0491945,0.0104863,0.674597,-0.717976,0.142702,0.0952171
57.8468,0.0818428,-0.0492168,0.0104374,0.674597,-0.717976,0.142702,0.0952171
57.8518,0.0818512,-0.0492391,0.0103885,0.67446,-0.717999,0.143313,0.0950949
57.8568,0.0818512,-0.0492391,0.0103885,0.674597,-0.717976,0.142702,0.0952171
57.8618,0.0818596,-0.0492614,0.0103396,0.67446,-0.717999,0.143313,0.0950949
57.8668,0.0818494,-0.0492342,0.0102937,0.674603,-0.71786,0.143347,0.0950738
57.8718,0.0818578,-0.0492565,0.0102448,0.674741,-0.717837,0.142735,0.0951959
57.8768,0.0818578,-0.0492565,0.0102448,0.674741,-0.717837,0.142735,0.0951959
57.8818,0.0818662,-0.0492788,0.0101958,0.674741,-0.717837,0.142735,0.0951959
57.8868,0.0818662,-0.0492788,0.0101958,0.674603,-0.71786,0.143347,0.0950738
57.8918,0.0818745,-0.049301,0.0101469,0.674741,-0.717837,0.142735,0.0951959
57.8968,0.0818745,-0.049301,0.0101469,0.674603,-0.71786,0.143347,0.0950738
57.9018,0.0818829,-0.0493233,0.0100979,0.674741,-0.717837,0.142735,0.0951959
57.9068,0.081881,-0.0493182,0.0100031,0.674747,-0.717721,0.14338,0.0950527
57.9118,0.081881,-0.0493182,0.0100031,0.674747,-0.717721,0.14338,0.0950527
57.9168,0.0818894,-0.0493404,0.00995414,0.674747,-0.717721,0.14338,0.0950527
57.9218,0.0818791,-0.0493131,0.00990828,0.675028,-0.717559,0.142802,0.0951535
57.9268,0.0818874,-0.0493353,0.0098593,0.674891,-0.717582,0.143414,0.0950317
57.9319,0.0818855,-0.0493302,0.00976447,0.675034,-0.717443,0.143447,0.0950106
57.9368,0.0818855,-0.0493302,0.00976447,0.675172,-0.71742,0.142835,0.0951323
57.9418,0.0818938,-0.0493523,0.00971547,0.675034,-0.717443,0.143447,0.0950106
57.9468,0.0818836,-0.049325,0.00966963,0.675178,-0.717304,0.14348,0.0949895
57.9518,0.0818919,-0.0493471,0.00962062,0.675178,-0.717304,0.14348,0.0949895
57.9568,0.0819002,-0.0493693,0.00957161,0.675178,-0.717304,0.14348,0.0949895
57.9618,0.0818899,-0.0493419,0.00952578,0.675322,-0.717165,0.143514,0.0949685
57.9668,0.0818982,-0.049364,0.00947676,0.675322,-0.717165,0.143514,0.0949685
57.9718,0.0818982,-0.049364,0.00947676,0.675322,-0.717165,0.143514,0.0949685
57.9768,0.0818962,-0.0493587,0.00938191,0.675465,-0.717026,0.143547,0.0949474
57.9818,0.0818859,-0.0493314,0.00933611,0.675609,-0.716887,0.14358,0.0949263
57.9868,0.0818942,-0.0493534,0.00928706,0.675471,-0.71691,0.144192,0.0948051
57.9918,0.0818922,-0.0493481,0.00919222,0.675554,-0.716678,0.144684,0.0952159
57.9968,0.0819005,-0.0493701,0.00914315,0.675615,-0.716771,0.144225,0.094784
58.0018,0.0818902,-0.0493427,0.00909738,0.675758,-0.716631,0.144259,0.0947631
58.007,0.0818882,-0.0493372,0.00900254,0.675901,-0.716492,0.144292,0.0947422
58.0118,0.0818882,-0.0493372,0.00900254,0.675451,-0.716918,0.1442,0.094868
58.0168,0.0818861,-0.0493318,0.0089077,0.675595,-0.716779,0.144233,0.094847
58.0218,0.081884,-0.0493263,0.00881287,0.675738,-0.71664,0.144266,0.094826
58.0268,0.081884,-0.0493263,0.00881287,0.675738,-0.71664,0.144266,0.094826
58.0318,0.081882,-0.0493208,0.00871803,0.675821,-0.716408,0.144758,0.0952371
58.0368,0.0818716,-0.0492933,0.00867232,0.675965,-0.716269,0.144791,0.0952162
58.0418,0.0818695,-0.0492877,0.0085775,0.675719,-0.716649,0.144274,0.094889
58.0468,0.0818674,-0.0492821,0.00848268,0.675801,-0.716417,0.144765,0.0953
58.0518,0.0818756,-0.0493039,0.00843355,0.675862,-0.716509,0.144307,0.094868
58.0568,0.0818735,-0.0492983,0.00833873,0.676006,-0.71637,0.144341,0.094847
58.062,0.0818735,-0.0492983,0.00833873,0.675868,-0.716392,0.144953,0.0947278
58.0668,0.0818713,-0.0492925,0.00824391,0.676149,-0.716231,0.144374,0.0948261
58.0718,0.0818795,-0.0493144,0.00819475,0.676011,-0.716253,0.144986,0.0947069
58.0768,0.0818692,-0.0492868,0.00814909,0.676155,-0.716114,0.145019,0.0946861
58.0818,0.0818774,-0.0493086,0.00809992,0.675705,-0.71654,0.144927,0.0948123
58.0868,0.0818774,-0.0493086,0.00809992,0.675705,-0.71654,0.144927,0.0948123
58.0918,0.0818752,-0.0493028,0.0080051,0.675848,-0.716401,0.14496,0.0947915
58.0968,0.0818752,-0.0493028,0.0080051,0.67571,-0.716423,0.145573,0.094673
58.1018,0.0818648,-0.0492752,0.00795946,0.675853,-0.716283,0.145606,0.0946524
58.1068,0.081873,-0.049297,0.00791028,0.675853,-0.716283,0.145606,0.0946524
58.1118,0.0818626,-0.0492693,0.00786465,0.675997,-0.716144,0.145639,0.0946316
58.1168,0.0818604,-0.0492634,0.00776985,0.675552,-0.716453,0.146193,0.0946197
58.1218,0.0818604,-0.0492634,0.00776985,0.675552,-0.716453,0.146193,0.0946197
58.1268,0.08185,-0.0492358,0.00772425,0.675695,-0.716313,0.146226,0.0945991
58.1318,0.0818582,-0.0492575,0.00767504,0.675695,-0.716313,0.146226,0.0945991
58.1368,0.0818582,-0.0492575,0.00767504,0.675557,-0.716334,0.146839,0.0944815
58.1418,0.0818477,-0.0492298,0.00762946,0.675839,-0.716174,0.14626,0.0945786
58.1468,0.0819454,-0.0492179,0.00758024,0.675809,-0.716154,0.146399,0.0947258
58.1518,0.0819454,-0.0492179,0.00758024,0.67522,-0.716602,0.146919,0.0947357
58.1568,0.0819454,-0.0492179,0.00758024,0.67522,-0.716602,0.146919,0.0947357
58.1618,0.081935,-0.0491902,0.00753467,0.675363,-0.716462,0.146952,0.0947154
58.1668,0.081935,-0.0491902,0.00753467,0.675303,-0.716368,0.14741,0.0951469
58.1718,0.081935,-0.0491902,0.00753467,0.675363,-0.716462,0.146952,0.0947154
58.1768,0.0819431,-0.0492118,0.00748544,0.675363,-0.716462,0.146952,0.0947154
58.1818,0.0819431,-0.0492118,0.00748544,0.674853,-0.716794,0.147318,0.0952741
58.1868,0.0819431,-0.0492118,0.00748544,0.674914,-0.716888,0.14686,0.0948427
58.1918,0.0819431,-0.0492118,0.00748544,0.674853,-0.716794,0.147318,0.0952741
58.1968,0.0819327,-0.0491841,0.00743988,0.675057,-0.716749,0.146893,0.0948223
58.2018,0.0819327,-0.0491841,0.00743988,0.675057,-0.716749,0.146893,0.0948223
58.2068,0.0819327,-0.0491841,0.00743988,0.675057,-0.716749,0.146893,0.0948223
58.2118,0.0819327,-0.0491841,0.00743988,0.675057,-0.716749,0.146893,0.0948223
58.2168,0.0819327,-0.0491841,0.00743988,0.674996,-0.716655,0.147351,0.0952537
58.2218,0.0819408,-0.0492058,0.00739064,0.675057,-0.716749,0.146893,0.0948223
58.2268,0.0819408,-0.0492058,0.00739064,0.675057,-0.716749,0.146893,0.0948223
58.2318,0.0819408,-0.0492058,0.00739064,0.674918,-0.71677,0.147506,0.0947057
58.2368,0.0819408,-0.0492058,0.00739064,0.675057,-0.716749,0.146893,0.0948223
58.2418,0.0819408,-0.0492058,0.00739064,0.674918,-0.71677,0.147506,0.0947057
58.2468,0.0819408,-0.0492058,0.00739064,0.675057,-0.716749,0.146893,0.0948223
58.2518,0.0819408,-0.0492058,0.00739064,0.674918,-0.71677,0.147506,0.0947057
58.2568,0.0819408,-0.0492058,0.00739064,0.674918,-0.71677,0.147506,0.0947057
58.2618,0.0819408,-0.0492058,0.00739064,0.674468,-0.717195,0.147413,0.0948336
58.2668,0.0819408,-0.0492058,0.00739064,0.674468,-0.717195,0.147413,0.0948336
58.2718,0.0819408,-0.0492058,0.00739064,0.674607,-0.717175,0.146801,0.0949497
58.2768,0.0819408,-0.0492058,0.00739064,0.674468,-0.717195,0.147413,0.0948336
58.2818,0.081949,-0.0492275,0.0073414,0.674857,-0.716675,0.147964,0.0951371
58.2868,0.081949,-0.0492275,0.0073414,0.674468,-0.717195,0.147413,0.0948336
58.2918,0.081949,-0.0492275,0.0073414,0.674468,-0.717195,0.147413,0.0948336
58.2968,0.081949,-0.0492275,0.0073414,0.674468,-0.717195,0.147413,0.0948336
58.3018,0.0819386,-0.0491997,0.00729585,0.67475,-0.717036,0.146834,0.0949293
58.3068,0.0819386,-0.0491997,0.00729585,0.674611,-0.717056,0.147447,0.0948132
58.312,0.0819386,-0.0491997,0.00729585,0.674551,-0.716962,0.147905,0.0952444
58.3169,0.0819386,-0.0491997,0.00729585,0.674551,-0.716962,0.147905,0.0952444
58.3218,0.0819281,-0.049172,0.00725031,0.674755,-0.716917,0.14748,0.0947929
58.3268,0.0819281,-0.049172,0.00725031,0.674755,-0.716917,0.14748,0.0947929
58.3318,0.0819363,-0.0491936,0.00720106,0.674694,-0.716822,0.147939,0.0952242
58.3368,0.0819258,-0.0491659,0.00715553,0.674898,-0.716778,0.147514,0.0947726
58.3418,0.0819258,-0.0491659,0.00715553,0.674898,-0.716778,0.147514,0.0947726
58.3468,0.0819258,-0.0491659,0.00715553,0.674898,-0.716778,0.147514,0.0947726
58.3519,0.0819339,-0.0491875,0.00710627,0.674898,-0.716778,0.147514,0.0947726
58.3568,0.0819235,-0.0491597,0.00706075,0.674981,-0.716544,0.148005,0.0951837
58.3618,0.0819235,-0.0491597,0.00706075,0.674981,-0.716544,0.148005,0.0951837
58.3668,0.0819316,-0.0491813,0.00701148,0.675042,-0.716638,0.147547,0.0947522
58.3718,0.0819211,-0.0491535,0.00696598,0.675046,-0.716519,0.148193,0.0946163
58.3768,0.0819293,-0.0491751,0.0069167,0.674985,-0.716424,0.148651,0.0950478
58.3818,0.0819293,-0.0491751,0.0069167,0.675046,-0.716519,0.148193,0.0946163
58.3868,0.0819188,-0.0491473,0.00687121,0.675189,-0.71638,0.148227,0.0945961
58.3918,0.0819188,-0.0491473,0.00687121,0.675189,-0.71638,0.148227,0.0945961
58.3968,0.0819269,-0.0491688,0.00682192,0.675049,-0.7164,0.148839,0.0944806
58.4018,0.0819164,-0.049141,0.00677644,0.675193,-0.71626,0.148873,0.0944605
58.4068,0.0819164,-0.049141,0.00677644,0.675193,-0.71626,0.148873,0.0944605
58.4119,0.0819245,-0.0491625,0.00672714,0.675193,-0.71626,0.148873,0.0944605
58.4168,0.0819245,-0.0491625,0.00672714,0.675193,-0.71626,0.148873,0.0944605
58.4218,0.0819141,-0.0491347,0.00668167,0.675336,-0.716121,0.148906,0.0944404
58.4268,0.0819141,-0.0491347,0.00668167,0.675336,-0.716121,0.148906,0.0944404
58.4318,0.0819141,-0.0491347,0.00668167,0.675336,-0.716121,0.148906,0.0944404
58.4369,0.0819141,-0.0491347,0.00668167,0.675336,-0.716121,0.148906,0.0944404
58.4418,0.0819117,-0.0491283,0.00658691,0.67503,-0.716407,0.148847,0.094549
58.4468,0.0819117,-0.0491283,0.00658691,0.675419,-0.715886,0.149397,0.094852
58.4518,0.0819117,-0.0491283,0.00658691,0.67503,-0.716407,0.148847,0.094549
58.4568,0.0819198,-0.0491498,0.00653759,0.67503,-0.716407,0.148847,0.094549
58.4618,0.0819198,-0.0491498,0.00653759,0.67503,-0.716407,0.148847,0.094549
58.4668,0.0819093,-0.0491219,0.00649215,0.675173,-0.716268,0.148881,0.0945289
58.4718,0.0819174,-0.0491434,0.00644282,0.675173,-0.716268,0.148881,0.0945289
58.4768,0.0819174,-0.0491434,0.00644282,0.675173,-0.716268,0.148881,0.0945289
58.4818,0.0819174,-0.0491434,0.00644282,0.675173,-0.716268,0.148881,0.0945289
58.4869,0.0820149,-0.0491312,0.00639348,0.675143,-0.716248,0.14902,0.0946762
58.4919,0.0820043,-0.0491033,0.00634805,0.675286,-0.716109,0.149053,0.0946561
58.4968,0.0820043,-0.0491033,0.00634805,0.675146,-0.716128,0.149666,0.0945416
58.5018,0.0820124,-0.0491247,0.0062987,0.675286,-0.716109,0.149053,0.0946561
58.5068,0.0820019,-0.0490968,0.00625329,0.675289,-0.715989,0.149699,0.0945216
58.5118,0.08201,-0.0491182,0.00620393,0.675289,-0.715989,0.149699,0.0945216
58.5168,0.08201,-0.0491182,0.00620393,0.675289,-0.715989,0.149699,0.0945216
58.5218,0.0819995,-0.0490903,0.00615852,0.675123,-0.716256,0.149028,0.0947446
58.5268,0.0820075,-0.0491117,0.00610916,0.674983,-0.716275,0.149641,0.0946308
58.5318,0.081997,-0.0490838,0.00606377,0.675127,-0.716136,0.149674,0.0946108
58.5368,0.081997,-0.0490838,0.00606377,0.675267,-0.716117,0.149061,0.0947245
58.5418,0.0820051,-0.0491052,0.00601439,0.675127,-0.716136,0.149674,0.0946108
58.5468,0.0819945,-0.0490772,0.00596901,0.67527,-0.715996,0.149707,0.0945908
58.5518,0.0820026,-0.0490986,0.00591962,0.67527,-0.715996,0.149707,0.0945908
58.5568,0.0820026,-0.0490986,0.00591962,0.67541,-0.715977,0.149095,0.0947044
58.5618,0.0820001,-0.0490919,0.00582486,0.674964,-0.716283,0.149649,0.0947
58.5668,0.0820001,-0.0490919,0.00582486,0.674964,-0.716283,0.149649,0.0947
58.5718,0.0820001,-0.0490919,0.00582486,0.674964,-0.716283,0.149649,0.0947
58.5768,0.0819975,-0.0490852,0.0057301,0.675107,-0.716143,0.149682,0.09468
58.5818,0.0819975,-0.0490852,0.0057301,0.675107,-0.716143,0.149682,0.09468
58.5868,0.0820056,-0.0491066,0.00568069,0.675107,-0.716143,0.149682,0.09468
58.5918,0.0820844,-0.0490448,0.00563534,0.67522,-0.715984,0.149854,0.0948072
58.5968,0.0820844,-0.0490448,0.00563534,0.67522,-0.715984,0.149854,0.0948072
58.6018,0.0820819,-0.0490381,0.00554059,0.675222,-0.715864,0.150501,0.0946744
58.6068,0.0820819,-0.0490381,0.00554059,0.675222,-0.715864,0.150501,0.0946744
58.6118,0.0821607,-0.0489762,0.00549527,0.675335,-0.715705,0.150673,0.0948017
58.6168,0.0821607,-0.0489762,0.00549527,0.674885,-0.716131,0.150581,0.0949315
58.6218,0.0821687,-0.0489975,0.00544584,0.674885,-0.716131,0.150581,0.0949315
58.6268,0.0821581,-0.0489694,0.00540053,0.675029,-0.715991,0.150614,0.0949116
58.6318,0.0821581,-0.0489694,0.00540053,0.675029,-0.715991,0.150614,0.0949116
58.6368,0.0821475,-0.0489414,0.00535524,0.675172,-0.715852,0.150648,0.0948916
58.6418,0.0821475,-0.0489414,0.00535524,0.675172,-0.715852,0.150648,0.0948916
58.6469,0.0821475,-0.0489414,0.00535524,0.675172,-0.715852,0.150648,0.0948916
58.6519,0.0821368,-0.0489133,0.00530996,0.675315,-0.715712,0.150681,0.0948717
58.6568,0.0822262,-0.0488795,0.00530996,0.674835,-0.716118,0.150728,0.0951488
58.6618,0.0822155,-0.0488514,0.00526469,0.674978,-0.715979,0.150761,0.0951288
58.6668,0.0822155,-0.0488514,0.00526469,0.674978,-0.715979,0.150761,0.0951288
58.6718,0.0822049,-0.0488232,0.00521943,0.675122,-0.715839,0.150795,0.0951089
58.6768,0.0821942,-0.0487951,0.00517419,0.675265,-0.7157,0.150828,0.0950889
58.6818,0.0821942,-0.0487951,0.00517419,0.675265,-0.7157,0.150828,0.0950889
58.6868,0.0821836,-0.0487669,0.00512895,0.675408,-0.71556,0.150862,0.0950689
58.6919,0.082181,-0.04876,0.00503429,0.675551,-0.715421,0.150895,0.095049
58.6968,0.082181,-0.04876,0.00503429,0.675551,-0.715421,0.150895,0.095049
58.7018,0.0822595,-0.048698,0.00498908,0.675214,-0.715688,0.150975,0.0953061
58.7068,0.0822595,-0.048698,0.00498908,0.675214,-0.715688,0.150975,0.0953061
58.7118,0.0822488,-0.0486698,0.00494389,0.675358,-0.715548,0.151008,0.0952861
58.7169,0.0822569,-0.048691,0.00489444,0.675358,-0.715548,0.151008,0.0952861
58.7218,0.0822569,-0.048691,0.00489444,0.675358,-0.715548,0.151008,0.0952861
58.7269,0.0822462,-0.0486628,0.00484925,0.675501,-0.715409,0.151042,0.0952661
58.7319,0.0822462,-0.0486628,0.00484925,0.675501,-0.715409,0.151042,0.0952661
58.7368,0.0822462,-0.0486628,0.00484925,0.675501,-0.715409,0.151042,0.0952661
58.7418,0.0822435,-0.0486558,0.00475462,0.675644,-0.715269,0.151075,0.0952461
58.7468,0.0822435,-0.0486558,0.00475462,0.675054,-0.715713,0.151596,0.0952666
58.7518,0.0822435,-0.0486558,0.00475462,0.675054,-0.715713,0.151596,0.0952666
58.7568,0.0822435,-0.0486558,0.00475462,0.675054,-0.715713,0.151596,0.0952666
58.762,0.0822515,-0.0486769,0.00470515,0.675054,-0.715713,0.151596,0.0952666
58.7668,0.0822408,-0.0486487,0.00465999,0.675197,-0.715573,0.15163,0.0952468
58.7718,0.0823301,-0.0486148,0.00465999,0.675166,-0.715554,0.151769,0.0953939
58.7768,0.0823301,-0.0486148,0.00465999,0.675166,-0.715554,0.151769,0.0953939
58.7819,0.0823301,-0.0486148,0.00465999,0.675166,-0.715554,0.151769,0.0953939
58.7868,0.0823381,-0.048636,0.00461051,0.675166,-0.715554,0.151769,0.0953939
58.7918,0.0823274,-0.0486077,0.00456537,0.675309,-0.715414,0.151802,0.095374
58.7968,0.0823274,-0.0486077,0.00456537,0.675309,-0.715414,0.151802,0.095374
58.8018,0.0823354,-0.0486289,0.00451588,0.67486,-0.71584,0.151709,0.0955045
58.8068,0.0823247,-0.0486006,0.00447075,0.675452,-0.715275,0.151836,0.0953541
58.8119,0.0823247,-0.0486006,0.00447075,0.675452,-0.715275,0.151836,0.0953541
58.8168,0.0823219,-0.0485934,0.00437613,0.675147,-0.715561,0.151777,0.0954647
58.8218,0.0823299,-0.0486145,0.00432662,0.675147,-0.715561,0.151777,0.0954647
58.8268,0.0823192,-0.0485862,0.00428151,0.675148,-0.715439,0.152424,0.0953363
58.8318,0.0823272,-0.0486073,0.004232,0.67529,-0.715421,0.15181,0.0954448
58.8368,0.0823164,-0.0485789,0.0041869,0.675291,-0.715299,0.152457,0.0953165
58.8418,0.0823244,-0.0486,0.00413737,0.675291,-0.715299,0.152457,0.0953165
58.8469,0.0823137,-0.0485716,0.00409229,0.675434,-0.71516,0.152491,0.0952968
58.8519,0.0823217,-0.0485927,0.00404275,0.675434,-0.71516,0.152491,0.0952968
58.8569,0.0823189,-0.0485853,0.00394814,0.675578,-0.71502,0.152524,0.095277
58.8618,0.0823189,-0.0485853,0.00394814,0.675129,-0.715446,0.152432,0.095408
58.8668,0.0823081,-0.0485569,0.00390308,0.675272,-0.715306,0.152465,0.0953882
58.8718,0.0823161,-0.048578,0.00385353,0.675272,-0.715306,0.152465,0.0953882
58.8769,0.0823053,-0.0485495,0.00380848,0.675415,-0.715167,0.152499,0.0953684
58.8819,0.0823133,-0.0485705,0.00375892,0.675415,-0.715167,0.152499,0.0953684
58.8869,0.0823025,-0.0485421,0.00371388,0.675558,-0.715027,0.152532,0.0953486
58.8919,0.0823104,-0.0485631,0.00366431,0.675558,-0.715027,0.152532,0.0953486
58.8968,0.0823104,-0.0485631,0.00366431,0.675558,-0.715027,0.152532,0.0953486
58.9018,0.0823076,-0.0485556,0.00356971,0.675701,-0.714887,0.152566,0.0953289
58.9068,0.0823076,-0.0485556,0.00356971,0.675843,-0.71487,0.151952,0.0954361
58.9119,0.0823047,-0.0485481,0.00347511,0.675844,-0.714747,0.152599,0.0953092
58.9168,0.0822939,-0.0485196,0.00343011,0.675539,-0.715034,0.15254,0.0954203
58.9218,0.0823019,-0.0485405,0.00338051,0.675539,-0.715034,0.15254,0.0954203
58.9268,0.082291,-0.048512,0.00333553,0.675682,-0.714894,0.152574,0.0954005
58.9319,0.082299,-0.0485329,0.00328592,0.675682,-0.714894,0.152574,0.0954005
58.9368,0.0822961,-0.0485253,0.00319133,0.675825,-0.714754,0.152607,0.0953808
58.9418,0.082304,-0.0485461,0.0031417,0.675825,-0.714754,0.152607,0.0953808
58.9468,0.0822932,-0.0485176,0.00309674,0.675968,-0.714615,0.152641,0.095361
58.9519,0.0822902,-0.0485099,0.00300216,0.676111,-0.714475,0.152674,0.0953412
58.9568,0.0822981,-0.0485307,0.00295251,0.676111,-0.714475,0.152674,0.0953412
58.9618,0.0822873,-0.0485022,0.00290758,0.676254,-0.714335,0.152707,0.0953214
58.9668,0.0822952,-0.048523,0.00285793,0.676254,-0.714335,0.152707,0.0953214
58.9718,0.0822922,-0.0485152,0.00276334,0.675949,-0.714622,0.152648,0.0954327
58.9769,0.0822922,-0.0485152,0.00276334,0.675949,-0.714622,0.152648,0.0954327
58.9819,0.0822893,-0.0485073,0.00266876,0.676092,-0.714482,0.152682,0.0954129
58.9869,0.0822784,-0.0484787,0.00262386,0.676093,-0.714359,0.153329,0.0952878
58.9918,0.0822754,-0.0484708,0.00252929,0.676236,-0.714219,0.153363,0.0952682
58.9969,0.0822833,-0.0484916,0.0024796,0.676236,-0.714219,0.153363,0.0952682
59.0018,0.0822803,-0.0484836,0.00238503,0.676073,-0.714489,0.152689,0.0954846
59.0068,0.0822694,-0.0484549,0.00234017,0.676074,-0.714366,0.153337,0.0953603
59.0119,0.0822664,-0.0484469,0.00224562,0.676217,-0.714226,0.15337,0.0953407
59.0168,0.0822664,-0.0484469,0.00224562,0.675769,-0.714652,0.153278,0.0954721
59.0219,0.0822633,-0.0484389,0.00215106,0.675912,-0.714512,0.153311,0.0954525
59.0268,0.0822633,-0.0484389,0.00215106,0.675912,-0.714512,0.153311,0.0954525
59.0319,0.0822602,-0.0484309,0.00205651,0.676055,-0.714373,0.153345,0.0954327
59.0369,0.0822602,-0.0484309,0.00205651,0.675606,-0.714799,0.153252,0.0955643
59.0418,0.0822572,-0.0484227,0.00196197,0.675749,-0.714659,0.153285,0.0955446
59.0468,0.0822572,-0.0484227,0.00196197,0.675749,-0.714659,0.153285,0.0955446
59.0518,0.0822572,-0.0484227,0.00196197,0.675749,-0.714659,0.153285,0.0955446
59.0568,0.082265,-0.0484434,0.00191223,0.675301,-0.715085,0.153192,0.0956761
59.0619,0.0822541,-0.0484146,0.00186743,0.675444,-0.714945,0.153226,0.0956565
59.0669,0.0822541,-0.0484146,0.00186743,0.675444,-0.714945,0.153226,0.0956565
59.0718,0.0822541,-0.0484146,0.00186743,0.675444,-0.714945,0.153226,0.0956565
59.0769,0.0822619,-0.0484352,0.00181768,0.675444,-0.714945,0.153226,0.0956565
59.0818,0.082251,-0.0484064,0.00177289,0.675587,-0.714806,0.153259,0.0956368
59.0868,0.0822588,-0.048427,0.00172313,0.675587,-0.714806,0.153259,0.0956368
59.0918,0.0822588,-0.048427,0.00172313,0.675587,-0.714806,0.153259,0.0956368
59.0969,0.0822479,-0.0483982,0.00167835,0.675282,-0.715092,0.1532,0.0957486
59.1019,0.0822479,-0.0483982,0.00167835,0.675282,-0.715092,0.1532,0.0957486
59.1068,0.0822479,-0.0483982,0.00167835,0.675282,-0.715092,0.1532,0.0957486
59.1119,0.0822557,-0.0484188,0.00162858,0.675282,-0.715092,0.1532,0.0957486
59.1169,0.0822447,-0.04839,0.00158382,0.675425,-0.714952,0.153233,0.095729
59.1218,0.0822447,-0.04839,0.00158382,0.675425,-0.714952,0.153233,0.095729
59.1268,0.0822447,-0.04839,0.00158382,0.675283,-0.714968,0.153848,0.0956271
59.1318,0.0822338,-0.0483612,0.00153908,0.675119,-0.715238,0.153174,0.0958409
59.1368,0.0822338,-0.0483612,0.00153908,0.675426,-0.714828,0.153881,0.0956076
59.1418,0.0822338,-0.0483612,0.00153908,0.674916,-0.715156,0.154246,0.0961708
59.1469,0.0822338,-0.0483612,0.00153908,0.675426,-0.714828,0.153881,0.0956076
59.1519,0.0822416,-0.0483817,0.0014893,0.674977,-0.715254,0.153789,0.0957394
59.1569,0.0822416,-0.0483817,0.0014893,0.674977,-0.715254,0.153789,0.0957394
59.1618,0.0822416,-0.0483817,0.0014893,0.674977,-0.715254,0.153789,0.0957394
59.1668,0.0822416,-0.0483817,0.0014893,0.675119,-0.715238,0.153174,0.0958409
59.1718,0.0822416,-0.0483817,0.0014893,0.674977,-0.715254,0.153789,0.0957394
59.1769,0.0822416,-0.0483817,0.0014893,0.674916,-0.715156,0.154246,0.0961708
59.1819,0.0822416,-0.0483817,0.0014893,0.674977,-0.715254,0.153789,0.0957394
59.1869,0.0822416,-0.0483817,0.0014893,0.674916,-0.715156,0.154246,0.0961708
59.1919,0.0822416,-0.0483817,0.0014893,0.674977,-0.715254,0.153789,0.0957394
59.1969,0.0822307,-0.0483529,0.00144456,0.675121,-0.715114,0.153822,0.0957199
59.2019,0.0822307,-0.0483529,0.00144456,0.675121,-0.715114,0.153822,0.0957199
59.2068,0.0822197,-0.048324,0.00139984,0.675264,-0.714975,0.153856,0.0957004
59.2118,0.0822087,-0.0482951,0.00135513,0.675407,-0.714835,0.153889,0.0956809
59.2168,0.0822056,-0.0482868,0.00126064,0.675489,-0.714597,0.154379,0.0960931
59.2218,0.0822056,-0.0482868,0.00126064,0.675998,-0.714269,0.154015,0.0955295
59.2269,0.0821946,-0.0482579,0.00121595,0.676141,-0.714129,0.154049,0.09551
59.2319,0.0821836,-0.0482289,0.00117128,0.676284,-0.713989,0.154082,0.0954904
59.2369,0.0821836,-0.0482289,0.00117128,0.676284,-0.713989,0.154082,0.0954904
59.2418,0.0821726,-0.0482,0.00112662,0.675979,-0.714276,0.154023,0.0956028
59.2468,0.0821694,-0.0481915,0.00103218,0.676122,-0.714136,0.154056,0.0955833
59.2518,0.0821694,-0.0481915,0.00103218,0.676122,-0.714136,0.154056,0.0955833
59.2568,0.0821584,-0.0481626,0.000987542,0.676122,-0.714011,0.154704,0.0954635
59.2619,0.0821584,-0.0481626,0.000987542,0.676122,-0.714011,0.154704,0.0954635
59.2669,0.0821474,-0.0481336,0.000942919,0.676265,-0.713871,0.154738,0.0954441
59.2719,0.0821474,-0.0481336,0.000942919,0.676265,-0.713871,0.154738,0.0954441
59.2769,0.0821474,-0.0481336,0.000942919,0.676265,-0.713871,0.154738,0.0954441
59.2819,0.0821442,-0.048125,0.000848504,0.676408,-0.713731,0.154771,0.0954247
59.2869,0.0821442,-0.048125,0.000848504,0.676408,-0.713731,0.154771,0.0954247
59.2918,0.0821442,-0.048125,0.000848504,0.676408,-0.713731,0.154771,0.0954247
59.2969,0.0821442,-0.048125,0.000848504,0.676347,-0.713632,0.155227,0.095857
59.3019,0.0821442,-0.048125,0.000848504,0.676408,-0.713731,0.154771,0.0954247
59.3068,0.0821442,-0.048125,0.000848504,0.676408,-0.713731,0.154771,0.0954247
59.3119,0.0821442,-0.048125,0.000848504,0.67596,-0.714158,0.154678,0.095557
59.3169,0.0821442,-0.048125,0.000848504,0.676408,-0.713731,0.154771,0.0954247
59.3218,0.0821442,-0.048125,0.000848504,0.676408,-0.713731,0.154771,0.0954247
59.3269,0.0821442,-0.048125,0.000848504,0.67596,-0.714158,0.154678,0.095557
59.3319,0.082152,-0.0481455,0.000798689,0.67596,-0.714158,0.154678,0.095557
59.3369,0.082152,-0.0481455,0.000798689,0.676408,-0.713731,0.154771,0.0954247
59.3418,0.082152,-0.0481455,0.000798689,0.676408,-0.713731,0.154771,0.0954247
59.3469,0.082152,-0.0481455,0.000798689,0.67596,-0.714158,0.154678,0.095557
59.3519,0.082152,-0.0481455,0.000798689,0.676408,-0.713731,0.154771,0.0954247
59.3568,0.082141,-0.0481165,0.000754092,0.67649,-0.713492,0.155261,0.0958377
59.3619,0.082141,-0.0481165,0.000754092,0.676551,-0.713591,0.154805,0.0954052
59.3669,0.0821487,-0.0481369,0.000704268,0.676551,-0.713591,0.154805,0.0954052
59.3718,0.0821377,-0.0481079,0.000659683,0.676694,-0.713451,0.154838,0.0953858
59.3768,0.0821377,-0.0481079,0.000659683,0.676694,-0.713451,0.154838,0.0953858
59.3818,0.0821344,-0.0480992,0.000565279,0.676837,-0.713311,0.154871,0.0953664
59.3868,0.0821344,-0.0480992,0.000565279,0.676837,-0.713311,0.154871,0.0953664
59.3919,0.0821422,-0.0481196,0.000515437,0.676837,-0.713311,0.154871,0.0953664
59.3969,0.0821311,-0.0480906,0.000470878,0.676979,-0.713171,0.154905,0.095347
59.4019,0.0821311,-0.0480906,0.000470878,0.676979,-0.713171,0.154905,0.095347
59.4069,0.0821389,-0.048111,0.000421027,0.676979,-0.713171,0.154905,0.095347
59.4119,0.0821389,-0.048111,0.000421027,0.676979,-0.713171,0.154905,0.095347
59.4169,0.0821466,-0.0481313,0.000371168,0.676979,-0.713171,0.154905,0.095347
59.4219,0.0821355,-0.0481022,0.000326621,0.677122,-0.713031,0.154938,0.0953276
59.4269,0.0821433,-0.0481226,0.000276753,0.676675,-0.713457,0.154845,0.09546
59.4319,0.0821433,-0.0481226,0.000276753,0.677061,-0.712931,0.155394,0.0957603
59.4369,0.0821433,-0.0481226,0.000276753,0.677122,-0.713031,0.154938,0.0953276
59.4419,0.0821399,-0.0481138,0.000182342,0.677265,-0.71289,0.154972,0.0953081
59.4469,0.0821399,-0.0481138,0.000182342,0.677265,-0.71289,0.154972,0.0953081
59.4519,0.0821366,-0.048105,8.79347e-05,0.677407,-0.71275,0.155005,0.0952887
59.4569,0.0821366,-0.048105,8.79347e-05,0.677407,-0.71275,0.155005,0.0952887
59.4619,0.0821443,-0.0481253,3.80397e-05,0.677407,-0.71275,0.155005,0.0952887
59.4669,0.0821409,-0.0481164,-5.63725e-05,0.67755,-0.71261,0.155038,0.0952692
59.4718,0.0821409,-0.0481164,-5.63725e-05,0.677103,-0.713037,0.154946,0.0954017
59.4768,0.0821486,-0.0481366,-0.000106285,0.67755,-0.71261,0.155038,0.0952692
59.4819,0.0821375,-0.0481075,-0.000150781,0.677693,-0.71247,0.155072,0.0952497
59.4869,0.0821375,-0.0481075,-0.000150781,0.677693,-0.71247,0.155072,0.0952497
59.4918,0.0821452,-0.0481277,-0.000200702,0.677246,-0.712897,0.154979,0.0953823
59.4969,0.0821452,-0.0481277,-0.000200702,0.677693,-0.71247,0.155072,0.0952497
59.5019,0.0821452,-0.0481277,-0.000200702,0.677246,-0.712897,0.154979,0.0953823
59.5068,0.0821452,-0.0481277,-0.000200702,0.677246,-0.712897,0.154979,0.0953823
59.5119,0.0821452,-0.0481277,-0.000200702,0.677246,-0.712897,0.154979,0.0953823
59.5169,0.0821418,-0.0481188,-0.000295116,0.677327,-0.712657,0.155468,0.0957958
59.5219,0.0821418,-0.0481188,-0.000295116,0.677388,-0.712757,0.155012,0.0953628
59.5269,0.0821418,-0.0481188,-0.000295116,0.677388,-0.712757,0.155012,0.0953628
59.5319,0.0821495,-0.0481389,-0.000345055,0.677388,-0.712757,0.155012,0.0953628
59.5368,0.0821495,-0.0481389,-0.000345055,0.677246,-0.712771,0.155627,0.0952644
59.5419,0.0821384,-0.0481098,-0.000389525,0.677388,-0.712631,0.155661,0.0952451
59.5469,0.0821384,-0.0481098,-0.000389525,0.677388,-0.712631,0.155661,0.0952451
59.5518,0.0821461,-0.0481299,-0.000439473,0.677531,-0.712616,0.155046,0.0953434
59.5568,0.0821461,-0.0481299,-0.000439473,0.677388,-0.712631,0.155661,0.0952451
59.5619,0.082135,-0.0481007,-0.00048393,0.677531,-0.712491,0.155694,0.0952258
59.5668,0.0822316,-0.0480871,-0.000533887,0.677499,-0.712471,0.155833,0.0953723
59.5718,0.0822316,-0.0480871,-0.000533887,0.677581,-0.712357,0.155674,0.0959036
59.5769,0.0822205,-0.0480579,-0.000578332,0.677642,-0.712331,0.155867,0.0953529
59.5819,0.0822205,-0.0480579,-0.000578332,0.677642,-0.712331,0.155867,0.0953529
59.5869,0.0822205,-0.0480579,-0.000578332,0.677642,-0.712331,0.155867,0.0953529
59.5919,0.0822205,-0.0480579,-0.000578332,0.677642,-0.712331,0.155867,0.0953529
59.5969,0.0822171,-0.0480487,-0.00067273,0.677784,-0.712191,0.1559,0.0953336
59.6019,0.0822171,-0.0480487,-0.00067273,0.677784,-0.712191,0.1559,0.0953336
59.6069,0.0822171,-0.0480487,-0.00067273,0.677784,-0.712191,0.1559,0.0953336
59.6119,0.0822059,-0.0480195,-0.000717149,0.677927,-0.71205,0.155933,0.0953142
59.6169,0.0822059,-0.0480195,-0.000717149,0.677927,-0.71205,0.155933,0.0953142
59.6219,0.0822136,-0.0480396,-0.000767123,0.677927,-0.71205,0.155933,0.0953142
59.6269,0.0822136,-0.0480396,-0.000767123,0.677927,-0.71205,0.155933,0.0953142
59.6319,0.0822136,-0.0480396,-0.000767123,0.677927,-0.71205,0.155933,0.0953142
59.6369,0.0822136,-0.0480396,-0.000767123,0.677927,-0.71205,0.155933,0.0953142
59.6419,0.0822136,-0.0480396,-0.000767123,0.677927,-0.71205,0.155933,0.0953142
59.6469,0.0822136,-0.0480396,-0.000767123,0.677927,-0.71205,0.155933,0.0953142
59.6519,0.0822136,-0.0480396,-0.000767123,0.677927,-0.71205,0.155933,0.0953142
59.6569,0.0822136,-0.0480396,-0.000767123,0.677927,-0.71205,0.155933,0.0953142
59.6619,0.0822136,-0.0480396,-0.000767123,0.677866,-0.71195,0.156389,0.0957475
59.6668,0.0822136,-0.0480396,-0.000767123,0.677722,-0.711964,0.157004,0.0956497
59.6719,0.0822136,-0.0480396,-0.000767123,0.677783,-0.712065,0.156549,0.0952164
59.6769,0.0822136,-0.0480396,-0.000767123,0.677927,-0.71205,0.155933,0.0953142
59.6819,0.0822136,-0.0480396,-0.000767123,0.677783,-0.712065,0.156549,0.0952164
59.6869,0.0822136,-0.0480396,-0.000767123,0.677927,-0.71205,0.155933,0.0953142
59.6919,0.0822136,-0.0480396,-0.000767123,0.677783,-0.712065,0.156549,0.0952164
59.6969,0.0822136,-0.0480396,-0.000767123,0.677927,-0.71205,0.155933,0.0953142
59.7019,0.0822136,-0.0480396,-0.000767123,0.677927,-0.71205,0.155933,0.0953142
59.7069,0.0822136,-0.0480396,-0.000767123,0.677927,-0.71205,0.155933,0.0953142
59.7119,0.0822136,-0.0480396,-0.000767123,0.677866,-0.71195,0.156389,0.0957475
59.7169,0.0822136,-0.0480396,-0.000767123,0.677927,-0.71205,0.155933,0.0953142
59.7219,0.0822136,-0.0480396,-0.000767123,0.677927,-0.71205,0.155933,0.0953142
59.7269,0.0822136,-0.0480396,-0.000767123,0.677927,-0.71205,0.155933,0.0953142
59.7319,0.0822136,-0.0480396,-0.000767123,0.677866,-0.71195,0.156389,0.0957475
59.7369,0.0822136,-0.0480396,-0.000767123,0.677927,-0.71205,0.155933,0.0953142
59.7419,0.0822136,-0.0480396,-0.000767123,0.677866,-0.71195,0.156389,0.0957475
59.7469,0.0822136,-0.0480396,-0.000767123,0.677866,-0.71195,0.156389,0.0957475
59.7518,0.0822136,-0.0480396,-0.000767123,0.677927,-0.71205,0.155933,0.0953142
59.7569,0.0822136,-0.0480396,-0.000767123,0.677927,-0.71205,0.155933,0.0953142
59.7619,0.0822212,-0.0480597,-0.000817106,0.677927,-0.71205,0.155933,0.0953142
59.7669,0.0822212,-0.0480597,-0.000817106,0.677927,-0.71205,0.155933,0.0953142
59.7718,0.0822101,-0.0480304,-0.000861513,0.678069,-0.71191,0.155967,0.0952949
59.7769,0.0822101,-0.0480304,-0.000861513,0.678069,-0.71191,0.155967,0.0952949
59.7819,0.0822101,-0.0480304,-0.000861513,0.678069,-0.71191,0.155967,0.0952949
59.7869,0.0822101,-0.0480304,-0.000861513,0.678069,-0.71191,0.155967,0.0952949
59.7919,0.0822066,-0.0480212,-0.000955899,0.678212,-0.711769,0.156,0.0952755
59.7969,0.0822066,-0.0480212,-0.000955899,0.678212,-0.711769,0.156,0.0952755
59.8019,0.0822066,-0.0480212,-0.000955899,0.678212,-0.711769,0.156,0.0952755
59.8069,0.0822066,-0.0480212,-0.000955899,0.678212,-0.711769,0.156,0.0952755
59.8119,0.0822142,-0.0480413,-0.0010059,0.678151,-0.711669,0.156455,0.095709
59.8169,0.0822031,-0.048012,-0.00105028,0.678354,-0.711629,0.156034,0.0952561
59.8218,0.0822107,-0.048032,-0.00110029,0.678354,-0.711629,0.156034,0.0952561
59.8269,0.0822107,-0.048032,-0.00110029,0.678354,-0.711629,0.156034,0.0952561
59.8319,0.0821996,-0.0480027,-0.00114466,0.678435,-0.711388,0.156522,0.0956705
59.8368,0.0822072,-0.0480227,-0.00119468,0.678435,-0.711388,0.156522,0.0956705
59.8419,0.0822072,-0.0480227,-0.00119468,0.678496,-0.711488,0.156067,0.0952368
59.8469,0.082196,-0.0479934,-0.00123903,0.678639,-0.711348,0.1561,0.0952174
59.8519,0.0822036,-0.0480134,-0.00128906,0.678639,-0.711348,0.1561,0.0952174
59.8568,0.0822036,-0.0480134,-0.00128906,0.678639,-0.711348,0.1561,0.0952174
59.8619,0.0821925,-0.047984,-0.0013334,0.678781,-0.711207,0.156134,0.095198
59.8669,0.0822001,-0.048004,-0.00138344,0.678781,-0.711207,0.156134,0.095198
59.8719,0.0822001,-0.048004,-0.00138344,0.678781,-0.711207,0.156134,0.095198
59.8769,0.0821965,-0.0479946,-0.00147781,0.678863,-0.710967,0.156621,0.0956126
59.8819,0.0821965,-0.0479946,-0.00147781,0.678924,-0.711067,0.156167,0.0951785
59.8869,0.0821853,-0.0479652,-0.00152213,0.679066,-0.710926,0.1562,0.0951592
59.8919,0.0821929,-0.0479851,-0.00157218,0.679066,-0.710926,0.1562,0.0951592
59.8969,0.0821929,-0.0479851,-0.00157218,0.679066,-0.710926,0.1562,0.0951592
59.9019,0.0821893,-0.0479756,-0.00166655,0.679208,-0.710785,0.156234,0.0951399
59.9068,0.0821781,-0.0479462,-0.00171084,0.67935,-0.710645,0.156267,0.0951205
59.9119,0.0821857,-0.0479661,-0.00176091,0.679289,-0.710545,0.156721,0.0955547
59.9168,0.082182,-0.0479566,-0.00185527,0.679047,-0.710932,0.156207,0.0952342
59.9218,0.082182,-0.0479566,-0.00185527,0.679047,-0.710932,0.156207,0.0952342
59.9269,0.0821784,-0.047947,-0.00194962,0.679189,-0.710792,0.156241,0.0952148
59.9319,0.0821784,-0.047947,-0.00194962,0.679189,-0.710792,0.156241,0.0952148
59.9369,0.0821859,-0.0479668,-0.00199972,0.679189,-0.710792,0.156241,0.0952148
59.9419,0.0821823,-0.0479572,-0.00209407,0.679331,-0.710651,0.156274,0.0951954
59.9469,0.0821898,-0.047977,-0.00214419,0.67927,-0.710551,0.156728,0.0956296
59.9519,0.0821898,-0.047977,-0.00214419,0.67927,-0.710551,0.156728,0.0956296
59.9568,0.0821861,-0.0479673,-0.00223855,0.679413,-0.71041,0.156761,0.0956103
59.9619,0.0821861,-0.0479673,-0.00223855,0.679474,-0.71051,0.156307,0.095176
59.9669,0.0821936,-0.047987,-0.00228868,0.679474,-0.71051,0.156307,0.095176
59.9719,0.0821936,-0.047987,-0.00228868,0.679413,-0.71041,0.156761,0.0956103
59.9769,0.0822011,-0.0480068,-0.00233882,0.679474,-0.71051,0.156307,0.095176
59.9819,0.0822011,-0.0480068,-0.00233882,0.679413,-0.71041,0.156761,0.0956103
59.9869,0.0821974,-0.047997,-0.0024332,0.679616,-0.71037,0.156341,0.0951566
59.9919,0.0821974,-0.047997,-0.0024332,0.679616,-0.71037,0.156341,0.0951566
59.9969,0.0822049,-0.0480167,-0.00248335,0.679616,-0.71037,0.156341,0.0951566
60.0018,0.0822049,-0.0480167,-0.00248335,0.67917,-0.710798,0.156248,0.0952898
60.0069,0.0822124,-0.0480364,-0.00253352,0.679616,-0.71037,0.156341,0.0951566
60.0119,0.0822124,-0.0480364,-0.00253352,0.67917,-0.710798,0.156248,0.0952898
60.0169,0.0822124,-0.0480364,-0.00253352,0.67917,-0.710798,0.156248,0.0952898
60.0219,0.0822199,-0.0480561,-0.00258369,0.67917,-0.710798,0.156248,0.0952898
60.0269,0.0822161,-0.0480462,-0.00267809,0.679313,-0.710658,0.156281,0.0952703
60.0319,0.0822161,-0.0480462,-0.00267809,0.679313,-0.710658,0.156281,0.0952703
60.0369,0.0822236,-0.0480659,-0.00272828,0.679313,-0.710658,0.156281,0.0952703
60.0419,0.0822236,-0.0480659,-0.00272828,0.679313,-0.710658,0.156281,0.0952703
60.0469,0.082231,-0.0480855,-0.00277848,0.679313,-0.710658,0.156281,0.0952703
60.0519,0.0822385,-0.0481051,-0.00282869,0.679313,-0.710658,0.156281,0.0952703
60.0568,0.0822347,-0.0480951,-0.00292311,0.679455,-0.710517,0.156314,0.095251
60.0619,0.0822421,-0.0481147,-0.00297333,0.679312,-0.710531,0.15693,0.0951562
60.0669,0.0822495,-0.0481342,-0.00302357,0.679312,-0.710531,0.15693,0.0951562
60.0719,0.0822495,-0.0481342,-0.00302357,0.679312,-0.710531,0.15693,0.0951562
60.0769,0.0822457,-0.0481242,-0.003118,0.679454,-0.71039,0.156963,0.0951369
60.0819,0.0822531,-0.0481437,-0.00316825,0.679454,-0.71039,0.156963,0.0951369
60.0869,0.0822493,-0.0481336,-0.00326268,0.679392,-0.710162,0.158066,0.0954573
60.0919,0.0822567,-0.0481531,-0.00331295,0.679392,-0.710162,0.158066,0.0954573
60.0969,0.0822528,-0.0481429,-0.00340739,0.679595,-0.710122,0.157645,0.0950039
60.1019,0.0822528,-0.0481429,-0.00340739,0.679595,-0.710122,0.157645,0.0950039
60.1069,0.082249,-0.0481327,-0.00350183,0.679737,-0.709981,0.157679,0.0949847
60.1119,0.0822563,-0.0481521,-0.00355212,0.679737,-0.709981,0.157679,0.0949847
60.1168,0.0822637,-0.0481715,-0.00360242,0.679593,-0.709994,0.158294,0.0948903
60.1218,0.0822711,-0.0481909,-0.00365273,0.679593,-0.709994,0.158294,0.0948903
60.1269,0.0822672,-0.0481806,-0.00374719,0.679735,-0.709854,0.158327,0.0948713
60.1319,0.0822745,-0.0482,-0.00379752,0.679229,-0.710181,0.158689,0.0954399
60.1369,0.0822819,-0.0482193,-0.00384785,0.679085,-0.710193,0.159304,0.0953458
60.1419,0.0823709,-0.0481854,-0.00384785,0.679052,-0.710174,0.159444,0.0954918
60.1469,0.0823782,-0.0482047,-0.0038982,0.679113,-0.710276,0.15899,0.0950578
60.1519,0.0823856,-0.048224,-0.00394855,0.679113,-0.710276,0.15899,0.0950578
60.1569,0.0823929,-0.0482432,-0.00399891,0.679113,-0.710276,0.15899,0.0950578
60.1619,0.0823929,-0.0482432,-0.00399891,0.678969,-0.710288,0.159605,0.0949638
60.1669,0.0824893,-0.0482286,-0.00404928,0.678936,-0.710269,0.159745,0.0951098
60.1719,0.0824893,-0.0482286,-0.00404928,0.678936,-0.710269,0.159745,0.0951098
60.1769,0.0824966,-0.0482478,-0.00409966,0.678936,-0.710269,0.159745,0.0951098
60.1825,0.0825039,-0.048267,-0.00415004,0.678936,-0.710269,0.159745,0.0951098
60.1869,0.0825039,-0.048267,-0.00415004,0.678875,-0.710166,0.160199,0.0955438
60.1918,0.0825112,-0.0482861,-0.00420044,0.678936,-0.710269,0.159745,0.0951098
60.1969,0.0825185,-0.0483053,-0.00425084,0.678936,-0.710269,0.159745,0.0951098
60.2019,0.0825185,-0.0483053,-0.00425084,0.678936,-0.710269,0.159745,0.0951098
60.2069,0.0825258,-0.0483244,-0.00430125,0.678936,-0.710269,0.159745,0.0951098
60.2119,0.0825258,-0.0483244,-0.00430125,0.678936,-0.710269,0.159745,0.0951098
60.2169,0.0825331,-0.0483435,-0.00435167,0.678936,-0.710269,0.159745,0.0951098
60.2219,0.0825403,-0.0483626,-0.0044021,0.678936,-0.710269,0.159745,0.0951098
60.2269,0.0825403,-0.0483626,-0.0044021,0.678791,-0.710281,0.16036,0.0950158
60.2319,0.0825476,-0.0483817,-0.00445253,0.678936,-0.710269,0.159745,0.0951098
60.2369,0.0825476,-0.0483817,-0.00445253,0.678791,-0.710281,0.16036,0.0950158
60.2419,0.0825549,-0.0484008,-0.00450298,0.678346,-0.710709,0.160267,0.0951516
60.2469,0.0825621,-0.0484198,-0.00455343,0.678791,-0.710281,0.16036,0.0950158
60.2519,0.0825621,-0.0484198,-0.00455343,0.67873,-0.710178,0.160814,0.0954497
60.2569,0.0825694,-0.0484388,-0.00460389,0.678791,-0.710281,0.16036,0.0950158
60.2619,0.0825653,-0.0484282,-0.00469849,0.678933,-0.71014,0.160394,0.0949971
60.2669,0.0826544,-0.0483942,-0.00469849,0.6789,-0.710121,0.160533,0.0951431
60.2719,0.0826617,-0.0484132,-0.00474897,0.6789,-0.710121,0.160533,0.0951431
60.2769,0.0826689,-0.0484321,-0.00479945,0.6789,-0.710121,0.160533,0.0951431
60.2819,0.0826761,-0.0484511,-0.00484995,0.6789,-0.710121,0.160533,0.0951431
60.2869,0.0826833,-0.04847,-0.00490045,0.6789,-0.710121,0.160533,0.0951431
60.2919,0.0826792,-0.0484592,-0.00499507,0.679042,-0.70998,0.160567,0.0951244
60.2969,0.0826864,-0.0484781,-0.00504559,0.678452,-0.71042,0.161089,0.0951669
60.3019,0.0826936,-0.048497,-0.00509612,0.678452,-0.71042,0.161089,0.0951669
60.3069,0.0827008,-0.0485158,-0.00514665,0.678897,-0.709992,0.161182,0.0950306
60.3119,0.0827008,-0.0485158,-0.00514665,0.678897,-0.709992,0.161182,0.0950306
60.3169,0.0827152,-0.0485535,-0.00524775,0.678897,-0.709992,0.161182,0.0950306
60.3219,0.0827152,-0.0485535,-0.00524775,0.678897,-0.709992,0.161182,0.0950306
60.3269,0.0828115,-0.0485382,-0.00529831,0.678864,-0.709972,0.161321,0.0951766
60.3319,0.0828187,-0.048557,-0.00534888,0.678358,-0.710297,0.161683,0.0957465
60.3369,0.0828258,-0.0485757,-0.00539945,0.678864,-0.709972,0.161321,0.0951766
60.3419,0.082833,-0.0485944,-0.00545004,0.678419,-0.7104,0.161229,0.0953129
60.3469,0.0828401,-0.0486131,-0.00550063,0.678419,-0.7104,0.161229,0.0953129
60.3519,0.0828401,-0.0486131,-0.00550063,0.678419,-0.7104,0.161229,0.0953129
60.3569,0.0828473,-0.0486318,-0.00555123,0.678358,-0.710297,0.161683,0.0957465
60.3619,0.0828544,-0.0486505,-0.00560184,0.678419,-0.7104,0.161229,0.0953129
60.367,0.0828615,-0.0486691,-0.00565246,0.678864,-0.709972,0.161321,0.0951766
60.3719,0.0828686,-0.0486878,-0.00570309,0.678273,-0.710412,0.161844,0.0952195
60.3769,0.0828757,-0.0487064,-0.00575372,0.678273,-0.710412,0.161844,0.0952195
60.3819,0.0828828,-0.048725,-0.00580436,0.678718,-0.709984,0.161937,0.0950828
60.3869,0.0829792,-0.0487094,-0.00585501,0.678685,-0.709964,0.162076,0.0952287
60.3919,0.0829863,-0.048728,-0.00590567,0.67824,-0.710392,0.161983,0.0953656
60.3969,0.0829933,-0.0487465,-0.00595634,0.678179,-0.710289,0.162437,0.0957991
60.4019,0.0830004,-0.048765,-0.00600701,0.678539,-0.709976,0.162691,0.0951349
60.4069,0.0830075,-0.0487835,-0.00605769,0.678539,-0.709976,0.162691,0.0951349
60.4119,0.0830075,-0.0487835,-0.00605769,0.678539,-0.709976,0.162691,0.0951349
60.4169,0.0830145,-0.048802,-0.00610838,0.678539,-0.709976,0.162691,0.0951349
60.4219,0.0830216,-0.0488204,-0.00615908,0.678539,-0.709976,0.162691,0.0951349
60.4269,0.0830286,-0.0488388,-0.00620979,0.678539,-0.709976,0.162691,0.0951349
60.4319,0.0830286,-0.0488388,-0.00620979,0.678539,-0.709976,0.162691,0.0951349
60.4369,0.0830357,-0.0488573,-0.0062605,0.678539,-0.709976,0.162691,0.0951349
60.4419,0.0830314,-0.048846,-0.00635532,0.678681,-0.709835,0.162725,0.0951165
60.4469,0.0830384,-0.0488644,-0.00640605,0.67862,-0.709731,0.163178,0.0955502
60.4519,0.0830384,-0.0488644,-0.00640605,0.678681,-0.709835,0.162725,0.0951165
60.4569,0.0830454,-0.0488827,-0.00645679,0.678535,-0.709846,0.16334,0.0950227
60.4619,0.0830524,-0.048901,-0.00650754,0.678535,-0.709846,0.16334,0.0950227
60.4669,0.0830594,-0.0489194,-0.00655829,0.678535,-0.709846,0.16334,0.0950227
60.4719,0.0831488,-0.0488852,-0.00655829,0.678501,-0.709826,0.163479,0.0951686
60.4769,0.0831558,-0.0489035,-0.00660906,0.678501,-0.709826,0.163479,0.0951686
60.4819,0.0831628,-0.0489218,-0.00665983,0.678501,-0.709826,0.163479,0.0951686
60.4869,0.0831628,-0.0489218,-0.00665983,0.678501,-0.709826,0.163479,0.0951686
60.4919,0.0831697,-0.04894,-0.00671061,0.678355,-0.709837,0.164094,0.0950748
60.497,0.0831767,-0.0489582,-0.00676139,0.678355,-0.709837,0.164094,0.0950748
60.5019,0.0831767,-0.0489582,-0.00676139,0.678355,-0.709837,0.164094,0.0950748
60.5068,0.0831837,-0.0489765,-0.00681219,0.678355,-0.709837,0.164094,0.0950748
60.512,0.0831837,-0.0489765,-0.00681219,0.678355,-0.709837,0.164094,0.0950748
60.5169,0.0831907,-0.0489947,-0.00686299,0.678355,-0.709837,0.164094,0.0950748
60.5219,0.0831907,-0.0489947,-0.00686299,0.678355,-0.709837,0.164094,0.0950748
60.5269,0.0831976,-0.0490128,-0.0069138,0.678355,-0.709837,0.164094,0.0950748
60.5319,0.0831976,-0.0490128,-0.0069138,0.678355,-0.709837,0.164094,0.0950748
60.5369,0.0831932,-0.0490013,-0.0070087,0.678497,-0.709696,0.164128,0.0950566
60.5419,0.0831932,-0.0490013,-0.0070087,0.678497,-0.709696,0.164128,0.0950566
60.5469,0.0832001,-0.0490195,-0.00705953,0.678497,-0.709696,0.164128,0.0950566
60.5519,0.0832001,-0.0490195,-0.00705953,0.678436,-0.709591,0.164581,0.0954903
60.5569,0.0832001,-0.0490195,-0.00705953,0.678436,-0.709591,0.164581,0.0954903
60.5619,0.0832071,-0.0490376,-0.00711036,0.678497,-0.709696,0.164128,0.0950566
60.5669,0.0832071,-0.0490376,-0.00711036,0.67835,-0.709707,0.164743,0.0949629
60.5719,0.083214,-0.0490557,-0.00716121,0.678497,-0.709696,0.164128,0.0950566
60.5769,0.083214,-0.0490557,-0.00716121,0.678497,-0.709696,0.164128,0.0950566
60.5819,0.083214,-0.0490557,-0.00716121,0.67835,-0.709707,0.164743,0.0949629
60.5869,0.0832209,-0.0490738,-0.00721206,0.678289,-0.709601,0.165196,0.0953965
60.5919,0.0832209,-0.0490738,-0.00721206,0.67835,-0.709707,0.164743,0.0949629
60.5969,0.0832209,-0.0490738,-0.00721206,0.678436,-0.709591,0.164581,0.0954903
60.6018,0.0832209,-0.0490738,-0.00721206,0.67835,-0.709707,0.164743,0.0949629
60.6069,0.0832278,-0.0490918,-0.00726292,0.67835,-0.709707,0.164743,0.0949629
60.6119,0.0832278,-0.0490918,-0.00726292,0.678497,-0.709696,0.164128,0.0950566
60.6169,0.0832278,-0.0490918,-0.00726292,0.678436,-0.709591,0.164581,0.0954903
60.6219,0.0832347,-0.0491099,-0.00731378,0.678497,-0.709696,0.164128,0.0950566
60.6269,0.0833242,-0.0490756,-0.00731378,0.678316,-0.709687,0.164882,0.0951088
60.6319,0.0833311,-0.0490936,-0.00736466,0.678316,-0.709687,0.164882,0.0951088
60.6369,0.0833311,-0.0490936,-0.00736466,0.678316,-0.709687,0.164882,0.0951088
60.6419,0.0833266,-0.0490819,-0.00745961,0.678458,-0.709546,0.164916,0.0950907
60.6469,0.0833266,-0.0490819,-0.00745961,0.678902,-0.709118,0.165008,0.0949521
60.6519,0.0833221,-0.0490702,-0.00755456,0.678983,-0.708871,0.165495,0.095368
60.6569,0.0833221,-0.0490702,-0.00755456,0.678983,-0.708871,0.165495,0.095368
60.6619,0.083329,-0.0490882,-0.00760546,0.679191,-0.708966,0.164427,0.0950278
60.6669,0.083407,-0.0490242,-0.0076495,0.678707,-0.709244,0.165122,0.0952005
60.6719,0.0834139,-0.0490421,-0.00770041,0.679152,-0.708816,0.165215,0.0950616
60.6769,0.0834139,-0.0490421,-0.00770041,0.679152,-0.708816,0.165215,0.0950616
60.6819,0.0834139,-0.0490421,-0.00770041,0.679152,-0.708816,0.165215,0.0950616
60.6869,0.0834025,-0.0490124,-0.00774444,0.679293,-0.708675,0.165249,0.0950435
60.6919,0.0834093,-0.0490303,-0.00779535,0.678849,-0.709103,0.165156,0.0951822
60.6969,0.0834093,-0.0490303,-0.00779535,0.679293,-0.708675,0.165249,0.0950435
60.7019,0.0834093,-0.0490303,-0.00779535,0.678788,-0.708998,0.165609,0.0956161
60.7069,0.0834093,-0.0490303,-0.00779535,0.679293,-0.708675,0.165249,0.0950435
60.7119,0.0834093,-0.0490303,-0.00779535,0.678849,-0.709103,0.165156,0.0951822
60.7169,0.0834162,-0.0490482,-0.00784627,0.678849,-0.709103,0.165156,0.0951822
60.7219,0.0834162,-0.0490482,-0.00784627,0.678849,-0.709103,0.165156,0.0951822
60.7269,0.0834162,-0.0490482,-0.00784627,0.678849,-0.709103,0.165156,0.0951822
60.7319,0.0834162,-0.0490482,-0.00784627,0.678788,-0.708998,0.165609,0.0956161
60.7368,0.0834162,-0.0490482,-0.00784627,0.678849,-0.709103,0.165156,0.0951822
60.7419,0.0834162,-0.0490482,-0.00784627,0.678849,-0.709103,0.165156,0.0951822
60.7469,0.0834162,-0.0490482,-0.00784627,0.678849,-0.709103,0.165156,0.0951822
60.7519,0.0834162,-0.0490482,-0.00784627,0.678788,-0.708998,0.165609,0.0956161
60.7569,0.0834162,-0.0490482,-0.00784627,0.678849,-0.709103,0.165156,0.0951822
60.7619,0.0834162,-0.0490482,-0.00784627,0.678849,-0.709103,0.165156,0.0951822
60.7668,0.0834162,-0.0490482,-0.00784627,0.678997,-0.709093,0.164541,0.0952755
60.7719,0.0834162,-0.0490482,-0.00784627,0.678849,-0.709103,0.165156,0.0951822
60.7769,0.0834162,-0.0490482,-0.00784627,0.678997,-0.709093,0.164541,0.0952755
60.7819,0.0834231,-0.0490661,-0.0078972,0.678849,-0.709103,0.165156,0.0951822
60.7869,0.0834231,-0.0490661,-0.0078972,0.678997,-0.709093,0.164541,0.0952755
60.7919,0.0834231,-0.0490661,-0.0078972,0.678849,-0.709103,0.165156,0.0951822
60.7969,0.0835125,-0.0490318,-0.0078972,0.678963,-0.709073,0.164681,0.0954212
60.8019,0.0835125,-0.0490318,-0.0078972,0.678963,-0.709073,0.164681,0.0954212
60.8069,0.0835125,-0.0490318,-0.0078972,0.678815,-0.709084,0.165296,0.095328
60.8119,0.0835193,-0.0490496,-0.00794814,0.678815,-0.709084,0.165296,0.095328
60.8169,0.0836087,-0.0490153,-0.00794814,0.678929,-0.709053,0.16482,0.095567
60.8218,0.0836087,-0.0490153,-0.00794814,0.678781,-0.709064,0.165435,0.0954738
60.8269,0.0836087,-0.0490153,-0.00794814,0.678929,-0.709053,0.16482,0.095567
60.8319,0.0836087,-0.0490153,-0.00794814,0.678929,-0.709053,0.16482,0.095567
60.8369,0.0836087,-0.0490153,-0.00794814,0.678781,-0.709064,0.165435,0.0954738
60.8419,0.0836981,-0.0489809,-0.00794814,0.678834,-0.708928,0.165413,0.0961467
60.8469,0.0836981,-0.0489809,-0.00794814,0.678895,-0.709034,0.16496,0.0957128
60.8519,0.0836981,-0.0489809,-0.00794814,0.678834,-0.708928,0.165413,0.0961467
60.8569,0.0836981,-0.0489809,-0.00794814,0.678895,-0.709034,0.16496,0.0957128
60.8619,0.0836981,-0.0489809,-0.00794814,0.678895,-0.709034,0.16496,0.0957128
60.8669,0.0836981,-0.0489809,-0.00794814,0.678895,-0.709034,0.16496,0.0957128
60.8719,0.0836981,-0.0489809,-0.00794814,0.678895,-0.709034,0.16496,0.0957128
60.8768,0.0836981,-0.0489809,-0.00794814,0.678895,-0.709034,0.16496,0.0957128
60.8819,0.0836981,-0.0489809,-0.00794814,0.678895,-0.709034,0.16496,0.0957128
60.8869,0.0836981,-0.0489809,-0.00794814,0.679042,-0.709023,0.164345,0.095806
60.8919,0.0836981,-0.0489809,-0.00794814,0.679042,-0.709023,0.164345,0.095806
60.8969,0.0836981,-0.0489809,-0.00794814,0.679042,-0.709023,0.164345,0.095806
60.9019,0.0836981,-0.0489809,-0.00794814,0.679042,-0.709023,0.164345,0.095806
60.9069,0.0837874,-0.0489464,-0.00794814,0.679008,-0.709003,0.164485,0.0959517
60.9119,0.0837874,-0.0489464,-0.00794814,0.679008,-0.709003,0.164485,0.0959517
60.9169,0.0837874,-0.0489464,-0.00794814,0.679008,-0.709003,0.164485,0.0959517
60.9219,0.0837874,-0.0489464,-0.00794814,0.679008,-0.709003,0.164485,0.0959517
60.9269,0.0838768,-0.048912,-0.00794814,0.678975,-0.708983,0.164624,0.0960975
60.9319,0.0838768,-0.048912,-0.00794814,0.678975,-0.708983,0.164624,0.0960975
60.9369,0.0839615,-0.0488656,-0.0080431,0.679083,-0.708823,0.164798,0.0962246
60.9419,0.0839615,-0.0488656,-0.0080431,0.679083,-0.708823,0.164798,0.0962246
60.9469,0.0840462,-0.0488191,-0.00813806,0.67919,-0.708662,0.164971,0.0963518
60.9519,0.0841355,-0.0487845,-0.00813806,0.679095,-0.708536,0.165564,0.0969316
60.9569,0.0841424,-0.0488023,-0.00818902,0.679157,-0.708642,0.165111,0.0964974
60.9619,0.0842202,-0.048738,-0.00823302,0.679264,-0.708481,0.165284,0.0966246
60.9669,0.0843094,-0.0487033,-0.00823302,0.679674,-0.708032,0.165518,0.0966313
60.9719,0.0843163,-0.0487211,-0.00828399,0.679674,-0.708032,0.165518,0.0966313
60.9769,0.0843163,-0.0487211,-0.00828399,0.679674,-0.708032,0.165518,0.0966313
